기준일,브랜드,매장명,폐기유형,폐기사유,중분류명,품목코드,품목명,폐기수량,단가,폐기금액
2026-07-01,밀도,밀도 성수점,폐기,유통기한초과(폐기),간식빵,101858,밀도단팥빵,6,3800,22800
2026-07-01,밀도,밀도 성수점,폐기,유통기한초과(폐기),간식빵,101957,초코허니러스크,4,5200,20800
2026-07-01,밀도,밀도 성수점,폐기,유통기한초과(폐기),간식빵,102587,밀도맘모스,2,6200,12400
2026-07-01,밀도,밀도 성수점,폐기,유통기한초과(폐기),미니식빵,103764,누텔라바브카,3,7800,23400
2026-07-01,밀도,밀도 성수점,폐기,유통기한초과(폐기),미니식빵,103824,리치 모카빵,8,6900,55200
2026-07-01,밀도,밀도 성수점,폐기,유통기한초과(폐기),건강빵,103574,무화과오트통밀100,2,5500,11000
2026-07-01,밀도,밀도 성수점,폐기,유통기한초과(폐기),모닝롤,102683,모닝롤,1,3800,3800
2026-07-01,밀도,밀도 성수점,폐기,유통기한초과(폐기),소금빵,102844,the부드러운소금빵,5,3600,18000
2026-07-01,밀도,밀도 정자점,폐기,유통기한초과(폐기),간식빵,100625,큐브시나몬,2,3800,7600
2026-07-01,밀도,밀도 정자점,폐기,유통기한초과(폐기),간식빵,101327,큐브소보로,4,3800,15200
2026-07-01,밀도,밀도 정자점,폐기,유통기한초과(폐기),간식빵,101451,허니러스크,1,4700,4700
2026-07-01,밀도,밀도 정자점,폐기,유통기한초과(폐기),간식빵,102587,밀도맘모스,1,6200,6200
2026-07-01,밀도,밀도 정자점,폐기,유통기한초과(폐기),식빵,102966,달밤식빵,1,8900,8900
2026-07-01,밀도,밀도 옥수점,폐기,유통기한초과(폐기),간식빵,100625,큐브시나몬,3,3800,11400
2026-07-01,밀도,밀도 옥수점,폐기,유통기한초과(폐기),간식빵,101327,큐브소보로,1,3800,3800
2026-07-01,밀도,밀도 옥수점,폐기,유통기한초과(폐기),간식빵,102587,밀도맘모스,1,6200,6200
2026-07-01,밀도,밀도 옥수점,폐기,유통기한초과(폐기),미니식빵,103824,리치 모카빵,2,6900,13800
2026-07-01,밀도,밀도 광장점,폐기,유통기한초과(폐기),간식빵,100010,큐브커스터드,2,4700,9400
2026-07-01,밀도,밀도 광장점,폐기,유통기한초과(폐기),간식빵,101451,허니러스크,2,4700,9400
2026-07-01,밀도,밀도 광장점,폐기,유통기한초과(폐기),간식빵,103828,상하소시지 갈릭러스크,7,5200,36400
2026-07-01,밀도,밀도 광장점,폐기,유통기한초과(폐기),디저트,103737,허쉬딥초코롤케이크(조각),2,6500,13000
2026-07-01,밀도,밀도 광장점,폐기,유통기한초과(폐기),샌드위치,103806,바질치폴레닭가슴살샌드위치,1,8900,8900
2026-07-01,밀도,밀도 광장점,폐기,유통기한초과(폐기),샌드위치,103807,잠봉에멘탈크로와상샌드위치,1,7900,7900
2026-07-01,밀도,밀도 광장점,폐기,유통기한초과(폐기),모닝롤,103773,모닝롤(6ea),3,5200,15600
2026-07-01,밀도,밀도 알토점,폐기,불량(폐기),식빵,102338,통팥앙식빵,4,3900,15600
2026-07-01,밀도,밀도 알토점,폐기,유통기한초과(폐기),간식빵,101858,밀도단팥빵,1,3800,3800
2026-07-01,밀도,밀도 알토점,폐기,유통기한초과(폐기),간식빵,102587,밀도맘모스,1,6200,6200
2026-07-01,밀도,밀도 알토점,폐기,유통기한초과(폐기),간식빵,103828,상하소시지 갈릭러스크,1,5200,5200
2026-07-01,밀도,밀도 광교점,폐기,유통기한초과(폐기),간식빵,101858,밀도단팥빵,1,3800,3800
2026-07-01,밀도,밀도 광교점,폐기,유통기한초과(폐기),시그니처샌드,102272,땅콩크림샌드,11,5800,63800
2026-07-01,밀도,밀도 광교점,폐기,유통기한초과(폐기),식빵,100003,담백식빵,6,7800,46800
2026-07-01,밀도,밀도 광교점,폐기,유통기한초과(폐기),식빵,102335,호밀잡곡식빵,1,6500,6500
2026-07-01,밀도,밀도 광교점,폐기,유통기한초과(폐기),스콘,102977,리코타사워크림스콘,1,4200,4200
2026-07-01,밀도,밀도 강남점,폐기,유통기한초과(폐기),간식빵,101327,큐브소보로,2,3800,7600
2026-07-01,밀도,밀도 강남점,폐기,유통기한초과(폐기),간식빵,101858,밀도단팥빵,3,3800,11400
2026-07-01,밀도,밀도 고양점,폐기,유통기한초과(폐기),간식빵,102587,밀도맘모스,3,6200,18600
2026-07-01,밀도,밀도 고양점,폐기,유통기한초과(폐기),간식빵,103766,누텔라로쉐큐브식빵,2,5200,10400
2026-07-01,밀도,밀도 고양점,폐기,유통기한초과(폐기),간식빵,103828,상하소시지 갈릭러스크,1,5200,5200
2026-07-01,밀도,밀도 고양점,폐기,유통기한초과(폐기),건강빵,103574,무화과오트통밀100,1,5500,5500
2026-07-01,밀도,밀도 고양점,폐기,유통기한초과(폐기),건강빵,103575,단호박고구마통밀(whole),1,5500,5500
2026-07-01,밀도,밀도 경기점,폐기,유통기한초과(폐기),간식빵,101451,허니러스크,3,4700,14100
2026-07-01,밀도,밀도 경기점,폐기,유통기한초과(폐기),스콘,101119,레몬스콘,1,3800,3800
2026-07-01,밀도,밀도 경기점,폐기,유통기한초과(폐기),스콘,102977,리코타사워크림스콘,2,4200,8400
2026-07-01,밀도,밀도 잠실점,폐기,유통기한초과(폐기),간식빵,103828,상하소시지 갈릭러스크,5,5200,26000
2026-07-01,밀도,밀도 뉴코아강남점,폐기,유통기한초과(폐기),간식빵,101451,허니러스크,5,4700,23500
2026-07-01,밀도,밀도 뉴코아강남점,폐기,유통기한초과(폐기),간식빵,101858,밀도단팥빵,3,3800,11400
2026-07-01,밀도,밀도 뉴코아강남점,폐기,유통기한초과(폐기),간식빵,102976,앙버터허니러스크,3,6200,18600
2026-07-01,밀도,밀도 뉴코아강남점,폐기,유통기한초과(폐기),간식빵,103704,크림치즈포테이토,2,4200,8400
2026-07-01,밀도,밀도 뉴코아강남점,폐기,유통기한초과(폐기),식빵,102966,달밤식빵,4,8900,35600
2026-07-01,밀도,밀도 뉴코아강남점,폐기,유통기한초과(폐기),식빵,103644,더잡곡식빵리뉴얼,1,12800,12800
2026-07-01,밀도,밀도 뉴코아강남점,폐기,유통기한초과(폐기),미니식빵,103824,리치 모카빵,1,6900,6900
2026-07-01,밀도,밀도 뉴코아강남점,폐기,유통기한초과(폐기),건강빵,102993,프룻로데브,2,7800,15600
2026-07-01,밀도,밀도 뉴코아강남점,폐기,유통기한초과(폐기),건강빵,103574,무화과오트통밀100,4,5500,22000
2026-07-01,밀도,밀도 뉴코아강남점,폐기,유통기한초과(폐기),건강빵,103575,단호박고구마통밀(whole),3,5500,16500
2026-07-01,밀도,밀도 뉴코아강남점,폐기,유통기한초과(폐기),소금빵,102778,앙버터소금빵,2,4800,9600
2026-07-01,밀도,밀도 롯데노원점,폐기,유통기한초과(폐기),간식빵,101327,큐브소보로,2,3800,7600
2026-07-01,밀도,밀도 롯데노원점,폐기,유통기한초과(폐기),간식빵,101451,허니러스크,4,4700,18800
2026-07-01,밀도,밀도 롯데노원점,폐기,유통기한초과(폐기),간식빵,101858,밀도단팥빵,9,3800,34200
2026-07-01,밀도,밀도 롯데노원점,폐기,유통기한초과(폐기),간식빵,101957,초코허니러스크,4,5200,20800
2026-07-01,밀도,밀도 롯데노원점,폐기,유통기한초과(폐기),간식빵,102587,밀도맘모스,7,6200,43400
2026-07-01,밀도,밀도 롯데노원점,폐기,유통기한초과(폐기),간식빵,103766,누텔라로쉐큐브식빵,5,5200,26000
2026-07-01,밀도,밀도 롯데노원점,폐기,유통기한초과(폐기),간식빵,103828,상하소시지 갈릭러스크,2,5200,10400
2026-07-01,밀도,밀도 롯데노원점,폐기,유통기한초과(폐기),디저트,103569,상하초콜릿푸딩,1,5500,5500
2026-07-01,밀도,밀도 롯데노원점,폐기,유통기한초과(폐기),디저트,103616,수제국산생크림롤케이크,1,6200,6200
2026-07-01,밀도,밀도 롯데노원점,폐기,유통기한초과(폐기),시그니처샌드,102272,땅콩크림샌드,1,5800,5800
2026-07-01,밀도,밀도 롯데노원점,폐기,유통기한초과(폐기),건강빵,103571,올리브치즈치아바타,1,5200,5200
2026-07-01,밀도,밀도 롯데노원점,폐기,유통기한초과(폐기),건강빵,103622,마르게리따포카치아,1,5500,5500
2026-07-02,밀도,밀도 성수점,폐기,유통기한초과(폐기),간식빵,102587,밀도맘모스,2,6200,12400
2026-07-02,밀도,밀도 성수점,폐기,유통기한초과(폐기),샌드위치,103027,블루베리잼 잠봉뵈르,2,8900,17800
2026-07-02,밀도,밀도 성수점,폐기,유통기한초과(폐기),샌드위치,103286,에그마요 소금빵,1,5200,5200
2026-07-02,밀도,밀도 성수점,폐기,유통기한초과(폐기),소금빵,102778,앙버터소금빵,1,4800,4800
2026-07-02,밀도,밀도 성수점,폐기,유통기한초과(폐기),소금빵,102844,the부드러운소금빵,2,3600,7200
2026-07-02,밀도,밀도 정자점,폐기,유통기한초과(폐기),간식빵,100625,큐브시나몬,2,3800,7600
2026-07-02,밀도,밀도 정자점,폐기,유통기한초과(폐기),간식빵,101451,허니러스크,1,4700,4700
2026-07-02,밀도,밀도 정자점,폐기,유통기한초과(폐기),시그니처샌드,102272,땅콩크림샌드,4,5800,23200
2026-07-02,밀도,밀도 정자점,폐기,유통기한초과(폐기),미니식빵,103827,촉촉연유브래드,1,6900,6900
2026-07-02,밀도,밀도 정자점,폐기,유통기한초과(폐기),스콘,101119,레몬스콘,3,3800,11400
2026-07-02,밀도,밀도 한티점,폐기,유통기한초과(폐기),간식빵,102587,밀도맘모스,2,6200,12400
2026-07-02,밀도,밀도 한티점,폐기,유통기한초과(폐기),간식빵,103828,상하소시지 갈릭러스크,1,5200,5200
2026-07-02,밀도,밀도 옥수점,폐기,유통기한초과(폐기),식빵,103814,얼룩 고양 식빵,10,7500,75000
2026-07-02,밀도,밀도 옥수점,폐기,유통기한초과(폐기),소금빵,102778,앙버터소금빵,4,4800,19200
2026-07-02,밀도,밀도 광장점,폐기,유통기한초과(폐기),샌드위치,103806,바질치폴레닭가슴살샌드위치,1,8900,8900
2026-07-02,밀도,밀도 광장점,폐기,유통기한초과(폐기),샌드위치,103807,잠봉에멘탈크로와상샌드위치,1,7900,7900
2026-07-02,밀도,밀도 광장점,폐기,유통기한초과(폐기),식빵,103814,얼룩 고양 식빵,1,7500,7500
2026-07-02,밀도,밀도 광장점,폐기,유통기한초과(폐기),모닝롤,103773,모닝롤(6ea),4,5200,20800
2026-07-02,밀도,밀도 광장점,폐기,유통기한초과(폐기),스콘,102977,리코타사워크림스콘,2,4200,8400
2026-07-02,밀도,밀도 알토점,폐기,파손(폐기),샌드위치,103286,에그마요 소금빵,1,5200,5200
2026-07-02,밀도,밀도 알토점,폐기,파손(폐기),식빵,102338,통팥앙식빵,1,3900,3900
2026-07-02,밀도,밀도 알토점,폐기,파손(폐기),미니식빵,103827,촉촉연유브래드,1,6900,6900
2026-07-02,밀도,밀도 알토점,폐기,유통기한초과(폐기),간식빵,100010,큐브커스터드,1,4700,4700
2026-07-02,밀도,밀도 광교점,폐기,유통기한초과(폐기),페이스트리,103768,애플시나몬크림치즈데니쉬,1,4900,4900
2026-07-02,밀도,밀도 광교점,폐기,유통기한초과(폐기),페이스트리,103769,고창고구마데니쉬,2,4600,9200
2026-07-02,밀도,밀도 광교점,폐기,유통기한초과(폐기),파운드,102608,바나나파운드(23년),1,5600,5600
2026-07-02,밀도,밀도 광교점,폐기,유통기한초과(폐기),스콘,102977,리코타사워크림스콘,1,4200,4200
2026-07-02,밀도,밀도 강남점,폐기,유통기한초과(폐기),간식빵,103828,상하소시지 갈릭러스크,2,5200,10400
2026-07-02,밀도,밀도 강남점,폐기,유통기한초과(폐기),식빵,102966,달밤식빵,2,8900,17800
2026-07-02,밀도,밀도 고양점,폐기,유통기한초과(폐기),간식빵,100625,큐브시나몬,1,3800,3800
2026-07-02,밀도,밀도 고양점,폐기,유통기한초과(폐기),간식빵,101327,큐브소보로,5,3800,19000
2026-07-02,밀도,밀도 고양점,폐기,유통기한초과(폐기),간식빵,103766,누텔라로쉐큐브식빵,4,5200,20800
2026-07-02,밀도,밀도 고양점,폐기,유통기한초과(폐기),간식빵,103828,상하소시지 갈릭러스크,1,5200,5200
2026-07-02,밀도,밀도 고양점,폐기,유통기한초과(폐기),샌드위치,103027,블루베리잼 잠봉뵈르,4,8900,35600
2026-07-02,밀도,밀도 고양점,폐기,유통기한초과(폐기),샌드위치,103807,잠봉에멘탈크로와상샌드위치,2,7900,15800
2026-07-02,밀도,밀도 고양점,폐기,유통기한초과(폐기),식빵,103814,얼룩 고양 식빵,2,7500,15000
2026-07-02,밀도,밀도 고양점,폐기,유통기한초과(폐기),미니식빵,103764,누텔라바브카,6,7800,46800
2026-07-02,밀도,밀도 고양점,폐기,유통기한초과(폐기),스콘,101119,레몬스콘,1,3800,3800
2026-07-02,밀도,밀도 잠실점,폐기,유통기한초과(폐기),간식빵,101858,밀도단팥빵,1,3800,3800
2026-07-02,밀도,밀도 잠실점,폐기,유통기한초과(폐기),간식빵,103704,크림치즈포테이토,1,4200,4200
2026-07-02,밀도,밀도 잠실점,폐기,유통기한초과(폐기),간식빵,103828,상하소시지 갈릭러스크,7,5200,36400
2026-07-02,밀도,밀도 압구정현대점,폐기,유통기한초과(폐기),간식빵,101451,허니러스크,1,4700,4700
2026-07-02,밀도,밀도 압구정현대점,폐기,유통기한초과(폐기),간식빵,101858,밀도단팥빵,1,3800,3800
2026-07-02,밀도,밀도 압구정현대점,폐기,유통기한초과(폐기),간식빵,102587,밀도맘모스,2,6200,12400
2026-07-02,밀도,밀도 압구정현대점,폐기,유통기한초과(폐기),간식빵,103704,크림치즈포테이토,1,4200,4200
2026-07-02,밀도,밀도 압구정현대점,폐기,유통기한초과(폐기),페이스트리,103768,애플시나몬크림치즈데니쉬,1,4900,4900
2026-07-02,밀도,밀도 압구정현대점,폐기,유통기한초과(폐기),페이스트리,103769,고창고구마데니쉬,1,4600,4600
2026-07-02,밀도,밀도 뉴코아강남점,폐기,유통기한초과(폐기),간식빵,100010,큐브커스터드,1,4700,4700
2026-07-02,밀도,밀도 뉴코아강남점,폐기,유통기한초과(폐기),간식빵,101451,허니러스크,3,4700,14100
2026-07-02,밀도,밀도 뉴코아강남점,폐기,유통기한초과(폐기),간식빵,101858,밀도단팥빵,7,3800,26600
2026-07-02,밀도,밀도 뉴코아강남점,폐기,유통기한초과(폐기),간식빵,101957,초코허니러스크,2,5200,10400
2026-07-02,밀도,밀도 뉴코아강남점,폐기,유통기한초과(폐기),간식빵,103704,크림치즈포테이토,2,4200,8400
2026-07-02,밀도,밀도 뉴코아강남점,폐기,유통기한초과(폐기),간식빵,103828,상하소시지 갈릭러스크,3,5200,15600
2026-07-02,밀도,밀도 뉴코아강남점,폐기,유통기한초과(폐기),페이스트리,103769,고창고구마데니쉬,1,4600,4600
2026-07-02,밀도,밀도 뉴코아강남점,폐기,유통기한초과(폐기),샌드위치,103027,블루베리잼 잠봉뵈르,1,8900,8900
2026-07-02,밀도,밀도 뉴코아강남점,폐기,유통기한초과(폐기),샌드위치,103028,그릴드닭가슴살 당근라페 샌드위치,3,8900,26700
2026-07-02,밀도,밀도 뉴코아강남점,폐기,유통기한초과(폐기),샌드위치,103806,바질치폴레닭가슴살샌드위치,1,8900,8900
2026-07-02,밀도,밀도 뉴코아강남점,폐기,유통기한초과(폐기),샌드위치,103807,잠봉에멘탈크로와상샌드위치,4,7900,31600
2026-07-02,밀도,밀도 뉴코아강남점,폐기,유통기한초과(폐기),건강빵,102993,프룻로데브,1,7800,7800
2026-07-02,밀도,밀도 뉴코아강남점,폐기,유통기한초과(폐기),건강빵,103574,무화과오트통밀100,1,5500,5500
2026-07-02,밀도,밀도 뉴코아강남점,폐기,유통기한초과(폐기),소금빵,102778,앙버터소금빵,1,4800,4800
2026-07-02,밀도,밀도 뉴코아강남점,폐기,유통기한초과(폐기),소금빵,102844,the부드러운소금빵,5,3600,18000
2026-07-02,밀도,밀도 롯데노원점,폐기,유통기한초과(폐기),간식빵,101451,허니러스크,8,4700,37600
2026-07-02,밀도,밀도 롯데노원점,폐기,유통기한초과(폐기),간식빵,101858,밀도단팥빵,3,3800,11400
2026-07-02,밀도,밀도 롯데노원점,폐기,유통기한초과(폐기),간식빵,101957,초코허니러스크,5,5200,26000
2026-07-02,밀도,밀도 롯데노원점,폐기,유통기한초과(폐기),간식빵,102976,앙버터허니러스크,9,6200,55800
2026-07-02,밀도,밀도 롯데노원점,폐기,유통기한초과(폐기),간식빵,103766,누텔라로쉐큐브식빵,1,5200,5200
2026-07-02,밀도,밀도 롯데노원점,폐기,유통기한초과(폐기),간식빵,103828,상하소시지 갈릭러스크,6,5200,31200
2026-07-02,밀도,밀도 롯데노원점,폐기,유통기한초과(폐기),샌드위치,103027,블루베리잼 잠봉뵈르,3,8900,26700
2026-07-02,밀도,밀도 롯데노원점,폐기,유통기한초과(폐기),샌드위치,103807,잠봉에멘탈크로와상샌드위치,1,7900,7900
2026-07-02,밀도,밀도 롯데노원점,폐기,유통기한초과(폐기),소금빵,102778,앙버터소금빵,4,4800,19200
2026-07-03,밀도,밀도 성수점,폐기,유통기한초과(폐기),간식빵,102587,밀도맘모스,2,6200,12400
2026-07-03,밀도,밀도 성수점,폐기,유통기한초과(폐기),샌드위치,103286,에그마요 소금빵,1,5200,5200
2026-07-03,밀도,밀도 성수점,폐기,유통기한초과(폐기),건강빵,103574,무화과오트통밀100,2,5500,11000
2026-07-03,밀도,밀도 한티점,폐기,유통기한초과(폐기),간식빵,100625,큐브시나몬,6,3800,22800
2026-07-03,밀도,밀도 한티점,폐기,유통기한초과(폐기),간식빵,101327,큐브소보로,1,3800,3800
2026-07-03,밀도,밀도 한티점,폐기,유통기한초과(폐기),간식빵,102587,밀도맘모스,1,6200,6200
2026-07-03,밀도,밀도 한티점,폐기,유통기한초과(폐기),간식빵,103704,크림치즈포테이토,2,4200,8400
2026-07-03,밀도,밀도 한티점,폐기,유통기한초과(폐기),페이스트리,103769,고창고구마데니쉬,2,4600,9200
2026-07-03,밀도,밀도 한티점,폐기,유통기한초과(폐기),시그니처샌드,102272,땅콩크림샌드,3,5800,17400
2026-07-03,밀도,밀도 한티점,폐기,유통기한초과(폐기),샌드위치,103807,잠봉에멘탈크로와상샌드위치,3,7900,23700
2026-07-03,밀도,밀도 한티점,폐기,유통기한초과(폐기),식빵,103814,얼룩 고양 식빵,1,7500,7500
2026-07-03,밀도,밀도 한티점,폐기,유통기한초과(폐기),미니식빵,103663,밤완두바브카,1,7200,7200
2026-07-03,밀도,밀도 광장점,폐기,유통기한초과(폐기),간식빵,101858,밀도단팥빵,1,3800,3800
2026-07-03,밀도,밀도 광장점,폐기,유통기한초과(폐기),스콘,102977,리코타사워크림스콘,1,4200,4200
2026-07-03,밀도,밀도 알토점,폐기,파손(폐기),미니식빵,103824,리치 모카빵,1,6900,6900
2026-07-03,밀도,밀도 알토점,폐기,파손(폐기),미니식빵,103827,촉촉연유브래드,6,6900,41400
2026-07-03,밀도,밀도 알토점,폐기,유통기한초과(폐기),간식빵,103828,상하소시지 갈릭러스크,4,5200,20800
2026-07-03,밀도,밀도 알토점,폐기,유통기한초과(폐기),소금빵,102844,the부드러운소금빵,3,3600,10800
2026-07-03,밀도,밀도 광교점,폐기,유통기한초과(폐기),간식빵,103828,상하소시지 갈릭러스크,1,5200,5200
2026-07-03,밀도,밀도 광교점,폐기,유통기한초과(폐기),페이스트리,103768,애플시나몬크림치즈데니쉬,2,4900,9800
2026-07-03,밀도,밀도 광교점,폐기,유통기한초과(폐기),식빵,100003,담백식빵,11,7800,85800
2026-07-03,밀도,밀도 광교점,폐기,유통기한초과(폐기),식빵,100004,리치식빵,4,8400,33600
2026-07-03,밀도,밀도 광교점,폐기,유통기한초과(폐기),식빵,102335,호밀잡곡식빵,4,6500,26000
2026-07-03,밀도,밀도 광교점,폐기,유통기한초과(폐기),식빵,102684,튼튼고양식빵,8,6900,55200
2026-07-03,밀도,밀도 광교점,폐기,유통기한초과(폐기),스콘,102977,리코타사워크림스콘,1,4200,4200
2026-07-03,밀도,밀도 강남점,폐기,유통기한초과(폐기),간식빵,103828,상하소시지 갈릭러스크,1,5200,5200
2026-07-03,밀도,밀도 고양점,폐기,유통기한초과(폐기),간식빵,103766,누텔라로쉐큐브식빵,4,5200,20800
2026-07-03,밀도,밀도 고양점,폐기,유통기한초과(폐기),페이스트리,103768,애플시나몬크림치즈데니쉬,3,4900,14700
2026-07-03,밀도,밀도 고양점,폐기,유통기한초과(폐기),페이스트리,103769,고창고구마데니쉬,3,4600,13800
2026-07-03,밀도,밀도 고양점,폐기,유통기한초과(폐기),샌드위치,103027,블루베리잼 잠봉뵈르,1,8900,8900
2026-07-03,밀도,밀도 고양점,폐기,유통기한초과(폐기),샌드위치,103286,에그마요 소금빵,4,5200,20800
2026-07-03,밀도,밀도 고양점,폐기,유통기한초과(폐기),샌드위치,103807,잠봉에멘탈크로와상샌드위치,1,7900,7900
2026-07-03,밀도,밀도 고양점,폐기,유통기한초과(폐기),식빵,102966,달밤식빵,3,8900,26700
2026-07-03,밀도,밀도 고양점,폐기,유통기한초과(폐기),미니식빵,103824,리치 모카빵,1,6900,6900
2026-07-03,밀도,밀도 경기점,폐기,유통기한초과(폐기),미니식빵,103824,리치 모카빵,1,6900,6900
2026-07-03,밀도,밀도 잠실점,폐기,유통기한초과(폐기),간식빵,103766,누텔라로쉐큐브식빵,1,5200,5200
2026-07-03,밀도,밀도 압구정현대점,폐기,유통기한초과(폐기),간식빵,101858,밀도단팥빵,2,3800,7600
2026-07-03,밀도,밀도 압구정현대점,폐기,유통기한초과(폐기),간식빵,101957,초코허니러스크,1,5200,5200
2026-07-03,밀도,밀도 압구정현대점,폐기,유통기한초과(폐기),간식빵,103704,크림치즈포테이토,1,4200,4200
2026-07-03,밀도,밀도 압구정현대점,폐기,유통기한초과(폐기),페이스트리,103768,애플시나몬크림치즈데니쉬,1,4900,4900
2026-07-03,밀도,밀도 압구정현대점,폐기,유통기한초과(폐기),페이스트리,103769,고창고구마데니쉬,1,4600,4600
2026-07-03,밀도,밀도 압구정현대점,폐기,유통기한초과(폐기),식빵,100003,담백식빵,7,7800,54600
2026-07-03,밀도,밀도 압구정현대점,폐기,유통기한초과(폐기),식빵,100004,리치식빵,3,8400,25200
2026-07-03,밀도,밀도 압구정현대점,폐기,유통기한초과(폐기),식빵,102322,리치식빵Half,2,4800,9600
2026-07-03,밀도,밀도 압구정현대점,폐기,유통기한초과(폐기),식빵,102338,통팥앙식빵,1,3900,3900
2026-07-03,밀도,밀도 압구정현대점,폐기,유통기한초과(폐기),미니식빵,103663,밤완두바브카,1,7200,7200
2026-07-03,밀도,밀도 압구정현대점,폐기,유통기한초과(폐기),미니식빵,103764,누텔라바브카,2,7800,15600
2026-07-03,밀도,밀도 압구정현대점,폐기,유통기한초과(폐기),미니식빵,103824,리치 모카빵,1,6900,6900
2026-07-03,밀도,밀도 압구정현대점,폐기,유통기한초과(폐기),건강빵,103575,단호박고구마통밀(whole),1,5500,5500
2026-07-03,밀도,밀도 뉴코아강남점,폐기,파손(폐기),세트,103825,브런치 세트  토마토바질 치킨,-1,12900,-12900
2026-07-03,밀도,밀도 뉴코아강남점,폐기,유통기한초과(폐기),간식빵,100010,큐브커스터드,3,4700,14100
2026-07-03,밀도,밀도 뉴코아강남점,폐기,유통기한초과(폐기),간식빵,102976,앙버터허니러스크,2,6200,12400
2026-07-03,밀도,밀도 뉴코아강남점,폐기,유통기한초과(폐기),간식빵,103704,크림치즈포테이토,1,4200,4200
2026-07-03,밀도,밀도 뉴코아강남점,폐기,유통기한초과(폐기),간식빵,103828,상하소시지 갈릭러스크,2,5200,10400
2026-07-03,밀도,밀도 뉴코아강남점,폐기,유통기한초과(폐기),샌드위치,103027,블루베리잼 잠봉뵈르,1,8900,8900
2026-07-03,밀도,밀도 뉴코아강남점,폐기,유통기한초과(폐기),샌드위치,103805,아이올리베이컨토마토샌드위치,1,8900,8900
2026-07-03,밀도,밀도 뉴코아강남점,폐기,유통기한초과(폐기),샌드위치,103806,바질치폴레닭가슴살샌드위치,1,8900,8900
2026-07-03,밀도,밀도 뉴코아강남점,폐기,유통기한초과(폐기),샌드위치,103807,잠봉에멘탈크로와상샌드위치,1,7900,7900
2026-07-03,밀도,밀도 뉴코아강남점,폐기,유통기한초과(폐기),식빵,102684,튼튼고양식빵,4,6900,27600
2026-07-03,밀도,밀도 뉴코아강남점,폐기,유통기한초과(폐기),식빵,103644,더잡곡식빵리뉴얼,1,12800,12800
2026-07-03,밀도,밀도 뉴코아강남점,폐기,유통기한초과(폐기),건강빵,102983,촉촉감자치아바타,1,4800,4800
2026-07-03,밀도,밀도 뉴코아강남점,폐기,유통기한초과(폐기),건강빵,102993,프룻로데브,1,7800,7800
2026-07-03,밀도,밀도 뉴코아강남점,폐기,유통기한초과(폐기),소금빵,102844,the부드러운소금빵,2,3600,7200
2026-07-03,밀도,밀도 롯데노원점,폐기,유통기한초과(폐기),간식빵,101451,허니러스크,8,4700,37600
2026-07-03,밀도,밀도 롯데노원점,폐기,유통기한초과(폐기),간식빵,103766,누텔라로쉐큐브식빵,1,5200,5200
2026-07-03,밀도,밀도 롯데노원점,폐기,유통기한초과(폐기),간식빵,103828,상하소시지 갈릭러스크,7,5200,36400
2026-07-03,밀도,밀도 롯데노원점,폐기,유통기한초과(폐기),페이스트리,103769,고창고구마데니쉬,4,4600,18400
2026-07-03,밀도,밀도 롯데노원점,폐기,유통기한초과(폐기),샌드위치,103807,잠봉에멘탈크로와상샌드위치,1,7900,7900
2026-07-03,밀도,밀도 롯데노원점,폐기,유통기한초과(폐기),건강빵,103574,무화과오트통밀100,2,5500,11000
2026-07-03,밀도,밀도 롯데노원점,폐기,유통기한초과(폐기),건강빵,103575,단호박고구마통밀(whole),4,5500,22000
2026-07-03,밀도,밀도 롯데노원점,폐기,유통기한초과(폐기),소금빵,102778,앙버터소금빵,1,4800,4800
2026-07-04,밀도,밀도 성수점,폐기,유통기한초과(폐기),간식빵,101858,밀도단팥빵,2,3800,7600
2026-07-04,밀도,밀도 성수점,폐기,유통기한초과(폐기),간식빵,102587,밀도맘모스,5,6200,31000
2026-07-04,밀도,밀도 성수점,폐기,유통기한초과(폐기),건강빵,103574,무화과오트통밀100,1,5500,5500
2026-07-04,밀도,밀도 정자점,폐기,유통기한초과(폐기),간식빵,101451,허니러스크,5,4700,23500
2026-07-04,밀도,밀도 정자점,폐기,유통기한초과(폐기),식빵,103814,얼룩 고양 식빵,2,7500,15000
2026-07-04,밀도,밀도 한티점,폐기,유통기한초과(폐기),간식빵,101327,큐브소보로,1,3800,3800
2026-07-04,밀도,밀도 한티점,폐기,유통기한초과(폐기),간식빵,101451,허니러스크,2,4700,9400
2026-07-04,밀도,밀도 한티점,폐기,유통기한초과(폐기),간식빵,101858,밀도단팥빵,2,3800,7600
2026-07-04,밀도,밀도 한티점,폐기,유통기한초과(폐기),간식빵,103704,크림치즈포테이토,2,4200,8400
2026-07-04,밀도,밀도 한티점,폐기,유통기한초과(폐기),간식빵,103828,상하소시지 갈릭러스크,1,5200,5200
2026-07-04,밀도,밀도 한티점,폐기,유통기한초과(폐기),시그니처샌드,102272,땅콩크림샌드,6,5800,34800
2026-07-04,밀도,밀도 한티점,폐기,유통기한초과(폐기),식빵,102338,통팥앙식빵,2,3900,7800
2026-07-04,밀도,밀도 한티점,폐기,유통기한초과(폐기),식빵,103814,얼룩 고양 식빵,1,7500,7500
2026-07-04,밀도,밀도 한티점,폐기,유통기한초과(폐기),미니식빵,103827,촉촉연유브래드,1,6900,6900
2026-07-04,밀도,밀도 한티점,폐기,유통기한초과(폐기),스콘,102977,리코타사워크림스콘,2,4200,8400
2026-07-04,밀도,밀도 옥수점,폐기,유통기한초과(폐기),간식빵,102587,밀도맘모스,1,6200,6200
2026-07-04,밀도,밀도 옥수점,폐기,유통기한초과(폐기),간식빵,103704,크림치즈포테이토,2,4200,8400
2026-07-04,밀도,밀도 옥수점,폐기,유통기한초과(폐기),시그니처샌드,102272,땅콩크림샌드,1,5800,5800
2026-07-04,밀도,밀도 옥수점,폐기,유통기한초과(폐기),식빵,102335,호밀잡곡식빵,2,6500,13000
2026-07-04,밀도,밀도 옥수점,폐기,유통기한초과(폐기),식빵,102966,달밤식빵,1,8900,8900
2026-07-04,밀도,밀도 옥수점,폐기,유통기한초과(폐기),미니식빵,103663,밤완두바브카,3,7200,21600
2026-07-04,밀도,밀도 옥수점,폐기,유통기한초과(폐기),미니식빵,103824,리치 모카빵,1,6900,6900
2026-07-04,밀도,밀도 옥수점,폐기,유통기한초과(폐기),모닝롤,102683,모닝롤,2,3800,7600
2026-07-04,밀도,밀도 광장점,폐기,유통기한초과(폐기),시그니처샌드,102272,땅콩크림샌드,3,5800,17400
2026-07-04,밀도,밀도 광장점,폐기,유통기한초과(폐기),샌드위치,103806,바질치폴레닭가슴살샌드위치,2,8900,17800
2026-07-04,밀도,밀도 광장점,폐기,유통기한초과(폐기),샌드위치,103807,잠봉에멘탈크로와상샌드위치,3,7900,23700
2026-07-04,밀도,밀도 광장점,폐기,유통기한초과(폐기),식빵,102338,통팥앙식빵,5,3900,19500
2026-07-04,밀도,밀도 광장점,폐기,유통기한초과(폐기),식빵,103814,얼룩 고양 식빵,4,7500,30000
2026-07-04,밀도,밀도 광장점,폐기,유통기한초과(폐기),미니식빵,103663,밤완두바브카,3,7200,21600
2026-07-04,밀도,밀도 광장점,폐기,유통기한초과(폐기),미니식빵,103824,리치 모카빵,5,6900,34500
2026-07-04,밀도,밀도 알토점,폐기,불량(폐기),간식빵,103704,크림치즈포테이토,8,4200,33600
2026-07-04,밀도,밀도 알토점,폐기,불량(폐기),미니식빵,103824,리치 모카빵,1,6900,6900
2026-07-04,밀도,밀도 알토점,폐기,불량(폐기),미니식빵,103827,촉촉연유브래드,1,6900,6900
2026-07-04,밀도,밀도 알토점,폐기,유통기한초과(폐기),간식빵,103704,크림치즈포테이토,1,4200,4200
2026-07-04,밀도,밀도 알토점,폐기,유통기한초과(폐기),간식빵,103828,상하소시지 갈릭러스크,8,5200,41600
2026-07-04,밀도,밀도 알토점,폐기,유통기한초과(폐기),시그니처샌드,102272,땅콩크림샌드,1,5800,5800
2026-07-04,밀도,밀도 알토점,폐기,유통기한초과(폐기),샌드위치,103807,잠봉에멘탈크로와상샌드위치,2,7900,15800
2026-07-04,밀도,밀도 알토점,폐기,유통기한초과(폐기),소금빵,102844,the부드러운소금빵,1,3600,3600
2026-07-04,밀도,밀도 광교점,폐기,유통기한초과(폐기),간식빵,101858,밀도단팥빵,2,3800,7600
2026-07-04,밀도,밀도 광교점,폐기,유통기한초과(폐기),페이스트리,103769,고창고구마데니쉬,2,4600,9200
2026-07-04,밀도,밀도 광교점,폐기,유통기한초과(폐기),시그니처샌드,102272,땅콩크림샌드,1,5800,5800
2026-07-04,밀도,밀도 광교점,폐기,유통기한초과(폐기),식빵,100003,담백식빵,15,7800,117000
2026-07-04,밀도,밀도 광교점,폐기,유통기한초과(폐기),식빵,100004,리치식빵,9,8400,75600
2026-07-04,밀도,밀도 광교점,폐기,유통기한초과(폐기),미니식빵,103824,리치 모카빵,9,6900,62100
2026-07-04,밀도,밀도 광교점,폐기,유통기한초과(폐기),건강빵,102983,촉촉감자치아바타,6,4800,28800
2026-07-04,밀도,밀도 광교점,폐기,유통기한초과(폐기),모닝롤,102683,모닝롤,2,3800,7600
2026-07-04,밀도,밀도 광교점,폐기,유통기한초과(폐기),소금빵,102844,the부드러운소금빵,3,3600,10800
2026-07-04,밀도,밀도 강남점,폐기,유통기한초과(폐기),간식빵,103704,크림치즈포테이토,2,4200,8400
2026-07-04,밀도,밀도 강남점,폐기,유통기한초과(폐기),간식빵,103828,상하소시지 갈릭러스크,6,5200,31200
2026-07-04,밀도,밀도 강남점,폐기,유통기한초과(폐기),샌드위치,103807,잠봉에멘탈크로와상샌드위치,2,7900,15800
2026-07-04,밀도,밀도 강남점,폐기,유통기한초과(폐기),식빵,102684,튼튼고양식빵,3,6900,20700
2026-07-04,밀도,밀도 강남점,폐기,유통기한초과(폐기),식빵,103814,얼룩 고양 식빵,2,7500,15000
2026-07-04,밀도,밀도 고양점,폐기,유통기한초과(폐기),간식빵,103766,누텔라로쉐큐브식빵,3,5200,15600
2026-07-04,밀도,밀도 고양점,폐기,유통기한초과(폐기),간식빵,103828,상하소시지 갈릭러스크,3,5200,15600
2026-07-04,밀도,밀도 고양점,폐기,유통기한초과(폐기),페이스트리,103768,애플시나몬크림치즈데니쉬,3,4900,14700
2026-07-04,밀도,밀도 고양점,폐기,유통기한초과(폐기),건강빵,103575,단호박고구마통밀(whole),1,5500,5500
2026-07-04,밀도,밀도 경기점,폐기,유통기한초과(폐기),소금빵,102844,the부드러운소금빵,6,3600,21600
2026-07-04,밀도,밀도 잠실점,폐기,유통기한초과(폐기),간식빵,103828,상하소시지 갈릭러스크,3,5200,15600
2026-07-04,밀도,밀도 뉴코아강남점,폐기,유통기한초과(폐기),간식빵,101451,허니러스크,3,4700,14100
2026-07-04,밀도,밀도 뉴코아강남점,폐기,유통기한초과(폐기),간식빵,102976,앙버터허니러스크,1,6200,6200
2026-07-04,밀도,밀도 뉴코아강남점,폐기,유통기한초과(폐기),간식빵,103828,상하소시지 갈릭러스크,3,5200,15600
2026-07-04,밀도,밀도 뉴코아강남점,폐기,유통기한초과(폐기),페이스트리,103769,고창고구마데니쉬,2,4600,9200
2026-07-04,밀도,밀도 뉴코아강남점,폐기,유통기한초과(폐기),샌드위치,103027,블루베리잼 잠봉뵈르,1,8900,8900
2026-07-04,밀도,밀도 롯데노원점,폐기,유통기한초과(폐기),간식빵,100010,큐브커스터드,9,4700,42300
2026-07-04,밀도,밀도 롯데노원점,폐기,유통기한초과(폐기),간식빵,101451,허니러스크,4,4700,18800
2026-07-04,밀도,밀도 롯데노원점,폐기,유통기한초과(폐기),간식빵,101858,밀도단팥빵,2,3800,7600
2026-07-04,밀도,밀도 롯데노원점,폐기,유통기한초과(폐기),간식빵,103704,크림치즈포테이토,4,4200,16800
2026-07-04,밀도,밀도 롯데노원점,폐기,유통기한초과(폐기),간식빵,103766,누텔라로쉐큐브식빵,5,5200,26000
2026-07-04,밀도,밀도 롯데노원점,폐기,유통기한초과(폐기),간식빵,103828,상하소시지 갈릭러스크,2,5200,10400
2026-07-04,밀도,밀도 롯데노원점,폐기,유통기한초과(폐기),디저트,103569,상하초콜릿푸딩,1,5500,5500
2026-07-04,밀도,밀도 롯데노원점,폐기,유통기한초과(폐기),샌드위치,103027,블루베리잼 잠봉뵈르,1,8900,8900
2026-07-04,밀도,밀도 롯데노원점,폐기,유통기한초과(폐기),샌드위치,103028,그릴드닭가슴살 당근라페 샌드위치,2,8900,17800
2026-07-04,밀도,밀도 롯데노원점,폐기,유통기한초과(폐기),샌드위치,103286,에그마요 소금빵,4,5200,20800
2026-07-04,밀도,밀도 롯데노원점,폐기,유통기한초과(폐기),샌드위치,103807,잠봉에멘탈크로와상샌드위치,6,7900,47400
2026-07-04,밀도,밀도 롯데노원점,폐기,유통기한초과(폐기),식빵,102966,달밤식빵,1,8900,8900
2026-07-04,밀도,밀도 롯데노원점,폐기,유통기한초과(폐기),건강빵,103574,무화과오트통밀100,3,5500,16500
2026-07-04,밀도,밀도 롯데노원점,폐기,유통기한초과(폐기),건강빵,103575,단호박고구마통밀(whole),2,5500,11000
2026-07-04,밀도,밀도 롯데노원점,폐기,유통기한초과(폐기),스콘,101119,레몬스콘,1,3800,3800
2026-07-04,밀도,밀도 롯데노원점,폐기,유통기한초과(폐기),소금빵,102844,the부드러운소금빵,2,3600,7200
2026-07-05,밀도,밀도 성수점,폐기,유통기한초과(폐기),간식빵,101327,큐브소보로,2,3800,7600
2026-07-05,밀도,밀도 성수점,폐기,유통기한초과(폐기),간식빵,103704,크림치즈포테이토,1,4200,4200
2026-07-05,밀도,밀도 성수점,폐기,유통기한초과(폐기),간식빵,103828,상하소시지 갈릭러스크,1,5200,5200
2026-07-05,밀도,밀도 성수점,폐기,유통기한초과(폐기),시그니처샌드,102272,땅콩크림샌드,1,5800,5800
2026-07-05,밀도,밀도 성수점,폐기,유통기한초과(폐기),샌드위치,103027,블루베리잼 잠봉뵈르,4,8900,35600
2026-07-05,밀도,밀도 성수점,폐기,유통기한초과(폐기),샌드위치,103286,에그마요 소금빵,1,5200,5200
2026-07-05,밀도,밀도 성수점,폐기,유통기한초과(폐기),샌드위치,103806,바질치폴레닭가슴살샌드위치,2,8900,17800
2026-07-05,밀도,밀도 성수점,폐기,유통기한초과(폐기),식빵,102338,통팥앙식빵,3,3900,11700
2026-07-05,밀도,밀도 성수점,폐기,유통기한초과(폐기),식빵,103814,얼룩 고양 식빵,4,7500,30000
2026-07-05,밀도,밀도 성수점,폐기,유통기한초과(폐기),미니식빵,103395,게랑드소금식빵,3,7200,21600
2026-07-05,밀도,밀도 성수점,폐기,유통기한초과(폐기),소금빵,102844,the부드러운소금빵,5,3600,18000
2026-07-05,밀도,밀도 정자점,폐기,유통기한초과(폐기),간식빵,100625,큐브시나몬,1,3800,3800
2026-07-05,밀도,밀도 정자점,폐기,유통기한초과(폐기),간식빵,101327,큐브소보로,1,3800,3800
2026-07-05,밀도,밀도 정자점,폐기,유통기한초과(폐기),간식빵,101957,초코허니러스크,1,5200,5200
2026-07-05,밀도,밀도 정자점,폐기,유통기한초과(폐기),시그니처샌드,102272,땅콩크림샌드,1,5800,5800
2026-07-05,밀도,밀도 정자점,폐기,유통기한초과(폐기),미니식빵,103663,밤완두바브카,1,7200,7200
2026-07-05,밀도,밀도 정자점,폐기,유통기한초과(폐기),미니식빵,103824,리치 모카빵,1,6900,6900
2026-07-05,밀도,밀도 한티점,폐기,유통기한초과(폐기),간식빵,100010,큐브커스터드,1,4700,4700
2026-07-05,밀도,밀도 한티점,폐기,유통기한초과(폐기),간식빵,101327,큐브소보로,2,3800,7600
2026-07-05,밀도,밀도 한티점,폐기,유통기한초과(폐기),간식빵,103704,크림치즈포테이토,3,4200,12600
2026-07-05,밀도,밀도 한티점,폐기,유통기한초과(폐기),간식빵,103828,상하소시지 갈릭러스크,2,5200,10400
2026-07-05,밀도,밀도 한티점,폐기,유통기한초과(폐기),식빵,102338,통팥앙식빵,4,3900,15600
2026-07-05,밀도,밀도 옥수점,폐기,유통기한초과(폐기),간식빵,103704,크림치즈포테이토,1,4200,4200
2026-07-05,밀도,밀도 옥수점,폐기,유통기한초과(폐기),시그니처샌드,102272,땅콩크림샌드,3,5800,17400
2026-07-05,밀도,밀도 옥수점,폐기,유통기한초과(폐기),식빵,102338,통팥앙식빵,3,3900,11700
2026-07-05,밀도,밀도 옥수점,폐기,유통기한초과(폐기),식빵,102966,달밤식빵,1,8900,8900
2026-07-05,밀도,밀도 옥수점,폐기,유통기한초과(폐기),미니식빵,103663,밤완두바브카,2,7200,14400
2026-07-05,밀도,밀도 옥수점,폐기,유통기한초과(폐기),미니식빵,103824,리치 모카빵,2,6900,13800
2026-07-05,밀도,밀도 광장점,폐기,유통기한초과(폐기),간식빵,101858,밀도단팥빵,6,3800,22800
2026-07-05,밀도,밀도 광장점,폐기,유통기한초과(폐기),시그니처샌드,102272,땅콩크림샌드,5,5800,29000
2026-07-05,밀도,밀도 광장점,폐기,유통기한초과(폐기),샌드위치,103806,바질치폴레닭가슴살샌드위치,9,8900,80100
2026-07-05,밀도,밀도 광장점,폐기,유통기한초과(폐기),미니식빵,103824,리치 모카빵,6,6900,41400
2026-07-05,밀도,밀도 광장점,폐기,유통기한초과(폐기),미니식빵,103827,촉촉연유브래드,3,6900,20700
2026-07-05,밀도,밀도 알토점,폐기,파손(폐기),간식빵,103766,누텔라로쉐큐브식빵,1,5200,5200
2026-07-05,밀도,밀도 알토점,폐기,파손(폐기),미니식빵,103827,촉촉연유브래드,2,6900,13800
2026-07-05,밀도,밀도 알토점,폐기,파손(폐기),스콘,101119,레몬스콘,1,3800,3800
2026-07-05,밀도,밀도 알토점,폐기,파손(폐기),스콘,102977,리코타사워크림스콘,1,4200,4200
2026-07-05,밀도,밀도 알토점,폐기,유통기한초과(폐기),간식빵,102587,밀도맘모스,1,6200,6200
2026-07-05,밀도,밀도 알토점,폐기,유통기한초과(폐기),간식빵,103828,상하소시지 갈릭러스크,5,5200,26000
2026-07-05,밀도,밀도 알토점,폐기,유통기한초과(폐기),건강빵,102983,촉촉감자치아바타,6,4800,28800
2026-07-05,밀도,밀도 알토점,폐기,유통기한초과(폐기),소금빵,102778,앙버터소금빵,2,4800,9600
2026-07-05,밀도,밀도 광교점,폐기,유통기한초과(폐기),간식빵,101858,밀도단팥빵,2,3800,7600
2026-07-05,밀도,밀도 광교점,폐기,유통기한초과(폐기),페이스트리,103769,고창고구마데니쉬,3,4600,13800
2026-07-05,밀도,밀도 광교점,폐기,유통기한초과(폐기),파운드,103832,솔티카라멜휘낭시에,1,3200,3200
2026-07-05,밀도,밀도 광교점,폐기,유통기한초과(폐기),미니식빵,103824,리치 모카빵,1,6900,6900
2026-07-05,밀도,밀도 광교점,폐기,유통기한초과(폐기),스콘,102977,리코타사워크림스콘,2,4200,8400
2026-07-05,밀도,밀도 광교점,폐기,유통기한초과(폐기),소금빵,102844,the부드러운소금빵,4,3600,14400
2026-07-05,밀도,밀도 강남점,폐기,유통기한초과(폐기),간식빵,101451,허니러스크,3,4700,14100
2026-07-05,밀도,밀도 강남점,폐기,유통기한초과(폐기),간식빵,101957,초코허니러스크,1,5200,5200
2026-07-05,밀도,밀도 강남점,폐기,유통기한초과(폐기),간식빵,103704,크림치즈포테이토,2,4200,8400
2026-07-05,밀도,밀도 강남점,폐기,유통기한초과(폐기),시그니처샌드,102272,땅콩크림샌드,4,5800,23200
2026-07-05,밀도,밀도 강남점,폐기,유통기한초과(폐기),샌드위치,103805,아이올리베이컨토마토샌드위치,2,8900,17800
2026-07-05,밀도,밀도 강남점,폐기,유통기한초과(폐기),식빵,102684,튼튼고양식빵,3,6900,20700
2026-07-05,밀도,밀도 강남점,폐기,유통기한초과(폐기),식빵,103814,얼룩 고양 식빵,1,7500,7500
2026-07-05,밀도,밀도 강남점,폐기,유통기한초과(폐기),미니식빵,103824,리치 모카빵,2,6900,13800
2026-07-05,밀도,밀도 고양점,폐기,유통기한초과(폐기),간식빵,103766,누텔라로쉐큐브식빵,7,5200,36400
2026-07-05,밀도,밀도 고양점,폐기,유통기한초과(폐기),페이스트리,103768,애플시나몬크림치즈데니쉬,1,4900,4900
2026-07-05,밀도,밀도 고양점,폐기,유통기한초과(폐기),페이스트리,103769,고창고구마데니쉬,1,4600,4600
2026-07-05,밀도,밀도 고양점,폐기,유통기한초과(폐기),샌드위치,103805,아이올리베이컨토마토샌드위치,3,8900,26700
2026-07-05,밀도,밀도 고양점,폐기,유통기한초과(폐기),샌드위치,103806,바질치폴레닭가슴살샌드위치,8,8900,71200
2026-07-05,밀도,밀도 고양점,폐기,유통기한초과(폐기),미니식빵,103663,밤완두바브카,1,7200,7200
2026-07-05,밀도,밀도 고양점,폐기,유통기한초과(폐기),미니식빵,103824,리치 모카빵,1,6900,6900
2026-07-05,밀도,밀도 고양점,폐기,유통기한초과(폐기),건강빵,103575,단호박고구마통밀(whole),3,5500,16500
2026-07-05,밀도,밀도 경기점,폐기,유통기한초과(폐기),간식빵,101858,밀도단팥빵,2,3800,7600
2026-07-05,밀도,밀도 경기점,폐기,유통기한초과(폐기),간식빵,102587,밀도맘모스,3,6200,18600
2026-07-05,밀도,밀도 잠실점,폐기,유통기한초과(폐기),간식빵,103704,크림치즈포테이토,5,4200,21000
2026-07-05,밀도,밀도 잠실점,폐기,유통기한초과(폐기),간식빵,103828,상하소시지 갈릭러스크,11,5200,57200
2026-07-05,밀도,밀도 잠실점,폐기,유통기한초과(폐기),샌드위치,103805,아이올리베이컨토마토샌드위치,2,8900,17800
2026-07-05,밀도,밀도 잠실점,폐기,유통기한초과(폐기),샌드위치,103806,바질치폴레닭가슴살샌드위치,18,8900,160200
2026-07-05,밀도,밀도 압구정현대점,폐기,유통기한초과(폐기),식빵,100003,담백식빵,1,7800,7800
2026-07-05,밀도,밀도 압구정현대점,폐기,유통기한초과(폐기),식빵,100004,리치식빵,1,8400,8400
2026-07-05,밀도,밀도 뉴코아강남점,폐기,유통기한초과(폐기),간식빵,100010,큐브커스터드,3,4700,14100
2026-07-05,밀도,밀도 뉴코아강남점,폐기,유통기한초과(폐기),간식빵,100625,큐브시나몬,1,3800,3800
2026-07-05,밀도,밀도 뉴코아강남점,폐기,유통기한초과(폐기),간식빵,102587,밀도맘모스,8,6200,49600
2026-07-05,밀도,밀도 뉴코아강남점,폐기,유통기한초과(폐기),간식빵,103704,크림치즈포테이토,3,4200,12600
2026-07-05,밀도,밀도 뉴코아강남점,폐기,유통기한초과(폐기),간식빵,103828,상하소시지 갈릭러스크,1,5200,5200
2026-07-05,밀도,밀도 뉴코아강남점,폐기,유통기한초과(폐기),식빵,102684,튼튼고양식빵,6,6900,41400
2026-07-05,밀도,밀도 뉴코아강남점,폐기,유통기한초과(폐기),건강빵,102983,촉촉감자치아바타,4,4800,19200
2026-07-05,밀도,밀도 뉴코아강남점,폐기,유통기한초과(폐기),건강빵,103575,단호박고구마통밀(whole),1,5500,5500
2026-07-05,밀도,밀도 뉴코아강남점,폐기,유통기한초과(폐기),소금빵,102844,the부드러운소금빵,9,3600,32400
2026-07-05,밀도,밀도 롯데노원점,폐기,유통기한초과(폐기),간식빵,101451,허니러스크,4,4700,18800
2026-07-05,밀도,밀도 롯데노원점,폐기,유통기한초과(폐기),간식빵,103766,누텔라로쉐큐브식빵,1,5200,5200
2026-07-05,밀도,밀도 롯데노원점,폐기,유통기한초과(폐기),샌드위치,103286,에그마요 소금빵,3,5200,15600
2026-07-05,밀도,밀도 롯데노원점,폐기,유통기한초과(폐기),샌드위치,103806,바질치폴레닭가슴살샌드위치,5,8900,44500
2026-07-05,밀도,밀도 롯데노원점,폐기,유통기한초과(폐기),식빵,102684,튼튼고양식빵,6,6900,41400
2026-07-05,밀도,밀도 롯데노원점,폐기,유통기한초과(폐기),식빵,102966,달밤식빵,3,8900,26700
2026-07-05,밀도,밀도 롯데노원점,폐기,유통기한초과(폐기),건강빵,103571,올리브치즈치아바타,5,5200,26000
2026-07-05,밀도,밀도 롯데노원점,폐기,유통기한초과(폐기),건강빵,103574,무화과오트통밀100,6,5500,33000
2026-07-05,밀도,밀도 롯데노원점,폐기,유통기한초과(폐기),건강빵,103575,단호박고구마통밀(whole),2,5500,11000
2026-07-05,밀도,밀도 롯데노원점,폐기,유통기한초과(폐기),스콘,101119,레몬스콘,3,3800,11400
2026-07-05,밀도,밀도 롯데노원점,폐기,유통기한초과(폐기),소금빵,102844,the부드러운소금빵,2,3600,7200
2026-07-06,밀도,밀도 성수점,폐기,유통기한초과(폐기),간식빵,101858,밀도단팥빵,2,3800,7600
2026-07-06,밀도,밀도 성수점,폐기,유통기한초과(폐기),간식빵,101957,초코허니러스크,4,5200,20800
2026-07-06,밀도,밀도 성수점,폐기,유통기한초과(폐기),간식빵,102587,밀도맘모스,2,6200,12400
2026-07-06,밀도,밀도 성수점,폐기,유통기한초과(폐기),샌드위치,103286,에그마요 소금빵,2,5200,10400
2026-07-06,밀도,밀도 성수점,폐기,유통기한초과(폐기),미니식빵,103824,리치 모카빵,1,6900,6900
2026-07-06,밀도,밀도 성수점,폐기,유통기한초과(폐기),건강빵,103574,무화과오트통밀100,4,5500,22000
2026-07-06,밀도,밀도 성수점,폐기,유통기한초과(폐기),건강빵,103575,단호박고구마통밀(whole),3,5500,16500
2026-07-06,밀도,밀도 성수점,폐기,유통기한초과(폐기),소금빵,102844,the부드러운소금빵,4,3600,14400
2026-07-06,밀도,밀도 정자점,폐기,유통기한초과(폐기),간식빵,100625,큐브시나몬,1,3800,3800
2026-07-06,밀도,밀도 한티점,폐기,유통기한초과(폐기),간식빵,100625,큐브시나몬,2,3800,7600
2026-07-06,밀도,밀도 한티점,폐기,유통기한초과(폐기),간식빵,101957,초코허니러스크,1,5200,5200
2026-07-06,밀도,밀도 옥수점,폐기,유통기한초과(폐기),간식빵,101858,밀도단팥빵,4,3800,15200
2026-07-06,밀도,밀도 옥수점,폐기,유통기한초과(폐기),시그니처샌드,102272,땅콩크림샌드,1,5800,5800
2026-07-06,밀도,밀도 옥수점,폐기,유통기한초과(폐기),식빵,102338,통팥앙식빵,2,3900,7800
2026-07-06,밀도,밀도 옥수점,폐기,유통기한초과(폐기),미니식빵,103824,리치 모카빵,1,6900,6900
2026-07-06,밀도,밀도 옥수점,폐기,유통기한초과(폐기),모닝롤,102683,모닝롤,3,3800,11400
2026-07-06,밀도,밀도 광장점,폐기,유통기한초과(폐기),간식빵,100010,큐브커스터드,3,4700,14100
2026-07-06,밀도,밀도 광장점,폐기,유통기한초과(폐기),샌드위치,103807,잠봉에멘탈크로와상샌드위치,2,7900,15800
2026-07-06,밀도,밀도 광장점,폐기,유통기한초과(폐기),식빵,103814,얼룩 고양 식빵,1,7500,7500
2026-07-06,밀도,밀도 광장점,폐기,유통기한초과(폐기),미니식빵,103663,밤완두바브카,2,7200,14400
2026-07-06,밀도,밀도 광장점,폐기,유통기한초과(폐기),미니식빵,103764,누텔라바브카,3,7800,23400
2026-07-06,밀도,밀도 알토점,폐기,불량(폐기),미니식빵,103827,촉촉연유브래드,1,6900,6900
2026-07-06,밀도,밀도 알토점,폐기,불량(폐기),건강빵,102983,촉촉감자치아바타,2,4800,9600
2026-07-06,밀도,밀도 알토점,폐기,유통기한초과(폐기),간식빵,100625,큐브시나몬,4,3800,15200
2026-07-06,밀도,밀도 알토점,폐기,유통기한초과(폐기),간식빵,101451,허니러스크,8,4700,37600
2026-07-06,밀도,밀도 알토점,폐기,유통기한초과(폐기),간식빵,101858,밀도단팥빵,1,3800,3800
2026-07-06,밀도,밀도 알토점,폐기,유통기한초과(폐기),간식빵,102587,밀도맘모스,3,6200,18600
2026-07-06,밀도,밀도 알토점,폐기,유통기한초과(폐기),간식빵,103704,크림치즈포테이토,2,4200,8400
2026-07-06,밀도,밀도 알토점,폐기,유통기한초과(폐기),간식빵,103828,상하소시지 갈릭러스크,4,5200,20800
2026-07-06,밀도,밀도 알토점,폐기,유통기한초과(폐기),식빵,102338,통팥앙식빵,5,3900,19500
2026-07-06,밀도,밀도 알토점,폐기,유통기한초과(폐기),식빵,102966,달밤식빵,2,8900,17800
2026-07-06,밀도,밀도 알토점,폐기,유통기한초과(폐기),식빵,103814,얼룩 고양 식빵,4,7500,30000
2026-07-06,밀도,밀도 알토점,폐기,유통기한초과(폐기),미니식빵,103764,누텔라바브카,5,7800,39000
2026-07-06,밀도,밀도 알토점,폐기,유통기한초과(폐기),소금빵,102778,앙버터소금빵,2,4800,9600
2026-07-06,밀도,밀도 알토점,폐기,유통기한초과(폐기),소금빵,102844,the부드러운소금빵,6,3600,21600
2026-07-06,밀도,밀도 광교점,폐기,유통기한초과(폐기),식빵,102684,튼튼고양식빵,3,6900,20700
2026-07-06,밀도,밀도 강남점,폐기,유통기한초과(폐기),간식빵,103828,상하소시지 갈릭러스크,2,5200,10400
2026-07-06,밀도,밀도 고양점,폐기,유통기한초과(폐기),간식빵,101327,큐브소보로,3,3800,11400
2026-07-06,밀도,밀도 고양점,폐기,유통기한초과(폐기),간식빵,101858,밀도단팥빵,2,3800,7600
2026-07-06,밀도,밀도 고양점,폐기,유통기한초과(폐기),간식빵,103766,누텔라로쉐큐브식빵,3,5200,15600
2026-07-06,밀도,밀도 고양점,폐기,유통기한초과(폐기),디저트,103616,수제국산생크림롤케이크,2,6200,12400
2026-07-06,밀도,밀도 고양점,폐기,유통기한초과(폐기),카스텔라,103719,에그촉촉카스텔라제주말차(half),6,6500,39000
2026-07-06,밀도,밀도 고양점,폐기,유통기한초과(폐기),식빵,102966,달밤식빵,1,8900,8900
2026-07-06,밀도,밀도 경기점,폐기,유통기한초과(폐기),식빵,102684,튼튼고양식빵,3,6900,20700
2026-07-06,밀도,밀도 경기점,폐기,유통기한초과(폐기),식빵,103814,얼룩 고양 식빵,3,7500,22500
2026-07-06,밀도,밀도 잠실점,폐기,유통기한초과(폐기),간식빵,103828,상하소시지 갈릭러스크,6,5200,31200
2026-07-06,밀도,밀도 압구정현대점,폐기,유통기한초과(폐기),간식빵,100625,큐브시나몬,1,3800,3800
2026-07-06,밀도,밀도 압구정현대점,폐기,유통기한초과(폐기),간식빵,102587,밀도맘모스,1,6200,6200
2026-07-06,밀도,밀도 압구정현대점,폐기,유통기한초과(폐기),시그니처샌드,102272,땅콩크림샌드,2,5800,11600
2026-07-06,밀도,밀도 압구정현대점,폐기,유통기한초과(폐기),식빵,100003,담백식빵,5,7800,39000
2026-07-06,밀도,밀도 압구정현대점,폐기,유통기한초과(폐기),식빵,102338,통팥앙식빵,1,3900,3900
2026-07-06,밀도,밀도 압구정현대점,폐기,유통기한초과(폐기),건강빵,103574,무화과오트통밀100,1,5500,5500
2026-07-06,밀도,밀도 압구정현대점,폐기,유통기한초과(폐기),건강빵,103575,단호박고구마통밀(whole),1,5500,5500
2026-07-06,밀도,밀도 뉴코아강남점,폐기,유통기한초과(폐기),간식빵,100010,큐브커스터드,1,4700,4700
2026-07-06,밀도,밀도 뉴코아강남점,폐기,유통기한초과(폐기),간식빵,100625,큐브시나몬,1,3800,3800
2026-07-06,밀도,밀도 뉴코아강남점,폐기,유통기한초과(폐기),간식빵,103704,크림치즈포테이토,1,4200,4200
2026-07-06,밀도,밀도 뉴코아강남점,폐기,유통기한초과(폐기),간식빵,103828,상하소시지 갈릭러스크,2,5200,10400
2026-07-06,밀도,밀도 뉴코아강남점,폐기,유통기한초과(폐기),샌드위치,103028,그릴드닭가슴살 당근라페 샌드위치,3,8900,26700
2026-07-06,밀도,밀도 뉴코아강남점,폐기,유통기한초과(폐기),샌드위치,103286,에그마요 소금빵,1,5200,5200
2026-07-06,밀도,밀도 뉴코아강남점,폐기,유통기한초과(폐기),식빵,102684,튼튼고양식빵,8,6900,55200
2026-07-06,밀도,밀도 뉴코아강남점,폐기,유통기한초과(폐기),식빵,103814,얼룩 고양 식빵,1,7500,7500
2026-07-06,밀도,밀도 뉴코아강남점,폐기,유통기한초과(폐기),건강빵,102983,촉촉감자치아바타,3,4800,14400
2026-07-06,밀도,밀도 뉴코아강남점,폐기,유통기한초과(폐기),건강빵,102993,프룻로데브,1,7800,7800
2026-07-06,밀도,밀도 뉴코아강남점,폐기,유통기한초과(폐기),건강빵,103575,단호박고구마통밀(whole),4,5500,22000
2026-07-06,밀도,밀도 롯데노원점,폐기,유통기한초과(폐기),간식빵,100010,큐브커스터드,6,4700,28200
2026-07-06,밀도,밀도 롯데노원점,폐기,유통기한초과(폐기),간식빵,101327,큐브소보로,8,3800,30400
2026-07-06,밀도,밀도 롯데노원점,폐기,유통기한초과(폐기),간식빵,101858,밀도단팥빵,6,3800,22800
2026-07-06,밀도,밀도 롯데노원점,폐기,유통기한초과(폐기),간식빵,101957,초코허니러스크,3,5200,15600
2026-07-06,밀도,밀도 롯데노원점,폐기,유통기한초과(폐기),간식빵,102587,밀도맘모스,14,6200,86800
2026-07-06,밀도,밀도 롯데노원점,폐기,유통기한초과(폐기),간식빵,103766,누텔라로쉐큐브식빵,7,5200,36400
2026-07-06,밀도,밀도 롯데노원점,폐기,유통기한초과(폐기),간식빵,103828,상하소시지 갈릭러스크,5,5200,26000
2026-07-06,밀도,밀도 롯데노원점,폐기,유통기한초과(폐기),디저트,103569,상하초콜릿푸딩,1,5500,5500
2026-07-06,밀도,밀도 롯데노원점,폐기,유통기한초과(폐기),시그니처샌드,102272,땅콩크림샌드,5,5800,29000
2026-07-06,밀도,밀도 롯데노원점,폐기,유통기한초과(폐기),샌드위치,103027,블루베리잼 잠봉뵈르,3,8900,26700
2026-07-06,밀도,밀도 롯데노원점,폐기,유통기한초과(폐기),샌드위치,103807,잠봉에멘탈크로와상샌드위치,3,7900,23700
2026-07-06,밀도,밀도 롯데노원점,폐기,유통기한초과(폐기),미니식빵,103764,누텔라바브카,1,7800,7800
2026-07-06,밀도,밀도 롯데노원점,폐기,유통기한초과(폐기),건강빵,102983,촉촉감자치아바타,6,4800,28800
2026-07-06,밀도,밀도 롯데노원점,폐기,유통기한초과(폐기),건강빵,103571,올리브치즈치아바타,1,5200,5200
2026-07-06,밀도,밀도 롯데노원점,폐기,유통기한초과(폐기),건강빵,103622,마르게리따포카치아,2,5500,11000
2026-07-06,밀도,밀도 롯데노원점,폐기,유통기한초과(폐기),소금빵,102844,the부드러운소금빵,1,3600,3600
2026-07-07,밀도,밀도 성수점,폐기,유통기한초과(폐기),간식빵,102587,밀도맘모스,1,6200,6200
2026-07-07,밀도,밀도 성수점,폐기,유통기한초과(폐기),간식빵,103765,누텔라시나몬롤데니쉬,2,4800,9600
2026-07-07,밀도,밀도 성수점,폐기,유통기한초과(폐기),식빵,102338,통팥앙식빵,1,3900,3900
2026-07-07,밀도,밀도 성수점,폐기,유통기한초과(폐기),건강빵,102983,촉촉감자치아바타,2,4800,9600
2026-07-07,밀도,밀도 성수점,폐기,유통기한초과(폐기),소금빵,102844,the부드러운소금빵,3,3600,10800
2026-07-07,밀도,밀도 정자점,폐기,유통기한초과(폐기),간식빵,101327,큐브소보로,4,3800,15200
2026-07-07,밀도,밀도 정자점,폐기,유통기한초과(폐기),간식빵,101451,허니러스크,2,4700,9400
2026-07-07,밀도,밀도 정자점,폐기,유통기한초과(폐기),간식빵,101957,초코허니러스크,1,5200,5200
2026-07-07,밀도,밀도 정자점,폐기,유통기한초과(폐기),식빵,102966,달밤식빵,1,8900,8900
2026-07-07,밀도,밀도 정자점,폐기,유통기한초과(폐기),미니식빵,103827,촉촉연유브래드,4,6900,27600
2026-07-07,밀도,밀도 정자점,폐기,유통기한초과(폐기),스콘,101119,레몬스콘,3,3800,11400
2026-07-07,밀도,밀도 한티점,폐기,유통기한초과(폐기),간식빵,101327,큐브소보로,4,3800,15200
2026-07-07,밀도,밀도 한티점,폐기,유통기한초과(폐기),간식빵,101858,밀도단팥빵,1,3800,3800
2026-07-07,밀도,밀도 한티점,폐기,유통기한초과(폐기),간식빵,103704,크림치즈포테이토,1,4200,4200
2026-07-07,밀도,밀도 한티점,폐기,유통기한초과(폐기),샌드위치,103807,잠봉에멘탈크로와상샌드위치,1,7900,7900
2026-07-07,밀도,밀도 한티점,폐기,유통기한초과(폐기),식빵,102338,통팥앙식빵,2,3900,7800
2026-07-07,밀도,밀도 한티점,폐기,유통기한초과(폐기),식빵,102684,튼튼고양식빵,1,6900,6900
2026-07-07,밀도,밀도 한티점,폐기,유통기한초과(폐기),식빵,103814,얼룩 고양 식빵,3,7500,22500
2026-07-07,밀도,밀도 한티점,폐기,유통기한초과(폐기),미니식빵,103663,밤완두바브카,1,7200,7200
2026-07-07,밀도,밀도 한티점,폐기,유통기한초과(폐기),스콘,101119,레몬스콘,2,3800,7600
2026-07-07,밀도,밀도 한티점,폐기,유통기한초과(폐기),스콘,102977,리코타사워크림스콘,1,4200,4200
2026-07-07,밀도,밀도 옥수점,폐기,유통기한초과(폐기),식빵,103814,얼룩 고양 식빵,3,7500,22500
2026-07-07,밀도,밀도 옥수점,폐기,유통기한초과(폐기),미니식빵,103824,리치 모카빵,2,6900,13800
2026-07-07,밀도,밀도 옥수점,폐기,유통기한초과(폐기),모닝롤,102683,모닝롤,1,3800,3800
2026-07-07,밀도,밀도 광장점,폐기,유통기한초과(폐기),간식빵,100010,큐브커스터드,4,4700,18800
2026-07-07,밀도,밀도 광장점,폐기,유통기한초과(폐기),간식빵,101858,밀도단팥빵,12,3800,45600
2026-07-07,밀도,밀도 광장점,폐기,유통기한초과(폐기),간식빵,102587,밀도맘모스,4,6200,24800
2026-07-07,밀도,밀도 광장점,폐기,유통기한초과(폐기),시그니처샌드,102272,땅콩크림샌드,4,5800,23200
2026-07-07,밀도,밀도 광장점,폐기,유통기한초과(폐기),샌드위치,103806,바질치폴레닭가슴살샌드위치,1,8900,8900
2026-07-07,밀도,밀도 광장점,폐기,유통기한초과(폐기),식빵,102338,통팥앙식빵,2,3900,7800
2026-07-07,밀도,밀도 광장점,폐기,유통기한초과(폐기),식빵,102966,달밤식빵,4,8900,35600
2026-07-07,밀도,밀도 광장점,폐기,유통기한초과(폐기),미니식빵,103663,밤완두바브카,2,7200,14400
2026-07-07,밀도,밀도 광장점,폐기,유통기한초과(폐기),미니식빵,103764,누텔라바브카,2,7800,15600
2026-07-07,밀도,밀도 광장점,폐기,유통기한초과(폐기),모닝롤,103773,모닝롤(6ea),3,5200,15600
2026-07-07,밀도,밀도 알토점,폐기,유통기한초과(폐기),간식빵,102587,밀도맘모스,1,6200,6200
2026-07-07,밀도,밀도 알토점,폐기,유통기한초과(폐기),간식빵,103766,누텔라로쉐큐브식빵,3,5200,15600
2026-07-07,밀도,밀도 알토점,폐기,유통기한초과(폐기),스콘,101119,레몬스콘,1,3800,3800
2026-07-07,밀도,밀도 광교점,폐기,유통기한초과(폐기),간식빵,101858,밀도단팥빵,5,3800,19000
2026-07-07,밀도,밀도 광교점,폐기,유통기한초과(폐기),간식빵,103828,상하소시지 갈릭러스크,2,5200,10400
2026-07-07,밀도,밀도 광교점,폐기,유통기한초과(폐기),페이스트리,103769,고창고구마데니쉬,1,4600,4600
2026-07-07,밀도,밀도 광교점,폐기,유통기한초과(폐기),파운드,103044,바닐라초코휘낭시에,1,3200,3200
2026-07-07,밀도,밀도 광교점,폐기,유통기한초과(폐기),파운드,103834,피스타치오휘낭시에리뉴얼,1,3200,3200
2026-07-07,밀도,밀도 광교점,폐기,유통기한초과(폐기),시그니처샌드,102272,땅콩크림샌드,1,5800,5800
2026-07-07,밀도,밀도 광교점,폐기,유통기한초과(폐기),식빵,100003,담백식빵,8,7800,62400
2026-07-07,밀도,밀도 광교점,폐기,유통기한초과(폐기),식빵,102684,튼튼고양식빵,1,6900,6900
2026-07-07,밀도,밀도 광교점,폐기,유통기한초과(폐기),식빵,103814,얼룩 고양 식빵,3,7500,22500
2026-07-07,밀도,밀도 광교점,폐기,유통기한초과(폐기),미니식빵,103824,리치 모카빵,2,6900,13800
2026-07-07,밀도,밀도 광교점,폐기,유통기한초과(폐기),모닝롤,102683,모닝롤,6,3800,22800
2026-07-07,밀도,밀도 광교점,폐기,유통기한초과(폐기),스콘,101119,레몬스콘,1,3800,3800
2026-07-07,밀도,밀도 광교점,폐기,유통기한초과(폐기),스콘,102977,리코타사워크림스콘,3,4200,12600
2026-07-07,밀도,밀도 광교점,폐기,유통기한초과(폐기),소금빵,102844,the부드러운소금빵,1,3600,3600
2026-07-07,밀도,밀도 강남점,폐기,유통기한초과(폐기),간식빵,103704,크림치즈포테이토,1,4200,4200
2026-07-07,밀도,밀도 강남점,폐기,유통기한초과(폐기),샌드위치,103807,잠봉에멘탈크로와상샌드위치,1,7900,7900
2026-07-07,밀도,밀도 강남점,폐기,유통기한초과(폐기),식빵,102966,달밤식빵,1,8900,8900
2026-07-07,밀도,밀도 고양점,폐기,유통기한초과(폐기),간식빵,100625,큐브시나몬,1,3800,3800
2026-07-07,밀도,밀도 고양점,폐기,유통기한초과(폐기),간식빵,102587,밀도맘모스,1,6200,6200
2026-07-07,밀도,밀도 고양점,폐기,유통기한초과(폐기),간식빵,103704,크림치즈포테이토,4,4200,16800
2026-07-07,밀도,밀도 고양점,폐기,유통기한초과(폐기),간식빵,103766,누텔라로쉐큐브식빵,4,5200,20800
2026-07-07,밀도,밀도 고양점,폐기,유통기한초과(폐기),간식빵,103828,상하소시지 갈릭러스크,1,5200,5200
2026-07-07,밀도,밀도 고양점,폐기,유통기한초과(폐기),페이스트리,103768,애플시나몬크림치즈데니쉬,1,4900,4900
2026-07-07,밀도,밀도 고양점,폐기,유통기한초과(폐기),미니식빵,103827,촉촉연유브래드,1,6900,6900
2026-07-07,밀도,밀도 경기점,폐기,유통기한초과(폐기),시그니처샌드,102272,땅콩크림샌드,2,5800,11600
2026-07-07,밀도,밀도 경기점,폐기,유통기한초과(폐기),미니식빵,103827,촉촉연유브래드,4,6900,27600
2026-07-07,밀도,밀도 경기점,폐기,유통기한초과(폐기),소금빵,102778,앙버터소금빵,1,4800,4800
2026-07-07,밀도,밀도 압구정현대점,폐기,유통기한초과(폐기),간식빵,101327,큐브소보로,1,3800,3800
2026-07-07,밀도,밀도 압구정현대점,폐기,유통기한초과(폐기),간식빵,101451,허니러스크,2,4700,9400
2026-07-07,밀도,밀도 압구정현대점,폐기,유통기한초과(폐기),간식빵,101957,초코허니러스크,1,5200,5200
2026-07-07,밀도,밀도 압구정현대점,폐기,유통기한초과(폐기),간식빵,103704,크림치즈포테이토,1,4200,4200
2026-07-07,밀도,밀도 압구정현대점,폐기,유통기한초과(폐기),미니식빵,103824,리치 모카빵,1,6900,6900
2026-07-07,밀도,밀도 압구정현대점,폐기,유통기한초과(폐기),스콘,101119,레몬스콘,2,3800,7600
2026-07-07,밀도,밀도 압구정현대점,폐기,유통기한초과(폐기),스콘,102977,리코타사워크림스콘,1,4200,4200
2026-07-07,밀도,밀도 압구정현대점,폐기,유통기한초과(폐기),소금빵,102778,앙버터소금빵,2,4800,9600
2026-07-07,밀도,밀도 뉴코아강남점,폐기,유통기한초과(폐기),간식빵,100625,큐브시나몬,1,3800,3800
2026-07-07,밀도,밀도 뉴코아강남점,폐기,유통기한초과(폐기),간식빵,101451,허니러스크,3,4700,14100
2026-07-07,밀도,밀도 뉴코아강남점,폐기,유통기한초과(폐기),간식빵,101858,밀도단팥빵,3,3800,11400
2026-07-07,밀도,밀도 뉴코아강남점,폐기,유통기한초과(폐기),간식빵,102587,밀도맘모스,1,6200,6200
2026-07-07,밀도,밀도 뉴코아강남점,폐기,유통기한초과(폐기),간식빵,102976,앙버터허니러스크,1,6200,6200
2026-07-07,밀도,밀도 뉴코아강남점,폐기,유통기한초과(폐기),페이스트리,103768,애플시나몬크림치즈데니쉬,1,4900,4900
2026-07-07,밀도,밀도 뉴코아강남점,폐기,유통기한초과(폐기),페이스트리,103769,고창고구마데니쉬,2,4600,9200
2026-07-07,밀도,밀도 뉴코아강남점,폐기,유통기한초과(폐기),시그니처샌드,102272,땅콩크림샌드,4,5800,23200
2026-07-07,밀도,밀도 뉴코아강남점,폐기,유통기한초과(폐기),샌드위치,103286,에그마요 소금빵,2,5200,10400
2026-07-07,밀도,밀도 뉴코아강남점,폐기,유통기한초과(폐기),샌드위치,103806,바질치폴레닭가슴살샌드위치,1,8900,8900
2026-07-07,밀도,밀도 뉴코아강남점,폐기,유통기한초과(폐기),샌드위치,103807,잠봉에멘탈크로와상샌드위치,1,7900,7900
2026-07-07,밀도,밀도 뉴코아강남점,폐기,유통기한초과(폐기),식빵,102966,달밤식빵,6,8900,53400
2026-07-07,밀도,밀도 뉴코아강남점,폐기,유통기한초과(폐기),식빵,103814,얼룩 고양 식빵,1,7500,7500
2026-07-07,밀도,밀도 뉴코아강남점,폐기,유통기한초과(폐기),건강빵,102983,촉촉감자치아바타,8,4800,38400
2026-07-07,밀도,밀도 뉴코아강남점,폐기,유통기한초과(폐기),건강빵,102991,곡물가득로데브,8,8000,64000
2026-07-07,밀도,밀도 뉴코아강남점,폐기,유통기한초과(폐기),건강빵,102993,프룻로데브,5,7800,39000
2026-07-07,밀도,밀도 뉴코아강남점,폐기,유통기한초과(폐기),건강빵,103574,무화과오트통밀100,2,5500,11000
2026-07-07,밀도,밀도 뉴코아강남점,폐기,유통기한초과(폐기),건강빵,103575,단호박고구마통밀(whole),1,5500,5500
2026-07-07,밀도,밀도 뉴코아강남점,폐기,유통기한초과(폐기),스콘,101119,레몬스콘,2,3800,7600
2026-07-07,밀도,밀도 뉴코아강남점,폐기,유통기한초과(폐기),소금빵,102844,the부드러운소금빵,9,3600,32400
2026-07-07,밀도,밀도 롯데노원점,폐기,유통기한초과(폐기),간식빵,101451,허니러스크,2,4700,9400
2026-07-07,밀도,밀도 롯데노원점,폐기,유통기한초과(폐기),간식빵,101957,초코허니러스크,1,5200,5200
2026-07-07,밀도,밀도 롯데노원점,폐기,유통기한초과(폐기),간식빵,102587,밀도맘모스,2,6200,12400
2026-07-07,밀도,밀도 롯데노원점,폐기,유통기한초과(폐기),간식빵,103766,누텔라로쉐큐브식빵,1,5200,5200
2026-07-07,밀도,밀도 롯데노원점,폐기,유통기한초과(폐기),간식빵,103828,상하소시지 갈릭러스크,1,5200,5200
2026-07-07,밀도,밀도 롯데노원점,폐기,유통기한초과(폐기),샌드위치,103286,에그마요 소금빵,1,5200,5200
2026-07-07,밀도,밀도 롯데노원점,폐기,유통기한초과(폐기),식빵,102684,튼튼고양식빵,2,6900,13800
2026-07-07,밀도,밀도 롯데노원점,폐기,유통기한초과(폐기),식빵,102966,달밤식빵,6,8900,53400
2026-07-07,밀도,밀도 롯데노원점,폐기,유통기한초과(폐기),건강빵,102983,촉촉감자치아바타,1,4800,4800
2026-07-07,밀도,밀도 롯데노원점,폐기,유통기한초과(폐기),건강빵,103571,올리브치즈치아바타,4,5200,20800
2026-07-07,밀도,밀도 롯데노원점,폐기,유통기한초과(폐기),건강빵,103574,무화과오트통밀100,1,5500,5500
2026-07-07,밀도,밀도 롯데노원점,폐기,유통기한초과(폐기),건강빵,103578,불고기포카치아,5,5500,27500
2026-07-07,밀도,밀도 롯데노원점,폐기,유통기한초과(폐기),건강빵,103622,마르게리따포카치아,1,5500,5500
2026-07-08,밀도,밀도 성수점,폐기,유통기한초과(폐기),간식빵,101451,허니러스크,3,4700,14100
2026-07-08,밀도,밀도 성수점,폐기,유통기한초과(폐기),간식빵,101957,초코허니러스크,2,5200,10400
2026-07-08,밀도,밀도 성수점,폐기,유통기한초과(폐기),건강빵,102983,촉촉감자치아바타,1,4800,4800
2026-07-08,밀도,밀도 성수점,폐기,유통기한초과(폐기),건강빵,103574,무화과오트통밀100,1,5500,5500
2026-07-08,밀도,밀도 성수점,폐기,유통기한초과(폐기),스콘,102977,리코타사워크림스콘,1,4200,4200
2026-07-08,밀도,밀도 정자점,폐기,유통기한초과(폐기),간식빵,101451,허니러스크,2,4700,9400
2026-07-08,밀도,밀도 정자점,폐기,유통기한초과(폐기),간식빵,101957,초코허니러스크,1,5200,5200
2026-07-08,밀도,밀도 정자점,폐기,유통기한초과(폐기),파운드,103834,피스타치오휘낭시에리뉴얼,1,3200,3200
2026-07-08,밀도,밀도 정자점,폐기,유통기한초과(폐기),미니식빵,103827,촉촉연유브래드,1,6900,6900
2026-07-08,밀도,밀도 정자점,폐기,유통기한초과(폐기),스콘,101119,레몬스콘,2,3800,7600
2026-07-08,밀도,밀도 한티점,폐기,유통기한초과(폐기),간식빵,103828,상하소시지 갈릭러스크,3,5200,15600
2026-07-08,밀도,밀도 한티점,폐기,유통기한초과(폐기),샌드위치,103807,잠봉에멘탈크로와상샌드위치,1,7900,7900
2026-07-08,밀도,밀도 한티점,폐기,유통기한초과(폐기),미니식빵,103663,밤완두바브카,1,7200,7200
2026-07-08,밀도,밀도 옥수점,폐기,유통기한초과(폐기),식빵,103814,얼룩 고양 식빵,6,7500,45000
2026-07-08,밀도,밀도 광장점,폐기,유통기한초과(폐기),간식빵,101451,허니러스크,3,4700,14100
2026-07-08,밀도,밀도 광장점,폐기,유통기한초과(폐기),간식빵,101957,초코허니러스크,4,5200,20800
2026-07-08,밀도,밀도 광장점,폐기,유통기한초과(폐기),샌드위치,103806,바질치폴레닭가슴살샌드위치,1,8900,8900
2026-07-08,밀도,밀도 광장점,폐기,유통기한초과(폐기),식빵,102335,호밀잡곡식빵,9,6500,58500
2026-07-08,밀도,밀도 광장점,폐기,유통기한초과(폐기),식빵,103814,얼룩 고양 식빵,4,7500,30000
2026-07-08,밀도,밀도 알토점,폐기,불량(폐기),미니식빵,103824,리치 모카빵,8,6900,55200
2026-07-08,밀도,밀도 알토점,폐기,불량(폐기),미니식빵,103827,촉촉연유브래드,1,6900,6900
2026-07-08,밀도,밀도 알토점,폐기,유통기한초과(폐기),간식빵,103828,상하소시지 갈릭러스크,2,5200,10400
2026-07-08,밀도,밀도 광교점,폐기,유통기한초과(폐기),간식빵,101451,허니러스크,1,4700,4700
2026-07-08,밀도,밀도 광교점,폐기,유통기한초과(폐기),페이스트리,103769,고창고구마데니쉬,3,4600,13800
2026-07-08,밀도,밀도 광교점,폐기,유통기한초과(폐기),식빵,102684,튼튼고양식빵,3,6900,20700
2026-07-08,밀도,밀도 강남점,폐기,유통기한초과(폐기),간식빵,103704,크림치즈포테이토,3,4200,12600
2026-07-08,밀도,밀도 강남점,폐기,유통기한초과(폐기),샌드위치,103807,잠봉에멘탈크로와상샌드위치,1,7900,7900
2026-07-08,밀도,밀도 강남점,폐기,유통기한초과(폐기),식빵,103814,얼룩 고양 식빵,3,7500,22500
2026-07-08,밀도,밀도 고양점,폐기,유통기한초과(폐기),간식빵,100625,큐브시나몬,2,3800,7600
2026-07-08,밀도,밀도 고양점,폐기,유통기한초과(폐기),간식빵,101858,밀도단팥빵,3,3800,11400
2026-07-08,밀도,밀도 고양점,폐기,유통기한초과(폐기),간식빵,103766,누텔라로쉐큐브식빵,1,5200,5200
2026-07-08,밀도,밀도 고양점,폐기,유통기한초과(폐기),간식빵,103828,상하소시지 갈릭러스크,2,5200,10400
2026-07-08,밀도,밀도 고양점,폐기,유통기한초과(폐기),샌드위치,103027,블루베리잼 잠봉뵈르,1,8900,8900
2026-07-08,밀도,밀도 고양점,폐기,유통기한초과(폐기),샌드위치,103286,에그마요 소금빵,5,5200,26000
2026-07-08,밀도,밀도 고양점,폐기,유통기한초과(폐기),건강빵,103575,단호박고구마통밀(whole),4,5500,22000
2026-07-08,밀도,밀도 고양점,폐기,유통기한초과(폐기),스콘,102977,리코타사워크림스콘,1,4200,4200
2026-07-08,밀도,밀도 경기점,폐기,유통기한초과(폐기),간식빵,101451,허니러스크,1,4700,4700
2026-07-08,밀도,밀도 경기점,폐기,유통기한초과(폐기),미니식빵,103824,리치 모카빵,1,6900,6900
2026-07-08,밀도,밀도 잠실점,폐기,유통기한초과(폐기),간식빵,103828,상하소시지 갈릭러스크,3,5200,15600
2026-07-08,밀도,밀도 잠실점,폐기,유통기한초과(폐기),디저트,103569,상하초콜릿푸딩,1,5500,5500
2026-07-08,밀도,밀도 압구정현대점,폐기,유통기한초과(폐기),간식빵,101451,허니러스크,1,4700,4700
2026-07-08,밀도,밀도 압구정현대점,폐기,유통기한초과(폐기),간식빵,101957,초코허니러스크,1,5200,5200
2026-07-08,밀도,밀도 압구정현대점,폐기,유통기한초과(폐기),시그니처샌드,102272,땅콩크림샌드,2,5800,11600
2026-07-08,밀도,밀도 압구정현대점,폐기,유통기한초과(폐기),건강빵,102983,촉촉감자치아바타,1,4800,4800
2026-07-08,밀도,밀도 뉴코아강남점,폐기,유통기한초과(폐기),간식빵,101451,허니러스크,1,4700,4700
2026-07-08,밀도,밀도 뉴코아강남점,폐기,유통기한초과(폐기),간식빵,103828,상하소시지 갈릭러스크,1,5200,5200
2026-07-08,밀도,밀도 뉴코아강남점,폐기,유통기한초과(폐기),시그니처샌드,102272,땅콩크림샌드,2,5800,11600
2026-07-08,밀도,밀도 뉴코아강남점,폐기,유통기한초과(폐기),건강빵,102983,촉촉감자치아바타,0,4800,0
2026-07-08,밀도,밀도 뉴코아강남점,폐기,유통기한초과(폐기),건강빵,102991,곡물가득로데브,3,8000,24000
2026-07-08,밀도,밀도 뉴코아강남점,폐기,유통기한초과(폐기),건강빵,102992,플레인로데브,2,7800,15600
2026-07-08,밀도,밀도 롯데노원점,폐기,유통기한초과(폐기),간식빵,101327,큐브소보로,7,3800,26600
2026-07-08,밀도,밀도 롯데노원점,폐기,유통기한초과(폐기),간식빵,101858,밀도단팥빵,3,3800,11400
2026-07-08,밀도,밀도 롯데노원점,폐기,유통기한초과(폐기),간식빵,102587,밀도맘모스,8,6200,49600
2026-07-08,밀도,밀도 롯데노원점,폐기,유통기한초과(폐기),간식빵,102976,앙버터허니러스크,1,6200,6200
2026-07-08,밀도,밀도 롯데노원점,폐기,유통기한초과(폐기),간식빵,103704,크림치즈포테이토,2,4200,8400
2026-07-08,밀도,밀도 롯데노원점,폐기,유통기한초과(폐기),간식빵,103766,누텔라로쉐큐브식빵,6,5200,31200
2026-07-08,밀도,밀도 롯데노원점,폐기,유통기한초과(폐기),디저트,102978,상하카라멜푸딩,1,5200,5200
2026-07-08,밀도,밀도 롯데노원점,폐기,유통기한초과(폐기),디저트,103569,상하초콜릿푸딩,1,5500,5500
2026-07-08,밀도,밀도 롯데노원점,폐기,유통기한초과(폐기),디저트,103616,수제국산생크림롤케이크,4,6200,24800
2026-07-08,밀도,밀도 롯데노원점,폐기,유통기한초과(폐기),디저트,103737,허쉬딥초코롤케이크(조각),3,6500,19500
2026-07-08,밀도,밀도 롯데노원점,폐기,유통기한초과(폐기),시그니처샌드,102272,땅콩크림샌드,2,5800,11600
2026-07-08,밀도,밀도 롯데노원점,폐기,유통기한초과(폐기),샌드위치,103027,블루베리잼 잠봉뵈르,2,8900,17800
2026-07-08,밀도,밀도 롯데노원점,폐기,유통기한초과(폐기),샌드위치,103286,에그마요 소금빵,1,5200,5200
2026-07-08,밀도,밀도 롯데노원점,폐기,유통기한초과(폐기),샌드위치,103807,잠봉에멘탈크로와상샌드위치,3,7900,23700
2026-07-08,밀도,밀도 롯데노원점,폐기,유통기한초과(폐기),식빵,102966,달밤식빵,5,8900,44500
2026-07-08,밀도,밀도 롯데노원점,폐기,유통기한초과(폐기),건강빵,102983,촉촉감자치아바타,2,4800,9600
2026-07-08,밀도,밀도 롯데노원점,폐기,유통기한초과(폐기),건강빵,103571,올리브치즈치아바타,2,5200,10400
2026-07-08,밀도,밀도 롯데노원점,폐기,유통기한초과(폐기),소금빵,102844,the부드러운소금빵,7,3600,25200
2026-07-09,밀도,밀도 성수점,폐기,유통기한초과(폐기),간식빵,101451,허니러스크,3,4700,14100
2026-07-09,밀도,밀도 성수점,폐기,유통기한초과(폐기),간식빵,102587,밀도맘모스,1,6200,6200
2026-07-09,밀도,밀도 성수점,폐기,유통기한초과(폐기),간식빵,103828,상하소시지 갈릭러스크,1,5200,5200
2026-07-09,밀도,밀도 성수점,폐기,유통기한초과(폐기),미니식빵,103764,누텔라바브카,2,7800,15600
2026-07-09,밀도,밀도 성수점,폐기,유통기한초과(폐기),미니식빵,103824,리치 모카빵,2,6900,13800
2026-07-09,밀도,밀도 성수점,폐기,유통기한초과(폐기),건강빵,102983,촉촉감자치아바타,4,4800,19200
2026-07-09,밀도,밀도 성수점,폐기,유통기한초과(폐기),소금빵,102844,the부드러운소금빵,7,3600,25200
2026-07-09,밀도,밀도 정자점,폐기,유통기한초과(폐기),간식빵,100625,큐브시나몬,2,3800,7600
2026-07-09,밀도,밀도 한티점,폐기,유통기한초과(폐기),간식빵,101451,허니러스크,4,4700,18800
2026-07-09,밀도,밀도 한티점,폐기,유통기한초과(폐기),간식빵,103704,크림치즈포테이토,2,4200,8400
2026-07-09,밀도,밀도 한티점,폐기,유통기한초과(폐기),페이스트리,103768,애플시나몬크림치즈데니쉬,2,4900,9800
2026-07-09,밀도,밀도 한티점,폐기,유통기한초과(폐기),페이스트리,103769,고창고구마데니쉬,1,4600,4600
2026-07-09,밀도,밀도 한티점,폐기,유통기한초과(폐기),시그니처샌드,102272,땅콩크림샌드,2,5800,11600
2026-07-09,밀도,밀도 한티점,폐기,유통기한초과(폐기),식빵,102684,튼튼고양식빵,2,6900,13800
2026-07-09,밀도,밀도 한티점,폐기,유통기한초과(폐기),식빵,103814,얼룩 고양 식빵,1,7500,7500
2026-07-09,밀도,밀도 옥수점,폐기,유통기한초과(폐기),시그니처샌드,102272,땅콩크림샌드,3,5800,17400
2026-07-09,밀도,밀도 옥수점,폐기,유통기한초과(폐기),식빵,103814,얼룩 고양 식빵,1,7500,7500
2026-07-09,밀도,밀도 옥수점,폐기,유통기한초과(폐기),모닝롤,102683,모닝롤,6,3800,22800
2026-07-09,밀도,밀도 광장점,폐기,유통기한초과(폐기),간식빵,100625,큐브시나몬,2,3800,7600
2026-07-09,밀도,밀도 광장점,폐기,유통기한초과(폐기),간식빵,101327,큐브소보로,4,3800,15200
2026-07-09,밀도,밀도 광장점,폐기,유통기한초과(폐기),샌드위치,103806,바질치폴레닭가슴살샌드위치,2,8900,17800
2026-07-09,밀도,밀도 광장점,폐기,유통기한초과(폐기),식빵,102338,통팥앙식빵,2,3900,7800
2026-07-09,밀도,밀도 광장점,폐기,유통기한초과(폐기),식빵,103814,얼룩 고양 식빵,1,7500,7500
2026-07-09,밀도,밀도 광장점,폐기,유통기한초과(폐기),스콘,102977,리코타사워크림스콘,2,4200,8400
2026-07-09,밀도,밀도 알토점,폐기,유통기한초과(폐기),간식빵,100625,큐브시나몬,1,3800,3800
2026-07-09,밀도,밀도 광교점,폐기,유통기한초과(폐기),페이스트리,103769,고창고구마데니쉬,1,4600,4600
2026-07-09,밀도,밀도 광교점,폐기,유통기한초과(폐기),파운드,102608,바나나파운드(23년),2,5600,11200
2026-07-09,밀도,밀도 광교점,폐기,유통기한초과(폐기),식빵,102684,튼튼고양식빵,3,6900,20700
2026-07-09,밀도,밀도 광교점,폐기,유통기한초과(폐기),식빵,103814,얼룩 고양 식빵,2,7500,15000
2026-07-09,밀도,밀도 광교점,폐기,유통기한초과(폐기),스콘,101119,레몬스콘,1,3800,3800
2026-07-09,밀도,밀도 광교점,폐기,유통기한초과(폐기),스콘,102977,리코타사워크림스콘,2,4200,8400
2026-07-09,밀도,밀도 강남점,폐기,유통기한초과(폐기),간식빵,100010,큐브커스터드,2,4700,9400
2026-07-09,밀도,밀도 강남점,폐기,유통기한초과(폐기),간식빵,101451,허니러스크,1,4700,4700
2026-07-09,밀도,밀도 강남점,폐기,유통기한초과(폐기),식빵,103814,얼룩 고양 식빵,2,7500,15000
2026-07-09,밀도,밀도 강남점,폐기,유통기한초과(폐기),스콘,101119,레몬스콘,1,3800,3800
2026-07-09,밀도,밀도 고양점,폐기,유통기한초과(폐기),간식빵,102587,밀도맘모스,2,6200,12400
2026-07-09,밀도,밀도 고양점,폐기,유통기한초과(폐기),간식빵,103766,누텔라로쉐큐브식빵,2,5200,10400
2026-07-09,밀도,밀도 고양점,폐기,유통기한초과(폐기),간식빵,103828,상하소시지 갈릭러스크,1,5200,5200
2026-07-09,밀도,밀도 고양점,폐기,유통기한초과(폐기),페이스트리,103768,애플시나몬크림치즈데니쉬,3,4900,14700
2026-07-09,밀도,밀도 고양점,폐기,유통기한초과(폐기),페이스트리,103769,고창고구마데니쉬,1,4600,4600
2026-07-09,밀도,밀도 고양점,폐기,유통기한초과(폐기),샌드위치,103807,잠봉에멘탈크로와상샌드위치,2,7900,15800
2026-07-09,밀도,밀도 경기점,폐기,유통기한초과(폐기),간식빵,101451,허니러스크,1,4700,4700
2026-07-09,밀도,밀도 경기점,폐기,유통기한초과(폐기),식빵,103814,얼룩 고양 식빵,1,7500,7500
2026-07-09,밀도,밀도 경기점,폐기,유통기한초과(폐기),미니식빵,103663,밤완두바브카,1,7200,7200
2026-07-09,밀도,밀도 잠실점,폐기,유통기한초과(폐기),디저트,103569,상하초콜릿푸딩,1,5500,5500
2026-07-09,밀도,밀도 압구정현대점,폐기,유통기한초과(폐기),간식빵,101327,큐브소보로,2,3800,7600
2026-07-09,밀도,밀도 압구정현대점,폐기,유통기한초과(폐기),간식빵,101957,초코허니러스크,1,5200,5200
2026-07-09,밀도,밀도 압구정현대점,폐기,유통기한초과(폐기),간식빵,103704,크림치즈포테이토,1,4200,4200
2026-07-09,밀도,밀도 압구정현대점,폐기,유통기한초과(폐기),식빵,100003,담백식빵,3,7800,23400
2026-07-09,밀도,밀도 압구정현대점,폐기,유통기한초과(폐기),식빵,102684,튼튼고양식빵,1,6900,6900
2026-07-09,밀도,밀도 압구정현대점,폐기,유통기한초과(폐기),식빵,103814,얼룩 고양 식빵,2,7500,15000
2026-07-09,밀도,밀도 압구정현대점,폐기,유통기한초과(폐기),미니식빵,103663,밤완두바브카,1,7200,7200
2026-07-09,밀도,밀도 압구정현대점,폐기,유통기한초과(폐기),미니식빵,103764,누텔라바브카,1,7800,7800
2026-07-09,밀도,밀도 압구정현대점,폐기,유통기한초과(폐기),건강빵,103574,무화과오트통밀100,2,5500,11000
2026-07-09,밀도,밀도 압구정현대점,폐기,유통기한초과(폐기),스콘,101119,레몬스콘,2,3800,7600
2026-07-09,밀도,밀도 압구정현대점,폐기,유통기한초과(폐기),스콘,102977,리코타사워크림스콘,1,4200,4200
2026-07-09,밀도,밀도 뉴코아강남점,폐기,유통기한초과(폐기),간식빵,101957,초코허니러스크,1,5200,5200
2026-07-09,밀도,밀도 뉴코아강남점,폐기,유통기한초과(폐기),간식빵,102976,앙버터허니러스크,1,6200,6200
2026-07-09,밀도,밀도 뉴코아강남점,폐기,유통기한초과(폐기),간식빵,103704,크림치즈포테이토,2,4200,8400
2026-07-09,밀도,밀도 뉴코아강남점,폐기,유통기한초과(폐기),간식빵,103828,상하소시지 갈릭러스크,1,5200,5200
2026-07-09,밀도,밀도 뉴코아강남점,폐기,유통기한초과(폐기),페이스트리,103769,고창고구마데니쉬,2,4600,9200
2026-07-09,밀도,밀도 뉴코아강남점,폐기,유통기한초과(폐기),시그니처샌드,102272,땅콩크림샌드,4,5800,23200
2026-07-09,밀도,밀도 뉴코아강남점,폐기,유통기한초과(폐기),샌드위치,103027,블루베리잼 잠봉뵈르,1,8900,8900
2026-07-09,밀도,밀도 뉴코아강남점,폐기,유통기한초과(폐기),샌드위치,103028,그릴드닭가슴살 당근라페 샌드위치,5,8900,44500
2026-07-09,밀도,밀도 뉴코아강남점,폐기,유통기한초과(폐기),샌드위치,103807,잠봉에멘탈크로와상샌드위치,7,7900,55300
2026-07-09,밀도,밀도 뉴코아강남점,폐기,유통기한초과(폐기),식빵,102684,튼튼고양식빵,3,6900,20700
2026-07-09,밀도,밀도 뉴코아강남점,폐기,유통기한초과(폐기),건강빵,102983,촉촉감자치아바타,2,4800,9600
2026-07-09,밀도,밀도 뉴코아강남점,폐기,유통기한초과(폐기),건강빵,102991,곡물가득로데브,9,8000,72000
2026-07-09,밀도,밀도 뉴코아강남점,폐기,유통기한초과(폐기),건강빵,102993,프룻로데브,2,7800,15600
2026-07-09,밀도,밀도 뉴코아강남점,폐기,유통기한초과(폐기),건강빵,103574,무화과오트통밀100,2,5500,11000
2026-07-09,밀도,밀도 뉴코아강남점,폐기,유통기한초과(폐기),건강빵,103575,단호박고구마통밀(whole),1,5500,5500
2026-07-09,밀도,밀도 뉴코아강남점,폐기,유통기한초과(폐기),소금빵,102844,the부드러운소금빵,1,3600,3600
2026-07-09,밀도,밀도 롯데노원점,폐기,유통기한초과(폐기),간식빵,100010,큐브커스터드,2,4700,9400
2026-07-09,밀도,밀도 롯데노원점,폐기,유통기한초과(폐기),간식빵,101451,허니러스크,5,4700,23500
2026-07-09,밀도,밀도 롯데노원점,폐기,유통기한초과(폐기),간식빵,101957,초코허니러스크,2,5200,10400
2026-07-09,밀도,밀도 롯데노원점,폐기,유통기한초과(폐기),간식빵,102587,밀도맘모스,5,6200,31000
2026-07-09,밀도,밀도 롯데노원점,폐기,유통기한초과(폐기),간식빵,102976,앙버터허니러스크,7,6200,43400
2026-07-09,밀도,밀도 롯데노원점,폐기,유통기한초과(폐기),간식빵,103766,누텔라로쉐큐브식빵,5,5200,26000
2026-07-09,밀도,밀도 롯데노원점,폐기,유통기한초과(폐기),간식빵,103828,상하소시지 갈릭러스크,6,5200,31200
2026-07-09,밀도,밀도 롯데노원점,폐기,유통기한초과(폐기),시그니처샌드,102272,땅콩크림샌드,6,5800,34800
2026-07-09,밀도,밀도 롯데노원점,폐기,유통기한초과(폐기),샌드위치,103286,에그마요 소금빵,1,5200,5200
2026-07-09,밀도,밀도 롯데노원점,폐기,유통기한초과(폐기),샌드위치,103807,잠봉에멘탈크로와상샌드위치,1,7900,7900
2026-07-09,밀도,밀도 롯데노원점,폐기,유통기한초과(폐기),식빵,102684,튼튼고양식빵,4,6900,27600
2026-07-09,밀도,밀도 롯데노원점,폐기,유통기한초과(폐기),식빵,102966,달밤식빵,3,8900,26700
2026-07-09,밀도,밀도 롯데노원점,폐기,유통기한초과(폐기),미니식빵,103764,누텔라바브카,2,7800,15600
2026-07-09,밀도,밀도 롯데노원점,폐기,유통기한초과(폐기),미니식빵,103824,리치 모카빵,3,6900,20700
2026-07-09,밀도,밀도 롯데노원점,폐기,유통기한초과(폐기),건강빵,102983,촉촉감자치아바타,8,4800,38400
2026-07-09,밀도,밀도 롯데노원점,폐기,유통기한초과(폐기),건강빵,103571,올리브치즈치아바타,11,5200,57200
2026-07-09,밀도,밀도 롯데노원점,폐기,유통기한초과(폐기),건강빵,103574,무화과오트통밀100,1,5500,5500
2026-07-09,밀도,밀도 롯데노원점,폐기,유통기한초과(폐기),스콘,101119,레몬스콘,1,3800,3800
2026-07-10,밀도,밀도 성수점,폐기,유통기한초과(폐기),간식빵,100625,큐브시나몬,1,3800,3800
2026-07-10,밀도,밀도 성수점,폐기,유통기한초과(폐기),간식빵,101858,밀도단팥빵,1,3800,3800
2026-07-10,밀도,밀도 성수점,폐기,유통기한초과(폐기),페이스트리,103768,애플시나몬크림치즈데니쉬,1,4900,4900
2026-07-10,밀도,밀도 성수점,폐기,유통기한초과(폐기),디저트,103737,허쉬딥초코롤케이크(조각),2,6500,13000
2026-07-10,밀도,밀도 성수점,폐기,유통기한초과(폐기),시그니처샌드,102272,땅콩크림샌드,2,5800,11600
2026-07-10,밀도,밀도 성수점,폐기,유통기한초과(폐기),샌드위치,103027,블루베리잼 잠봉뵈르,3,8900,26700
2026-07-10,밀도,밀도 성수점,폐기,유통기한초과(폐기),샌드위치,103807,잠봉에멘탈크로와상샌드위치,1,7900,7900
2026-07-10,밀도,밀도 성수점,폐기,유통기한초과(폐기),식빵,103814,얼룩 고양 식빵,1,7500,7500
2026-07-10,밀도,밀도 성수점,폐기,유통기한초과(폐기),미니식빵,103663,밤완두바브카,1,7200,7200
2026-07-10,밀도,밀도 정자점,폐기,유통기한초과(폐기),식빵,102335,호밀잡곡식빵,2,6500,13000
2026-07-10,밀도,밀도 정자점,폐기,유통기한초과(폐기),스콘,101119,레몬스콘,5,3800,19000
2026-07-10,밀도,밀도 한티점,폐기,유통기한초과(폐기),간식빵,100625,큐브시나몬,1,3800,3800
2026-07-10,밀도,밀도 한티점,폐기,유통기한초과(폐기),간식빵,101327,큐브소보로,1,3800,3800
2026-07-10,밀도,밀도 한티점,폐기,유통기한초과(폐기),간식빵,103828,상하소시지 갈릭러스크,5,5200,26000
2026-07-10,밀도,밀도 한티점,폐기,유통기한초과(폐기),식빵,102338,통팥앙식빵,2,3900,7800
2026-07-10,밀도,밀도 한티점,폐기,유통기한초과(폐기),미니식빵,103663,밤완두바브카,2,7200,14400
2026-07-10,밀도,밀도 한티점,폐기,유통기한초과(폐기),모닝롤,103773,모닝롤(6ea),2,5200,10400
2026-07-10,밀도,밀도 옥수점,폐기,유통기한초과(폐기),식빵,102966,달밤식빵,2,8900,17800
2026-07-10,밀도,밀도 옥수점,폐기,유통기한초과(폐기),미니식빵,103824,리치 모카빵,1,6900,6900
2026-07-10,밀도,밀도 옥수점,폐기,유통기한초과(폐기),모닝롤,102683,모닝롤,6,3800,22800
2026-07-10,밀도,밀도 광장점,폐기,유통기한초과(폐기),식빵,102335,호밀잡곡식빵,5,6500,32500
2026-07-10,밀도,밀도 알토점,폐기,유통기한초과(폐기),간식빵,103828,상하소시지 갈릭러스크,1,5200,5200
2026-07-10,밀도,밀도 알토점,폐기,유통기한초과(폐기),건강빵,102983,촉촉감자치아바타,2,4800,9600
2026-07-10,밀도,밀도 광교점,폐기,유통기한초과(폐기),간식빵,103828,상하소시지 갈릭러스크,2,5200,10400
2026-07-10,밀도,밀도 광교점,폐기,유통기한초과(폐기),페이스트리,103769,고창고구마데니쉬,4,4600,18400
2026-07-10,밀도,밀도 광교점,폐기,유통기한초과(폐기),파운드,102608,바나나파운드(23년),3,5600,16800
2026-07-10,밀도,밀도 광교점,폐기,유통기한초과(폐기),샌드위치,103807,잠봉에멘탈크로와상샌드위치,1,7900,7900
2026-07-10,밀도,밀도 광교점,폐기,유통기한초과(폐기),식빵,102335,호밀잡곡식빵,3,6500,19500
2026-07-10,밀도,밀도 광교점,폐기,유통기한초과(폐기),식빵,102684,튼튼고양식빵,4,6900,27600
2026-07-10,밀도,밀도 광교점,폐기,유통기한초과(폐기),식빵,103814,얼룩 고양 식빵,5,7500,37500
2026-07-10,밀도,밀도 광교점,폐기,유통기한초과(폐기),모닝롤,102683,모닝롤,4,3800,15200
2026-07-10,밀도,밀도 광교점,폐기,유통기한초과(폐기),스콘,101119,레몬스콘,3,3800,11400
2026-07-10,밀도,밀도 광교점,폐기,유통기한초과(폐기),스콘,102977,리코타사워크림스콘,3,4200,12600
2026-07-10,밀도,밀도 광교점,폐기,유통기한초과(폐기),소금빵,102844,the부드러운소금빵,4,3600,14400
2026-07-10,밀도,밀도 강남점,폐기,유통기한초과(폐기),간식빵,100010,큐브커스터드,3,4700,14100
2026-07-10,밀도,밀도 강남점,폐기,유통기한초과(폐기),간식빵,101957,초코허니러스크,1,5200,5200
2026-07-10,밀도,밀도 강남점,폐기,유통기한초과(폐기),간식빵,102587,밀도맘모스,3,6200,18600
2026-07-10,밀도,밀도 강남점,폐기,유통기한초과(폐기),식빵,102684,튼튼고양식빵,1,6900,6900
2026-07-10,밀도,밀도 강남점,폐기,유통기한초과(폐기),식빵,103814,얼룩 고양 식빵,2,7500,15000
2026-07-10,밀도,밀도 강남점,폐기,유통기한초과(폐기),미니식빵,103827,촉촉연유브래드,6,6900,41400
2026-07-10,밀도,밀도 고양점,폐기,유통기한초과(폐기),간식빵,103828,상하소시지 갈릭러스크,3,5200,15600
2026-07-10,밀도,밀도 고양점,폐기,유통기한초과(폐기),페이스트리,103769,고창고구마데니쉬,3,4600,13800
2026-07-10,밀도,밀도 고양점,폐기,유통기한초과(폐기),샌드위치,103805,아이올리베이컨토마토샌드위치,1,8900,8900
2026-07-10,밀도,밀도 고양점,폐기,유통기한초과(폐기),미니식빵,103663,밤완두바브카,2,7200,14400
2026-07-10,밀도,밀도 고양점,폐기,유통기한초과(폐기),스콘,102977,리코타사워크림스콘,3,4200,12600
2026-07-10,밀도,밀도 경기점,폐기,유통기한초과(폐기),간식빵,101451,허니러스크,2,4700,9400
2026-07-10,밀도,밀도 잠실점,폐기,유통기한초과(폐기),간식빵,102975,석촌호수맘모스,5,6200,31000
2026-07-10,밀도,밀도 잠실점,폐기,유통기한초과(폐기),간식빵,103704,크림치즈포테이토,1,4200,4200
2026-07-10,밀도,밀도 잠실점,폐기,유통기한초과(폐기),샌드위치,103805,아이올리베이컨토마토샌드위치,1,8900,8900
2026-07-10,밀도,밀도 압구정현대점,폐기,유통기한초과(폐기),식빵,100003,담백식빵,2,7800,15600
2026-07-10,밀도,밀도 뉴코아강남점,폐기,유통기한초과(폐기),간식빵,100625,큐브시나몬,1,3800,3800
2026-07-10,밀도,밀도 뉴코아강남점,폐기,유통기한초과(폐기),간식빵,101327,큐브소보로,2,3800,7600
2026-07-10,밀도,밀도 뉴코아강남점,폐기,유통기한초과(폐기),간식빵,101451,허니러스크,1,4700,4700
2026-07-10,밀도,밀도 뉴코아강남점,폐기,유통기한초과(폐기),간식빵,101858,밀도단팥빵,1,3800,3800
2026-07-10,밀도,밀도 뉴코아강남점,폐기,유통기한초과(폐기),간식빵,102587,밀도맘모스,6,6200,37200
2026-07-10,밀도,밀도 뉴코아강남점,폐기,유통기한초과(폐기),간식빵,103704,크림치즈포테이토,3,4200,12600
2026-07-10,밀도,밀도 뉴코아강남점,폐기,유통기한초과(폐기),간식빵,103828,상하소시지 갈릭러스크,5,5200,26000
2026-07-10,밀도,밀도 뉴코아강남점,폐기,유통기한초과(폐기),디저트,102978,상하카라멜푸딩,2,5200,10400
2026-07-10,밀도,밀도 뉴코아강남점,폐기,유통기한초과(폐기),샌드위치,103028,그릴드닭가슴살 당근라페 샌드위치,3,8900,26700
2026-07-10,밀도,밀도 뉴코아강남점,폐기,유통기한초과(폐기),샌드위치,103286,에그마요 소금빵,3,5200,15600
2026-07-10,밀도,밀도 뉴코아강남점,폐기,유통기한초과(폐기),샌드위치,103805,아이올리베이컨토마토샌드위치,1,8900,8900
2026-07-10,밀도,밀도 뉴코아강남점,폐기,유통기한초과(폐기),식빵,103814,얼룩 고양 식빵,3,7500,22500
2026-07-10,밀도,밀도 뉴코아강남점,폐기,유통기한초과(폐기),건강빵,102991,곡물가득로데브,3,8000,24000
2026-07-10,밀도,밀도 뉴코아강남점,폐기,유통기한초과(폐기),건강빵,102993,프룻로데브,1,7800,7800
2026-07-10,밀도,밀도 롯데노원점,폐기,유통기한초과(폐기),간식빵,100010,큐브커스터드,1,4700,4700
2026-07-10,밀도,밀도 롯데노원점,폐기,유통기한초과(폐기),간식빵,101858,밀도단팥빵,5,3800,19000
2026-07-10,밀도,밀도 롯데노원점,폐기,유통기한초과(폐기),간식빵,102587,밀도맘모스,1,6200,6200
2026-07-10,밀도,밀도 롯데노원점,폐기,유통기한초과(폐기),간식빵,103766,누텔라로쉐큐브식빵,6,5200,31200
2026-07-10,밀도,밀도 롯데노원점,폐기,유통기한초과(폐기),간식빵,103828,상하소시지 갈릭러스크,3,5200,15600
2026-07-10,밀도,밀도 롯데노원점,폐기,유통기한초과(폐기),페이스트리,103768,애플시나몬크림치즈데니쉬,3,4900,14700
2026-07-10,밀도,밀도 롯데노원점,폐기,유통기한초과(폐기),페이스트리,103769,고창고구마데니쉬,4,4600,18400
2026-07-10,밀도,밀도 롯데노원점,폐기,유통기한초과(폐기),디저트,103569,상하초콜릿푸딩,1,5500,5500
2026-07-10,밀도,밀도 롯데노원점,폐기,유통기한초과(폐기),식빵,102684,튼튼고양식빵,3,6900,20700
2026-07-10,밀도,밀도 롯데노원점,폐기,유통기한초과(폐기),식빵,103814,얼룩 고양 식빵,3,7500,22500
2026-07-11,밀도,밀도 성수점,폐기,유통기한초과(폐기),간식빵,100625,큐브시나몬,4,3800,15200
2026-07-11,밀도,밀도 성수점,폐기,유통기한초과(폐기),간식빵,101327,큐브소보로,3,3800,11400
2026-07-11,밀도,밀도 성수점,폐기,유통기한초과(폐기),간식빵,101957,초코허니러스크,2,5200,10400
2026-07-11,밀도,밀도 성수점,폐기,유통기한초과(폐기),간식빵,102587,밀도맘모스,6,6200,37200
2026-07-11,밀도,밀도 성수점,폐기,유통기한초과(폐기),간식빵,103704,크림치즈포테이토,2,4200,8400
2026-07-11,밀도,밀도 성수점,폐기,유통기한초과(폐기),간식빵,103828,상하소시지 갈릭러스크,2,5200,10400
2026-07-11,밀도,밀도 성수점,폐기,유통기한초과(폐기),페이스트리,103769,고창고구마데니쉬,4,4600,18400
2026-07-11,밀도,밀도 성수점,폐기,유통기한초과(폐기),샌드위치,103027,블루베리잼 잠봉뵈르,2,8900,17800
2026-07-11,밀도,밀도 성수점,폐기,유통기한초과(폐기),식빵,102966,달밤식빵,1,8900,8900
2026-07-11,밀도,밀도 성수점,폐기,유통기한초과(폐기),미니식빵,103663,밤완두바브카,6,7200,43200
2026-07-11,밀도,밀도 성수점,폐기,유통기한초과(폐기),미니식빵,103824,리치 모카빵,4,6900,27600
2026-07-11,밀도,밀도 성수점,폐기,유통기한초과(폐기),건강빵,102983,촉촉감자치아바타,2,4800,9600
2026-07-11,밀도,밀도 성수점,폐기,유통기한초과(폐기),소금빵,102844,the부드러운소금빵,3,3600,10800
2026-07-11,밀도,밀도 정자점,폐기,유통기한초과(폐기),간식빵,101451,허니러스크,1,4700,4700
2026-07-11,밀도,밀도 정자점,폐기,유통기한초과(폐기),간식빵,101957,초코허니러스크,1,5200,5200
2026-07-11,밀도,밀도 정자점,폐기,유통기한초과(폐기),식빵,102335,호밀잡곡식빵,1,6500,6500
2026-07-11,밀도,밀도 정자점,폐기,유통기한초과(폐기),식빵,102338,통팥앙식빵,4,3900,15600
2026-07-11,밀도,밀도 정자점,폐기,유통기한초과(폐기),미니식빵,103663,밤완두바브카,1,7200,7200
2026-07-11,밀도,밀도 정자점,폐기,유통기한초과(폐기),미니식빵,103824,리치 모카빵,3,6900,20700
2026-07-11,밀도,밀도 정자점,폐기,유통기한초과(폐기),스콘,101119,레몬스콘,2,3800,7600
2026-07-11,밀도,밀도 한티점,폐기,유통기한초과(폐기),간식빵,103828,상하소시지 갈릭러스크,5,5200,26000
2026-07-11,밀도,밀도 한티점,폐기,유통기한초과(폐기),페이스트리,103769,고창고구마데니쉬,2,4600,9200
2026-07-11,밀도,밀도 한티점,폐기,유통기한초과(폐기),샌드위치,103807,잠봉에멘탈크로와상샌드위치,1,7900,7900
2026-07-11,밀도,밀도 한티점,폐기,유통기한초과(폐기),식빵,102338,통팥앙식빵,1,3900,3900
2026-07-11,밀도,밀도 한티점,폐기,유통기한초과(폐기),식빵,103814,얼룩 고양 식빵,6,7500,45000
2026-07-11,밀도,밀도 한티점,폐기,유통기한초과(폐기),미니식빵,103663,밤완두바브카,1,7200,7200
2026-07-11,밀도,밀도 한티점,폐기,유통기한초과(폐기),미니식빵,103827,촉촉연유브래드,7,6900,48300
2026-07-11,밀도,밀도 한티점,폐기,유통기한초과(폐기),모닝롤,103773,모닝롤(6ea),4,5200,20800
2026-07-11,밀도,밀도 옥수점,폐기,유통기한초과(폐기),간식빵,101858,밀도단팥빵,1,3800,3800
2026-07-11,밀도,밀도 옥수점,폐기,유통기한초과(폐기),간식빵,102587,밀도맘모스,1,6200,6200
2026-07-11,밀도,밀도 옥수점,폐기,유통기한초과(폐기),식빵,102338,통팥앙식빵,1,3900,3900
2026-07-11,밀도,밀도 옥수점,폐기,유통기한초과(폐기),미니식빵,103663,밤완두바브카,1,7200,7200
2026-07-11,밀도,밀도 옥수점,폐기,유통기한초과(폐기),미니식빵,103824,리치 모카빵,2,6900,13800
2026-07-11,밀도,밀도 옥수점,폐기,유통기한초과(폐기),모닝롤,102683,모닝롤,3,3800,11400
2026-07-11,밀도,밀도 옥수점,폐기,유통기한초과(폐기),소금빵,102778,앙버터소금빵,2,4800,9600
2026-07-11,밀도,밀도 광장점,폐기,유통기한초과(폐기),간식빵,101327,큐브소보로,4,3800,15200
2026-07-11,밀도,밀도 알토점,폐기,유통기한초과(폐기),간식빵,100010,큐브커스터드,1,4700,4700
2026-07-11,밀도,밀도 알토점,폐기,유통기한초과(폐기),간식빵,101858,밀도단팥빵,4,3800,15200
2026-07-11,밀도,밀도 알토점,폐기,유통기한초과(폐기),간식빵,103828,상하소시지 갈릭러스크,1,5200,5200
2026-07-11,밀도,밀도 알토점,폐기,유통기한초과(폐기),샌드위치,103807,잠봉에멘탈크로와상샌드위치,3,7900,23700
2026-07-11,밀도,밀도 알토점,폐기,유통기한초과(폐기),스콘,102977,리코타사워크림스콘,1,4200,4200
2026-07-11,밀도,밀도 광교점,폐기,유통기한초과(폐기),간식빵,101858,밀도단팥빵,2,3800,7600
2026-07-11,밀도,밀도 광교점,폐기,유통기한초과(폐기),간식빵,103828,상하소시지 갈릭러스크,3,5200,15600
2026-07-11,밀도,밀도 광교점,폐기,유통기한초과(폐기),페이스트리,103769,고창고구마데니쉬,3,4600,13800
2026-07-11,밀도,밀도 광교점,폐기,유통기한초과(폐기),파운드,102608,바나나파운드(23년),1,5600,5600
2026-07-11,밀도,밀도 광교점,폐기,유통기한초과(폐기),파운드,103040,무화과휘낭시에,0,3200,0
2026-07-11,밀도,밀도 광교점,폐기,유통기한초과(폐기),파운드,103044,바닐라초코휘낭시에,0,3200,0
2026-07-11,밀도,밀도 광교점,폐기,유통기한초과(폐기),파운드,103832,솔티카라멜휘낭시에,0,3200,0
2026-07-11,밀도,밀도 광교점,폐기,유통기한초과(폐기),파운드,103833,아몬드초코휘낭시에리뉴얼,0,3200,0
2026-07-11,밀도,밀도 광교점,폐기,유통기한초과(폐기),디저트,103737,허쉬딥초코롤케이크(조각),2,6500,13000
2026-07-11,밀도,밀도 광교점,폐기,유통기한초과(폐기),시그니처샌드,102272,땅콩크림샌드,2,5800,11600
2026-07-11,밀도,밀도 광교점,폐기,유통기한초과(폐기),식빵,100003,담백식빵,6,7800,46800
2026-07-11,밀도,밀도 광교점,폐기,유통기한초과(폐기),식빵,100004,리치식빵,17,8400,142800
2026-07-11,밀도,밀도 광교점,폐기,유통기한초과(폐기),식빵,102335,호밀잡곡식빵,3,6500,19500
2026-07-11,밀도,밀도 광교점,폐기,유통기한초과(폐기),건강빵,102983,촉촉감자치아바타,1,4800,4800
2026-07-11,밀도,밀도 광교점,폐기,유통기한초과(폐기),모닝롤,102683,모닝롤,4,3800,15200
2026-07-11,밀도,밀도 광교점,폐기,유통기한초과(폐기),스콘,101119,레몬스콘,5,3800,19000
2026-07-11,밀도,밀도 광교점,폐기,유통기한초과(폐기),스콘,102977,리코타사워크림스콘,4,4200,16800
2026-07-11,밀도,밀도 광교점,폐기,유통기한초과(폐기),소금빵,102778,앙버터소금빵,3,4800,14400
2026-07-11,밀도,밀도 강남점,폐기,유통기한초과(폐기),간식빵,103828,상하소시지 갈릭러스크,1,5200,5200
2026-07-11,밀도,밀도 강남점,폐기,유통기한초과(폐기),식빵,102684,튼튼고양식빵,4,6900,27600
2026-07-11,밀도,밀도 고양점,폐기,유통기한초과(폐기),간식빵,103766,누텔라로쉐큐브식빵,4,5200,20800
2026-07-11,밀도,밀도 고양점,폐기,유통기한초과(폐기),간식빵,103828,상하소시지 갈릭러스크,3,5200,15600
2026-07-11,밀도,밀도 고양점,폐기,유통기한초과(폐기),샌드위치,103807,잠봉에멘탈크로와상샌드위치,4,7900,31600
2026-07-11,밀도,밀도 고양점,폐기,유통기한초과(폐기),미니식빵,103824,리치 모카빵,5,6900,34500
2026-07-11,밀도,밀도 경기점,폐기,유통기한초과(폐기),간식빵,101451,허니러스크,1,4700,4700
2026-07-11,밀도,밀도 경기점,폐기,유통기한초과(폐기),소금빵,102844,the부드러운소금빵,1,3600,3600
2026-07-11,밀도,밀도 압구정현대점,폐기,유통기한초과(폐기),간식빵,101957,초코허니러스크,1,5200,5200
2026-07-11,밀도,밀도 압구정현대점,폐기,유통기한초과(폐기),페이스트리,103768,애플시나몬크림치즈데니쉬,1,4900,4900
2026-07-11,밀도,밀도 압구정현대점,폐기,유통기한초과(폐기),식빵,100003,담백식빵,2,7800,15600
2026-07-11,밀도,밀도 압구정현대점,폐기,유통기한초과(폐기),식빵,100004,리치식빵,1,8400,8400
2026-07-11,밀도,밀도 압구정현대점,폐기,유통기한초과(폐기),건강빵,102983,촉촉감자치아바타,1,4800,4800
2026-07-11,밀도,밀도 압구정현대점,폐기,유통기한초과(폐기),소금빵,102844,the부드러운소금빵,2,3600,7200
2026-07-11,밀도,밀도 뉴코아강남점,폐기,유통기한초과(폐기),간식빵,103704,크림치즈포테이토,2,4200,8400
2026-07-11,밀도,밀도 뉴코아강남점,폐기,유통기한초과(폐기),간식빵,103828,상하소시지 갈릭러스크,1,5200,5200
2026-07-11,밀도,밀도 뉴코아강남점,폐기,유통기한초과(폐기),페이스트리,103768,애플시나몬크림치즈데니쉬,1,4900,4900
2026-07-11,밀도,밀도 뉴코아강남점,폐기,유통기한초과(폐기),카스텔라,103719,에그촉촉카스텔라제주말차(half),2,6500,13000
2026-07-11,밀도,밀도 뉴코아강남점,폐기,유통기한초과(폐기),샌드위치,103805,아이올리베이컨토마토샌드위치,1,8900,8900
2026-07-11,밀도,밀도 뉴코아강남점,폐기,유통기한초과(폐기),샌드위치,103807,잠봉에멘탈크로와상샌드위치,2,7900,15800
2026-07-11,밀도,밀도 뉴코아강남점,폐기,유통기한초과(폐기),건강빵,102983,촉촉감자치아바타,1,4800,4800
2026-07-11,밀도,밀도 롯데노원점,폐기,불량(폐기),페이스트리,103768,애플시나몬크림치즈데니쉬,1,4900,4900
2026-07-11,밀도,밀도 롯데노원점,폐기,불량(폐기),페이스트리,103769,고창고구마데니쉬,1,4600,4600
2026-07-11,밀도,밀도 롯데노원점,폐기,불량(폐기),스콘,101119,레몬스콘,7,3800,26600
2026-07-11,밀도,밀도 롯데노원점,폐기,유통기한초과(폐기),간식빵,100010,큐브커스터드,2,4700,9400
2026-07-11,밀도,밀도 롯데노원점,폐기,유통기한초과(폐기),샌드위치,103027,블루베리잼 잠봉뵈르,1,8900,8900
2026-07-11,밀도,밀도 롯데노원점,폐기,유통기한초과(폐기),샌드위치,103807,잠봉에멘탈크로와상샌드위치,2,7900,15800
2026-07-11,밀도,밀도 롯데노원점,폐기,유통기한초과(폐기),소금빵,102778,앙버터소금빵,1,4800,4800
2026-07-12,밀도,밀도 성수점,폐기,유통기한초과(폐기),간식빵,100625,큐브시나몬,3,3800,11400
2026-07-12,밀도,밀도 성수점,폐기,유통기한초과(폐기),간식빵,101327,큐브소보로,4,3800,15200
2026-07-12,밀도,밀도 성수점,폐기,유통기한초과(폐기),간식빵,103766,누텔라로쉐큐브식빵,3,5200,15600
2026-07-12,밀도,밀도 성수점,폐기,유통기한초과(폐기),페이스트리,103768,애플시나몬크림치즈데니쉬,4,4900,19600
2026-07-12,밀도,밀도 성수점,폐기,유통기한초과(폐기),페이스트리,103769,고창고구마데니쉬,4,4600,18400
2026-07-12,밀도,밀도 성수점,폐기,유통기한초과(폐기),미니식빵,103663,밤완두바브카,5,7200,36000
2026-07-12,밀도,밀도 성수점,폐기,유통기한초과(폐기),미니식빵,103764,누텔라바브카,5,7800,39000
2026-07-12,밀도,밀도 성수점,폐기,유통기한초과(폐기),미니식빵,103824,리치 모카빵,3,6900,20700
2026-07-12,밀도,밀도 성수점,폐기,유통기한초과(폐기),미니식빵,103827,촉촉연유브래드,3,6900,20700
2026-07-12,밀도,밀도 성수점,폐기,유통기한초과(폐기),건강빵,102983,촉촉감자치아바타,3,4800,14400
2026-07-12,밀도,밀도 성수점,폐기,유통기한초과(폐기),건강빵,103574,무화과오트통밀100,2,5500,11000
2026-07-12,밀도,밀도 성수점,폐기,유통기한초과(폐기),건강빵,103575,단호박고구마통밀(whole),3,5500,16500
2026-07-12,밀도,밀도 성수점,폐기,유통기한초과(폐기),스콘,101119,레몬스콘,5,3800,19000
2026-07-12,밀도,밀도 성수점,폐기,유통기한초과(폐기),스콘,102977,리코타사워크림스콘,4,4200,16800
2026-07-12,밀도,밀도 성수점,폐기,유통기한초과(폐기),소금빵,102778,앙버터소금빵,9,4800,43200
2026-07-12,밀도,밀도 성수점,폐기,유통기한초과(폐기),소금빵,102844,the부드러운소금빵,11,3600,39600
2026-07-12,밀도,밀도 정자점,폐기,유통기한초과(폐기),간식빵,101451,허니러스크,4,4700,18800
2026-07-12,밀도,밀도 정자점,폐기,유통기한초과(폐기),간식빵,101957,초코허니러스크,1,5200,5200
2026-07-12,밀도,밀도 정자점,폐기,유통기한초과(폐기),시그니처샌드,102272,땅콩크림샌드,8,5800,46400
2026-07-12,밀도,밀도 정자점,폐기,유통기한초과(폐기),식빵,102684,튼튼고양식빵,4,6900,27600
2026-07-12,밀도,밀도 정자점,폐기,유통기한초과(폐기),식빵,103814,얼룩 고양 식빵,2,7500,15000
2026-07-12,밀도,밀도 정자점,폐기,유통기한초과(폐기),미니식빵,103663,밤완두바브카,4,7200,28800
2026-07-12,밀도,밀도 정자점,폐기,유통기한초과(폐기),스콘,101119,레몬스콘,1,3800,3800
2026-07-12,밀도,밀도 한티점,폐기,유통기한초과(폐기),간식빵,101858,밀도단팥빵,1,3800,3800
2026-07-12,밀도,밀도 한티점,폐기,유통기한초과(폐기),시그니처샌드,102272,땅콩크림샌드,5,5800,29000
2026-07-12,밀도,밀도 한티점,폐기,유통기한초과(폐기),샌드위치,103805,아이올리베이컨토마토샌드위치,1,8900,8900
2026-07-12,밀도,밀도 한티점,폐기,유통기한초과(폐기),식빵,102338,통팥앙식빵,6,3900,23400
2026-07-12,밀도,밀도 한티점,폐기,유통기한초과(폐기),식빵,102684,튼튼고양식빵,4,6900,27600
2026-07-12,밀도,밀도 한티점,폐기,유통기한초과(폐기),식빵,102966,달밤식빵,1,8900,8900
2026-07-12,밀도,밀도 한티점,폐기,유통기한초과(폐기),미니식빵,103663,밤완두바브카,2,7200,14400
2026-07-12,밀도,밀도 옥수점,폐기,유통기한초과(폐기),간식빵,103704,크림치즈포테이토,2,4200,8400
2026-07-12,밀도,밀도 옥수점,폐기,유통기한초과(폐기),시그니처샌드,102272,땅콩크림샌드,4,5800,23200
2026-07-12,밀도,밀도 옥수점,폐기,유통기한초과(폐기),식빵,102338,통팥앙식빵,4,3900,15600
2026-07-12,밀도,밀도 옥수점,폐기,유통기한초과(폐기),미니식빵,103663,밤완두바브카,1,7200,7200
2026-07-12,밀도,밀도 옥수점,폐기,유통기한초과(폐기),소금빵,102844,the부드러운소금빵,3,3600,10800
2026-07-12,밀도,밀도 광장점,폐기,유통기한초과(폐기),시그니처샌드,102272,땅콩크림샌드,6,5800,34800
2026-07-12,밀도,밀도 광장점,폐기,유통기한초과(폐기),샌드위치,103805,아이올리베이컨토마토샌드위치,5,8900,44500
2026-07-12,밀도,밀도 광장점,폐기,유통기한초과(폐기),샌드위치,103806,바질치폴레닭가슴살샌드위치,3,8900,26700
2026-07-12,밀도,밀도 광장점,폐기,유통기한초과(폐기),식빵,103814,얼룩 고양 식빵,4,7500,30000
2026-07-12,밀도,밀도 알토점,폐기,유통기한초과(폐기),간식빵,101451,허니러스크,3,4700,14100
2026-07-12,밀도,밀도 알토점,폐기,유통기한초과(폐기),간식빵,101858,밀도단팥빵,4,3800,15200
2026-07-12,밀도,밀도 알토점,폐기,유통기한초과(폐기),간식빵,103828,상하소시지 갈릭러스크,1,5200,5200
2026-07-12,밀도,밀도 광교점,폐기,유통기한초과(폐기),간식빵,101451,허니러스크,2,4700,9400
2026-07-12,밀도,밀도 광교점,폐기,유통기한초과(폐기),간식빵,103828,상하소시지 갈릭러스크,2,5200,10400
2026-07-12,밀도,밀도 광교점,폐기,유통기한초과(폐기),페이스트리,103768,애플시나몬크림치즈데니쉬,6,4900,29400
2026-07-12,밀도,밀도 광교점,폐기,유통기한초과(폐기),페이스트리,103769,고창고구마데니쉬,4,4600,18400
2026-07-12,밀도,밀도 광교점,폐기,유통기한초과(폐기),파운드,102608,바나나파운드(23년),1,5600,5600
2026-07-12,밀도,밀도 광교점,폐기,유통기한초과(폐기),파운드,103832,솔티카라멜휘낭시에,1,3200,3200
2026-07-12,밀도,밀도 광교점,폐기,유통기한초과(폐기),파운드,103833,아몬드초코휘낭시에리뉴얼,1,3200,3200
2026-07-12,밀도,밀도 광교점,폐기,유통기한초과(폐기),샌드위치,103805,아이올리베이컨토마토샌드위치,3,8900,26700
2026-07-12,밀도,밀도 광교점,폐기,유통기한초과(폐기),샌드위치,103806,바질치폴레닭가슴살샌드위치,4,8900,35600
2026-07-12,밀도,밀도 광교점,폐기,유통기한초과(폐기),식빵,100003,담백식빵,4,7800,31200
2026-07-12,밀도,밀도 광교점,폐기,유통기한초과(폐기),식빵,100004,리치식빵,20,8400,168000
2026-07-12,밀도,밀도 광교점,폐기,유통기한초과(폐기),식빵,102684,튼튼고양식빵,5,6900,34500
2026-07-12,밀도,밀도 광교점,폐기,유통기한초과(폐기),미니식빵,103827,촉촉연유브래드,2,6900,13800
2026-07-12,밀도,밀도 광교점,폐기,유통기한초과(폐기),모닝롤,102683,모닝롤,4,3800,15200
2026-07-12,밀도,밀도 강남점,폐기,유통기한초과(폐기),간식빵,100010,큐브커스터드,1,4700,4700
2026-07-12,밀도,밀도 강남점,폐기,유통기한초과(폐기),간식빵,100625,큐브시나몬,2,3800,7600
2026-07-12,밀도,밀도 강남점,폐기,유통기한초과(폐기),간식빵,101327,큐브소보로,3,3800,11400
2026-07-12,밀도,밀도 강남점,폐기,유통기한초과(폐기),간식빵,101451,허니러스크,1,4700,4700
2026-07-12,밀도,밀도 강남점,폐기,유통기한초과(폐기),간식빵,101858,밀도단팥빵,5,3800,19000
2026-07-12,밀도,밀도 강남점,폐기,유통기한초과(폐기),간식빵,101957,초코허니러스크,2,5200,10400
2026-07-12,밀도,밀도 강남점,폐기,유통기한초과(폐기),간식빵,103704,크림치즈포테이토,3,4200,12600
2026-07-12,밀도,밀도 강남점,폐기,유통기한초과(폐기),식빵,102684,튼튼고양식빵,2,6900,13800
2026-07-12,밀도,밀도 강남점,폐기,유통기한초과(폐기),식빵,103814,얼룩 고양 식빵,2,7500,15000
2026-07-12,밀도,밀도 강남점,폐기,유통기한초과(폐기),미니식빵,103663,밤완두바브카,2,7200,14400
2026-07-12,밀도,밀도 강남점,폐기,유통기한초과(폐기),스콘,101119,레몬스콘,2,3800,7600
2026-07-12,밀도,밀도 고양점,폐기,유통기한초과(폐기),간식빵,101451,허니러스크,2,4700,9400
2026-07-12,밀도,밀도 고양점,폐기,유통기한초과(폐기),간식빵,101858,밀도단팥빵,3,3800,11400
2026-07-12,밀도,밀도 고양점,폐기,유통기한초과(폐기),간식빵,103766,누텔라로쉐큐브식빵,4,5200,20800
2026-07-12,밀도,밀도 고양점,폐기,유통기한초과(폐기),샌드위치,103805,아이올리베이컨토마토샌드위치,2,8900,17800
2026-07-12,밀도,밀도 고양점,폐기,유통기한초과(폐기),식빵,102966,달밤식빵,1,8900,8900
2026-07-12,밀도,밀도 고양점,폐기,유통기한초과(폐기),건강빵,103574,무화과오트통밀100,1,5500,5500
2026-07-12,밀도,밀도 고양점,폐기,유통기한초과(폐기),건강빵,103575,단호박고구마통밀(whole),1,5500,5500
2026-07-12,밀도,밀도 경기점,폐기,유통기한초과(폐기),소금빵,102778,앙버터소금빵,1,4800,4800
2026-07-12,밀도,밀도 뉴코아강남점,폐기,유통기한초과(폐기),간식빵,100010,큐브커스터드,1,4700,4700
2026-07-12,밀도,밀도 뉴코아강남점,폐기,유통기한초과(폐기),간식빵,100625,큐브시나몬,3,3800,11400
2026-07-12,밀도,밀도 뉴코아강남점,폐기,유통기한초과(폐기),간식빵,101451,허니러스크,5,4700,23500
2026-07-12,밀도,밀도 뉴코아강남점,폐기,유통기한초과(폐기),간식빵,102587,밀도맘모스,4,6200,24800
2026-07-12,밀도,밀도 뉴코아강남점,폐기,유통기한초과(폐기),간식빵,102976,앙버터허니러스크,1,6200,6200
2026-07-12,밀도,밀도 뉴코아강남점,폐기,유통기한초과(폐기),간식빵,103704,크림치즈포테이토,4,4200,16800
2026-07-12,밀도,밀도 뉴코아강남점,폐기,유통기한초과(폐기),간식빵,103828,상하소시지 갈릭러스크,3,5200,15600
2026-07-12,밀도,밀도 뉴코아강남점,폐기,유통기한초과(폐기),페이스트리,103769,고창고구마데니쉬,2,4600,9200
2026-07-12,밀도,밀도 뉴코아강남점,폐기,유통기한초과(폐기),시그니처샌드,102272,땅콩크림샌드,4,5800,23200
2026-07-12,밀도,밀도 뉴코아강남점,폐기,유통기한초과(폐기),샌드위치,103028,그릴드닭가슴살 당근라페 샌드위치,4,8900,35600
2026-07-12,밀도,밀도 뉴코아강남점,폐기,유통기한초과(폐기),샌드위치,103806,바질치폴레닭가슴살샌드위치,1,8900,8900
2026-07-12,밀도,밀도 뉴코아강남점,폐기,유통기한초과(폐기),미니식빵,103824,리치 모카빵,1,6900,6900
2026-07-12,밀도,밀도 뉴코아강남점,폐기,유통기한초과(폐기),미니식빵,103827,촉촉연유브래드,1,6900,6900
2026-07-12,밀도,밀도 뉴코아강남점,폐기,유통기한초과(폐기),건강빵,102993,프룻로데브,1,7800,7800
2026-07-12,밀도,밀도 뉴코아강남점,폐기,유통기한초과(폐기),스콘,101119,레몬스콘,3,3800,11400
2026-07-12,밀도,밀도 뉴코아강남점,폐기,유통기한초과(폐기),소금빵,102778,앙버터소금빵,1,4800,4800
2026-07-12,밀도,밀도 뉴코아강남점,폐기,유통기한초과(폐기),소금빵,102844,the부드러운소금빵,7,3600,25200
2026-07-12,밀도,밀도 롯데노원점,폐기,파손(폐기),식빵,102684,튼튼고양식빵,1,6900,6900
2026-07-12,밀도,밀도 롯데노원점,폐기,파손(폐기),스콘,101119,레몬스콘,1,3800,3800
2026-07-12,밀도,밀도 롯데노원점,폐기,유통기한초과(폐기),간식빵,101451,허니러스크,3,4700,14100
2026-07-12,밀도,밀도 롯데노원점,폐기,유통기한초과(폐기),간식빵,101858,밀도단팥빵,1,3800,3800
2026-07-12,밀도,밀도 롯데노원점,폐기,유통기한초과(폐기),디저트,102978,상하카라멜푸딩,2,5200,10400
2026-07-12,밀도,밀도 롯데노원점,폐기,유통기한초과(폐기),디저트,103569,상하초콜릿푸딩,1,5500,5500
2026-07-12,밀도,밀도 롯데노원점,폐기,유통기한초과(폐기),디저트,103737,허쉬딥초코롤케이크(조각),3,6500,19500
2026-07-12,밀도,밀도 롯데노원점,폐기,유통기한초과(폐기),샌드위치,103805,아이올리베이컨토마토샌드위치,6,8900,53400
2026-07-12,밀도,밀도 롯데노원점,폐기,유통기한초과(폐기),건강빵,103574,무화과오트통밀100,3,5500,16500
2026-07-12,밀도,밀도 롯데노원점,폐기,유통기한초과(폐기),건강빵,103575,단호박고구마통밀(whole),3,5500,16500
2026-07-13,밀도,밀도 성수점,폐기,유통기한초과(폐기),간식빵,101327,큐브소보로,1,3800,3800
2026-07-13,밀도,밀도 성수점,폐기,유통기한초과(폐기),간식빵,101451,허니러스크,9,4700,42300
2026-07-13,밀도,밀도 성수점,폐기,유통기한초과(폐기),간식빵,101957,초코허니러스크,1,5200,5200
2026-07-13,밀도,밀도 성수점,폐기,유통기한초과(폐기),간식빵,103704,크림치즈포테이토,1,4200,4200
2026-07-13,밀도,밀도 성수점,폐기,유통기한초과(폐기),간식빵,103828,상하소시지 갈릭러스크,1,5200,5200
2026-07-13,밀도,밀도 성수점,폐기,유통기한초과(폐기),샌드위치,103027,블루베리잼 잠봉뵈르,1,8900,8900
2026-07-13,밀도,밀도 성수점,폐기,유통기한초과(폐기),미니식빵,103824,리치 모카빵,2,6900,13800
2026-07-13,밀도,밀도 성수점,폐기,유통기한초과(폐기),건강빵,103574,무화과오트통밀100,2,5500,11000
2026-07-13,밀도,밀도 성수점,폐기,유통기한초과(폐기),소금빵,102844,the부드러운소금빵,4,3600,14400
2026-07-13,밀도,밀도 정자점,폐기,유통기한초과(폐기),간식빵,101327,큐브소보로,1,3800,3800
2026-07-13,밀도,밀도 정자점,폐기,유통기한초과(폐기),간식빵,101451,허니러스크,3,4700,14100
2026-07-13,밀도,밀도 정자점,폐기,유통기한초과(폐기),간식빵,101957,초코허니러스크,4,5200,20800
2026-07-13,밀도,밀도 정자점,폐기,유통기한초과(폐기),간식빵,102587,밀도맘모스,2,6200,12400
2026-07-13,밀도,밀도 정자점,폐기,유통기한초과(폐기),식빵,103814,얼룩 고양 식빵,5,7500,37500
2026-07-13,밀도,밀도 정자점,폐기,유통기한초과(폐기),미니식빵,103824,리치 모카빵,5,6900,34500
2026-07-13,밀도,밀도 정자점,폐기,유통기한초과(폐기),미니식빵,103827,촉촉연유브래드,3,6900,20700
2026-07-13,밀도,밀도 정자점,폐기,유통기한초과(폐기),스콘,101119,레몬스콘,5,3800,19000
2026-07-13,밀도,밀도 한티점,폐기,유통기한초과(폐기),간식빵,102587,밀도맘모스,3,6200,18600
2026-07-13,밀도,밀도 한티점,폐기,유통기한초과(폐기),간식빵,103704,크림치즈포테이토,3,4200,12600
2026-07-13,밀도,밀도 한티점,폐기,유통기한초과(폐기),간식빵,103828,상하소시지 갈릭러스크,3,5200,15600
2026-07-13,밀도,밀도 한티점,폐기,유통기한초과(폐기),페이스트리,103769,고창고구마데니쉬,2,4600,9200
2026-07-13,밀도,밀도 한티점,폐기,유통기한초과(폐기),미니식빵,103824,리치 모카빵,1,6900,6900
2026-07-13,밀도,밀도 한티점,폐기,유통기한초과(폐기),미니식빵,103827,촉촉연유브래드,2,6900,13800
2026-07-13,밀도,밀도 한티점,폐기,유통기한초과(폐기),모닝롤,103773,모닝롤(6ea),2,5200,10400
2026-07-13,밀도,밀도 옥수점,폐기,유통기한초과(폐기),식빵,103814,얼룩 고양 식빵,5,7500,37500
2026-07-13,밀도,밀도 광장점,폐기,유통기한초과(폐기),간식빵,101327,큐브소보로,1,3800,3800
2026-07-13,밀도,밀도 광장점,폐기,유통기한초과(폐기),간식빵,101858,밀도단팥빵,6,3800,22800
2026-07-13,밀도,밀도 알토점,폐기,유통기한초과(폐기),간식빵,102587,밀도맘모스,1,6200,6200
2026-07-13,밀도,밀도 알토점,폐기,유통기한초과(폐기),간식빵,103704,크림치즈포테이토,3,4200,12600
2026-07-13,밀도,밀도 알토점,폐기,유통기한초과(폐기),간식빵,103766,누텔라로쉐큐브식빵,1,5200,5200
2026-07-13,밀도,밀도 알토점,폐기,유통기한초과(폐기),간식빵,103828,상하소시지 갈릭러스크,1,5200,5200
2026-07-13,밀도,밀도 알토점,폐기,유통기한초과(폐기),미니식빵,103824,리치 모카빵,1,6900,6900
2026-07-13,밀도,밀도 알토점,폐기,유통기한초과(폐기),미니식빵,103827,촉촉연유브래드,1,6900,6900
2026-07-13,밀도,밀도 알토점,폐기,유통기한초과(폐기),스콘,101119,레몬스콘,1,3800,3800
2026-07-13,밀도,밀도 광교점,폐기,유통기한초과(폐기),페이스트리,103768,애플시나몬크림치즈데니쉬,3,4900,14700
2026-07-13,밀도,밀도 광교점,폐기,유통기한초과(폐기),페이스트리,103769,고창고구마데니쉬,2,4600,9200
2026-07-13,밀도,밀도 광교점,폐기,유통기한초과(폐기),미니식빵,103827,촉촉연유브래드,2,6900,13800
2026-07-13,밀도,밀도 광교점,폐기,유통기한초과(폐기),모닝롤,102683,모닝롤,1,3800,3800
2026-07-13,밀도,밀도 광교점,폐기,유통기한초과(폐기),소금빵,102844,the부드러운소금빵,1,3600,3600
2026-07-13,밀도,밀도 고양점,폐기,유통기한초과(폐기),간식빵,103828,상하소시지 갈릭러스크,1,5200,5200
2026-07-13,밀도,밀도 고양점,폐기,유통기한초과(폐기),페이스트리,103768,애플시나몬크림치즈데니쉬,2,4900,9800
2026-07-13,밀도,밀도 고양점,폐기,유통기한초과(폐기),페이스트리,103769,고창고구마데니쉬,1,4600,4600
2026-07-13,밀도,밀도 고양점,폐기,유통기한초과(폐기),샌드위치,103807,잠봉에멘탈크로와상샌드위치,2,7900,15800
2026-07-13,밀도,밀도 고양점,폐기,유통기한초과(폐기),미니식빵,103764,누텔라바브카,1,7800,7800
2026-07-13,밀도,밀도 고양점,폐기,유통기한초과(폐기),미니식빵,103824,리치 모카빵,2,6900,13800
2026-07-13,밀도,밀도 경기점,폐기,유통기한초과(폐기),간식빵,102893,소보로단팥빵,2,3800,7600
2026-07-13,밀도,밀도 경기점,폐기,유통기한초과(폐기),식빵,102338,통팥앙식빵,1,3900,3900
2026-07-13,밀도,밀도 경기점,폐기,유통기한초과(폐기),식빵,103814,얼룩 고양 식빵,2,7500,15000
2026-07-13,밀도,밀도 경기점,폐기,유통기한초과(폐기),미니식빵,103824,리치 모카빵,4,6900,27600
2026-07-13,밀도,밀도 경기점,폐기,유통기한초과(폐기),미니식빵,103827,촉촉연유브래드,3,6900,20700
2026-07-13,밀도,밀도 경기점,폐기,유통기한초과(폐기),스콘,102977,리코타사워크림스콘,1,4200,4200
2026-07-13,밀도,밀도 경기점,폐기,유통기한초과(폐기),소금빵,102778,앙버터소금빵,2,4800,9600
2026-07-13,밀도,밀도 경기점,폐기,유통기한초과(폐기),소금빵,102844,the부드러운소금빵,3,3600,10800
2026-07-13,밀도,밀도 뉴코아강남점,폐기,유통기한초과(폐기),간식빵,101451,허니러스크,1,4700,4700
2026-07-13,밀도,밀도 뉴코아강남점,폐기,유통기한초과(폐기),간식빵,101957,초코허니러스크,1,5200,5200
2026-07-13,밀도,밀도 뉴코아강남점,폐기,유통기한초과(폐기),간식빵,102976,앙버터허니러스크,3,6200,18600
2026-07-13,밀도,밀도 뉴코아강남점,폐기,유통기한초과(폐기),간식빵,103828,상하소시지 갈릭러스크,2,5200,10400
2026-07-13,밀도,밀도 뉴코아강남점,폐기,유통기한초과(폐기),시그니처샌드,102272,땅콩크림샌드,8,5800,46400
2026-07-13,밀도,밀도 뉴코아강남점,폐기,유통기한초과(폐기),샌드위치,103807,잠봉에멘탈크로와상샌드위치,1,7900,7900
2026-07-13,밀도,밀도 뉴코아강남점,폐기,유통기한초과(폐기),식빵,103644,더잡곡식빵리뉴얼,1,12800,12800
2026-07-13,밀도,밀도 뉴코아강남점,폐기,유통기한초과(폐기),건강빵,102991,곡물가득로데브,4,8000,32000
2026-07-13,밀도,밀도 뉴코아강남점,폐기,유통기한초과(폐기),건강빵,102993,프룻로데브,2,7800,15600
2026-07-13,밀도,밀도 뉴코아강남점,폐기,유통기한초과(폐기),건강빵,103574,무화과오트통밀100,2,5500,11000
2026-07-13,밀도,밀도 뉴코아강남점,폐기,유통기한초과(폐기),건강빵,103575,단호박고구마통밀(whole),2,5500,11000
2026-07-13,밀도,밀도 뉴코아강남점,폐기,유통기한초과(폐기),소금빵,102844,the부드러운소금빵,4,3600,14400
2026-07-14,밀도,밀도 성수점,폐기,유통기한초과(폐기),간식빵,101858,밀도단팥빵,3,3800,11400
2026-07-14,밀도,밀도 성수점,폐기,유통기한초과(폐기),간식빵,103766,누텔라로쉐큐브식빵,1,5200,5200
2026-07-14,밀도,밀도 성수점,폐기,유통기한초과(폐기),샌드위치,103805,아이올리베이컨토마토샌드위치,1,8900,8900
2026-07-14,밀도,밀도 성수점,폐기,유통기한초과(폐기),식빵,102966,달밤식빵,1,8900,8900
2026-07-14,밀도,밀도 성수점,폐기,유통기한초과(폐기),미니식빵,103395,게랑드소금식빵,3,7200,21600
2026-07-14,밀도,밀도 성수점,폐기,유통기한초과(폐기),미니식빵,103764,누텔라바브카,1,7800,7800
2026-07-14,밀도,밀도 성수점,폐기,유통기한초과(폐기),건강빵,103574,무화과오트통밀100,5,5500,27500
2026-07-14,밀도,밀도 성수점,폐기,유통기한초과(폐기),스콘,101119,레몬스콘,1,3800,3800
2026-07-14,밀도,밀도 정자점,폐기,유통기한초과(폐기),식빵,102338,통팥앙식빵,3,3900,11700
2026-07-14,밀도,밀도 정자점,폐기,유통기한초과(폐기),식빵,102684,튼튼고양식빵,2,6900,13800
2026-07-14,밀도,밀도 정자점,폐기,유통기한초과(폐기),미니식빵,103827,촉촉연유브래드,1,6900,6900
2026-07-14,밀도,밀도 한티점,폐기,유통기한초과(폐기),간식빵,103704,크림치즈포테이토,2,4200,8400
2026-07-14,밀도,밀도 한티점,폐기,유통기한초과(폐기),간식빵,103828,상하소시지 갈릭러스크,2,5200,10400
2026-07-14,밀도,밀도 한티점,폐기,유통기한초과(폐기),식빵,102966,달밤식빵,2,8900,17800
2026-07-14,밀도,밀도 한티점,폐기,유통기한초과(폐기),식빵,103814,얼룩 고양 식빵,1,7500,7500
2026-07-14,밀도,밀도 한티점,폐기,유통기한초과(폐기),미니식빵,103663,밤완두바브카,1,7200,7200
2026-07-14,밀도,밀도 한티점,폐기,유통기한초과(폐기),미니식빵,103824,리치 모카빵,2,6900,13800
2026-07-14,밀도,밀도 한티점,폐기,유통기한초과(폐기),모닝롤,103773,모닝롤(6ea),7,5200,36400
2026-07-14,밀도,밀도 옥수점,폐기,유통기한초과(폐기),간식빵,101858,밀도단팥빵,4,3800,15200
2026-07-14,밀도,밀도 옥수점,폐기,유통기한초과(폐기),식빵,102338,통팥앙식빵,4,3900,15600
2026-07-14,밀도,밀도 옥수점,폐기,유통기한초과(폐기),식빵,103814,얼룩 고양 식빵,2,7500,15000
2026-07-14,밀도,밀도 광장점,폐기,유통기한초과(폐기),간식빵,101327,큐브소보로,4,3800,15200
2026-07-14,밀도,밀도 광장점,폐기,유통기한초과(폐기),샌드위치,103807,잠봉에멘탈크로와상샌드위치,1,7900,7900
2026-07-14,밀도,밀도 광장점,폐기,유통기한초과(폐기),식빵,102684,튼튼고양식빵,2,6900,13800
2026-07-14,밀도,밀도 광장점,폐기,유통기한초과(폐기),식빵,103814,얼룩 고양 식빵,6,7500,45000
2026-07-14,밀도,밀도 광장점,폐기,유통기한초과(폐기),미니식빵,103663,밤완두바브카,1,7200,7200
2026-07-14,밀도,밀도 알토점,폐기,유통기한초과(폐기),간식빵,103828,상하소시지 갈릭러스크,1,5200,5200
2026-07-14,밀도,밀도 알토점,폐기,유통기한초과(폐기),스콘,102977,리코타사워크림스콘,1,4200,4200
2026-07-14,밀도,밀도 광교점,폐기,유통기한초과(폐기),간식빵,103828,상하소시지 갈릭러스크,1,5200,5200
2026-07-14,밀도,밀도 광교점,폐기,유통기한초과(폐기),페이스트리,103768,애플시나몬크림치즈데니쉬,1,4900,4900
2026-07-14,밀도,밀도 광교점,폐기,유통기한초과(폐기),페이스트리,103769,고창고구마데니쉬,4,4600,18400
2026-07-14,밀도,밀도 광교점,폐기,유통기한초과(폐기),식빵,100003,담백식빵,2,7800,15600
2026-07-14,밀도,밀도 광교점,폐기,유통기한초과(폐기),식빵,102335,호밀잡곡식빵,4,6500,26000
2026-07-14,밀도,밀도 광교점,폐기,유통기한초과(폐기),식빵,102684,튼튼고양식빵,1,6900,6900
2026-07-14,밀도,밀도 광교점,폐기,유통기한초과(폐기),식빵,103814,얼룩 고양 식빵,5,7500,37500
2026-07-14,밀도,밀도 광교점,폐기,유통기한초과(폐기),건강빵,102983,촉촉감자치아바타,1,4800,4800
2026-07-14,밀도,밀도 광교점,폐기,유통기한초과(폐기),스콘,101119,레몬스콘,1,3800,3800
2026-07-14,밀도,밀도 광교점,폐기,유통기한초과(폐기),스콘,102977,리코타사워크림스콘,4,4200,16800
2026-07-14,밀도,밀도 광교점,폐기,유통기한초과(폐기),소금빵,102778,앙버터소금빵,3,4800,14400
2026-07-14,밀도,밀도 강남점,폐기,유통기한초과(폐기),간식빵,101451,허니러스크,1,4700,4700
2026-07-14,밀도,밀도 강남점,폐기,유통기한초과(폐기),간식빵,101858,밀도단팥빵,3,3800,11400
2026-07-14,밀도,밀도 강남점,폐기,유통기한초과(폐기),식빵,102966,달밤식빵,1,8900,8900
2026-07-14,밀도,밀도 강남점,폐기,유통기한초과(폐기),식빵,103814,얼룩 고양 식빵,5,7500,37500
2026-07-14,밀도,밀도 고양점,폐기,유통기한초과(폐기),간식빵,101327,큐브소보로,1,3800,3800
2026-07-14,밀도,밀도 고양점,폐기,유통기한초과(폐기),간식빵,101957,초코허니러스크,3,5200,15600
2026-07-14,밀도,밀도 고양점,폐기,유통기한초과(폐기),간식빵,103704,크림치즈포테이토,1,4200,4200
2026-07-14,밀도,밀도 고양점,폐기,유통기한초과(폐기),페이스트리,103768,애플시나몬크림치즈데니쉬,3,4900,14700
2026-07-14,밀도,밀도 고양점,폐기,유통기한초과(폐기),디저트,103737,허쉬딥초코롤케이크(조각),1,6500,6500
2026-07-14,밀도,밀도 고양점,폐기,유통기한초과(폐기),미니식빵,103824,리치 모카빵,2,6900,13800
2026-07-14,밀도,밀도 고양점,폐기,유통기한초과(폐기),건강빵,103574,무화과오트통밀100,3,5500,16500
2026-07-14,밀도,밀도 고양점,폐기,유통기한초과(폐기),스콘,102977,리코타사워크림스콘,1,4200,4200
2026-07-14,밀도,밀도 경기점,폐기,유통기한초과(폐기),간식빵,101451,허니러스크,1,4700,4700
2026-07-14,밀도,밀도 경기점,폐기,유통기한초과(폐기),식빵,102338,통팥앙식빵,1,3900,3900
2026-07-14,밀도,밀도 경기점,폐기,유통기한초과(폐기),식빵,102684,튼튼고양식빵,3,6900,20700
2026-07-14,밀도,밀도 경기점,폐기,유통기한초과(폐기),소금빵,102778,앙버터소금빵,4,4800,19200
2026-07-14,밀도,밀도 잠실점,폐기,불량(폐기),간식빵,101858,밀도단팥빵,6,3800,22800
2026-07-14,밀도,밀도 잠실점,폐기,유통기한초과(폐기),간식빵,103766,누텔라로쉐큐브식빵,2,5200,10400
2026-07-14,밀도,밀도 잠실점,폐기,유통기한초과(폐기),간식빵,103828,상하소시지 갈릭러스크,2,5200,10400
2026-07-14,밀도,밀도 압구정현대점,폐기,유통기한초과(폐기),간식빵,101451,허니러스크,4,4700,18800
2026-07-14,밀도,밀도 압구정현대점,폐기,유통기한초과(폐기),간식빵,101858,밀도단팥빵,1,3800,3800
2026-07-14,밀도,밀도 압구정현대점,폐기,유통기한초과(폐기),간식빵,101957,초코허니러스크,1,5200,5200
2026-07-14,밀도,밀도 압구정현대점,폐기,유통기한초과(폐기),간식빵,103704,크림치즈포테이토,1,4200,4200
2026-07-14,밀도,밀도 압구정현대점,폐기,유통기한초과(폐기),페이스트리,103768,애플시나몬크림치즈데니쉬,1,4900,4900
2026-07-14,밀도,밀도 압구정현대점,폐기,유통기한초과(폐기),페이스트리,103769,고창고구마데니쉬,1,4600,4600
2026-07-14,밀도,밀도 압구정현대점,폐기,유통기한초과(폐기),식빵,100004,리치식빵,1,8400,8400
2026-07-14,밀도,밀도 압구정현대점,폐기,유통기한초과(폐기),식빵,102966,달밤식빵,1,8900,8900
2026-07-14,밀도,밀도 압구정현대점,폐기,유통기한초과(폐기),미니식빵,103824,리치 모카빵,1,6900,6900
2026-07-14,밀도,밀도 압구정현대점,폐기,유통기한초과(폐기),건강빵,102983,촉촉감자치아바타,3,4800,14400
2026-07-14,밀도,밀도 압구정현대점,폐기,유통기한초과(폐기),건강빵,103574,무화과오트통밀100,1,5500,5500
2026-07-14,밀도,밀도 압구정현대점,폐기,유통기한초과(폐기),스콘,102977,리코타사워크림스콘,3,4200,12600
2026-07-14,밀도,밀도 압구정현대점,폐기,유통기한초과(폐기),소금빵,102844,the부드러운소금빵,1,3600,3600
2026-07-14,밀도,밀도 뉴코아강남점,폐기,유통기한초과(폐기),간식빵,100010,큐브커스터드,2,4700,9400
2026-07-14,밀도,밀도 뉴코아강남점,폐기,유통기한초과(폐기),간식빵,101327,큐브소보로,4,3800,15200
2026-07-14,밀도,밀도 뉴코아강남점,폐기,유통기한초과(폐기),간식빵,101451,허니러스크,8,4700,37600
2026-07-14,밀도,밀도 뉴코아강남점,폐기,유통기한초과(폐기),간식빵,101858,밀도단팥빵,2,3800,7600
2026-07-14,밀도,밀도 뉴코아강남점,폐기,유통기한초과(폐기),간식빵,102587,밀도맘모스,3,6200,18600
2026-07-14,밀도,밀도 뉴코아강남점,폐기,유통기한초과(폐기),간식빵,102976,앙버터허니러스크,3,6200,18600
2026-07-14,밀도,밀도 뉴코아강남점,폐기,유통기한초과(폐기),간식빵,103704,크림치즈포테이토,1,4200,4200
2026-07-14,밀도,밀도 뉴코아강남점,폐기,유통기한초과(폐기),간식빵,103765,누텔라시나몬롤데니쉬,2,4800,9600
2026-07-14,밀도,밀도 뉴코아강남점,폐기,유통기한초과(폐기),간식빵,103828,상하소시지 갈릭러스크,5,5200,26000
2026-07-14,밀도,밀도 뉴코아강남점,폐기,유통기한초과(폐기),시그니처샌드,102272,땅콩크림샌드,4,5800,23200
2026-07-14,밀도,밀도 뉴코아강남점,폐기,유통기한초과(폐기),샌드위치,103027,블루베리잼 잠봉뵈르,2,8900,17800
2026-07-14,밀도,밀도 뉴코아강남점,폐기,유통기한초과(폐기),샌드위치,103028,그릴드닭가슴살 당근라페 샌드위치,2,8900,17800
2026-07-14,밀도,밀도 뉴코아강남점,폐기,유통기한초과(폐기),샌드위치,103286,에그마요 소금빵,6,5200,31200
2026-07-14,밀도,밀도 뉴코아강남점,폐기,유통기한초과(폐기),샌드위치,103807,잠봉에멘탈크로와상샌드위치,4,7900,31600
2026-07-14,밀도,밀도 뉴코아강남점,폐기,유통기한초과(폐기),식빵,102684,튼튼고양식빵,2,6900,13800
2026-07-14,밀도,밀도 뉴코아강남점,폐기,유통기한초과(폐기),식빵,102966,달밤식빵,2,8900,17800
2026-07-14,밀도,밀도 뉴코아강남점,폐기,유통기한초과(폐기),식빵,103814,얼룩 고양 식빵,1,7500,7500
2026-07-14,밀도,밀도 뉴코아강남점,폐기,유통기한초과(폐기),미니식빵,103824,리치 모카빵,1,6900,6900
2026-07-14,밀도,밀도 뉴코아강남점,폐기,유통기한초과(폐기),건강빵,102983,촉촉감자치아바타,7,4800,33600
2026-07-14,밀도,밀도 뉴코아강남점,폐기,유통기한초과(폐기),건강빵,102991,곡물가득로데브,4,8000,32000
2026-07-14,밀도,밀도 뉴코아강남점,폐기,유통기한초과(폐기),건강빵,102992,플레인로데브,1,7800,7800
2026-07-14,밀도,밀도 뉴코아강남점,폐기,유통기한초과(폐기),건강빵,102993,프룻로데브,3,7800,23400
2026-07-14,밀도,밀도 뉴코아강남점,폐기,유통기한초과(폐기),건강빵,103575,단호박고구마통밀(whole),2,5500,11000
2026-07-14,밀도,밀도 뉴코아강남점,폐기,유통기한초과(폐기),소금빵,102778,앙버터소금빵,4,4800,19200
2026-07-14,밀도,밀도 뉴코아강남점,폐기,유통기한초과(폐기),소금빵,102844,the부드러운소금빵,7,3600,25200
2026-07-14,밀도,밀도 롯데노원점,폐기,유통기한초과(폐기),간식빵,100010,큐브커스터드,2,4700,9400
2026-07-14,밀도,밀도 롯데노원점,폐기,유통기한초과(폐기),간식빵,102587,밀도맘모스,1,6200,6200
2026-07-14,밀도,밀도 롯데노원점,폐기,유통기한초과(폐기),페이스트리,103769,고창고구마데니쉬,1,4600,4600
2026-07-14,밀도,밀도 롯데노원점,폐기,유통기한초과(폐기),디저트,103569,상하초콜릿푸딩,1,5500,5500
2026-07-14,밀도,밀도 롯데노원점,폐기,유통기한초과(폐기),샌드위치,103807,잠봉에멘탈크로와상샌드위치,1,7900,7900
2026-07-15,밀도,밀도 성수점,폐기,유통기한초과(폐기),간식빵,101957,초코허니러스크,2,5200,10400
2026-07-15,밀도,밀도 성수점,폐기,유통기한초과(폐기),소금빵,102844,the부드러운소금빵,5,3600,18000
2026-07-15,밀도,밀도 정자점,폐기,유통기한초과(폐기),간식빵,102587,밀도맘모스,1,6200,6200
2026-07-15,밀도,밀도 정자점,폐기,유통기한초과(폐기),시그니처샌드,102272,땅콩크림샌드,1,5800,5800
2026-07-15,밀도,밀도 정자점,폐기,유통기한초과(폐기),미니식빵,103827,촉촉연유브래드,3,6900,20700
2026-07-15,밀도,밀도 정자점,폐기,유통기한초과(폐기),스콘,101119,레몬스콘,1,3800,3800
2026-07-15,밀도,밀도 한티점,폐기,유통기한초과(폐기),샌드위치,103807,잠봉에멘탈크로와상샌드위치,1,7900,7900
2026-07-15,밀도,밀도 한티점,폐기,유통기한초과(폐기),식빵,102338,통팥앙식빵,3,3900,11700
2026-07-15,밀도,밀도 한티점,폐기,유통기한초과(폐기),식빵,102684,튼튼고양식빵,3,6900,20700
2026-07-15,밀도,밀도 한티점,폐기,유통기한초과(폐기),모닝롤,103773,모닝롤(6ea),1,5200,5200
2026-07-15,밀도,밀도 옥수점,폐기,유통기한초과(폐기),간식빵,101858,밀도단팥빵,1,3800,3800
2026-07-15,밀도,밀도 옥수점,폐기,유통기한초과(폐기),식빵,102338,통팥앙식빵,1,3900,3900
2026-07-15,밀도,밀도 옥수점,폐기,유통기한초과(폐기),식빵,102966,달밤식빵,2,8900,17800
2026-07-15,밀도,밀도 옥수점,폐기,유통기한초과(폐기),식빵,103814,얼룩 고양 식빵,1,7500,7500
2026-07-15,밀도,밀도 옥수점,폐기,유통기한초과(폐기),미니식빵,103824,리치 모카빵,1,6900,6900
2026-07-15,밀도,밀도 옥수점,폐기,유통기한초과(폐기),소금빵,102778,앙버터소금빵,3,4800,14400
2026-07-15,밀도,밀도 광장점,폐기,유통기한초과(폐기),간식빵,100010,큐브커스터드,3,4700,14100
2026-07-15,밀도,밀도 광장점,폐기,유통기한초과(폐기),간식빵,101327,큐브소보로,2,3800,7600
2026-07-15,밀도,밀도 광장점,폐기,유통기한초과(폐기),간식빵,102587,밀도맘모스,2,6200,12400
2026-07-15,밀도,밀도 광장점,폐기,유통기한초과(폐기),샌드위치,103807,잠봉에멘탈크로와상샌드위치,3,7900,23700
2026-07-15,밀도,밀도 광장점,폐기,유통기한초과(폐기),식빵,103814,얼룩 고양 식빵,2,7500,15000
2026-07-15,밀도,밀도 광장점,폐기,유통기한초과(폐기),모닝롤,103773,모닝롤(6ea),4,5200,20800
2026-07-15,밀도,밀도 광장점,폐기,유통기한초과(폐기),스콘,102977,리코타사워크림스콘,3,4200,12600
2026-07-15,밀도,밀도 알토점,폐기,유통기한초과(폐기),간식빵,103766,누텔라로쉐큐브식빵,1,5200,5200
2026-07-15,밀도,밀도 광교점,폐기,유통기한초과(폐기),페이스트리,103769,고창고구마데니쉬,2,4600,9200
2026-07-15,밀도,밀도 광교점,폐기,유통기한초과(폐기),식빵,102684,튼튼고양식빵,3,6900,20700
2026-07-15,밀도,밀도 광교점,폐기,유통기한초과(폐기),식빵,103814,얼룩 고양 식빵,1,7500,7500
2026-07-15,밀도,밀도 광교점,폐기,유통기한초과(폐기),미니식빵,103824,리치 모카빵,4,6900,27600
2026-07-15,밀도,밀도 광교점,폐기,유통기한초과(폐기),스콘,102977,리코타사워크림스콘,2,4200,8400
2026-07-15,밀도,밀도 강남점,폐기,유통기한초과(폐기),간식빵,101858,밀도단팥빵,1,3800,3800
2026-07-15,밀도,밀도 강남점,폐기,유통기한초과(폐기),간식빵,102587,밀도맘모스,1,6200,6200
2026-07-15,밀도,밀도 강남점,폐기,유통기한초과(폐기),샌드위치,103807,잠봉에멘탈크로와상샌드위치,3,7900,23700
2026-07-15,밀도,밀도 고양점,폐기,유통기한초과(폐기),간식빵,100625,큐브시나몬,1,3800,3800
2026-07-15,밀도,밀도 고양점,폐기,유통기한초과(폐기),간식빵,101451,허니러스크,3,4700,14100
2026-07-15,밀도,밀도 고양점,폐기,유통기한초과(폐기),간식빵,101957,초코허니러스크,1,5200,5200
2026-07-15,밀도,밀도 고양점,폐기,유통기한초과(폐기),간식빵,102587,밀도맘모스,3,6200,18600
2026-07-15,밀도,밀도 고양점,폐기,유통기한초과(폐기),간식빵,103704,크림치즈포테이토,1,4200,4200
2026-07-15,밀도,밀도 고양점,폐기,유통기한초과(폐기),페이스트리,103769,고창고구마데니쉬,2,4600,9200
2026-07-15,밀도,밀도 고양점,폐기,유통기한초과(폐기),샌드위치,103027,블루베리잼 잠봉뵈르,1,8900,8900
2026-07-15,밀도,밀도 고양점,폐기,유통기한초과(폐기),식빵,103814,얼룩 고양 식빵,2,7500,15000
2026-07-15,밀도,밀도 고양점,폐기,유통기한초과(폐기),미니식빵,103663,밤완두바브카,1,7200,7200
2026-07-15,밀도,밀도 고양점,폐기,유통기한초과(폐기),미니식빵,103824,리치 모카빵,1,6900,6900
2026-07-15,밀도,밀도 고양점,폐기,유통기한초과(폐기),건강빵,102983,촉촉감자치아바타,3,4800,14400
2026-07-15,밀도,밀도 고양점,폐기,유통기한초과(폐기),건강빵,103575,단호박고구마통밀(whole),4,5500,22000
2026-07-15,밀도,밀도 경기점,폐기,유통기한초과(폐기),간식빵,100625,큐브시나몬,1,3800,3800
2026-07-15,밀도,밀도 경기점,폐기,유통기한초과(폐기),식빵,102684,튼튼고양식빵,3,6900,20700
2026-07-15,밀도,밀도 경기점,폐기,유통기한초과(폐기),소금빵,102844,the부드러운소금빵,1,3600,3600
2026-07-15,밀도,밀도 잠실점,폐기,유통기한초과(폐기),간식빵,103828,상하소시지 갈릭러스크,1,5200,5200
2026-07-15,밀도,밀도 압구정현대점,폐기,유통기한초과(폐기),식빵,102338,통팥앙식빵,1,3900,3900
2026-07-15,밀도,밀도 압구정현대점,폐기,유통기한초과(폐기),식빵,102684,튼튼고양식빵,1,6900,6900
2026-07-15,밀도,밀도 압구정현대점,폐기,유통기한초과(폐기),건강빵,102983,촉촉감자치아바타,1,4800,4800
2026-07-15,밀도,밀도 압구정현대점,폐기,유통기한초과(폐기),스콘,101119,레몬스콘,1,3800,3800
2026-07-15,밀도,밀도 압구정현대점,폐기,유통기한초과(폐기),스콘,102977,리코타사워크림스콘,1,4200,4200
2026-07-15,밀도,밀도 뉴코아강남점,폐기,유통기한초과(폐기),간식빵,101327,큐브소보로,1,3800,3800
2026-07-15,밀도,밀도 뉴코아강남점,폐기,유통기한초과(폐기),간식빵,101858,밀도단팥빵,3,3800,11400
2026-07-15,밀도,밀도 뉴코아강남점,폐기,유통기한초과(폐기),간식빵,103704,크림치즈포테이토,4,4200,16800
2026-07-15,밀도,밀도 뉴코아강남점,폐기,유통기한초과(폐기),간식빵,103828,상하소시지 갈릭러스크,1,5200,5200
2026-07-15,밀도,밀도 뉴코아강남점,폐기,유통기한초과(폐기),시그니처샌드,102272,땅콩크림샌드,6,5800,34800
2026-07-15,밀도,밀도 뉴코아강남점,폐기,유통기한초과(폐기),샌드위치,103027,블루베리잼 잠봉뵈르,2,8900,17800
2026-07-15,밀도,밀도 뉴코아강남점,폐기,유통기한초과(폐기),샌드위치,103805,아이올리베이컨토마토샌드위치,1,8900,8900
2026-07-15,밀도,밀도 뉴코아강남점,폐기,유통기한초과(폐기),건강빵,102993,프룻로데브,2,7800,15600
2026-07-15,밀도,밀도 뉴코아강남점,폐기,유통기한초과(폐기),건강빵,103574,무화과오트통밀100,1,5500,5500
2026-07-15,밀도,밀도 뉴코아강남점,폐기,유통기한초과(폐기),건강빵,103575,단호박고구마통밀(whole),1,5500,5500
2026-07-15,밀도,밀도 뉴코아강남점,폐기,유통기한초과(폐기),소금빵,102844,the부드러운소금빵,2,3600,7200
2026-07-15,밀도,밀도 롯데노원점,폐기,유통기한초과(폐기),간식빵,101451,허니러스크,2,4700,9400
2026-07-15,밀도,밀도 롯데노원점,폐기,유통기한초과(폐기),간식빵,102587,밀도맘모스,1,6200,6200
2026-07-15,밀도,밀도 롯데노원점,폐기,유통기한초과(폐기),디저트,102978,상하카라멜푸딩,1,5200,5200
2026-07-15,밀도,밀도 롯데노원점,폐기,유통기한초과(폐기),디저트,103569,상하초콜릿푸딩,1,5500,5500
2026-07-15,밀도,밀도 롯데노원점,폐기,유통기한초과(폐기),샌드위치,103027,블루베리잼 잠봉뵈르,2,8900,17800
2026-07-15,밀도,밀도 롯데노원점,폐기,유통기한초과(폐기),샌드위치,103286,에그마요 소금빵,1,5200,5200
2026-07-15,밀도,밀도 롯데노원점,폐기,유통기한초과(폐기),식빵,102966,달밤식빵,9,8900,80100
2026-07-15,밀도,밀도 롯데노원점,폐기,유통기한초과(폐기),건강빵,103578,불고기포카치아,2,5500,11000
2026-07-15,밀도,밀도 롯데노원점,폐기,유통기한초과(폐기),건강빵,103622,마르게리따포카치아,2,5500,11000
2026-07-16,밀도,밀도 성수점,폐기,유통기한초과(폐기),페이스트리,103768,애플시나몬크림치즈데니쉬,3,4900,14700
2026-07-16,밀도,밀도 정자점,폐기,유통기한초과(폐기),간식빵,102587,밀도맘모스,2,6200,12400
2026-07-16,밀도,밀도 정자점,폐기,유통기한초과(폐기),파운드,103040,무화과휘낭시에,1,3200,3200
2026-07-16,밀도,밀도 정자점,폐기,유통기한초과(폐기),미니식빵,103827,촉촉연유브래드,3,6900,20700
2026-07-16,밀도,밀도 한티점,폐기,유통기한초과(폐기),간식빵,103828,상하소시지 갈릭러스크,1,5200,5200
2026-07-16,밀도,밀도 한티점,폐기,유통기한초과(폐기),페이스트리,103769,고창고구마데니쉬,1,4600,4600
2026-07-16,밀도,밀도 한티점,폐기,유통기한초과(폐기),식빵,102684,튼튼고양식빵,2,6900,13800
2026-07-16,밀도,밀도 한티점,폐기,유통기한초과(폐기),식빵,102966,달밤식빵,3,8900,26700
2026-07-16,밀도,밀도 한티점,폐기,유통기한초과(폐기),모닝롤,103773,모닝롤(6ea),1,5200,5200
2026-07-16,밀도,밀도 옥수점,폐기,유통기한초과(폐기),간식빵,101858,밀도단팥빵,1,3800,3800
2026-07-16,밀도,밀도 옥수점,폐기,유통기한초과(폐기),간식빵,102587,밀도맘모스,1,6200,6200
2026-07-16,밀도,밀도 옥수점,폐기,유통기한초과(폐기),시그니처샌드,102272,땅콩크림샌드,2,5800,11600
2026-07-16,밀도,밀도 옥수점,폐기,유통기한초과(폐기),식빵,102966,달밤식빵,1,8900,8900
2026-07-16,밀도,밀도 옥수점,폐기,유통기한초과(폐기),미니식빵,103663,밤완두바브카,1,7200,7200
2026-07-16,밀도,밀도 옥수점,폐기,유통기한초과(폐기),미니식빵,103824,리치 모카빵,2,6900,13800
2026-07-16,밀도,밀도 옥수점,폐기,유통기한초과(폐기),소금빵,102778,앙버터소금빵,2,4800,9600
2026-07-16,밀도,밀도 광장점,폐기,유통기한초과(폐기),간식빵,100010,큐브커스터드,2,4700,9400
2026-07-16,밀도,밀도 광장점,폐기,유통기한초과(폐기),간식빵,101858,밀도단팥빵,7,3800,26600
2026-07-16,밀도,밀도 광교점,폐기,유통기한초과(폐기),간식빵,101451,허니러스크,11,5200,57200
2026-07-16,밀도,밀도 광교점,폐기,유통기한초과(폐기),간식빵,103828,상하소시지 갈릭러스크,2,5200,10400
2026-07-16,밀도,밀도 광교점,폐기,유통기한초과(폐기),페이스트리,103768,애플시나몬크림치즈데니쉬,1,4900,4900
2026-07-16,밀도,밀도 광교점,폐기,유통기한초과(폐기),페이스트리,103769,고창고구마데니쉬,2,4600,9200
2026-07-16,밀도,밀도 광교점,폐기,유통기한초과(폐기),파운드,102608,바나나파운드(23년),2,5600,11200
2026-07-16,밀도,밀도 광교점,폐기,유통기한초과(폐기),식빵,103814,얼룩 고양 식빵,3,7500,22500
2026-07-16,밀도,밀도 광교점,폐기,유통기한초과(폐기),미니식빵,103827,촉촉연유브래드,3,6900,20700
2026-07-16,밀도,밀도 강남점,폐기,유통기한초과(폐기),샌드위치,103805,아이올리베이컨토마토샌드위치,1,8900,8900
2026-07-16,밀도,밀도 고양점,폐기,유통기한초과(폐기),간식빵,101451,허니러스크,9,5200,46800
2026-07-16,밀도,밀도 고양점,폐기,유통기한초과(폐기),간식빵,103704,크림치즈포테이토,3,4200,12600
2026-07-16,밀도,밀도 고양점,폐기,유통기한초과(폐기),간식빵,103766,누텔라로쉐큐브식빵,1,5200,5200
2026-07-16,밀도,밀도 고양점,폐기,유통기한초과(폐기),간식빵,103828,상하소시지 갈릭러스크,1,5200,5200
2026-07-16,밀도,밀도 고양점,폐기,유통기한초과(폐기),페이스트리,103768,애플시나몬크림치즈데니쉬,1,4900,4900
2026-07-16,밀도,밀도 고양점,폐기,유통기한초과(폐기),시그니처샌드,102272,땅콩크림샌드,3,5800,17400
2026-07-16,밀도,밀도 고양점,폐기,유통기한초과(폐기),샌드위치,103027,블루베리잼 잠봉뵈르,2,8900,17800
2026-07-16,밀도,밀도 고양점,폐기,유통기한초과(폐기),샌드위치,103806,바질치폴레닭가슴살샌드위치,2,8900,17800
2026-07-16,밀도,밀도 고양점,폐기,유통기한초과(폐기),건강빵,103574,무화과오트통밀100,1,5500,5500
2026-07-16,밀도,밀도 고양점,폐기,유통기한초과(폐기),건강빵,103575,단호박고구마통밀(whole),7,5500,38500
2026-07-16,밀도,밀도 고양점,폐기,유통기한초과(폐기),소금빵,102778,앙버터소금빵,1,4800,4800
2026-07-16,밀도,밀도 경기점,폐기,유통기한초과(폐기),식빵,103814,얼룩 고양 식빵,1,7500,7500
2026-07-16,밀도,밀도 압구정현대점,폐기,유통기한초과(폐기),간식빵,101327,큐브소보로,1,3800,3800
2026-07-16,밀도,밀도 압구정현대점,폐기,유통기한초과(폐기),간식빵,101451,허니러스크,1,5200,5200
2026-07-16,밀도,밀도 압구정현대점,폐기,유통기한초과(폐기),페이스트리,103768,애플시나몬크림치즈데니쉬,1,4900,4900
2026-07-16,밀도,밀도 압구정현대점,폐기,유통기한초과(폐기),시그니처샌드,102272,땅콩크림샌드,7,5800,40600
2026-07-16,밀도,밀도 압구정현대점,폐기,유통기한초과(폐기),식빵,100003,담백식빵,8,7800,62400
2026-07-16,밀도,밀도 압구정현대점,폐기,유통기한초과(폐기),식빵,100004,리치식빵,1,8400,8400
2026-07-16,밀도,밀도 압구정현대점,폐기,유통기한초과(폐기),식빵,102338,통팥앙식빵,1,3900,3900
2026-07-16,밀도,밀도 압구정현대점,폐기,유통기한초과(폐기),식빵,102684,튼튼고양식빵,3,6900,20700
2026-07-16,밀도,밀도 압구정현대점,폐기,유통기한초과(폐기),건강빵,102983,촉촉감자치아바타,1,4800,4800
2026-07-16,밀도,밀도 압구정현대점,폐기,유통기한초과(폐기),건강빵,103574,무화과오트통밀100,2,5500,11000
2026-07-16,밀도,밀도 뉴코아강남점,폐기,유통기한초과(폐기),간식빵,100010,큐브커스터드,4,4700,18800
2026-07-16,밀도,밀도 뉴코아강남점,폐기,유통기한초과(폐기),간식빵,103704,크림치즈포테이토,6,4200,25200
2026-07-16,밀도,밀도 뉴코아강남점,폐기,유통기한초과(폐기),간식빵,103828,상하소시지 갈릭러스크,2,5200,10400
2026-07-16,밀도,밀도 뉴코아강남점,폐기,유통기한초과(폐기),디저트,102978,상하카라멜푸딩,1,5200,5200
2026-07-16,밀도,밀도 뉴코아강남점,폐기,유통기한초과(폐기),미니식빵,103827,촉촉연유브래드,1,6900,6900
2026-07-16,밀도,밀도 뉴코아강남점,폐기,유통기한초과(폐기),건강빵,103574,무화과오트통밀100,1,5500,5500
2026-07-16,밀도,밀도 뉴코아강남점,폐기,유통기한초과(폐기),건강빵,103575,단호박고구마통밀(whole),2,5500,11000
2026-07-16,밀도,밀도 뉴코아강남점,폐기,유통기한초과(폐기),소금빵,102778,앙버터소금빵,2,4800,9600
2026-07-16,밀도,밀도 뉴코아강남점,폐기,유통기한초과(폐기),소금빵,102844,the부드러운소금빵,17,3600,61200
2026-07-16,밀도,밀도 롯데노원점,폐기,유통기한초과(폐기),간식빵,101451,허니러스크,3,5200,15600
2026-07-16,밀도,밀도 롯데노원점,폐기,유통기한초과(폐기),페이스트리,103768,애플시나몬크림치즈데니쉬,1,4900,4900
2026-07-16,밀도,밀도 롯데노원점,폐기,유통기한초과(폐기),디저트,103737,허쉬딥초코롤케이크(조각),1,6500,6500
2026-07-16,밀도,밀도 롯데노원점,폐기,유통기한초과(폐기),건강빵,102983,촉촉감자치아바타,2,4800,9600
2026-07-16,밀도,밀도 롯데노원점,폐기,유통기한초과(폐기),건강빵,103622,마르게리따포카치아,1,5500,5500
2026-07-16,밀도,밀도 롯데노원점,폐기,유통기한초과(폐기),소금빵,102844,the부드러운소금빵,3,3600,10800
2026-07-17,밀도,밀도 성수점,폐기,유통기한초과(폐기),간식빵,101957,초코허니러스크,1,5800,5800
2026-07-17,밀도,밀도 성수점,폐기,유통기한초과(폐기),카스텔라,102866,에그촉촉 카스텔라,2,12000,24000
2026-07-17,밀도,밀도 성수점,폐기,유통기한초과(폐기),미니식빵,103824,리치 모카빵,6,6900,41400
2026-07-17,밀도,밀도 성수점,폐기,유통기한초과(폐기),건강빵,103575,단호박고구마통밀(whole),2,5500,11000
2026-07-17,밀도,밀도 성수점,폐기,유통기한초과(폐기),소금빵,102778,앙버터소금빵,1,4800,4800
2026-07-17,밀도,밀도 정자점,폐기,유통기한초과(폐기),간식빵,100625,큐브시나몬,1,3800,3800
2026-07-17,밀도,밀도 정자점,폐기,유통기한초과(폐기),간식빵,101327,큐브소보로,2,3800,7600
2026-07-17,밀도,밀도 정자점,폐기,유통기한초과(폐기),간식빵,101451,허니러스크,2,5200,10400
2026-07-17,밀도,밀도 정자점,폐기,유통기한초과(폐기),시그니처샌드,102272,땅콩크림샌드,2,5800,11600
2026-07-17,밀도,밀도 정자점,폐기,유통기한초과(폐기),식빵,102335,호밀잡곡식빵,4,6500,26000
2026-07-17,밀도,밀도 한티점,폐기,유통기한초과(폐기),간식빵,100625,큐브시나몬,1,3800,3800
2026-07-17,밀도,밀도 한티점,폐기,유통기한초과(폐기),간식빵,101858,밀도단팥빵,4,3800,15200
2026-07-17,밀도,밀도 한티점,폐기,유통기한초과(폐기),간식빵,102587,밀도맘모스,1,6200,6200
2026-07-17,밀도,밀도 한티점,폐기,유통기한초과(폐기),간식빵,103704,크림치즈포테이토,7,4200,29400
2026-07-17,밀도,밀도 한티점,폐기,유통기한초과(폐기),간식빵,103828,상하소시지 갈릭러스크,3,5200,15600
2026-07-17,밀도,밀도 한티점,폐기,유통기한초과(폐기),식빵,102966,달밤식빵,2,8900,17800
2026-07-17,밀도,밀도 한티점,폐기,유통기한초과(폐기),미니식빵,103663,밤완두바브카,7,7200,50400
2026-07-17,밀도,밀도 한티점,폐기,유통기한초과(폐기),미니식빵,103764,누텔라바브카,1,7800,7800
2026-07-17,밀도,밀도 옥수점,폐기,유통기한초과(폐기),시그니처샌드,102272,땅콩크림샌드,5,5800,29000
2026-07-17,밀도,밀도 옥수점,폐기,유통기한초과(폐기),모닝롤,102683,모닝롤,2,3800,7600
2026-07-17,밀도,밀도 옥수점,폐기,유통기한초과(폐기),소금빵,102778,앙버터소금빵,2,4800,9600
2026-07-17,밀도,밀도 옥수점,폐기,유통기한초과(폐기),소금빵,102844,the부드러운소금빵,1,3600,3600
2026-07-17,밀도,밀도 광장점,폐기,유통기한초과(폐기),샌드위치,103807,잠봉에멘탈크로와상샌드위치,5,7900,39500
2026-07-17,밀도,밀도 알토점,폐기,유통기한초과(폐기),간식빵,100010,큐브커스터드,4,4700,18800
2026-07-17,밀도,밀도 알토점,폐기,유통기한초과(폐기),간식빵,101858,밀도단팥빵,7,3800,26600
2026-07-17,밀도,밀도 알토점,폐기,유통기한초과(폐기),간식빵,103704,크림치즈포테이토,2,4200,8400
2026-07-17,밀도,밀도 알토점,폐기,유통기한초과(폐기),간식빵,103828,상하소시지 갈릭러스크,2,5200,10400
2026-07-17,밀도,밀도 알토점,폐기,유통기한초과(폐기),시그니처샌드,102272,땅콩크림샌드,18,5800,104400
2026-07-17,밀도,밀도 알토점,폐기,유통기한초과(폐기),샌드위치,103286,에그마요 소금빵,8,5200,41600
2026-07-17,밀도,밀도 알토점,폐기,유통기한초과(폐기),샌드위치,103807,잠봉에멘탈크로와상샌드위치,4,7900,31600
2026-07-17,밀도,밀도 알토점,폐기,유통기한초과(폐기),식빵,102335,호밀잡곡식빵,2,6500,13000
2026-07-17,밀도,밀도 알토점,폐기,유통기한초과(폐기),스콘,101119,레몬스콘,5,3800,19000
2026-07-17,밀도,밀도 광교점,폐기,유통기한초과(폐기),간식빵,101451,허니러스크,1,5200,5200
2026-07-17,밀도,밀도 광교점,폐기,유통기한초과(폐기),간식빵,103828,상하소시지 갈릭러스크,2,5200,10400
2026-07-17,밀도,밀도 광교점,폐기,유통기한초과(폐기),페이스트리,103768,애플시나몬크림치즈데니쉬,1,4900,4900
2026-07-17,밀도,밀도 광교점,폐기,유통기한초과(폐기),페이스트리,103769,고창고구마데니쉬,1,4600,4600
2026-07-17,밀도,밀도 광교점,폐기,유통기한초과(폐기),건강빵,102983,촉촉감자치아바타,2,4800,9600
2026-07-17,밀도,밀도 강남점,폐기,유통기한초과(폐기),간식빵,101451,허니러스크,1,5200,5200
2026-07-17,밀도,밀도 강남점,폐기,유통기한초과(폐기),간식빵,101858,밀도단팥빵,5,3800,19000
2026-07-17,밀도,밀도 강남점,폐기,유통기한초과(폐기),간식빵,101957,초코허니러스크,2,5800,11600
2026-07-17,밀도,밀도 강남점,폐기,유통기한초과(폐기),간식빵,102587,밀도맘모스,1,6200,6200
2026-07-17,밀도,밀도 강남점,폐기,유통기한초과(폐기),간식빵,103704,크림치즈포테이토,2,4200,8400
2026-07-17,밀도,밀도 강남점,폐기,유통기한초과(폐기),간식빵,103828,상하소시지 갈릭러스크,2,5200,10400
2026-07-17,밀도,밀도 강남점,폐기,유통기한초과(폐기),시그니처샌드,102272,땅콩크림샌드,2,5800,11600
2026-07-17,밀도,밀도 강남점,폐기,유통기한초과(폐기),샌드위치,103805,아이올리베이컨토마토샌드위치,4,8900,35600
2026-07-17,밀도,밀도 강남점,폐기,유통기한초과(폐기),샌드위치,103807,잠봉에멘탈크로와상샌드위치,2,7900,15800
2026-07-17,밀도,밀도 강남점,폐기,유통기한초과(폐기),식빵,103814,얼룩 고양 식빵,5,7500,37500
2026-07-17,밀도,밀도 강남점,폐기,유통기한초과(폐기),미니식빵,103824,리치 모카빵,4,6900,27600
2026-07-17,밀도,밀도 강남점,폐기,유통기한초과(폐기),미니식빵,103827,촉촉연유브래드,2,6900,13800
2026-07-17,밀도,밀도 고양점,폐기,유통기한초과(폐기),간식빵,101327,큐브소보로,1,3800,3800
2026-07-17,밀도,밀도 고양점,폐기,유통기한초과(폐기),간식빵,103828,상하소시지 갈릭러스크,4,5200,20800
2026-07-17,밀도,밀도 고양점,폐기,유통기한초과(폐기),샌드위치,103286,에그마요 소금빵,1,5200,5200
2026-07-17,밀도,밀도 고양점,폐기,유통기한초과(폐기),건강빵,103575,단호박고구마통밀(whole),5,5500,27500
2026-07-17,밀도,밀도 고양점,폐기,유통기한초과(폐기),소금빵,102844,the부드러운소금빵,1,3600,3600
2026-07-17,밀도,밀도 경기점,폐기,유통기한초과(폐기),간식빵,101451,허니러스크,2,5200,10400
2026-07-17,밀도,밀도 경기점,폐기,유통기한초과(폐기),스콘,101119,레몬스콘,2,3800,7600
2026-07-17,밀도,밀도 경기점,폐기,유통기한초과(폐기),스콘,102977,리코타사워크림스콘,5,4200,21000
2026-07-17,밀도,밀도 압구정현대점,폐기,유통기한초과(폐기),간식빵,101327,큐브소보로,1,3800,3800
2026-07-17,밀도,밀도 압구정현대점,폐기,유통기한초과(폐기),간식빵,101858,밀도단팥빵,3,3800,11400
2026-07-17,밀도,밀도 압구정현대점,폐기,유통기한초과(폐기),간식빵,101957,초코허니러스크,2,5800,11600
2026-07-17,밀도,밀도 압구정현대점,폐기,유통기한초과(폐기),식빵,100003,담백식빵,4,7800,31200
2026-07-17,밀도,밀도 압구정현대점,폐기,유통기한초과(폐기),식빵,102338,통팥앙식빵,1,3900,3900
2026-07-17,밀도,밀도 압구정현대점,폐기,유통기한초과(폐기),식빵,102966,달밤식빵,1,8900,8900
2026-07-17,밀도,밀도 압구정현대점,폐기,유통기한초과(폐기),미니식빵,103764,누텔라바브카,2,7800,15600
2026-07-17,밀도,밀도 압구정현대점,폐기,유통기한초과(폐기),건강빵,102983,촉촉감자치아바타,1,4800,4800
2026-07-17,밀도,밀도 압구정현대점,폐기,유통기한초과(폐기),스콘,102977,리코타사워크림스콘,3,4200,12600
2026-07-17,밀도,밀도 압구정현대점,폐기,유통기한초과(폐기),소금빵,102778,앙버터소금빵,1,4800,4800
2026-07-17,밀도,밀도 뉴코아강남점,폐기,유통기한초과(폐기),간식빵,101957,초코허니러스크,2,5800,11600
2026-07-17,밀도,밀도 뉴코아강남점,폐기,유통기한초과(폐기),간식빵,103704,크림치즈포테이토,1,4200,4200
2026-07-17,밀도,밀도 뉴코아강남점,폐기,유통기한초과(폐기),간식빵,103828,상하소시지 갈릭러스크,1,5200,5200
2026-07-17,밀도,밀도 뉴코아강남점,폐기,유통기한초과(폐기),샌드위치,103027,블루베리잼 잠봉뵈르,1,8900,8900
2026-07-17,밀도,밀도 뉴코아강남점,폐기,유통기한초과(폐기),식빵,103644,더잡곡식빵리뉴얼,1,12800,12800
2026-07-17,밀도,밀도 롯데노원점,폐기,유통기한초과(폐기),간식빵,103766,누텔라로쉐큐브식빵,5,5200,26000
2026-07-17,밀도,밀도 롯데노원점,폐기,유통기한초과(폐기),건강빵,103574,무화과오트통밀100,1,5500,5500
2026-07-17,밀도,밀도 롯데노원점,폐기,유통기한초과(폐기),건강빵,103575,단호박고구마통밀(whole),3,5500,16500
2026-07-18,밀도,밀도 성수점,폐기,유통기한초과(폐기),간식빵,100625,큐브시나몬,4,3800,15200
2026-07-18,밀도,밀도 성수점,폐기,유통기한초과(폐기),건강빵,103574,무화과오트통밀100,2,5500,11000
2026-07-18,밀도,밀도 성수점,폐기,유통기한초과(폐기),건강빵,103575,단호박고구마통밀(whole),2,5500,11000
2026-07-18,밀도,밀도 성수점,폐기,유통기한초과(폐기),소금빵,102844,the부드러운소금빵,2,3600,7200
2026-07-18,밀도,밀도 정자점,폐기,유통기한초과(폐기),간식빵,100625,큐브시나몬,2,3800,7600
2026-07-18,밀도,밀도 정자점,폐기,유통기한초과(폐기),간식빵,101327,큐브소보로,2,3800,7600
2026-07-18,밀도,밀도 정자점,폐기,유통기한초과(폐기),간식빵,101451,허니러스크,4,5200,20800
2026-07-18,밀도,밀도 정자점,폐기,유통기한초과(폐기),간식빵,101957,초코허니러스크,2,5800,11600
2026-07-18,밀도,밀도 정자점,폐기,유통기한초과(폐기),스콘,101119,레몬스콘,1,3800,3800
2026-07-18,밀도,밀도 한티점,폐기,유통기한초과(폐기),간식빵,100625,큐브시나몬,5,3800,19000
2026-07-18,밀도,밀도 한티점,폐기,유통기한초과(폐기),간식빵,101327,큐브소보로,5,3800,19000
2026-07-18,밀도,밀도 한티점,폐기,유통기한초과(폐기),페이스트리,103768,애플시나몬크림치즈데니쉬,2,4900,9800
2026-07-18,밀도,밀도 한티점,폐기,유통기한초과(폐기),페이스트리,103769,고창고구마데니쉬,2,4600,9200
2026-07-18,밀도,밀도 한티점,폐기,유통기한초과(폐기),샌드위치,103807,잠봉에멘탈크로와상샌드위치,1,7900,7900
2026-07-18,밀도,밀도 한티점,폐기,유통기한초과(폐기),식빵,102966,달밤식빵,2,8900,17800
2026-07-18,밀도,밀도 한티점,폐기,유통기한초과(폐기),스콘,101119,레몬스콘,1,3800,3800
2026-07-18,밀도,밀도 옥수점,폐기,유통기한초과(폐기),시그니처샌드,102272,땅콩크림샌드,3,5800,17400
2026-07-18,밀도,밀도 알토점,폐기,유통기한초과(폐기),간식빵,100010,큐브커스터드,1,4700,4700
2026-07-18,밀도,밀도 알토점,폐기,유통기한초과(폐기),간식빵,100625,큐브시나몬,2,3800,7600
2026-07-18,밀도,밀도 알토점,폐기,유통기한초과(폐기),간식빵,101451,허니러스크,5,5200,26000
2026-07-18,밀도,밀도 알토점,폐기,유통기한초과(폐기),간식빵,101957,초코허니러스크,1,5800,5800
2026-07-18,밀도,밀도 알토점,폐기,유통기한초과(폐기),간식빵,103704,크림치즈포테이토,3,4200,12600
2026-07-18,밀도,밀도 알토점,폐기,유통기한초과(폐기),간식빵,103828,상하소시지 갈릭러스크,4,5200,20800
2026-07-18,밀도,밀도 알토점,폐기,유통기한초과(폐기),샌드위치,103805,아이올리베이컨토마토샌드위치,7,8900,62300
2026-07-18,밀도,밀도 알토점,폐기,유통기한초과(폐기),샌드위치,103806,바질치폴레닭가슴살샌드위치,3,8900,26700
2026-07-18,밀도,밀도 알토점,폐기,유통기한초과(폐기),샌드위치,103807,잠봉에멘탈크로와상샌드위치,1,7900,7900
2026-07-18,밀도,밀도 알토점,폐기,유통기한초과(폐기),식빵,102684,튼튼고양식빵,17,6900,117300
2026-07-18,밀도,밀도 알토점,폐기,유통기한초과(폐기),식빵,103814,얼룩 고양 식빵,2,7500,15000
2026-07-18,밀도,밀도 알토점,폐기,유통기한초과(폐기),미니식빵,103663,밤완두바브카,2,7200,14400
2026-07-18,밀도,밀도 알토점,폐기,유통기한초과(폐기),소금빵,102778,앙버터소금빵,4,4800,19200
2026-07-18,밀도,밀도 알토점,폐기,유통기한초과(폐기),소금빵,102844,the부드러운소금빵,5,3600,18000
2026-07-18,밀도,밀도 광교점,폐기,유통기한초과(폐기),간식빵,101451,허니러스크,4,5200,20800
2026-07-18,밀도,밀도 광교점,폐기,유통기한초과(폐기),간식빵,101858,밀도단팥빵,7,3800,26600
2026-07-18,밀도,밀도 광교점,폐기,유통기한초과(폐기),간식빵,103828,상하소시지 갈릭러스크,4,5200,20800
2026-07-18,밀도,밀도 광교점,폐기,유통기한초과(폐기),파운드,102608,바나나파운드(23년),1,5600,5600
2026-07-18,밀도,밀도 광교점,폐기,유통기한초과(폐기),샌드위치,103807,잠봉에멘탈크로와상샌드위치,2,7900,15800
2026-07-18,밀도,밀도 광교점,폐기,유통기한초과(폐기),식빵,100004,리치식빵,1,8400,8400
2026-07-18,밀도,밀도 광교점,폐기,유통기한초과(폐기),미니식빵,103827,촉촉연유브래드,6,6900,41400
2026-07-18,밀도,밀도 강남점,폐기,유통기한초과(폐기),샌드위치,103805,아이올리베이컨토마토샌드위치,3,8900,26700
2026-07-18,밀도,밀도 강남점,폐기,유통기한초과(폐기),샌드위치,103807,잠봉에멘탈크로와상샌드위치,2,7900,15800
2026-07-18,밀도,밀도 강남점,폐기,유통기한초과(폐기),식빵,102684,튼튼고양식빵,2,6900,13800
2026-07-18,밀도,밀도 강남점,폐기,유통기한초과(폐기),식빵,103814,얼룩 고양 식빵,5,7500,37500
2026-07-18,밀도,밀도 고양점,폐기,유통기한초과(폐기),간식빵,103704,크림치즈포테이토,1,4200,4200
2026-07-18,밀도,밀도 고양점,폐기,유통기한초과(폐기),간식빵,103828,상하소시지 갈릭러스크,1,5200,5200
2026-07-18,밀도,밀도 고양점,폐기,유통기한초과(폐기),페이스트리,103769,고창고구마데니쉬,4,4600,18400
2026-07-18,밀도,밀도 고양점,폐기,유통기한초과(폐기),건강빵,103575,단호박고구마통밀(whole),1,5500,5500
2026-07-18,밀도,밀도 경기점,폐기,유통기한초과(폐기),간식빵,102587,밀도맘모스,1,6200,6200
2026-07-18,밀도,밀도 경기점,폐기,유통기한초과(폐기),식빵,103814,얼룩 고양 식빵,3,7500,22500
2026-07-18,밀도,밀도 잠실점,폐기,불량(폐기),간식빵,100625,큐브시나몬,0,3800,0
2026-07-18,밀도,밀도 잠실점,폐기,불량(폐기),간식빵,101858,밀도단팥빵,0,3800,0
2026-07-18,밀도,밀도 잠실점,폐기,유통기한초과(폐기),간식빵,100625,큐브시나몬,5,3800,19000
2026-07-18,밀도,밀도 잠실점,폐기,유통기한초과(폐기),간식빵,101858,밀도단팥빵,23,3800,87400
2026-07-18,밀도,밀도 잠실점,폐기,유통기한초과(폐기),간식빵,103828,상하소시지 갈릭러스크,12,5200,62400
2026-07-18,밀도,밀도 잠실점,폐기,유통기한초과(폐기),페이스트리,103769,고창고구마데니쉬,5,4600,23000
2026-07-18,밀도,밀도 잠실점,폐기,유통기한초과(폐기),건강빵,103575,단호박고구마통밀(whole),3,5500,16500
2026-07-18,밀도,밀도 압구정현대점,폐기,유통기한초과(폐기),간식빵,101957,초코허니러스크,1,5800,5800
2026-07-18,밀도,밀도 압구정현대점,폐기,유통기한초과(폐기),식빵,100003,담백식빵,2,7800,15600
2026-07-18,밀도,밀도 압구정현대점,폐기,유통기한초과(폐기),식빵,100004,리치식빵,2,8400,16800
2026-07-18,밀도,밀도 압구정현대점,폐기,유통기한초과(폐기),건강빵,103574,무화과오트통밀100,1,5500,5500
2026-07-18,밀도,밀도 뉴코아강남점,폐기,유통기한초과(폐기),간식빵,100010,큐브커스터드,2,4700,9400
2026-07-18,밀도,밀도 뉴코아강남점,폐기,유통기한초과(폐기),간식빵,101451,허니러스크,4,5200,20800
2026-07-18,밀도,밀도 뉴코아강남점,폐기,유통기한초과(폐기),간식빵,102587,밀도맘모스,4,6200,24800
2026-07-18,밀도,밀도 뉴코아강남점,폐기,유통기한초과(폐기),간식빵,102976,앙버터허니러스크,2,6200,12400
2026-07-18,밀도,밀도 뉴코아강남점,폐기,유통기한초과(폐기),간식빵,103704,크림치즈포테이토,5,4200,21000
2026-07-18,밀도,밀도 뉴코아강남점,폐기,유통기한초과(폐기),간식빵,103828,상하소시지 갈릭러스크,2,5200,10400
2026-07-18,밀도,밀도 뉴코아강남점,폐기,유통기한초과(폐기),디저트,102978,상하카라멜푸딩,1,5200,5200
2026-07-18,밀도,밀도 뉴코아강남점,폐기,유통기한초과(폐기),식빵,102684,튼튼고양식빵,1,6900,6900
2026-07-18,밀도,밀도 뉴코아강남점,폐기,유통기한초과(폐기),식빵,103814,얼룩 고양 식빵,1,7500,7500
2026-07-18,밀도,밀도 뉴코아강남점,폐기,유통기한초과(폐기),소금빵,102778,앙버터소금빵,5,4800,24000
2026-07-18,밀도,밀도 뉴코아강남점,폐기,유통기한초과(폐기),소금빵,102844,the부드러운소금빵,12,3600,43200
2026-07-18,밀도,밀도 롯데노원점,폐기,유통기한초과(폐기),간식빵,101451,허니러스크,2,5200,10400
2026-07-18,밀도,밀도 롯데노원점,폐기,유통기한초과(폐기),디저트,103569,상하초콜릿푸딩,2,5500,11000
2026-07-18,밀도,밀도 롯데노원점,폐기,유통기한초과(폐기),소금빵,102844,the부드러운소금빵,1,3600,3600
2026-07-19,밀도,밀도 성수점,폐기,유통기한초과(폐기),간식빵,100625,큐브시나몬,1,3800,3800
2026-07-19,밀도,밀도 성수점,폐기,유통기한초과(폐기),간식빵,103704,크림치즈포테이토,1,4200,4200
2026-07-19,밀도,밀도 성수점,폐기,유통기한초과(폐기),간식빵,103766,누텔라로쉐큐브식빵,1,5200,5200
2026-07-19,밀도,밀도 성수점,폐기,유통기한초과(폐기),건강빵,103574,무화과오트통밀100,3,5500,16500
2026-07-19,밀도,밀도 성수점,폐기,유통기한초과(폐기),건강빵,103575,단호박고구마통밀(whole),4,5500,22000
2026-07-19,밀도,밀도 성수점,폐기,유통기한초과(폐기),소금빵,102778,앙버터소금빵,1,4800,4800
2026-07-19,밀도,밀도 성수점,폐기,유통기한초과(폐기),소금빵,102844,the부드러운소금빵,1,3600,3600
2026-07-19,밀도,밀도 정자점,폐기,유통기한초과(폐기),간식빵,101451,허니러스크,1,5200,5200
2026-07-19,밀도,밀도 정자점,폐기,유통기한초과(폐기),간식빵,102587,밀도맘모스,1,6200,6200
2026-07-19,밀도,밀도 정자점,폐기,유통기한초과(폐기),시그니처샌드,102272,땅콩크림샌드,3,5800,17400
2026-07-19,밀도,밀도 정자점,폐기,유통기한초과(폐기),미니식빵,103663,밤완두바브카,1,7200,7200
2026-07-19,밀도,밀도 정자점,폐기,유통기한초과(폐기),미니식빵,103824,리치 모카빵,3,6900,20700
2026-07-19,밀도,밀도 정자점,폐기,유통기한초과(폐기),스콘,101119,레몬스콘,1,3800,3800
2026-07-19,밀도,밀도 한티점,폐기,유통기한초과(폐기),간식빵,100010,큐브커스터드,1,4700,4700
2026-07-19,밀도,밀도 한티점,폐기,유통기한초과(폐기),간식빵,100625,큐브시나몬,4,3800,15200
2026-07-19,밀도,밀도 한티점,폐기,유통기한초과(폐기),간식빵,101327,큐브소보로,1,3800,3800
2026-07-19,밀도,밀도 한티점,폐기,유통기한초과(폐기),간식빵,101957,초코허니러스크,2,5800,11600
2026-07-19,밀도,밀도 한티점,폐기,유통기한초과(폐기),간식빵,103704,크림치즈포테이토,5,4200,21000
2026-07-19,밀도,밀도 한티점,폐기,유통기한초과(폐기),간식빵,103828,상하소시지 갈릭러스크,3,5200,15600
2026-07-19,밀도,밀도 한티점,폐기,유통기한초과(폐기),샌드위치,103805,아이올리베이컨토마토샌드위치,2,8900,17800
2026-07-19,밀도,밀도 옥수점,폐기,유통기한초과(폐기),식빵,102338,통팥앙식빵,5,3900,19500
2026-07-19,밀도,밀도 옥수점,폐기,유통기한초과(폐기),미니식빵,103663,밤완두바브카,3,7200,21600
2026-07-19,밀도,밀도 옥수점,폐기,유통기한초과(폐기),모닝롤,102683,모닝롤,2,3800,7600
2026-07-19,밀도,밀도 옥수점,폐기,유통기한초과(폐기),소금빵,102778,앙버터소금빵,3,4800,14400
2026-07-19,밀도,밀도 옥수점,폐기,유통기한초과(폐기),소금빵,102844,the부드러운소금빵,2,3600,7200
2026-07-19,밀도,밀도 광장점,폐기,유통기한초과(폐기),시그니처샌드,102272,땅콩크림샌드,2,5800,11600
2026-07-19,밀도,밀도 알토점,폐기,유통기한초과(폐기),간식빵,100010,큐브커스터드,1,4700,4700
2026-07-19,밀도,밀도 알토점,폐기,유통기한초과(폐기),간식빵,100625,큐브시나몬,4,3800,15200
2026-07-19,밀도,밀도 알토점,폐기,유통기한초과(폐기),간식빵,101327,큐브소보로,1,3800,3800
2026-07-19,밀도,밀도 알토점,폐기,유통기한초과(폐기),간식빵,103828,상하소시지 갈릭러스크,4,5200,20800
2026-07-19,밀도,밀도 알토점,폐기,유통기한초과(폐기),샌드위치,103286,에그마요 소금빵,2,5200,10400
2026-07-19,밀도,밀도 알토점,폐기,유통기한초과(폐기),샌드위치,103805,아이올리베이컨토마토샌드위치,5,8900,44500
2026-07-19,밀도,밀도 알토점,폐기,유통기한초과(폐기),샌드위치,103806,바질치폴레닭가슴살샌드위치,6,8900,53400
2026-07-19,밀도,밀도 알토점,폐기,유통기한초과(폐기),식빵,102966,달밤식빵,3,8900,26700
2026-07-19,밀도,밀도 알토점,폐기,유통기한초과(폐기),식빵,103814,얼룩 고양 식빵,1,7500,7500
2026-07-19,밀도,밀도 알토점,폐기,유통기한초과(폐기),미니식빵,103663,밤완두바브카,3,7200,21600
2026-07-19,밀도,밀도 알토점,폐기,유통기한초과(폐기),스콘,101119,레몬스콘,2,3800,7600
2026-07-19,밀도,밀도 알토점,폐기,유통기한초과(폐기),스콘,102977,리코타사워크림스콘,2,4200,8400
2026-07-19,밀도,밀도 알토점,폐기,유통기한초과(폐기),소금빵,102778,앙버터소금빵,2,4800,9600
2026-07-19,밀도,밀도 알토점,폐기,유통기한초과(폐기),소금빵,102844,the부드러운소금빵,6,3600,21600
2026-07-19,밀도,밀도 광교점,폐기,유통기한초과(폐기),간식빵,103828,상하소시지 갈릭러스크,2,5200,10400
2026-07-19,밀도,밀도 광교점,폐기,유통기한초과(폐기),페이스트리,103769,고창고구마데니쉬,2,4600,9200
2026-07-19,밀도,밀도 광교점,폐기,유통기한초과(폐기),샌드위치,103806,바질치폴레닭가슴살샌드위치,1,8900,8900
2026-07-19,밀도,밀도 광교점,폐기,유통기한초과(폐기),식빵,102684,튼튼고양식빵,8,6900,55200
2026-07-19,밀도,밀도 광교점,폐기,유통기한초과(폐기),미니식빵,103824,리치 모카빵,1,6900,6900
2026-07-19,밀도,밀도 광교점,폐기,유통기한초과(폐기),스콘,101119,레몬스콘,6,3800,22800
2026-07-19,밀도,밀도 광교점,폐기,유통기한초과(폐기),스콘,102977,리코타사워크림스콘,1,4200,4200
2026-07-19,밀도,밀도 강남점,폐기,유통기한초과(폐기),간식빵,100010,큐브커스터드,3,4700,14100
2026-07-19,밀도,밀도 강남점,폐기,유통기한초과(폐기),간식빵,100625,큐브시나몬,4,3800,15200
2026-07-19,밀도,밀도 강남점,폐기,유통기한초과(폐기),간식빵,101327,큐브소보로,1,3800,3800
2026-07-19,밀도,밀도 강남점,폐기,유통기한초과(폐기),간식빵,101451,허니러스크,2,5200,10400
2026-07-19,밀도,밀도 강남점,폐기,유통기한초과(폐기),간식빵,101858,밀도단팥빵,5,3800,19000
2026-07-19,밀도,밀도 강남점,폐기,유통기한초과(폐기),간식빵,101957,초코허니러스크,3,5800,17400
2026-07-19,밀도,밀도 강남점,폐기,유통기한초과(폐기),간식빵,103828,상하소시지 갈릭러스크,1,5200,5200
2026-07-19,밀도,밀도 강남점,폐기,유통기한초과(폐기),시그니처샌드,102272,땅콩크림샌드,2,5800,11600
2026-07-19,밀도,밀도 강남점,폐기,유통기한초과(폐기),샌드위치,103805,아이올리베이컨토마토샌드위치,3,8900,26700
2026-07-19,밀도,밀도 강남점,폐기,유통기한초과(폐기),샌드위치,103806,바질치폴레닭가슴살샌드위치,2,8900,17800
2026-07-19,밀도,밀도 강남점,폐기,유통기한초과(폐기),미니식빵,103663,밤완두바브카,1,7200,7200
2026-07-19,밀도,밀도 강남점,폐기,유통기한초과(폐기),미니식빵,103824,리치 모카빵,2,6900,13800
2026-07-19,밀도,밀도 강남점,폐기,유통기한초과(폐기),미니식빵,103827,촉촉연유브래드,3,6900,20700
2026-07-19,밀도,밀도 고양점,폐기,유통기한초과(폐기),간식빵,102587,밀도맘모스,2,6200,12400
2026-07-19,밀도,밀도 고양점,폐기,유통기한초과(폐기),샌드위치,103805,아이올리베이컨토마토샌드위치,1,8900,8900
2026-07-19,밀도,밀도 고양점,폐기,유통기한초과(폐기),건강빵,103575,단호박고구마통밀(whole),6,5500,33000
2026-07-19,밀도,밀도 잠실점,폐기,불량(폐기),간식빵,101327,큐브소보로,2,3800,7600
2026-07-19,밀도,밀도 잠실점,폐기,불량(폐기),간식빵,101858,밀도단팥빵,11,3800,41800
2026-07-19,밀도,밀도 잠실점,폐기,불량(폐기),건강빵,102983,촉촉감자치아바타,2,4800,9600
2026-07-19,밀도,밀도 잠실점,폐기,유통기한초과(폐기),간식빵,102975,석촌호수맘모스,4,6200,24800
2026-07-19,밀도,밀도 잠실점,폐기,유통기한초과(폐기),간식빵,103704,크림치즈포테이토,4,4200,16800
2026-07-19,밀도,밀도 잠실점,폐기,유통기한초과(폐기),간식빵,103828,상하소시지 갈릭러스크,7,5200,36400
2026-07-19,밀도,밀도 압구정현대점,폐기,유통기한초과(폐기),간식빵,101327,큐브소보로,1,3800,3800
2026-07-19,밀도,밀도 압구정현대점,폐기,유통기한초과(폐기),간식빵,103704,크림치즈포테이토,1,4200,4200
2026-07-19,밀도,밀도 압구정현대점,폐기,유통기한초과(폐기),식빵,100003,담백식빵,4,7800,31200
2026-07-19,밀도,밀도 압구정현대점,폐기,유통기한초과(폐기),식빵,100004,리치식빵,2,8400,16800
2026-07-19,밀도,밀도 압구정현대점,폐기,유통기한초과(폐기),식빵,102321,담백식빵Half,1,4500,4500
2026-07-19,밀도,밀도 압구정현대점,폐기,유통기한초과(폐기),식빵,102684,튼튼고양식빵,1,6900,6900
2026-07-19,밀도,밀도 압구정현대점,폐기,유통기한초과(폐기),미니식빵,103764,누텔라바브카,1,7800,7800
2026-07-19,밀도,밀도 압구정현대점,폐기,유통기한초과(폐기),스콘,101119,레몬스콘,1,3800,3800
2026-07-19,밀도,밀도 압구정현대점,폐기,유통기한초과(폐기),소금빵,102844,the부드러운소금빵,3,3600,10800
2026-07-19,밀도,밀도 뉴코아강남점,폐기,유통기한초과(폐기),간식빵,101451,허니러스크,10,5200,52000
2026-07-19,밀도,밀도 뉴코아강남점,폐기,유통기한초과(폐기),간식빵,102976,앙버터허니러스크,1,6200,6200
2026-07-19,밀도,밀도 뉴코아강남점,폐기,유통기한초과(폐기),간식빵,103828,상하소시지 갈릭러스크,5,5200,26000
2026-07-19,밀도,밀도 뉴코아강남점,폐기,유통기한초과(폐기),소금빵,102844,the부드러운소금빵,1,3600,3600
2026-07-19,밀도,밀도 롯데노원점,폐기,파손(폐기),스콘,101119,레몬스콘,2,3800,7600
2026-07-19,밀도,밀도 롯데노원점,폐기,유통기한초과(폐기),간식빵,101327,큐브소보로,3,3800,11400
2026-07-19,밀도,밀도 롯데노원점,폐기,유통기한초과(폐기),간식빵,101451,허니러스크,4,5200,20800
2026-07-19,밀도,밀도 롯데노원점,폐기,유통기한초과(폐기),간식빵,103828,상하소시지 갈릭러스크,3,5200,15600
2026-07-19,밀도,밀도 롯데노원점,폐기,유통기한초과(폐기),페이스트리,103768,애플시나몬크림치즈데니쉬,4,4900,19600
2026-07-19,밀도,밀도 롯데노원점,폐기,유통기한초과(폐기),페이스트리,103769,고창고구마데니쉬,2,4600,9200
2026-07-19,밀도,밀도 롯데노원점,폐기,유통기한초과(폐기),디저트,103569,상하초콜릿푸딩,2,5500,11000
2026-07-19,밀도,밀도 롯데노원점,폐기,유통기한초과(폐기),샌드위치,103806,바질치폴레닭가슴살샌드위치,6,8900,53400
2026-07-19,밀도,밀도 롯데노원점,폐기,유통기한초과(폐기),식빵,102684,튼튼고양식빵,6,6900,41400
2026-07-19,밀도,밀도 롯데노원점,폐기,유통기한초과(폐기),식빵,102966,달밤식빵,12,8900,106800
2026-07-19,밀도,밀도 롯데노원점,폐기,유통기한초과(폐기),미니식빵,103824,리치 모카빵,3,6900,20700
2026-07-19,밀도,밀도 롯데노원점,폐기,유통기한초과(폐기),건강빵,103571,올리브치즈치아바타,3,5200,15600
2026-07-19,밀도,밀도 롯데노원점,폐기,유통기한초과(폐기),건강빵,103575,단호박고구마통밀(whole),1,5500,5500
2026-07-19,밀도,밀도 롯데노원점,폐기,유통기한초과(폐기),소금빵,102778,앙버터소금빵,1,4800,4800
2026-07-20,밀도,밀도 성수점,폐기,유통기한초과(폐기),간식빵,101858,밀도단팥빵,5,3800,19000
2026-07-20,밀도,밀도 성수점,폐기,유통기한초과(폐기),간식빵,103704,크림치즈포테이토,2,4200,8400
2026-07-20,밀도,밀도 성수점,폐기,유통기한초과(폐기),페이스트리,103768,애플시나몬크림치즈데니쉬,2,4900,9800
2026-07-20,밀도,밀도 성수점,폐기,유통기한초과(폐기),샌드위치,103286,에그마요 소금빵,2,5200,10400
2026-07-20,밀도,밀도 성수점,폐기,유통기한초과(폐기),미니식빵,103395,게랑드소금식빵,1,7200,7200
2026-07-20,밀도,밀도 성수점,폐기,유통기한초과(폐기),미니식빵,103824,리치 모카빵,1,6900,6900
2026-07-20,밀도,밀도 성수점,폐기,유통기한초과(폐기),건강빵,102983,촉촉감자치아바타,5,4800,24000
2026-07-20,밀도,밀도 성수점,폐기,유통기한초과(폐기),건강빵,103574,무화과오트통밀100,6,5500,33000
2026-07-20,밀도,밀도 성수점,폐기,유통기한초과(폐기),건강빵,103575,단호박고구마통밀(whole),3,5500,16500
2026-07-20,밀도,밀도 정자점,폐기,유통기한초과(폐기),간식빵,101451,허니러스크,2,5200,10400
2026-07-20,밀도,밀도 정자점,폐기,유통기한초과(폐기),간식빵,101858,밀도단팥빵,1,3800,3800
2026-07-20,밀도,밀도 정자점,폐기,유통기한초과(폐기),스콘,101119,레몬스콘,1,3800,3800
2026-07-20,밀도,밀도 한티점,폐기,유통기한초과(폐기),간식빵,103704,크림치즈포테이토,4,4200,16800
2026-07-20,밀도,밀도 한티점,폐기,유통기한초과(폐기),간식빵,103828,상하소시지 갈릭러스크,5,5200,26000
2026-07-20,밀도,밀도 한티점,폐기,유통기한초과(폐기),샌드위치,103807,잠봉에멘탈크로와상샌드위치,1,7900,7900
2026-07-20,밀도,밀도 옥수점,폐기,유통기한초과(폐기),시그니처샌드,102272,땅콩크림샌드,7,5800,40600
2026-07-20,밀도,밀도 옥수점,폐기,유통기한초과(폐기),식빵,103814,얼룩 고양 식빵,1,7500,7500
2026-07-20,밀도,밀도 알토점,폐기,유통기한초과(폐기),간식빵,101451,허니러스크,1,5200,5200
2026-07-20,밀도,밀도 알토점,폐기,유통기한초과(폐기),간식빵,103828,상하소시지 갈릭러스크,5,5200,26000
2026-07-20,밀도,밀도 알토점,폐기,유통기한초과(폐기),샌드위치,103807,잠봉에멘탈크로와상샌드위치,2,7900,15800
2026-07-20,밀도,밀도 알토점,폐기,유통기한초과(폐기),스콘,102977,리코타사워크림스콘,1,4200,4200
2026-07-20,밀도,밀도 광교점,폐기,유통기한초과(폐기),식빵,102684,튼튼고양식빵,9,6900,62100
2026-07-20,밀도,밀도 강남점,폐기,유통기한초과(폐기),간식빵,101451,허니러스크,1,5200,5200
2026-07-20,밀도,밀도 강남점,폐기,유통기한초과(폐기),간식빵,103704,크림치즈포테이토,2,4200,8400
2026-07-20,밀도,밀도 강남점,폐기,유통기한초과(폐기),샌드위치,103807,잠봉에멘탈크로와상샌드위치,1,7900,7900
2026-07-20,밀도,밀도 강남점,폐기,유통기한초과(폐기),식빵,102684,튼튼고양식빵,1,6900,6900
2026-07-20,밀도,밀도 강남점,폐기,유통기한초과(폐기),식빵,102966,달밤식빵,1,8900,8900
2026-07-20,밀도,밀도 고양점,폐기,유통기한초과(폐기),간식빵,103766,누텔라로쉐큐브식빵,2,5200,10400
2026-07-20,밀도,밀도 고양점,폐기,유통기한초과(폐기),간식빵,103828,상하소시지 갈릭러스크,1,5200,5200
2026-07-20,밀도,밀도 고양점,폐기,유통기한초과(폐기),페이스트리,103768,애플시나몬크림치즈데니쉬,1,4900,4900
2026-07-20,밀도,밀도 고양점,폐기,유통기한초과(폐기),페이스트리,103769,고창고구마데니쉬,2,4600,9200
2026-07-20,밀도,밀도 고양점,폐기,유통기한초과(폐기),미니식빵,103824,리치 모카빵,4,6900,27600
2026-07-20,밀도,밀도 고양점,폐기,유통기한초과(폐기),건강빵,103574,무화과오트통밀100,1,5500,5500
2026-07-20,밀도,밀도 고양점,폐기,유통기한초과(폐기),건강빵,103575,단호박고구마통밀(whole),2,5500,11000
2026-07-20,밀도,밀도 잠실점,폐기,불량(폐기),간식빵,101451,허니러스크,3,5200,15600
2026-07-20,밀도,밀도 잠실점,폐기,불량(폐기),간식빵,101858,밀도단팥빵,14,3800,53200
2026-07-20,밀도,밀도 잠실점,폐기,불량(폐기),미니식빵,103824,리치 모카빵,6,6900,41400
2026-07-20,밀도,밀도 잠실점,폐기,유통기한초과(폐기),간식빵,100010,큐브커스터드,5,4700,23500
2026-07-20,밀도,밀도 잠실점,폐기,유통기한초과(폐기),간식빵,103828,상하소시지 갈릭러스크,16,5200,83200
2026-07-20,밀도,밀도 잠실점,폐기,유통기한초과(폐기),페이스트리,103768,애플시나몬크림치즈데니쉬,9,4900,44100
2026-07-20,밀도,밀도 압구정현대점,폐기,유통기한초과(폐기),간식빵,101451,허니러스크,5,5200,26000
2026-07-20,밀도,밀도 압구정현대점,폐기,유통기한초과(폐기),간식빵,101858,밀도단팥빵,2,3800,7600
2026-07-20,밀도,밀도 압구정현대점,폐기,유통기한초과(폐기),간식빵,101957,초코허니러스크,4,5800,23200
2026-07-20,밀도,밀도 압구정현대점,폐기,유통기한초과(폐기),간식빵,102587,밀도맘모스,1,6200,6200
2026-07-20,밀도,밀도 압구정현대점,폐기,유통기한초과(폐기),간식빵,103704,크림치즈포테이토,2,4200,8400
2026-07-20,밀도,밀도 압구정현대점,폐기,유통기한초과(폐기),식빵,103644,더잡곡식빵리뉴얼,2,12800,25600
2026-07-20,밀도,밀도 압구정현대점,폐기,유통기한초과(폐기),미니식빵,103764,누텔라바브카,2,7800,15600
2026-07-20,밀도,밀도 압구정현대점,폐기,유통기한초과(폐기),건강빵,103574,무화과오트통밀100,1,5500,5500
2026-07-20,밀도,밀도 압구정현대점,폐기,유통기한초과(폐기),건강빵,103575,단호박고구마통밀(whole),1,5500,5500
2026-07-20,밀도,밀도 뉴코아강남점,폐기,유통기한초과(폐기),간식빵,100010,큐브커스터드,2,4700,9400
2026-07-20,밀도,밀도 뉴코아강남점,폐기,유통기한초과(폐기),간식빵,100625,큐브시나몬,1,3800,3800
2026-07-20,밀도,밀도 뉴코아강남점,폐기,유통기한초과(폐기),간식빵,101451,허니러스크,4,5200,20800
2026-07-20,밀도,밀도 뉴코아강남점,폐기,유통기한초과(폐기),간식빵,101957,초코허니러스크,3,5800,17400
2026-07-20,밀도,밀도 뉴코아강남점,폐기,유통기한초과(폐기),간식빵,102587,밀도맘모스,3,6200,18600
2026-07-20,밀도,밀도 뉴코아강남점,폐기,유통기한초과(폐기),간식빵,102976,앙버터허니러스크,2,6200,12400
2026-07-20,밀도,밀도 뉴코아강남점,폐기,유통기한초과(폐기),간식빵,103704,크림치즈포테이토,3,4200,12600
2026-07-20,밀도,밀도 뉴코아강남점,폐기,유통기한초과(폐기),간식빵,103828,상하소시지 갈릭러스크,1,5200,5200
2026-07-20,밀도,밀도 뉴코아강남점,폐기,유통기한초과(폐기),식빵,102684,튼튼고양식빵,1,6900,6900
2026-07-20,밀도,밀도 뉴코아강남점,폐기,유통기한초과(폐기),식빵,103814,얼룩 고양 식빵,1,7500,7500
2026-07-20,밀도,밀도 뉴코아강남점,폐기,유통기한초과(폐기),건강빵,102992,플레인로데브,1,7800,7800
2026-07-20,밀도,밀도 뉴코아강남점,폐기,유통기한초과(폐기),건강빵,102993,프룻로데브,4,7800,31200
2026-07-20,밀도,밀도 롯데노원점,폐기,불량(폐기),페이스트리,103769,고창고구마데니쉬,1,4600,4600
2026-07-20,밀도,밀도 롯데노원점,폐기,불량(폐기),쿠키 브라우니,103459,샤브레쿠키(2ea),1,2000,2000
2026-07-20,밀도,밀도 롯데노원점,폐기,유통기한초과(폐기),간식빵,100010,큐브커스터드,1,4700,4700
2026-07-20,밀도,밀도 롯데노원점,폐기,유통기한초과(폐기),간식빵,101451,허니러스크,3,5200,15600
2026-07-20,밀도,밀도 롯데노원점,폐기,유통기한초과(폐기),간식빵,101858,밀도단팥빵,1,3800,3800
2026-07-20,밀도,밀도 롯데노원점,폐기,유통기한초과(폐기),간식빵,103766,누텔라로쉐큐브식빵,1,5200,5200
2026-07-20,밀도,밀도 롯데노원점,폐기,유통기한초과(폐기),샌드위치,103027,블루베리잼 잠봉뵈르,1,8900,8900
2026-07-20,밀도,밀도 롯데노원점,폐기,유통기한초과(폐기),샌드위치,103286,에그마요 소금빵,2,5200,10400
2026-07-20,밀도,밀도 롯데노원점,폐기,유통기한초과(폐기),샌드위치,103807,잠봉에멘탈크로와상샌드위치,3,7900,23700
2026-07-20,밀도,밀도 롯데노원점,폐기,유통기한초과(폐기),식빵,103814,얼룩 고양 식빵,9,7500,67500
2026-07-20,밀도,밀도 롯데노원점,폐기,유통기한초과(폐기),건강빵,103578,불고기포카치아,1,5500,5500
2026-07-21,밀도,밀도 성수점,폐기,유통기한초과(폐기),간식빵,100625,큐브시나몬,1,3800,3800
2026-07-21,밀도,밀도 성수점,폐기,유통기한초과(폐기),간식빵,101327,큐브소보로,6,3800,22800
2026-07-21,밀도,밀도 성수점,폐기,유통기한초과(폐기),간식빵,101451,허니러스크,4,5200,20800
2026-07-21,밀도,밀도 성수점,폐기,유통기한초과(폐기),간식빵,102587,밀도맘모스,2,6200,12400
2026-07-21,밀도,밀도 성수점,폐기,유통기한초과(폐기),간식빵,103828,상하소시지 갈릭러스크,1,5200,5200
2026-07-21,밀도,밀도 성수점,폐기,유통기한초과(폐기),미니식빵,103663,밤완두바브카,2,7200,14400
2026-07-21,밀도,밀도 성수점,폐기,유통기한초과(폐기),미니식빵,103764,누텔라바브카,2,7800,15600
2026-07-21,밀도,밀도 성수점,폐기,유통기한초과(폐기),미니식빵,103824,리치 모카빵,3,6900,20700
2026-07-21,밀도,밀도 성수점,폐기,유통기한초과(폐기),미니식빵,103827,촉촉연유브래드,3,6900,20700
2026-07-21,밀도,밀도 성수점,폐기,유통기한초과(폐기),건강빵,103574,무화과오트통밀100,4,5500,22000
2026-07-21,밀도,밀도 성수점,폐기,유통기한초과(폐기),건강빵,103575,단호박고구마통밀(whole),2,5500,11000
2026-07-21,밀도,밀도 성수점,폐기,유통기한초과(폐기),스콘,101119,레몬스콘,1,3800,3800
2026-07-21,밀도,밀도 성수점,폐기,유통기한초과(폐기),스콘,102977,리코타사워크림스콘,1,4200,4200
2026-07-21,밀도,밀도 성수점,폐기,유통기한초과(폐기),소금빵,102778,앙버터소금빵,3,4800,14400
2026-07-21,밀도,밀도 정자점,폐기,유통기한초과(폐기),간식빵,101327,큐브소보로,1,3800,3800
2026-07-21,밀도,밀도 정자점,폐기,유통기한초과(폐기),간식빵,101957,초코허니러스크,1,5800,5800
2026-07-21,밀도,밀도 정자점,폐기,유통기한초과(폐기),간식빵,102587,밀도맘모스,1,6200,6200
2026-07-21,밀도,밀도 정자점,폐기,유통기한초과(폐기),식빵,103814,얼룩 고양 식빵,1,7500,7500
2026-07-21,밀도,밀도 한티점,폐기,유통기한초과(폐기),간식빵,103704,크림치즈포테이토,4,4200,16800
2026-07-21,밀도,밀도 한티점,폐기,유통기한초과(폐기),페이스트리,103769,고창고구마데니쉬,3,4600,13800
2026-07-21,밀도,밀도 한티점,폐기,유통기한초과(폐기),미니식빵,103824,리치 모카빵,2,6900,13800
2026-07-21,밀도,밀도 한티점,폐기,유통기한초과(폐기),스콘,102977,리코타사워크림스콘,3,4200,12600
2026-07-21,밀도,밀도 옥수점,폐기,유통기한초과(폐기),시그니처샌드,102272,땅콩크림샌드,3,5800,17400
2026-07-21,밀도,밀도 옥수점,폐기,유통기한초과(폐기),식빵,102335,호밀잡곡식빵,2,6500,13000
2026-07-21,밀도,밀도 옥수점,폐기,유통기한초과(폐기),식빵,102338,통팥앙식빵,2,3900,7800
2026-07-21,밀도,밀도 옥수점,폐기,유통기한초과(폐기),식빵,103814,얼룩 고양 식빵,1,7500,7500
2026-07-21,밀도,밀도 광교점,폐기,유통기한초과(폐기),페이스트리,103769,고창고구마데니쉬,2,4600,9200
2026-07-21,밀도,밀도 광교점,폐기,유통기한초과(폐기),샌드위치,103807,잠봉에멘탈크로와상샌드위치,2,7900,15800
2026-07-21,밀도,밀도 광교점,폐기,유통기한초과(폐기),식빵,100003,담백식빵,2,7800,15600
2026-07-21,밀도,밀도 광교점,폐기,유통기한초과(폐기),식빵,102335,호밀잡곡식빵,2,6500,13000
2026-07-21,밀도,밀도 광교점,폐기,유통기한초과(폐기),식빵,102684,튼튼고양식빵,4,6900,27600
2026-07-21,밀도,밀도 광교점,폐기,유통기한초과(폐기),미니식빵,103824,리치 모카빵,2,6900,13800
2026-07-21,밀도,밀도 광교점,폐기,유통기한초과(폐기),미니식빵,103827,촉촉연유브래드,1,6900,6900
2026-07-21,밀도,밀도 광교점,폐기,유통기한초과(폐기),건강빵,102983,촉촉감자치아바타,1,4800,4800
2026-07-21,밀도,밀도 광교점,폐기,유통기한초과(폐기),모닝롤,102683,모닝롤,1,3800,3800
2026-07-21,밀도,밀도 광교점,폐기,유통기한초과(폐기),소금빵,102778,앙버터소금빵,3,4800,14400
2026-07-21,밀도,밀도 강남점,폐기,유통기한초과(폐기),간식빵,101327,큐브소보로,3,3800,11400
2026-07-21,밀도,밀도 강남점,폐기,유통기한초과(폐기),간식빵,101451,허니러스크,2,5200,10400
2026-07-21,밀도,밀도 강남점,폐기,유통기한초과(폐기),시그니처샌드,102272,땅콩크림샌드,2,5800,11600
2026-07-21,밀도,밀도 강남점,폐기,유통기한초과(폐기),식빵,102684,튼튼고양식빵,6,6900,41400
2026-07-21,밀도,밀도 강남점,폐기,유통기한초과(폐기),식빵,103814,얼룩 고양 식빵,2,7500,15000
2026-07-21,밀도,밀도 강남점,폐기,유통기한초과(폐기),미니식빵,103663,밤완두바브카,1,7200,7200
2026-07-21,밀도,밀도 고양점,폐기,유통기한초과(폐기),간식빵,101327,큐브소보로,1,3800,3800
2026-07-21,밀도,밀도 고양점,폐기,유통기한초과(폐기),간식빵,101858,밀도단팥빵,5,3800,19000
2026-07-21,밀도,밀도 고양점,폐기,유통기한초과(폐기),간식빵,103766,누텔라로쉐큐브식빵,4,5200,20800
2026-07-21,밀도,밀도 고양점,폐기,유통기한초과(폐기),간식빵,103828,상하소시지 갈릭러스크,1,5200,5200
2026-07-21,밀도,밀도 고양점,폐기,유통기한초과(폐기),미니식빵,103764,누텔라바브카,2,7800,15600
2026-07-21,밀도,밀도 고양점,폐기,유통기한초과(폐기),건강빵,103575,단호박고구마통밀(whole),2,5500,11000
2026-07-21,밀도,밀도 잠실점,폐기,유통기한초과(폐기),간식빵,100010,큐브커스터드,1,4700,4700
2026-07-21,밀도,밀도 잠실점,폐기,유통기한초과(폐기),간식빵,103704,크림치즈포테이토,1,4200,4200
2026-07-21,밀도,밀도 잠실점,폐기,유통기한초과(폐기),간식빵,103828,상하소시지 갈릭러스크,8,5200,41600
2026-07-21,밀도,밀도 잠실점,폐기,유통기한초과(폐기),페이스트리,103768,애플시나몬크림치즈데니쉬,6,4900,29400
2026-07-21,밀도,밀도 잠실점,폐기,유통기한초과(폐기),건강빵,103574,무화과오트통밀100,1,5500,5500
2026-07-21,밀도,밀도 압구정현대점,폐기,유통기한초과(폐기),간식빵,101327,큐브소보로,1,3800,3800
2026-07-21,밀도,밀도 압구정현대점,폐기,유통기한초과(폐기),간식빵,101858,밀도단팥빵,2,3800,7600
2026-07-21,밀도,밀도 압구정현대점,폐기,유통기한초과(폐기),간식빵,102587,밀도맘모스,1,6200,6200
2026-07-21,밀도,밀도 압구정현대점,폐기,유통기한초과(폐기),페이스트리,103768,애플시나몬크림치즈데니쉬,2,4900,9800
2026-07-21,밀도,밀도 압구정현대점,폐기,유통기한초과(폐기),식빵,102322,리치식빵Half,1,4800,4800
2026-07-21,밀도,밀도 압구정현대점,폐기,유통기한초과(폐기),식빵,102338,통팥앙식빵,1,3900,3900
2026-07-21,밀도,밀도 압구정현대점,폐기,유통기한초과(폐기),식빵,102684,튼튼고양식빵,8,6900,55200
2026-07-21,밀도,밀도 압구정현대점,폐기,유통기한초과(폐기),식빵,102966,달밤식빵,1,8900,8900
2026-07-21,밀도,밀도 압구정현대점,폐기,유통기한초과(폐기),미니식빵,103663,밤완두바브카,1,7200,7200
2026-07-21,밀도,밀도 압구정현대점,폐기,유통기한초과(폐기),건강빵,103574,무화과오트통밀100,1,5500,5500
2026-07-21,밀도,밀도 압구정현대점,폐기,유통기한초과(폐기),스콘,102977,리코타사워크림스콘,1,4200,4200
2026-07-21,밀도,밀도 압구정현대점,폐기,유통기한초과(폐기),소금빵,102778,앙버터소금빵,2,4800,9600
2026-07-21,밀도,밀도 압구정현대점,폐기,유통기한초과(폐기),소금빵,102844,the부드러운소금빵,5,3600,18000
2026-07-21,밀도,밀도 뉴코아강남점,폐기,유통기한초과(폐기),간식빵,100010,큐브커스터드,4,4700,18800
2026-07-21,밀도,밀도 뉴코아강남점,폐기,유통기한초과(폐기),간식빵,101327,큐브소보로,2,3800,7600
2026-07-21,밀도,밀도 뉴코아강남점,폐기,유통기한초과(폐기),간식빵,101451,허니러스크,2,5200,10400
2026-07-21,밀도,밀도 뉴코아강남점,폐기,유통기한초과(폐기),간식빵,101858,밀도단팥빵,1,3800,3800
2026-07-21,밀도,밀도 뉴코아강남점,폐기,유통기한초과(폐기),간식빵,101957,초코허니러스크,1,5800,5800
2026-07-21,밀도,밀도 뉴코아강남점,폐기,유통기한초과(폐기),간식빵,102587,밀도맘모스,2,6200,12400
2026-07-21,밀도,밀도 뉴코아강남점,폐기,유통기한초과(폐기),간식빵,102976,앙버터허니러스크,3,6200,18600
2026-07-21,밀도,밀도 뉴코아강남점,폐기,유통기한초과(폐기),간식빵,103704,크림치즈포테이토,3,4200,12600
2026-07-21,밀도,밀도 뉴코아강남점,폐기,유통기한초과(폐기),페이스트리,103769,고창고구마데니쉬,1,4600,4600
2026-07-21,밀도,밀도 뉴코아강남점,폐기,유통기한초과(폐기),샌드위치,103286,에그마요 소금빵,2,5200,10400
2026-07-21,밀도,밀도 뉴코아강남점,폐기,유통기한초과(폐기),미니식빵,103824,리치 모카빵,1,6900,6900
2026-07-21,밀도,밀도 뉴코아강남점,폐기,유통기한초과(폐기),건강빵,103574,무화과오트통밀100,3,5500,16500
2026-07-21,밀도,밀도 롯데노원점,폐기,유통기한초과(폐기),간식빵,101327,큐브소보로,1,3800,3800
2026-07-21,밀도,밀도 롯데노원점,폐기,유통기한초과(폐기),간식빵,101451,허니러스크,8,5200,41600
2026-07-21,밀도,밀도 롯데노원점,폐기,유통기한초과(폐기),간식빵,103704,크림치즈포테이토,1,4200,4200
2026-07-21,밀도,밀도 롯데노원점,폐기,유통기한초과(폐기),간식빵,103766,누텔라로쉐큐브식빵,2,5200,10400
2026-07-21,밀도,밀도 롯데노원점,폐기,유통기한초과(폐기),간식빵,103828,상하소시지 갈릭러스크,1,5200,5200
2026-07-21,밀도,밀도 롯데노원점,폐기,유통기한초과(폐기),샌드위치,103027,블루베리잼 잠봉뵈르,3,8900,26700
2026-07-21,밀도,밀도 롯데노원점,폐기,유통기한초과(폐기),샌드위치,103286,에그마요 소금빵,3,5200,15600
2026-07-21,밀도,밀도 롯데노원점,폐기,유통기한초과(폐기),샌드위치,103807,잠봉에멘탈크로와상샌드위치,2,7900,15800
2026-07-21,밀도,밀도 롯데노원점,폐기,유통기한초과(폐기),식빵,102966,달밤식빵,9,8900,80100
2026-07-21,밀도,밀도 롯데노원점,폐기,유통기한초과(폐기),식빵,103814,얼룩 고양 식빵,5,7500,37500
2026-07-21,밀도,밀도 롯데노원점,폐기,유통기한초과(폐기),건강빵,103578,불고기포카치아,1,5500,5500
2026-07-21,밀도,밀도 롯데노원점,폐기,유통기한초과(폐기),소금빵,102844,the부드러운소금빵,2,3600,7200
2026-07-22,밀도,밀도 성수점,폐기,유통기한초과(폐기),간식빵,101327,큐브소보로,1,3800,3800
2026-07-22,밀도,밀도 성수점,폐기,유통기한초과(폐기),간식빵,101858,밀도단팥빵,4,3800,15200
2026-07-22,밀도,밀도 성수점,폐기,유통기한초과(폐기),간식빵,102587,밀도맘모스,1,6200,6200
2026-07-22,밀도,밀도 성수점,폐기,유통기한초과(폐기),간식빵,103704,크림치즈포테이토,3,4200,12600
2026-07-22,밀도,밀도 성수점,폐기,유통기한초과(폐기),간식빵,103766,누텔라로쉐큐브식빵,2,5200,10400
2026-07-22,밀도,밀도 성수점,폐기,유통기한초과(폐기),페이스트리,103769,고창고구마데니쉬,3,4600,13800
2026-07-22,밀도,밀도 성수점,폐기,유통기한초과(폐기),샌드위치,103807,잠봉에멘탈크로와상샌드위치,1,7900,7900
2026-07-22,밀도,밀도 성수점,폐기,유통기한초과(폐기),식빵,102335,호밀잡곡식빵,2,6500,13000
2026-07-22,밀도,밀도 성수점,폐기,유통기한초과(폐기),미니식빵,103395,게랑드소금식빵,1,7200,7200
2026-07-22,밀도,밀도 성수점,폐기,유통기한초과(폐기),미니식빵,103764,누텔라바브카,2,7800,15600
2026-07-22,밀도,밀도 성수점,폐기,유통기한초과(폐기),미니식빵,103824,리치 모카빵,2,6900,13800
2026-07-22,밀도,밀도 성수점,폐기,유통기한초과(폐기),건강빵,102983,촉촉감자치아바타,2,4800,9600
2026-07-22,밀도,밀도 정자점,폐기,유통기한초과(폐기),식빵,102338,통팥앙식빵,3,3900,11700
2026-07-22,밀도,밀도 정자점,폐기,유통기한초과(폐기),식빵,103814,얼룩 고양 식빵,3,7500,22500
2026-07-22,밀도,밀도 한티점,폐기,유통기한초과(폐기),간식빵,101957,초코허니러스크,1,5800,5800
2026-07-22,밀도,밀도 한티점,폐기,유통기한초과(폐기),간식빵,103828,상하소시지 갈릭러스크,3,5200,15600
2026-07-22,밀도,밀도 한티점,폐기,유통기한초과(폐기),식빵,102338,통팥앙식빵,1,3900,3900
2026-07-22,밀도,밀도 한티점,폐기,유통기한초과(폐기),스콘,102977,리코타사워크림스콘,1,4200,4200
2026-07-22,밀도,밀도 옥수점,폐기,유통기한초과(폐기),간식빵,103704,크림치즈포테이토,1,4200,4200
2026-07-22,밀도,밀도 옥수점,폐기,유통기한초과(폐기),식빵,102335,호밀잡곡식빵,5,6500,32500
2026-07-22,밀도,밀도 옥수점,폐기,유통기한초과(폐기),식빵,102338,통팥앙식빵,1,3900,3900
2026-07-22,밀도,밀도 광장점,폐기,유통기한초과(폐기),간식빵,101327,큐브소보로,1,3800,3800
2026-07-22,밀도,밀도 광장점,폐기,유통기한초과(폐기),간식빵,102587,밀도맘모스,4,6200,24800
2026-07-22,밀도,밀도 광장점,폐기,유통기한초과(폐기),샌드위치,103807,잠봉에멘탈크로와상샌드위치,1,7900,7900
2026-07-22,밀도,밀도 광장점,폐기,유통기한초과(폐기),식빵,103814,얼룩 고양 식빵,3,7500,22500
2026-07-22,밀도,밀도 광교점,폐기,유통기한초과(폐기),간식빵,101858,밀도단팥빵,4,3800,15200
2026-07-22,밀도,밀도 광교점,폐기,유통기한초과(폐기),페이스트리,103768,애플시나몬크림치즈데니쉬,2,4900,9800
2026-07-22,밀도,밀도 광교점,폐기,유통기한초과(폐기),시그니처샌드,102272,땅콩크림샌드,2,5800,11600
2026-07-22,밀도,밀도 광교점,폐기,유통기한초과(폐기),식빵,100004,리치식빵,3,8400,25200
2026-07-22,밀도,밀도 광교점,폐기,유통기한초과(폐기),식빵,102335,호밀잡곡식빵,3,6500,19500
2026-07-22,밀도,밀도 광교점,폐기,유통기한초과(폐기),식빵,102684,튼튼고양식빵,12,6900,82800
2026-07-22,밀도,밀도 광교점,폐기,유통기한초과(폐기),식빵,103814,얼룩 고양 식빵,2,7500,15000
2026-07-22,밀도,밀도 광교점,폐기,유통기한초과(폐기),미니식빵,103824,리치 모카빵,5,6900,34500
2026-07-22,밀도,밀도 광교점,폐기,유통기한초과(폐기),건강빵,102983,촉촉감자치아바타,1,4800,4800
2026-07-22,밀도,밀도 광교점,폐기,유통기한초과(폐기),모닝롤,102683,모닝롤,4,3800,15200
2026-07-22,밀도,밀도 광교점,폐기,유통기한초과(폐기),스콘,102977,리코타사워크림스콘,1,4200,4200
2026-07-22,밀도,밀도 강남점,폐기,유통기한초과(폐기),간식빵,101451,허니러스크,3,5200,15600
2026-07-22,밀도,밀도 강남점,폐기,유통기한초과(폐기),간식빵,101858,밀도단팥빵,1,3800,3800
2026-07-22,밀도,밀도 강남점,폐기,유통기한초과(폐기),간식빵,103828,상하소시지 갈릭러스크,1,5200,5200
2026-07-22,밀도,밀도 강남점,폐기,유통기한초과(폐기),미니식빵,103663,밤완두바브카,2,7200,14400
2026-07-22,밀도,밀도 고양점,폐기,유통기한초과(폐기),페이스트리,103768,애플시나몬크림치즈데니쉬,1,4900,4900
2026-07-22,밀도,밀도 고양점,폐기,유통기한초과(폐기),건강빵,103574,무화과오트통밀100,1,5500,5500
2026-07-22,밀도,밀도 고양점,폐기,유통기한초과(폐기),건강빵,103575,단호박고구마통밀(whole),7,5500,38500
2026-07-22,밀도,밀도 경기점,폐기,유통기한초과(폐기),식빵,102684,튼튼고양식빵,3,6900,20700
2026-07-22,밀도,밀도 경기점,폐기,유통기한초과(폐기),식빵,103814,얼룩 고양 식빵,1,7500,7500
2026-07-22,밀도,밀도 잠실점,폐기,유통기한초과(폐기),간식빵,100010,큐브커스터드,2,4700,9400
2026-07-22,밀도,밀도 잠실점,폐기,유통기한초과(폐기),간식빵,103704,크림치즈포테이토,4,4200,16800
2026-07-22,밀도,밀도 잠실점,폐기,유통기한초과(폐기),간식빵,103766,누텔라로쉐큐브식빵,1,5200,5200
2026-07-22,밀도,밀도 잠실점,폐기,유통기한초과(폐기),간식빵,103828,상하소시지 갈릭러스크,3,5200,15600
2026-07-22,밀도,밀도 잠실점,폐기,유통기한초과(폐기),페이스트리,103768,애플시나몬크림치즈데니쉬,2,4900,9800
2026-07-22,밀도,밀도 잠실점,폐기,유통기한초과(폐기),샌드위치,103286,에그마요 소금빵,1,5200,5200
2026-07-22,밀도,밀도 잠실점,폐기,유통기한초과(폐기),샌드위치,103805,아이올리베이컨토마토샌드위치,1,8900,8900
2026-07-22,밀도,밀도 잠실점,폐기,유통기한초과(폐기),샌드위치,103806,바질치폴레닭가슴살샌드위치,2,8900,17800
2026-07-22,밀도,밀도 잠실점,폐기,유통기한초과(폐기),건강빵,103574,무화과오트통밀100,3,5500,16500
2026-07-22,밀도,밀도 잠실점,폐기,유통기한초과(폐기),소금빵,102844,the부드러운소금빵,3,3600,10800
2026-07-22,밀도,밀도 압구정현대점,폐기,유통기한초과(폐기),간식빵,100625,큐브시나몬,1,3800,3800
2026-07-22,밀도,밀도 압구정현대점,폐기,유통기한초과(폐기),간식빵,101327,큐브소보로,1,3800,3800
2026-07-22,밀도,밀도 압구정현대점,폐기,유통기한초과(폐기),간식빵,101451,허니러스크,3,5200,15600
2026-07-22,밀도,밀도 압구정현대점,폐기,유통기한초과(폐기),간식빵,101957,초코허니러스크,1,5800,5800
2026-07-22,밀도,밀도 압구정현대점,폐기,유통기한초과(폐기),간식빵,103704,크림치즈포테이토,1,4200,4200
2026-07-22,밀도,밀도 압구정현대점,폐기,유통기한초과(폐기),페이스트리,103768,애플시나몬크림치즈데니쉬,1,4900,4900
2026-07-22,밀도,밀도 압구정현대점,폐기,유통기한초과(폐기),페이스트리,103769,고창고구마데니쉬,1,4600,4600
2026-07-22,밀도,밀도 압구정현대점,폐기,유통기한초과(폐기),식빵,100003,담백식빵,8,7800,62400
2026-07-22,밀도,밀도 압구정현대점,폐기,유통기한초과(폐기),식빵,100004,리치식빵,1,8400,8400
2026-07-22,밀도,밀도 압구정현대점,폐기,유통기한초과(폐기),식빵,102321,담백식빵Half,2,4500,9000
2026-07-22,밀도,밀도 압구정현대점,폐기,유통기한초과(폐기),식빵,102322,리치식빵Half,1,4800,4800
2026-07-22,밀도,밀도 압구정현대점,폐기,유통기한초과(폐기),식빵,102684,튼튼고양식빵,3,6900,20700
2026-07-22,밀도,밀도 압구정현대점,폐기,유통기한초과(폐기),식빵,102966,달밤식빵,1,8900,8900
2026-07-22,밀도,밀도 압구정현대점,폐기,유통기한초과(폐기),미니식빵,103663,밤완두바브카,1,7200,7200
2026-07-22,밀도,밀도 압구정현대점,폐기,유통기한초과(폐기),미니식빵,103764,누텔라바브카,2,7800,15600
2026-07-22,밀도,밀도 압구정현대점,폐기,유통기한초과(폐기),건강빵,103574,무화과오트통밀100,1,5500,5500
2026-07-22,밀도,밀도 압구정현대점,폐기,유통기한초과(폐기),스콘,102977,리코타사워크림스콘,3,4200,12600
2026-07-22,밀도,밀도 압구정현대점,폐기,유통기한초과(폐기),소금빵,102778,앙버터소금빵,3,4800,14400
2026-07-22,밀도,밀도 압구정현대점,폐기,유통기한초과(폐기),소금빵,102844,the부드러운소금빵,3,3600,10800
2026-07-22,밀도,밀도 뉴코아강남점,폐기,유통기한초과(폐기),간식빵,100010,큐브커스터드,2,4700,9400
2026-07-22,밀도,밀도 뉴코아강남점,폐기,유통기한초과(폐기),간식빵,101957,초코허니러스크,2,5800,11600
2026-07-22,밀도,밀도 뉴코아강남점,폐기,유통기한초과(폐기),간식빵,102587,밀도맘모스,3,6200,18600
2026-07-22,밀도,밀도 뉴코아강남점,폐기,유통기한초과(폐기),간식빵,103704,크림치즈포테이토,1,4200,4200
2026-07-22,밀도,밀도 뉴코아강남점,폐기,유통기한초과(폐기),간식빵,103828,상하소시지 갈릭러스크,2,5200,10400
2026-07-22,밀도,밀도 뉴코아강남점,폐기,유통기한초과(폐기),샌드위치,103027,블루베리잼 잠봉뵈르,3,8900,26700
2026-07-22,밀도,밀도 뉴코아강남점,폐기,유통기한초과(폐기),샌드위치,103805,아이올리베이컨토마토샌드위치,2,8900,17800
2026-07-22,밀도,밀도 뉴코아강남점,폐기,유통기한초과(폐기),샌드위치,103807,잠봉에멘탈크로와상샌드위치,3,7900,23700
2026-07-22,밀도,밀도 뉴코아강남점,폐기,유통기한초과(폐기),미니식빵,103824,리치 모카빵,3,6900,20700
2026-07-22,밀도,밀도 뉴코아강남점,폐기,유통기한초과(폐기),건강빵,102991,곡물가득로데브,2,8000,16000
2026-07-22,밀도,밀도 뉴코아강남점,폐기,유통기한초과(폐기),건강빵,102992,플레인로데브,2,7800,15600
2026-07-22,밀도,밀도 뉴코아강남점,폐기,유통기한초과(폐기),건강빵,102993,프룻로데브,1,7800,7800
2026-07-22,밀도,밀도 뉴코아강남점,폐기,유통기한초과(폐기),건강빵,103574,무화과오트통밀100,2,5500,11000
2026-07-22,밀도,밀도 뉴코아강남점,폐기,유통기한초과(폐기),건강빵,103575,단호박고구마통밀(whole),1,5500,5500
2026-07-22,밀도,밀도 뉴코아강남점,폐기,유통기한초과(폐기),스콘,101119,레몬스콘,1,3800,3800
2026-07-22,밀도,밀도 롯데노원점,폐기,파손(폐기),쿠키 브라우니,103459,샤브레쿠키(2ea),1,2000,2000
2026-07-22,밀도,밀도 롯데노원점,폐기,유통기한초과(폐기),간식빵,101451,허니러스크,3,5200,15600
2026-07-22,밀도,밀도 롯데노원점,폐기,유통기한초과(폐기),간식빵,103766,누텔라로쉐큐브식빵,2,5200,10400
2026-07-22,밀도,밀도 롯데노원점,폐기,유통기한초과(폐기),시그니처샌드,102272,땅콩크림샌드,9,5800,52200
2026-07-22,밀도,밀도 롯데노원점,폐기,유통기한초과(폐기),샌드위치,103286,에그마요 소금빵,1,5200,5200
2026-07-23,밀도,밀도 성수점,폐기,유통기한초과(폐기),간식빵,100010,큐브커스터드,2,4700,9400
2026-07-23,밀도,밀도 성수점,폐기,유통기한초과(폐기),간식빵,100625,큐브시나몬,7,3800,26600
2026-07-23,밀도,밀도 성수점,폐기,유통기한초과(폐기),간식빵,101327,큐브소보로,7,3800,26600
2026-07-23,밀도,밀도 성수점,폐기,유통기한초과(폐기),간식빵,101451,허니러스크,3,5200,15600
2026-07-23,밀도,밀도 성수점,폐기,유통기한초과(폐기),간식빵,101957,초코허니러스크,2,5800,11600
2026-07-23,밀도,밀도 성수점,폐기,유통기한초과(폐기),간식빵,102587,밀도맘모스,3,6200,18600
2026-07-23,밀도,밀도 성수점,폐기,유통기한초과(폐기),간식빵,103766,누텔라로쉐큐브식빵,2,5200,10400
2026-07-23,밀도,밀도 성수점,폐기,유통기한초과(폐기),페이스트리,103769,고창고구마데니쉬,1,4600,4600
2026-07-23,밀도,밀도 성수점,폐기,유통기한초과(폐기),식빵,102966,달밤식빵,1,8900,8900
2026-07-23,밀도,밀도 성수점,폐기,유통기한초과(폐기),미니식빵,103764,누텔라바브카,2,7800,15600
2026-07-23,밀도,밀도 성수점,폐기,유통기한초과(폐기),건강빵,102983,촉촉감자치아바타,2,4800,9600
2026-07-23,밀도,밀도 성수점,폐기,유통기한초과(폐기),건강빵,103574,무화과오트통밀100,1,5500,5500
2026-07-23,밀도,밀도 정자점,폐기,유통기한초과(폐기),간식빵,101451,허니러스크,1,5200,5200
2026-07-23,밀도,밀도 정자점,폐기,유통기한초과(폐기),간식빵,101957,초코허니러스크,1,5800,5800
2026-07-23,밀도,밀도 정자점,폐기,유통기한초과(폐기),식빵,102338,통팥앙식빵,1,3900,3900
2026-07-23,밀도,밀도 정자점,폐기,유통기한초과(폐기),미니식빵,103827,촉촉연유브래드,4,6900,27600
2026-07-23,밀도,밀도 정자점,폐기,유통기한초과(폐기),스콘,101119,레몬스콘,2,3800,7600
2026-07-23,밀도,밀도 한티점,폐기,유통기한초과(폐기),간식빵,103828,상하소시지 갈릭러스크,4,5200,20800
2026-07-23,밀도,밀도 한티점,폐기,유통기한초과(폐기),식빵,102684,튼튼고양식빵,1,6900,6900
2026-07-23,밀도,밀도 한티점,폐기,유통기한초과(폐기),식빵,102966,달밤식빵,2,8900,17800
2026-07-23,밀도,밀도 한티점,폐기,유통기한초과(폐기),식빵,103814,얼룩 고양 식빵,1,7500,7500
2026-07-23,밀도,밀도 한티점,폐기,유통기한초과(폐기),미니식빵,103663,밤완두바브카,2,7200,14400
2026-07-23,밀도,밀도 옥수점,폐기,유통기한초과(폐기),간식빵,101858,밀도단팥빵,3,3800,11400
2026-07-23,밀도,밀도 옥수점,폐기,유통기한초과(폐기),시그니처샌드,102272,땅콩크림샌드,2,5800,11600
2026-07-23,밀도,밀도 옥수점,폐기,유통기한초과(폐기),미니식빵,103663,밤완두바브카,2,7200,14400
2026-07-23,밀도,밀도 옥수점,폐기,유통기한초과(폐기),모닝롤,102683,모닝롤,1,3800,3800
2026-07-23,밀도,밀도 옥수점,폐기,유통기한초과(폐기),소금빵,102778,앙버터소금빵,1,4800,4800
2026-07-23,밀도,밀도 광장점,폐기,유통기한초과(폐기),간식빵,100010,큐브커스터드,1,4700,4700
2026-07-23,밀도,밀도 광장점,폐기,유통기한초과(폐기),간식빵,100625,큐브시나몬,3,3800,11400
2026-07-23,밀도,밀도 광장점,폐기,유통기한초과(폐기),간식빵,101327,큐브소보로,2,3800,7600
2026-07-23,밀도,밀도 광장점,폐기,유통기한초과(폐기),모닝롤,103773,모닝롤(6ea),1,5200,5200
2026-07-23,밀도,밀도 광교점,폐기,유통기한초과(폐기),간식빵,103828,상하소시지 갈릭러스크,2,5200,10400
2026-07-23,밀도,밀도 광교점,폐기,유통기한초과(폐기),페이스트리,103768,애플시나몬크림치즈데니쉬,1,4900,4900
2026-07-23,밀도,밀도 광교점,폐기,유통기한초과(폐기),페이스트리,103769,고창고구마데니쉬,2,4600,9200
2026-07-23,밀도,밀도 광교점,폐기,유통기한초과(폐기),디저트,103616,수제국산생크림롤케이크,1,6200,6200
2026-07-23,밀도,밀도 광교점,폐기,유통기한초과(폐기),디저트,103737,허쉬딥초코롤케이크(조각),3,6500,19500
2026-07-23,밀도,밀도 광교점,폐기,유통기한초과(폐기),식빵,102684,튼튼고양식빵,6,6900,41400
2026-07-23,밀도,밀도 광교점,폐기,유통기한초과(폐기),식빵,103814,얼룩 고양 식빵,2,7500,15000
2026-07-23,밀도,밀도 광교점,폐기,유통기한초과(폐기),미니식빵,103824,리치 모카빵,1,6900,6900
2026-07-23,밀도,밀도 광교점,폐기,유통기한초과(폐기),스콘,101119,레몬스콘,3,3800,11400
2026-07-23,밀도,밀도 광교점,폐기,유통기한초과(폐기),스콘,102977,리코타사워크림스콘,1,4200,4200
2026-07-23,밀도,밀도 강남점,폐기,유통기한초과(폐기),간식빵,101327,큐브소보로,2,3800,7600
2026-07-23,밀도,밀도 강남점,폐기,유통기한초과(폐기),간식빵,101451,허니러스크,1,5200,5200
2026-07-23,밀도,밀도 강남점,폐기,유통기한초과(폐기),식빵,103814,얼룩 고양 식빵,1,7500,7500
2026-07-23,밀도,밀도 고양점,폐기,유통기한초과(폐기),간식빵,103766,누텔라로쉐큐브식빵,1,5200,5200
2026-07-23,밀도,밀도 고양점,폐기,유통기한초과(폐기),건강빵,103575,단호박고구마통밀(whole),3,5500,16500
2026-07-23,밀도,밀도 경기점,폐기,유통기한초과(폐기),간식빵,101451,허니러스크,4,5200,20800
2026-07-23,밀도,밀도 경기점,폐기,유통기한초과(폐기),간식빵,102587,밀도맘모스,1,6200,6200
2026-07-23,밀도,밀도 경기점,폐기,유통기한초과(폐기),식빵,102684,튼튼고양식빵,1,6900,6900
2026-07-23,밀도,밀도 경기점,폐기,유통기한초과(폐기),식빵,103814,얼룩 고양 식빵,1,7500,7500
2026-07-23,밀도,밀도 경기점,폐기,유통기한초과(폐기),미니식빵,103824,리치 모카빵,1,6900,6900
2026-07-23,밀도,밀도 경기점,폐기,유통기한초과(폐기),소금빵,102778,앙버터소금빵,3,4800,14400
2026-07-23,밀도,밀도 잠실점,폐기,유통기한초과(폐기),간식빵,100010,큐브커스터드,7,4700,32900
2026-07-23,밀도,밀도 잠실점,폐기,유통기한초과(폐기),간식빵,103766,누텔라로쉐큐브식빵,3,5200,15600
2026-07-23,밀도,밀도 잠실점,폐기,유통기한초과(폐기),간식빵,103828,상하소시지 갈릭러스크,7,5200,36400
2026-07-23,밀도,밀도 잠실점,폐기,유통기한초과(폐기),페이스트리,103768,애플시나몬크림치즈데니쉬,5,4900,24500
2026-07-23,밀도,밀도 잠실점,폐기,유통기한초과(폐기),페이스트리,103769,고창고구마데니쉬,6,4600,27600
2026-07-23,밀도,밀도 잠실점,폐기,유통기한초과(폐기),샌드위치,103027,블루베리잼 잠봉뵈르,1,8900,8900
2026-07-23,밀도,밀도 잠실점,폐기,유통기한초과(폐기),샌드위치,103806,바질치폴레닭가슴살샌드위치,3,8900,26700
2026-07-23,밀도,밀도 잠실점,폐기,유통기한초과(폐기),샌드위치,103807,잠봉에멘탈크로와상샌드위치,1,7900,7900
2026-07-23,밀도,밀도 잠실점,폐기,유통기한초과(폐기),건강빵,103574,무화과오트통밀100,3,5500,16500
2026-07-23,밀도,밀도 잠실점,폐기,유통기한초과(폐기),건강빵,103575,단호박고구마통밀(whole),1,5500,5500
2026-07-23,밀도,밀도 잠실점,폐기,유통기한초과(폐기),소금빵,102844,the부드러운소금빵,1,3600,3600
2026-07-23,밀도,밀도 압구정현대점,폐기,유통기한초과(폐기),간식빵,101451,허니러스크,1,5200,5200
2026-07-23,밀도,밀도 압구정현대점,폐기,유통기한초과(폐기),간식빵,102587,밀도맘모스,1,6200,6200
2026-07-23,밀도,밀도 압구정현대점,폐기,유통기한초과(폐기),건강빵,103574,무화과오트통밀100,1,5500,5500
2026-07-23,밀도,밀도 뉴코아강남점,폐기,유통기한초과(폐기),간식빵,100010,큐브커스터드,3,4700,14100
2026-07-23,밀도,밀도 뉴코아강남점,폐기,유통기한초과(폐기),간식빵,100625,큐브시나몬,1,3800,3800
2026-07-23,밀도,밀도 뉴코아강남점,폐기,유통기한초과(폐기),간식빵,101451,허니러스크,5,5200,26000
2026-07-23,밀도,밀도 뉴코아강남점,폐기,유통기한초과(폐기),간식빵,101957,초코허니러스크,1,5800,5800
2026-07-23,밀도,밀도 뉴코아강남점,폐기,유통기한초과(폐기),간식빵,102587,밀도맘모스,5,6200,31000
2026-07-23,밀도,밀도 뉴코아강남점,폐기,유통기한초과(폐기),간식빵,103704,크림치즈포테이토,1,4200,4200
2026-07-23,밀도,밀도 뉴코아강남점,폐기,유통기한초과(폐기),간식빵,103828,상하소시지 갈릭러스크,2,5200,10400
2026-07-23,밀도,밀도 뉴코아강남점,폐기,유통기한초과(폐기),페이스트리,103769,고창고구마데니쉬,3,4600,13800
2026-07-23,밀도,밀도 뉴코아강남점,폐기,유통기한초과(폐기),샌드위치,103286,에그마요 소금빵,1,5200,5200
2026-07-23,밀도,밀도 뉴코아강남점,폐기,유통기한초과(폐기),샌드위치,103805,아이올리베이컨토마토샌드위치,6,8900,53400
2026-07-23,밀도,밀도 뉴코아강남점,폐기,유통기한초과(폐기),샌드위치,103807,잠봉에멘탈크로와상샌드위치,1,7900,7900
2026-07-23,밀도,밀도 뉴코아강남점,폐기,유통기한초과(폐기),식빵,100004,리치식빵,2,8400,16800
2026-07-23,밀도,밀도 뉴코아강남점,폐기,유통기한초과(폐기),식빵,102684,튼튼고양식빵,5,6900,34500
2026-07-23,밀도,밀도 뉴코아강남점,폐기,유통기한초과(폐기),식빵,102966,달밤식빵,5,8900,44500
2026-07-23,밀도,밀도 뉴코아강남점,폐기,유통기한초과(폐기),식빵,103814,얼룩 고양 식빵,4,7500,30000
2026-07-23,밀도,밀도 뉴코아강남점,폐기,유통기한초과(폐기),미니식빵,103824,리치 모카빵,1,6900,6900
2026-07-23,밀도,밀도 뉴코아강남점,폐기,유통기한초과(폐기),건강빵,102983,촉촉감자치아바타,4,4800,19200
2026-07-23,밀도,밀도 뉴코아강남점,폐기,유통기한초과(폐기),건강빵,102993,프룻로데브,3,7800,23400
2026-07-23,밀도,밀도 뉴코아강남점,폐기,유통기한초과(폐기),건강빵,103574,무화과오트통밀100,2,5500,11000
2026-07-23,밀도,밀도 뉴코아강남점,폐기,유통기한초과(폐기),건강빵,103575,단호박고구마통밀(whole),2,5500,11000
2026-07-23,밀도,밀도 뉴코아강남점,폐기,유통기한초과(폐기),모닝롤,102683,모닝롤,2,3800,7600
2026-07-23,밀도,밀도 뉴코아강남점,폐기,유통기한초과(폐기),소금빵,102844,the부드러운소금빵,12,3600,43200
2026-07-23,밀도,밀도 롯데노원점,폐기,유통기한초과(폐기),간식빵,101327,큐브소보로,1,3800,3800
2026-07-23,밀도,밀도 롯데노원점,폐기,유통기한초과(폐기),간식빵,101451,허니러스크,2,5200,10400
2026-07-23,밀도,밀도 롯데노원점,폐기,유통기한초과(폐기),간식빵,102587,밀도맘모스,4,6200,24800
2026-07-23,밀도,밀도 롯데노원점,폐기,유통기한초과(폐기),간식빵,103766,누텔라로쉐큐브식빵,3,5200,15600
2026-07-23,밀도,밀도 롯데노원점,폐기,유통기한초과(폐기),간식빵,103828,상하소시지 갈릭러스크,2,5200,10400
2026-07-23,밀도,밀도 롯데노원점,폐기,유통기한초과(폐기),샌드위치,103286,에그마요 소금빵,4,5200,20800
2026-07-23,밀도,밀도 롯데노원점,폐기,유통기한초과(폐기),샌드위치,103807,잠봉에멘탈크로와상샌드위치,2,7900,15800
2026-07-23,밀도,밀도 롯데노원점,폐기,유통기한초과(폐기),식빵,102684,튼튼고양식빵,3,6900,20700
2026-07-23,밀도,밀도 롯데노원점,폐기,유통기한초과(폐기),식빵,102966,달밤식빵,2,8900,17800
2026-07-23,밀도,밀도 롯데노원점,폐기,유통기한초과(폐기),건강빵,103622,마르게리따포카치아,1,5500,5500
2026-07-23,밀도,밀도 롯데노원점,폐기,유통기한초과(폐기),소금빵,102844,the부드러운소금빵,4,3600,14400
2026-07-24,밀도,밀도 성수점,폐기,유통기한초과(폐기),간식빵,100010,큐브커스터드,1,4700,4700
2026-07-24,밀도,밀도 성수점,폐기,유통기한초과(폐기),간식빵,100625,큐브시나몬,2,3800,7600
2026-07-24,밀도,밀도 성수점,폐기,유통기한초과(폐기),간식빵,101451,허니러스크,5,5200,26000
2026-07-24,밀도,밀도 성수점,폐기,유통기한초과(폐기),간식빵,102587,밀도맘모스,1,6200,6200
2026-07-24,밀도,밀도 성수점,폐기,유통기한초과(폐기),간식빵,103766,누텔라로쉐큐브식빵,4,5200,20800
2026-07-24,밀도,밀도 성수점,폐기,유통기한초과(폐기),샌드위치,103286,에그마요 소금빵,1,5200,5200
2026-07-24,밀도,밀도 성수점,폐기,유통기한초과(폐기),미니식빵,103827,촉촉연유브래드,4,6900,27600
2026-07-24,밀도,밀도 성수점,폐기,유통기한초과(폐기),스콘,102977,리코타사워크림스콘,1,4200,4200
2026-07-24,밀도,밀도 성수점,폐기,유통기한초과(폐기),소금빵,102778,앙버터소금빵,1,4800,4800
2026-07-24,밀도,밀도 성수점,폐기,유통기한초과(폐기),소금빵,102844,the부드러운소금빵,7,3600,25200
2026-07-24,밀도,밀도 정자점,폐기,유통기한초과(폐기),간식빵,101957,초코허니러스크,2,5800,11600
2026-07-24,밀도,밀도 정자점,폐기,유통기한초과(폐기),식빵,102335,호밀잡곡식빵,1,6500,6500
2026-07-24,밀도,밀도 정자점,폐기,유통기한초과(폐기),미니식빵,103824,리치 모카빵,2,6900,13800
2026-07-24,밀도,밀도 한티점,폐기,유통기한초과(폐기),간식빵,101327,큐브소보로,3,3800,11400
2026-07-24,밀도,밀도 한티점,폐기,유통기한초과(폐기),간식빵,101957,초코허니러스크,4,5800,23200
2026-07-24,밀도,밀도 한티점,폐기,유통기한초과(폐기),페이스트리,103768,애플시나몬크림치즈데니쉬,4,4900,19600
2026-07-24,밀도,밀도 한티점,폐기,유통기한초과(폐기),페이스트리,103769,고창고구마데니쉬,1,4600,4600
2026-07-24,밀도,밀도 한티점,폐기,유통기한초과(폐기),식빵,102684,튼튼고양식빵,7,6900,48300
2026-07-24,밀도,밀도 한티점,폐기,유통기한초과(폐기),식빵,103814,얼룩 고양 식빵,1,7500,7500
2026-07-24,밀도,밀도 한티점,폐기,유통기한초과(폐기),미니식빵,103663,밤완두바브카,3,7200,21600
2026-07-24,밀도,밀도 한티점,폐기,유통기한초과(폐기),미니식빵,103827,촉촉연유브래드,4,6900,27600
2026-07-24,밀도,밀도 한티점,폐기,유통기한초과(폐기),스콘,101119,레몬스콘,1,3800,3800
2026-07-24,밀도,밀도 한티점,폐기,유통기한초과(폐기),스콘,102977,리코타사워크림스콘,1,4200,4200
2026-07-24,밀도,밀도 옥수점,폐기,유통기한초과(폐기),간식빵,103704,크림치즈포테이토,1,4200,4200
2026-07-24,밀도,밀도 광장점,폐기,불량(폐기),간식빵,101327,큐브소보로,0,3800,0
2026-07-24,밀도,밀도 광장점,폐기,불량(폐기),간식빵,101858,밀도단팥빵,0,3800,0
2026-07-24,밀도,밀도 광장점,폐기,불량(폐기),페이스트리,103769,고창고구마데니쉬,0,4600,0
2026-07-24,밀도,밀도 광장점,폐기,불량(폐기),시그니처샌드,102272,땅콩크림샌드,0,5800,0
2026-07-24,밀도,밀도 광장점,폐기,불량(폐기),스콘,102977,리코타사워크림스콘,0,4200,0
2026-07-24,밀도,밀도 광장점,폐기,유통기한초과(폐기),간식빵,101327,큐브소보로,3,3800,11400
2026-07-24,밀도,밀도 광장점,폐기,유통기한초과(폐기),간식빵,101858,밀도단팥빵,3,3800,11400
2026-07-24,밀도,밀도 광장점,폐기,유통기한초과(폐기),페이스트리,103769,고창고구마데니쉬,2,4600,9200
2026-07-24,밀도,밀도 광장점,폐기,유통기한초과(폐기),시그니처샌드,102272,땅콩크림샌드,6,5800,34800
2026-07-24,밀도,밀도 광장점,폐기,유통기한초과(폐기),스콘,102977,리코타사워크림스콘,3,4200,12600
2026-07-24,밀도,밀도 알토점,폐기,불량(폐기),식빵,102338,통팥앙식빵,2,3900,7800
2026-07-24,밀도,밀도 알토점,폐기,불량(폐기),미니식빵,103827,촉촉연유브래드,5,6900,34500
2026-07-24,밀도,밀도 알토점,폐기,유통기한초과(폐기),간식빵,100010,큐브커스터드,2,4700,9400
2026-07-24,밀도,밀도 알토점,폐기,유통기한초과(폐기),간식빵,103828,상하소시지 갈릭러스크,1,5200,5200
2026-07-24,밀도,밀도 알토점,폐기,유통기한초과(폐기),건강빵,102983,촉촉감자치아바타,2,4800,9600
2026-07-24,밀도,밀도 광교점,폐기,유통기한초과(폐기),간식빵,103828,상하소시지 갈릭러스크,1,5200,5200
2026-07-24,밀도,밀도 광교점,폐기,유통기한초과(폐기),페이스트리,103768,애플시나몬크림치즈데니쉬,2,4900,9800
2026-07-24,밀도,밀도 광교점,폐기,유통기한초과(폐기),페이스트리,103769,고창고구마데니쉬,2,4600,9200
2026-07-24,밀도,밀도 광교점,폐기,유통기한초과(폐기),파운드,102608,바나나파운드(23년),1,5600,5600
2026-07-24,밀도,밀도 광교점,폐기,유통기한초과(폐기),미니식빵,103824,리치 모카빵,1,6900,6900
2026-07-24,밀도,밀도 광교점,폐기,유통기한초과(폐기),미니식빵,103827,촉촉연유브래드,5,6900,34500
2026-07-24,밀도,밀도 광교점,폐기,유통기한초과(폐기),소금빵,102778,앙버터소금빵,3,4800,14400
2026-07-24,밀도,밀도 광교점,폐기,유통기한초과(폐기),소금빵,102844,the부드러운소금빵,3,3600,10800
2026-07-24,밀도,밀도 강남점,폐기,유통기한초과(폐기),식빵,102684,튼튼고양식빵,5,6900,34500
2026-07-24,밀도,밀도 강남점,폐기,유통기한초과(폐기),미니식빵,103663,밤완두바브카,1,7200,7200
2026-07-24,밀도,밀도 고양점,폐기,유통기한초과(폐기),간식빵,103766,누텔라로쉐큐브식빵,1,5200,5200
2026-07-24,밀도,밀도 고양점,폐기,유통기한초과(폐기),건강빵,103575,단호박고구마통밀(whole),1,5500,5500
2026-07-24,밀도,밀도 경기점,폐기,유통기한초과(폐기),간식빵,101451,허니러스크,2,5200,10400
2026-07-24,밀도,밀도 잠실점,폐기,불량(폐기),간식빵,101327,큐브소보로,5,3800,19000
2026-07-24,밀도,밀도 잠실점,폐기,불량(폐기),소금빵,102844,the부드러운소금빵,9,3600,32400
2026-07-24,밀도,밀도 잠실점,폐기,유통기한초과(폐기),간식빵,102975,석촌호수맘모스,3,6200,18600
2026-07-24,밀도,밀도 잠실점,폐기,유통기한초과(폐기),간식빵,103704,크림치즈포테이토,5,4200,21000
2026-07-24,밀도,밀도 잠실점,폐기,유통기한초과(폐기),간식빵,103828,상하소시지 갈릭러스크,2,5200,10400
2026-07-24,밀도,밀도 잠실점,폐기,유통기한초과(폐기),페이스트리,103769,고창고구마데니쉬,1,4600,4600
2026-07-24,밀도,밀도 잠실점,폐기,유통기한초과(폐기),샌드위치,103805,아이올리베이컨토마토샌드위치,1,8900,8900
2026-07-24,밀도,밀도 잠실점,폐기,유통기한초과(폐기),소금빵,102778,앙버터소금빵,1,4800,4800
2026-07-24,밀도,밀도 압구정현대점,폐기,유통기한초과(폐기),간식빵,101327,큐브소보로,1,3800,3800
2026-07-24,밀도,밀도 압구정현대점,폐기,유통기한초과(폐기),간식빵,101451,허니러스크,1,5200,5200
2026-07-24,밀도,밀도 압구정현대점,폐기,유통기한초과(폐기),간식빵,101957,초코허니러스크,1,5800,5800
2026-07-24,밀도,밀도 압구정현대점,폐기,유통기한초과(폐기),간식빵,102587,밀도맘모스,1,6200,6200
2026-07-24,밀도,밀도 압구정현대점,폐기,유통기한초과(폐기),간식빵,103704,크림치즈포테이토,1,4200,4200
2026-07-24,밀도,밀도 압구정현대점,폐기,유통기한초과(폐기),페이스트리,103768,애플시나몬크림치즈데니쉬,2,4900,9800
2026-07-24,밀도,밀도 압구정현대점,폐기,유통기한초과(폐기),페이스트리,103769,고창고구마데니쉬,1,4600,4600
2026-07-24,밀도,밀도 압구정현대점,폐기,유통기한초과(폐기),시그니처샌드,102272,땅콩크림샌드,3,5800,17400
2026-07-24,밀도,밀도 압구정현대점,폐기,유통기한초과(폐기),식빵,100003,담백식빵,13,7800,101400
2026-07-24,밀도,밀도 압구정현대점,폐기,유통기한초과(폐기),식빵,102322,리치식빵Half,3,4800,14400
2026-07-24,밀도,밀도 압구정현대점,폐기,유통기한초과(폐기),식빵,102338,통팥앙식빵,2,3900,7800
2026-07-24,밀도,밀도 압구정현대점,폐기,유통기한초과(폐기),미니식빵,103663,밤완두바브카,1,7200,7200
2026-07-24,밀도,밀도 압구정현대점,폐기,유통기한초과(폐기),미니식빵,103764,누텔라바브카,1,7800,7800
2026-07-24,밀도,밀도 압구정현대점,폐기,유통기한초과(폐기),건강빵,102983,촉촉감자치아바타,5,4800,24000
2026-07-24,밀도,밀도 압구정현대점,폐기,유통기한초과(폐기),소금빵,102844,the부드러운소금빵,3,3600,10800
2026-07-24,밀도,밀도 뉴코아강남점,폐기,유통기한초과(폐기),간식빵,100010,큐브커스터드,2,4700,9400
2026-07-24,밀도,밀도 뉴코아강남점,폐기,유통기한초과(폐기),간식빵,101327,큐브소보로,2,3800,7600
2026-07-24,밀도,밀도 뉴코아강남점,폐기,유통기한초과(폐기),간식빵,101451,허니러스크,1,5200,5200
2026-07-24,밀도,밀도 뉴코아강남점,폐기,유통기한초과(폐기),간식빵,102587,밀도맘모스,8,6200,49600
2026-07-24,밀도,밀도 뉴코아강남점,폐기,유통기한초과(폐기),간식빵,102976,앙버터허니러스크,1,6200,6200
2026-07-24,밀도,밀도 뉴코아강남점,폐기,유통기한초과(폐기),간식빵,103704,크림치즈포테이토,3,4200,12600
2026-07-24,밀도,밀도 뉴코아강남점,폐기,유통기한초과(폐기),간식빵,103828,상하소시지 갈릭러스크,3,5200,15600
2026-07-24,밀도,밀도 뉴코아강남점,폐기,유통기한초과(폐기),시그니처샌드,102272,땅콩크림샌드,12,5800,69600
2026-07-24,밀도,밀도 뉴코아강남점,폐기,유통기한초과(폐기),샌드위치,103805,아이올리베이컨토마토샌드위치,2,8900,17800
2026-07-24,밀도,밀도 뉴코아강남점,폐기,유통기한초과(폐기),샌드위치,103806,바질치폴레닭가슴살샌드위치,2,8900,17800
2026-07-24,밀도,밀도 뉴코아강남점,폐기,유통기한초과(폐기),식빵,103644,더잡곡식빵리뉴얼,2,12800,25600
2026-07-24,밀도,밀도 뉴코아강남점,폐기,유통기한초과(폐기),건강빵,102993,프룻로데브,2,7800,15600
2026-07-24,밀도,밀도 뉴코아강남점,폐기,유통기한초과(폐기),건강빵,103574,무화과오트통밀100,2,5500,11000
2026-07-24,밀도,밀도 뉴코아강남점,폐기,유통기한초과(폐기),모닝롤,102683,모닝롤,1,3800,3800
2026-07-24,밀도,밀도 뉴코아강남점,폐기,유통기한초과(폐기),스콘,101119,레몬스콘,4,3800,15200
2026-07-24,밀도,밀도 롯데노원점,폐기,유통기한초과(폐기),간식빵,101451,허니러스크,21,5200,109200
2026-07-24,밀도,밀도 롯데노원점,폐기,유통기한초과(폐기),간식빵,103828,상하소시지 갈릭러스크,2,5200,10400
2026-07-24,밀도,밀도 롯데노원점,폐기,유통기한초과(폐기),페이스트리,103769,고창고구마데니쉬,1,4600,4600
2026-07-24,밀도,밀도 롯데노원점,폐기,유통기한초과(폐기),디저트,103616,수제국산생크림롤케이크,1,6200,6200
2026-07-24,밀도,밀도 롯데노원점,폐기,유통기한초과(폐기),시그니처샌드,102272,땅콩크림샌드,7,5800,40600
2026-07-24,밀도,밀도 롯데노원점,폐기,유통기한초과(폐기),샌드위치,103027,블루베리잼 잠봉뵈르,1,8900,8900
2026-07-24,밀도,밀도 롯데노원점,폐기,유통기한초과(폐기),건강빵,103574,무화과오트통밀100,1,5500,5500
2026-07-25,밀도,밀도 성수점,폐기,유통기한초과(폐기),간식빵,101327,큐브소보로,1,3800,3800
2026-07-25,밀도,밀도 성수점,폐기,유통기한초과(폐기),식빵,100003,담백식빵,0,7800,0
2026-07-25,밀도,밀도 성수점,폐기,유통기한초과(폐기),식빵,100004,리치식빵,0,8400,0
2026-07-25,밀도,밀도 정자점,폐기,유통기한초과(폐기),간식빵,101858,밀도단팥빵,2,3800,7600
2026-07-25,밀도,밀도 정자점,폐기,유통기한초과(폐기),식빵,102335,호밀잡곡식빵,1,6500,6500
2026-07-25,밀도,밀도 정자점,폐기,유통기한초과(폐기),식빵,103814,얼룩 고양 식빵,2,7500,15000
2026-07-25,밀도,밀도 한티점,폐기,유통기한초과(폐기),간식빵,100625,큐브시나몬,1,3800,3800
2026-07-25,밀도,밀도 한티점,폐기,유통기한초과(폐기),간식빵,101858,밀도단팥빵,3,3800,11400
2026-07-25,밀도,밀도 한티점,폐기,유통기한초과(폐기),간식빵,102587,밀도맘모스,1,6200,6200
2026-07-25,밀도,밀도 한티점,폐기,유통기한초과(폐기),간식빵,103704,크림치즈포테이토,3,4200,12600
2026-07-25,밀도,밀도 한티점,폐기,유통기한초과(폐기),간식빵,103828,상하소시지 갈릭러스크,1,5200,5200
2026-07-25,밀도,밀도 한티점,폐기,유통기한초과(폐기),식빵,102338,통팥앙식빵,1,3900,3900
2026-07-25,밀도,밀도 한티점,폐기,유통기한초과(폐기),미니식빵,103827,촉촉연유브래드,3,6900,20700
2026-07-25,밀도,밀도 옥수점,폐기,유통기한초과(폐기),식빵,102966,달밤식빵,2,8900,17800
2026-07-25,밀도,밀도 옥수점,폐기,유통기한초과(폐기),식빵,103644,더잡곡식빵리뉴얼,1,12800,12800
2026-07-25,밀도,밀도 옥수점,폐기,유통기한초과(폐기),미니식빵,103663,밤완두바브카,1,7200,7200
2026-07-25,밀도,밀도 옥수점,폐기,유통기한초과(폐기),미니식빵,103824,리치 모카빵,4,6900,27600
2026-07-25,밀도,밀도 옥수점,폐기,유통기한초과(폐기),소금빵,102778,앙버터소금빵,2,4800,9600
2026-07-25,밀도,밀도 광장점,폐기,유통기한초과(폐기),샌드위치,103807,잠봉에멘탈크로와상샌드위치,2,7900,15800
2026-07-25,밀도,밀도 광장점,폐기,유통기한초과(폐기),식빵,100003,담백식빵,1,7800,7800
2026-07-25,밀도,밀도 광장점,폐기,유통기한초과(폐기),식빵,102335,호밀잡곡식빵,6,6500,39000
2026-07-25,밀도,밀도 광장점,폐기,유통기한초과(폐기),식빵,103814,얼룩 고양 식빵,3,7500,22500
2026-07-25,밀도,밀도 알토점,폐기,유통기한초과(폐기),간식빵,100625,큐브시나몬,2,3800,7600
2026-07-25,밀도,밀도 알토점,폐기,유통기한초과(폐기),간식빵,101451,허니러스크,1,5200,5200
2026-07-25,밀도,밀도 알토점,폐기,유통기한초과(폐기),간식빵,101957,초코허니러스크,3,5800,17400
2026-07-25,밀도,밀도 알토점,폐기,유통기한초과(폐기),간식빵,103704,크림치즈포테이토,2,4200,8400
2026-07-25,밀도,밀도 알토점,폐기,유통기한초과(폐기),간식빵,103828,상하소시지 갈릭러스크,4,5200,20800
2026-07-25,밀도,밀도 알토점,폐기,유통기한초과(폐기),샌드위치,103807,잠봉에멘탈크로와상샌드위치,1,7900,7900
2026-07-25,밀도,밀도 알토점,폐기,유통기한초과(폐기),스콘,102977,리코타사워크림스콘,1,4200,4200
2026-07-25,밀도,밀도 알토점,폐기,유통기한초과(폐기),소금빵,102778,앙버터소금빵,1,4800,4800
2026-07-25,밀도,밀도 알토점,폐기,유통기한초과(폐기),소금빵,102844,the부드러운소금빵,7,3600,25200
2026-07-25,밀도,밀도 광교점,폐기,유통기한초과(폐기),간식빵,101451,허니러스크,6,5200,31200
2026-07-25,밀도,밀도 광교점,폐기,유통기한초과(폐기),페이스트리,103768,애플시나몬크림치즈데니쉬,1,4900,4900
2026-07-25,밀도,밀도 광교점,폐기,유통기한초과(폐기),파운드,102608,바나나파운드(23년),1,5600,5600
2026-07-25,밀도,밀도 광교점,폐기,유통기한초과(폐기),식빵,100003,담백식빵,12,7800,93600
2026-07-25,밀도,밀도 광교점,폐기,유통기한초과(폐기),식빵,100004,리치식빵,10,8400,84000
2026-07-25,밀도,밀도 광교점,폐기,유통기한초과(폐기),식빵,102684,튼튼고양식빵,5,6900,34500
2026-07-25,밀도,밀도 광교점,폐기,유통기한초과(폐기),식빵,103814,얼룩 고양 식빵,3,7500,22500
2026-07-25,밀도,밀도 광교점,폐기,유통기한초과(폐기),미니식빵,103824,리치 모카빵,12,6900,82800
2026-07-25,밀도,밀도 광교점,폐기,유통기한초과(폐기),모닝롤,102683,모닝롤,7,3800,26600
2026-07-25,밀도,밀도 광교점,폐기,유통기한초과(폐기),스콘,101119,레몬스콘,1,3800,3800
2026-07-25,밀도,밀도 광교점,폐기,유통기한초과(폐기),스콘,102977,리코타사워크림스콘,1,4200,4200
2026-07-25,밀도,밀도 광교점,폐기,유통기한초과(폐기),소금빵,102844,the부드러운소금빵,1,3600,3600
2026-07-25,밀도,밀도 강남점,폐기,유통기한초과(폐기),간식빵,100010,큐브커스터드,2,4700,9400
2026-07-25,밀도,밀도 강남점,폐기,유통기한초과(폐기),간식빵,100625,큐브시나몬,2,3800,7600
2026-07-25,밀도,밀도 강남점,폐기,유통기한초과(폐기),간식빵,101858,밀도단팥빵,2,3800,7600
2026-07-25,밀도,밀도 강남점,폐기,유통기한초과(폐기),간식빵,103704,크림치즈포테이토,1,4200,4200
2026-07-25,밀도,밀도 강남점,폐기,유통기한초과(폐기),시그니처샌드,102272,땅콩크림샌드,5,5800,29000
2026-07-25,밀도,밀도 강남점,폐기,유통기한초과(폐기),샌드위치,103807,잠봉에멘탈크로와상샌드위치,2,7900,15800
2026-07-25,밀도,밀도 강남점,폐기,유통기한초과(폐기),식빵,102684,튼튼고양식빵,5,6900,34500
2026-07-25,밀도,밀도 강남점,폐기,유통기한초과(폐기),식빵,103814,얼룩 고양 식빵,2,7500,15000
2026-07-25,밀도,밀도 강남점,폐기,유통기한초과(폐기),미니식빵,103824,리치 모카빵,5,6900,34500
2026-07-25,밀도,밀도 고양점,폐기,유통기한초과(폐기),간식빵,100625,큐브시나몬,1,3800,3800
2026-07-25,밀도,밀도 고양점,폐기,유통기한초과(폐기),간식빵,101858,밀도단팥빵,4,3800,15200
2026-07-25,밀도,밀도 고양점,폐기,유통기한초과(폐기),간식빵,101957,초코허니러스크,3,5800,17400
2026-07-25,밀도,밀도 고양점,폐기,유통기한초과(폐기),간식빵,103704,크림치즈포테이토,1,4200,4200
2026-07-25,밀도,밀도 고양점,폐기,유통기한초과(폐기),간식빵,103766,누텔라로쉐큐브식빵,2,5200,10400
2026-07-25,밀도,밀도 고양점,폐기,유통기한초과(폐기),식빵,100004,리치식빵,2,8400,16800
2026-07-25,밀도,밀도 고양점,폐기,유통기한초과(폐기),식빵,102966,달밤식빵,1,8900,8900
2026-07-25,밀도,밀도 고양점,폐기,유통기한초과(폐기),건강빵,103575,단호박고구마통밀(whole),5,5500,27500
2026-07-25,밀도,밀도 경기점,폐기,유통기한초과(폐기),간식빵,101451,허니러스크,5,5200,26000
2026-07-25,밀도,밀도 경기점,폐기,유통기한초과(폐기),스콘,102977,리코타사워크림스콘,2,4200,8400
2026-07-25,밀도,밀도 잠실점,폐기,유통기한초과(폐기),간식빵,100010,큐브커스터드,9,4700,42300
2026-07-25,밀도,밀도 잠실점,폐기,유통기한초과(폐기),간식빵,100625,큐브시나몬,3,3800,11400
2026-07-25,밀도,밀도 잠실점,폐기,유통기한초과(폐기),간식빵,101858,밀도단팥빵,18,3800,68400
2026-07-25,밀도,밀도 잠실점,폐기,유통기한초과(폐기),간식빵,102975,석촌호수맘모스,2,6200,12400
2026-07-25,밀도,밀도 잠실점,폐기,유통기한초과(폐기),간식빵,103704,크림치즈포테이토,5,4200,21000
2026-07-25,밀도,밀도 잠실점,폐기,유통기한초과(폐기),간식빵,103828,상하소시지 갈릭러스크,14,5200,72800
2026-07-25,밀도,밀도 잠실점,폐기,유통기한초과(폐기),페이스트리,103769,고창고구마데니쉬,5,4600,23000
2026-07-25,밀도,밀도 잠실점,폐기,유통기한초과(폐기),샌드위치,103286,에그마요 소금빵,3,5200,15600
2026-07-25,밀도,밀도 잠실점,폐기,유통기한초과(폐기),샌드위치,103805,아이올리베이컨토마토샌드위치,4,8900,35600
2026-07-25,밀도,밀도 잠실점,폐기,유통기한초과(폐기),샌드위치,103806,바질치폴레닭가슴살샌드위치,3,8900,26700
2026-07-25,밀도,밀도 압구정현대점,폐기,유통기한초과(폐기),식빵,100003,담백식빵,2,7800,15600
2026-07-25,밀도,밀도 압구정현대점,폐기,유통기한초과(폐기),식빵,100004,리치식빵,1,8400,8400
2026-07-25,밀도,밀도 압구정현대점,폐기,유통기한초과(폐기),식빵,102321,담백식빵Half,1,4500,4500
2026-07-25,밀도,밀도 뉴코아강남점,폐기,유통기한초과(폐기),간식빵,101327,큐브소보로,2,3800,7600
2026-07-25,밀도,밀도 뉴코아강남점,폐기,유통기한초과(폐기),샌드위치,103027,블루베리잼 잠봉뵈르,1,8900,8900
2026-07-25,밀도,밀도 뉴코아강남점,폐기,유통기한초과(폐기),샌드위치,103805,아이올리베이컨토마토샌드위치,4,8900,35600
2026-07-25,밀도,밀도 뉴코아강남점,폐기,유통기한초과(폐기),샌드위치,103807,잠봉에멘탈크로와상샌드위치,1,7900,7900
2026-07-25,밀도,밀도 뉴코아강남점,폐기,유통기한초과(폐기),스콘,101119,레몬스콘,1,3800,3800
2026-07-25,밀도,밀도 롯데노원점,폐기,파손(폐기),쿠키 브라우니,103459,샤브레쿠키(2ea),1,2000,2000
2026-07-25,밀도,밀도 롯데노원점,폐기,유통기한초과(폐기),간식빵,100010,큐브커스터드,2,4700,9400
2026-07-25,밀도,밀도 롯데노원점,폐기,유통기한초과(폐기),간식빵,101451,허니러스크,1,5200,5200
2026-07-25,밀도,밀도 롯데노원점,폐기,유통기한초과(폐기),샌드위치,103286,에그마요 소금빵,3,5200,15600
2026-07-25,밀도,밀도 롯데노원점,폐기,유통기한초과(폐기),샌드위치,103805,아이올리베이컨토마토샌드위치,1,8900,8900
2026-07-25,밀도,밀도 롯데노원점,폐기,유통기한초과(폐기),샌드위치,103806,바질치폴레닭가슴살샌드위치,1,8900,8900
2026-07-25,밀도,밀도 롯데노원점,폐기,유통기한초과(폐기),샌드위치,103807,잠봉에멘탈크로와상샌드위치,1,7900,7900
2026-07-26,밀도,밀도 성수점,폐기,유통기한초과(폐기),간식빵,101858,밀도단팥빵,3,3800,11400
2026-07-26,밀도,밀도 성수점,폐기,유통기한초과(폐기),간식빵,101957,초코허니러스크,3,5800,17400
2026-07-26,밀도,밀도 성수점,폐기,유통기한초과(폐기),간식빵,103704,크림치즈포테이토,1,4200,4200
2026-07-26,밀도,밀도 성수점,폐기,유통기한초과(폐기),페이스트리,103768,애플시나몬크림치즈데니쉬,1,4900,4900
2026-07-26,밀도,밀도 성수점,폐기,유통기한초과(폐기),샌드위치,103806,바질치폴레닭가슴살샌드위치,2,8900,17800
2026-07-26,밀도,밀도 성수점,폐기,유통기한초과(폐기),미니식빵,103395,게랑드소금식빵,2,7200,14400
2026-07-26,밀도,밀도 성수점,폐기,유통기한초과(폐기),미니식빵,103663,밤완두바브카,3,7200,21600
2026-07-26,밀도,밀도 성수점,폐기,유통기한초과(폐기),미니식빵,103764,누텔라바브카,2,7800,15600
2026-07-26,밀도,밀도 성수점,폐기,유통기한초과(폐기),건강빵,102983,촉촉감자치아바타,1,4800,4800
2026-07-26,밀도,밀도 정자점,폐기,유통기한초과(폐기),간식빵,101957,초코허니러스크,2,5800,11600
2026-07-26,밀도,밀도 정자점,폐기,유통기한초과(폐기),시그니처샌드,102272,땅콩크림샌드,12,5800,69600
2026-07-26,밀도,밀도 정자점,폐기,유통기한초과(폐기),식빵,102684,튼튼고양식빵,1,6900,6900
2026-07-26,밀도,밀도 정자점,폐기,유통기한초과(폐기),식빵,102966,달밤식빵,2,8900,17800
2026-07-26,밀도,밀도 정자점,폐기,유통기한초과(폐기),식빵,103814,얼룩 고양 식빵,2,7500,15000
2026-07-26,밀도,밀도 정자점,폐기,유통기한초과(폐기),미니식빵,103663,밤완두바브카,2,7200,14400
2026-07-26,밀도,밀도 정자점,폐기,유통기한초과(폐기),미니식빵,103824,리치 모카빵,6,6900,41400
2026-07-26,밀도,밀도 정자점,폐기,유통기한초과(폐기),미니식빵,103827,촉촉연유브래드,1,6900,6900
2026-07-26,밀도,밀도 한티점,폐기,유통기한초과(폐기),간식빵,103704,크림치즈포테이토,2,4200,8400
2026-07-26,밀도,밀도 한티점,폐기,유통기한초과(폐기),페이스트리,103768,애플시나몬크림치즈데니쉬,1,4900,4900
2026-07-26,밀도,밀도 한티점,폐기,유통기한초과(폐기),식빵,102338,통팥앙식빵,5,3900,19500
2026-07-26,밀도,밀도 옥수점,폐기,유통기한초과(폐기),간식빵,101858,밀도단팥빵,1,3800,3800
2026-07-26,밀도,밀도 옥수점,폐기,유통기한초과(폐기),간식빵,103704,크림치즈포테이토,3,4200,12600
2026-07-26,밀도,밀도 옥수점,폐기,유통기한초과(폐기),시그니처샌드,102272,땅콩크림샌드,2,5800,11600
2026-07-26,밀도,밀도 옥수점,폐기,유통기한초과(폐기),식빵,102338,통팥앙식빵,2,3900,7800
2026-07-26,밀도,밀도 옥수점,폐기,유통기한초과(폐기),식빵,102966,달밤식빵,1,8900,8900
2026-07-26,밀도,밀도 옥수점,폐기,유통기한초과(폐기),모닝롤,102683,모닝롤,2,3800,7600
2026-07-26,밀도,밀도 옥수점,폐기,유통기한초과(폐기),소금빵,102778,앙버터소금빵,1,4800,4800
2026-07-26,밀도,밀도 광장점,폐기,유통기한초과(폐기),간식빵,102587,밀도맘모스,4,6200,24800
2026-07-26,밀도,밀도 광장점,폐기,유통기한초과(폐기),시그니처샌드,102272,땅콩크림샌드,2,5800,11600
2026-07-26,밀도,밀도 광장점,폐기,유통기한초과(폐기),샌드위치,103805,아이올리베이컨토마토샌드위치,6,8900,53400
2026-07-26,밀도,밀도 광장점,폐기,유통기한초과(폐기),미니식빵,103824,리치 모카빵,5,6900,34500
2026-07-26,밀도,밀도 알토점,폐기,유통기한초과(폐기),간식빵,103704,크림치즈포테이토,1,4200,4200
2026-07-26,밀도,밀도 알토점,폐기,유통기한초과(폐기),간식빵,103828,상하소시지 갈릭러스크,4,5200,20800
2026-07-26,밀도,밀도 알토점,폐기,유통기한초과(폐기),쿠키 브라우니,103459,샤브레쿠키(2ea),3,2000,6000
2026-07-26,밀도,밀도 광교점,폐기,유통기한초과(폐기),간식빵,103828,상하소시지 갈릭러스크,1,5200,5200
2026-07-26,밀도,밀도 광교점,폐기,유통기한초과(폐기),파운드,102608,바나나파운드(23년),4,5600,22400
2026-07-26,밀도,밀도 광교점,폐기,유통기한초과(폐기),샌드위치,103806,바질치폴레닭가슴살샌드위치,4,8900,35600
2026-07-26,밀도,밀도 광교점,폐기,유통기한초과(폐기),모닝롤,102683,모닝롤,2,3800,7600
2026-07-26,밀도,밀도 광교점,폐기,유통기한초과(폐기),스콘,102977,리코타사워크림스콘,2,4200,8400
2026-07-26,밀도,밀도 강남점,폐기,유통기한초과(폐기),간식빵,103828,상하소시지 갈릭러스크,1,5200,5200
2026-07-26,밀도,밀도 강남점,폐기,유통기한초과(폐기),시그니처샌드,102272,땅콩크림샌드,6,5800,34800
2026-07-26,밀도,밀도 강남점,폐기,유통기한초과(폐기),샌드위치,103805,아이올리베이컨토마토샌드위치,5,8900,44500
2026-07-26,밀도,밀도 강남점,폐기,유통기한초과(폐기),샌드위치,103806,바질치폴레닭가슴살샌드위치,2,8900,17800
2026-07-26,밀도,밀도 강남점,폐기,유통기한초과(폐기),식빵,103814,얼룩 고양 식빵,4,7500,30000
2026-07-26,밀도,밀도 강남점,폐기,유통기한초과(폐기),미니식빵,103824,리치 모카빵,2,6900,13800
2026-07-26,밀도,밀도 강남점,폐기,유통기한초과(폐기),스콘,101119,레몬스콘,1,3800,3800
2026-07-26,밀도,밀도 고양점,폐기,유통기한초과(폐기),간식빵,101327,큐브소보로,4,3800,15200
2026-07-26,밀도,밀도 고양점,폐기,유통기한초과(폐기),간식빵,103766,누텔라로쉐큐브식빵,2,5200,10400
2026-07-26,밀도,밀도 고양점,폐기,유통기한초과(폐기),식빵,102966,달밤식빵,2,8900,17800
2026-07-26,밀도,밀도 고양점,폐기,유통기한초과(폐기),건강빵,103575,단호박고구마통밀(whole),5,5500,27500
2026-07-26,밀도,밀도 고양점,폐기,유통기한초과(폐기),소금빵,102844,the부드러운소금빵,6,3600,21600
2026-07-26,밀도,밀도 경기점,폐기,유통기한초과(폐기),식빵,103814,얼룩 고양 식빵,1,7500,7500
2026-07-26,밀도,밀도 경기점,폐기,유통기한초과(폐기),스콘,102977,리코타사워크림스콘,1,4200,4200
2026-07-26,밀도,밀도 경기점,폐기,유통기한초과(폐기),소금빵,102778,앙버터소금빵,1,4800,4800
2026-07-26,밀도,밀도 경기점,폐기,유통기한초과(폐기),소금빵,102844,the부드러운소금빵,1,3600,3600
2026-07-26,밀도,밀도 잠실점,폐기,불량(폐기),간식빵,101327,큐브소보로,6,3800,22800
2026-07-26,밀도,밀도 잠실점,폐기,불량(폐기),간식빵,101858,밀도단팥빵,2,3800,7600
2026-07-26,밀도,밀도 잠실점,폐기,유통기한초과(폐기),간식빵,101957,초코허니러스크,1,5800,5800
2026-07-26,밀도,밀도 잠실점,폐기,유통기한초과(폐기),간식빵,102975,석촌호수맘모스,1,6200,6200
2026-07-26,밀도,밀도 잠실점,폐기,유통기한초과(폐기),간식빵,102976,앙버터허니러스크,2,6200,12400
2026-07-26,밀도,밀도 잠실점,폐기,유통기한초과(폐기),간식빵,103704,크림치즈포테이토,5,4200,21000
2026-07-26,밀도,밀도 잠실점,폐기,유통기한초과(폐기),간식빵,103828,상하소시지 갈릭러스크,7,5200,36400
2026-07-26,밀도,밀도 잠실점,폐기,유통기한초과(폐기),페이스트리,103768,애플시나몬크림치즈데니쉬,3,4900,14700
2026-07-26,밀도,밀도 잠실점,폐기,유통기한초과(폐기),페이스트리,103769,고창고구마데니쉬,12,4600,55200
2026-07-26,밀도,밀도 잠실점,폐기,유통기한초과(폐기),건강빵,103574,무화과오트통밀100,1,5500,5500
2026-07-26,밀도,밀도 잠실점,폐기,유통기한초과(폐기),건강빵,103575,단호박고구마통밀(whole),7,5500,38500
2026-07-26,밀도,밀도 압구정현대점,폐기,유통기한초과(폐기),식빵,102684,튼튼고양식빵,3,6900,20700
2026-07-26,밀도,밀도 압구정현대점,폐기,유통기한초과(폐기),미니식빵,103663,밤완두바브카,1,7200,7200
2026-07-26,밀도,밀도 뉴코아강남점,폐기,유통기한초과(폐기),간식빵,103704,크림치즈포테이토,2,4200,8400
2026-07-26,밀도,밀도 뉴코아강남점,폐기,유통기한초과(폐기),샌드위치,103028,그릴드닭가슴살 당근라페 샌드위치,5,8900,44500
2026-07-26,밀도,밀도 뉴코아강남점,폐기,유통기한초과(폐기),스콘,101119,레몬스콘,2,3800,7600
2026-07-26,밀도,밀도 롯데노원점,폐기,유통기한초과(폐기),간식빵,101451,허니러스크,7,5200,36400
2026-07-26,밀도,밀도 롯데노원점,폐기,유통기한초과(폐기),간식빵,101858,밀도단팥빵,1,3800,3800
2026-07-26,밀도,밀도 롯데노원점,폐기,유통기한초과(폐기),페이스트리,103768,애플시나몬크림치즈데니쉬,4,4900,19600
2026-07-26,밀도,밀도 롯데노원점,폐기,유통기한초과(폐기),샌드위치,103286,에그마요 소금빵,4,5200,20800
2026-07-26,밀도,밀도 롯데노원점,폐기,유통기한초과(폐기),샌드위치,103805,아이올리베이컨토마토샌드위치,5,8900,44500
2026-07-26,밀도,밀도 롯데노원점,폐기,유통기한초과(폐기),샌드위치,103806,바질치폴레닭가슴살샌드위치,2,8900,17800
2026-07-26,밀도,밀도 롯데노원점,폐기,유통기한초과(폐기),건강빵,103571,올리브치즈치아바타,1,5200,5200
2026-07-26,밀도,밀도 롯데노원점,폐기,유통기한초과(폐기),건강빵,103574,무화과오트통밀100,6,5500,33000
2026-07-26,밀도,밀도 롯데노원점,폐기,유통기한초과(폐기),건강빵,103575,단호박고구마통밀(whole),1,5500,5500
2026-07-26,밀도,밀도 롯데노원점,폐기,유통기한초과(폐기),스콘,101119,레몬스콘,2,3800,7600
2026-07-26,밀도,밀도 롯데노원점,폐기,유통기한초과(폐기),소금빵,102844,the부드러운소금빵,1,3600,3600
2026-07-27,밀도,밀도 성수점,폐기,유통기한초과(폐기),간식빵,101451,허니러스크,1,5200,5200
2026-07-27,밀도,밀도 성수점,폐기,유통기한초과(폐기),간식빵,101957,초코허니러스크,4,5800,23200
2026-07-27,밀도,밀도 성수점,폐기,유통기한초과(폐기),간식빵,102587,밀도맘모스,1,6200,6200
2026-07-27,밀도,밀도 성수점,폐기,유통기한초과(폐기),간식빵,103766,누텔라로쉐큐브식빵,1,5200,5200
2026-07-27,밀도,밀도 성수점,폐기,유통기한초과(폐기),페이스트리,103768,애플시나몬크림치즈데니쉬,1,4900,4900
2026-07-27,밀도,밀도 성수점,폐기,유통기한초과(폐기),샌드위치,103286,에그마요 소금빵,2,5200,10400
2026-07-27,밀도,밀도 성수점,폐기,유통기한초과(폐기),샌드위치,103807,잠봉에멘탈크로와상샌드위치,1,7900,7900
2026-07-27,밀도,밀도 성수점,폐기,유통기한초과(폐기),미니식빵,103663,밤완두바브카,1,7200,7200
2026-07-27,밀도,밀도 성수점,폐기,유통기한초과(폐기),미니식빵,103764,누텔라바브카,1,7800,7800
2026-07-27,밀도,밀도 성수점,폐기,유통기한초과(폐기),건강빵,102983,촉촉감자치아바타,3,4800,14400
2026-07-27,밀도,밀도 성수점,폐기,유통기한초과(폐기),소금빵,102778,앙버터소금빵,2,4800,9600
2026-07-27,밀도,밀도 성수점,폐기,유통기한초과(폐기),소금빵,102844,the부드러운소금빵,4,3600,14400
2026-07-27,밀도,밀도 정자점,폐기,유통기한초과(폐기),간식빵,101451,허니러스크,4,5200,20800
2026-07-27,밀도,밀도 정자점,폐기,유통기한초과(폐기),간식빵,101957,초코허니러스크,1,5800,5800
2026-07-27,밀도,밀도 정자점,폐기,유통기한초과(폐기),파운드,103040,무화과휘낭시에,2,3200,6400
2026-07-27,밀도,밀도 정자점,폐기,유통기한초과(폐기),파운드,103834,피스타치오휘낭시에리뉴얼,2,3200,6400
2026-07-27,밀도,밀도 정자점,폐기,유통기한초과(폐기),미니식빵,103824,리치 모카빵,1,6900,6900
2026-07-27,밀도,밀도 한티점,폐기,유통기한초과(폐기),간식빵,103704,크림치즈포테이토,1,4200,4200
2026-07-27,밀도,밀도 한티점,폐기,유통기한초과(폐기),간식빵,103828,상하소시지 갈릭러스크,4,5200,20800
2026-07-27,밀도,밀도 한티점,폐기,유통기한초과(폐기),페이스트리,103768,애플시나몬크림치즈데니쉬,3,4900,14700
2026-07-27,밀도,밀도 옥수점,폐기,유통기한초과(폐기),간식빵,101858,밀도단팥빵,1,3800,3800
2026-07-27,밀도,밀도 옥수점,폐기,유통기한초과(폐기),간식빵,102587,밀도맘모스,1,6200,6200
2026-07-27,밀도,밀도 옥수점,폐기,유통기한초과(폐기),미니식빵,103663,밤완두바브카,1,7200,7200
2026-07-27,밀도,밀도 옥수점,폐기,유통기한초과(폐기),미니식빵,103824,리치 모카빵,2,6900,13800
2026-07-27,밀도,밀도 광장점,폐기,유통기한초과(폐기),간식빵,101451,허니러스크,2,5200,10400
2026-07-27,밀도,밀도 광장점,폐기,유통기한초과(폐기),간식빵,101858,밀도단팥빵,5,3800,19000
2026-07-27,밀도,밀도 광장점,폐기,유통기한초과(폐기),간식빵,101957,초코허니러스크,1,5800,5800
2026-07-27,밀도,밀도 알토점,폐기,유통기한초과(폐기),간식빵,100625,큐브시나몬,1,3800,3800
2026-07-27,밀도,밀도 광교점,폐기,유통기한초과(폐기),간식빵,101858,밀도단팥빵,4,3800,15200
2026-07-27,밀도,밀도 광교점,폐기,유통기한초과(폐기),간식빵,103828,상하소시지 갈릭러스크,1,5200,5200
2026-07-27,밀도,밀도 광교점,폐기,유통기한초과(폐기),페이스트리,103768,애플시나몬크림치즈데니쉬,2,4900,9800
2026-07-27,밀도,밀도 광교점,폐기,유통기한초과(폐기),페이스트리,103769,고창고구마데니쉬,4,4600,18400
2026-07-27,밀도,밀도 광교점,폐기,유통기한초과(폐기),식빵,102684,튼튼고양식빵,2,6900,13800
2026-07-27,밀도,밀도 광교점,폐기,유통기한초과(폐기),미니식빵,103824,리치 모카빵,5,6900,34500
2026-07-27,밀도,밀도 광교점,폐기,유통기한초과(폐기),소금빵,102778,앙버터소금빵,1,4800,4800
2026-07-27,밀도,밀도 광교점,폐기,유통기한초과(폐기),소금빵,102844,the부드러운소금빵,1,3600,3600
2026-07-27,밀도,밀도 강남점,폐기,유통기한초과(폐기),식빵,102684,튼튼고양식빵,8,6900,55200
2026-07-27,밀도,밀도 고양점,폐기,유통기한초과(폐기),간식빵,101327,큐브소보로,2,3800,7600
2026-07-27,밀도,밀도 고양점,폐기,유통기한초과(폐기),간식빵,103766,누텔라로쉐큐브식빵,4,5200,20800
2026-07-27,밀도,밀도 고양점,폐기,유통기한초과(폐기),간식빵,103828,상하소시지 갈릭러스크,2,5200,10400
2026-07-27,밀도,밀도 고양점,폐기,유통기한초과(폐기),샌드위치,103027,블루베리잼 잠봉뵈르,3,8900,26700
2026-07-27,밀도,밀도 고양점,폐기,유통기한초과(폐기),샌드위치,103286,에그마요 소금빵,2,5200,10400
2026-07-27,밀도,밀도 고양점,폐기,유통기한초과(폐기),미니식빵,103663,밤완두바브카,2,7200,14400
2026-07-27,밀도,밀도 경기점,폐기,유통기한초과(폐기),간식빵,101327,큐브소보로,2,3800,7600
2026-07-27,밀도,밀도 경기점,폐기,유통기한초과(폐기),간식빵,101858,밀도단팥빵,1,3800,3800
2026-07-27,밀도,밀도 경기점,폐기,유통기한초과(폐기),시그니처샌드,102272,땅콩크림샌드,3,5800,17400
2026-07-27,밀도,밀도 경기점,폐기,유통기한초과(폐기),식빵,102684,튼튼고양식빵,8,6900,55200
2026-07-27,밀도,밀도 경기점,폐기,유통기한초과(폐기),식빵,103814,얼룩 고양 식빵,2,7500,15000
2026-07-27,밀도,밀도 경기점,폐기,유통기한초과(폐기),미니식빵,103824,리치 모카빵,3,6900,20700
2026-07-27,밀도,밀도 잠실점,폐기,유통기한초과(폐기),간식빵,100010,큐브커스터드,4,4700,18800
2026-07-27,밀도,밀도 잠실점,폐기,유통기한초과(폐기),간식빵,103828,상하소시지 갈릭러스크,7,5200,36400
2026-07-27,밀도,밀도 잠실점,폐기,유통기한초과(폐기),샌드위치,103807,잠봉에멘탈크로와상샌드위치,1,7900,7900
2026-07-27,밀도,밀도 압구정현대점,폐기,유통기한초과(폐기),간식빵,101858,밀도단팥빵,4,3800,15200
2026-07-27,밀도,밀도 압구정현대점,폐기,유통기한초과(폐기),간식빵,103704,크림치즈포테이토,1,4200,4200
2026-07-27,밀도,밀도 압구정현대점,폐기,유통기한초과(폐기),식빵,100004,리치식빵,6,8400,50400
2026-07-27,밀도,밀도 압구정현대점,폐기,유통기한초과(폐기),식빵,102338,통팥앙식빵,4,3900,15600
2026-07-27,밀도,밀도 압구정현대점,폐기,유통기한초과(폐기),식빵,102684,튼튼고양식빵,4,6900,27600
2026-07-27,밀도,밀도 압구정현대점,폐기,유통기한초과(폐기),식빵,102966,달밤식빵,1,8900,8900
2026-07-27,밀도,밀도 압구정현대점,폐기,유통기한초과(폐기),식빵,103644,더잡곡식빵리뉴얼,3,12800,38400
2026-07-27,밀도,밀도 압구정현대점,폐기,유통기한초과(폐기),미니식빵,103663,밤완두바브카,3,7200,21600
2026-07-27,밀도,밀도 압구정현대점,폐기,유통기한초과(폐기),미니식빵,103764,누텔라바브카,1,7800,7800
2026-07-27,밀도,밀도 압구정현대점,폐기,유통기한초과(폐기),스콘,101119,레몬스콘,1,3800,3800
2026-07-27,밀도,밀도 압구정현대점,폐기,유통기한초과(폐기),스콘,102977,리코타사워크림스콘,3,4200,12600
2026-07-27,밀도,밀도 뉴코아강남점,폐기,유통기한초과(폐기),간식빵,101451,허니러스크,4,5200,20800
2026-07-27,밀도,밀도 뉴코아강남점,폐기,유통기한초과(폐기),간식빵,103704,크림치즈포테이토,2,4200,8400
2026-07-27,밀도,밀도 뉴코아강남점,폐기,유통기한초과(폐기),간식빵,103828,상하소시지 갈릭러스크,1,5200,5200
2026-07-27,밀도,밀도 뉴코아강남점,폐기,유통기한초과(폐기),샌드위치,103027,블루베리잼 잠봉뵈르,2,8900,17800
2026-07-27,밀도,밀도 뉴코아강남점,폐기,유통기한초과(폐기),식빵,102321,담백식빵Half,2,4500,9000
2026-07-27,밀도,밀도 뉴코아강남점,폐기,유통기한초과(폐기),식빵,103814,얼룩 고양 식빵,2,7500,15000
2026-07-27,밀도,밀도 뉴코아강남점,폐기,유통기한초과(폐기),건강빵,102991,곡물가득로데브,5,8000,40000
2026-07-27,밀도,밀도 뉴코아강남점,폐기,유통기한초과(폐기),건강빵,102993,프룻로데브,2,7800,15600
2026-07-27,밀도,밀도 뉴코아강남점,폐기,유통기한초과(폐기),건강빵,103574,무화과오트통밀100,1,5500,5500
2026-07-27,밀도,밀도 뉴코아강남점,폐기,유통기한초과(폐기),건강빵,103575,단호박고구마통밀(whole),1,5500,5500
2026-07-27,밀도,밀도 롯데노원점,폐기,유통기한초과(폐기),간식빵,101327,큐브소보로,3,3800,11400
2026-07-27,밀도,밀도 롯데노원점,폐기,유통기한초과(폐기),간식빵,102587,밀도맘모스,5,6200,31000
2026-07-27,밀도,밀도 롯데노원점,폐기,유통기한초과(폐기),간식빵,103766,누텔라로쉐큐브식빵,5,5200,26000
2026-07-27,밀도,밀도 롯데노원점,폐기,유통기한초과(폐기),간식빵,103828,상하소시지 갈릭러스크,3,5200,15600
2026-07-27,밀도,밀도 롯데노원점,폐기,유통기한초과(폐기),샌드위치,103286,에그마요 소금빵,5,5200,26000
2026-07-27,밀도,밀도 롯데노원점,폐기,유통기한초과(폐기),샌드위치,103807,잠봉에멘탈크로와상샌드위치,1,7900,7900
2026-07-27,밀도,밀도 롯데노원점,폐기,유통기한초과(폐기),식빵,102684,튼튼고양식빵,7,6900,48300
2026-07-27,밀도,밀도 롯데노원점,폐기,유통기한초과(폐기),식빵,102966,달밤식빵,2,8900,17800
2026-07-27,밀도,밀도 롯데노원점,폐기,유통기한초과(폐기),미니식빵,103764,누텔라바브카,1,7800,7800
2026-07-27,밀도,밀도 롯데노원점,폐기,유통기한초과(폐기),건강빵,102983,촉촉감자치아바타,4,4800,19200
2026-07-27,밀도,밀도 롯데노원점,폐기,유통기한초과(폐기),건강빵,103578,불고기포카치아,2,5500,11000
2026-07-27,밀도,밀도 롯데노원점,폐기,유통기한초과(폐기),소금빵,102844,the부드러운소금빵,1,3600,3600
2026-07-28,밀도,밀도 성수점,폐기,유통기한초과(폐기),간식빵,100010,큐브커스터드,8,4700,37600
2026-07-28,밀도,밀도 성수점,폐기,유통기한초과(폐기),간식빵,100625,큐브시나몬,1,3800,3800
2026-07-28,밀도,밀도 성수점,폐기,유통기한초과(폐기),간식빵,102587,밀도맘모스,1,6200,6200
2026-07-28,밀도,밀도 성수점,폐기,유통기한초과(폐기),간식빵,103704,크림치즈포테이토,1,4200,4200
2026-07-28,밀도,밀도 성수점,폐기,유통기한초과(폐기),샌드위치,103807,잠봉에멘탈크로와상샌드위치,2,7900,15800
2026-07-28,밀도,밀도 성수점,폐기,유통기한초과(폐기),스콘,101119,레몬스콘,4,3800,15200
2026-07-28,밀도,밀도 성수점,폐기,유통기한초과(폐기),스콘,102977,리코타사워크림스콘,4,4200,16800
2026-07-28,밀도,밀도 성수점,폐기,유통기한초과(폐기),소금빵,102844,the부드러운소금빵,4,3600,14400
2026-07-28,밀도,밀도 정자점,폐기,유통기한초과(폐기),간식빵,100625,큐브시나몬,2,3800,7600
2026-07-28,밀도,밀도 정자점,폐기,유통기한초과(폐기),간식빵,101327,큐브소보로,3,3800,11400
2026-07-28,밀도,밀도 정자점,폐기,유통기한초과(폐기),간식빵,101451,허니러스크,5,5200,26000
2026-07-28,밀도,밀도 정자점,폐기,유통기한초과(폐기),간식빵,101957,초코허니러스크,3,5800,17400
2026-07-28,밀도,밀도 정자점,폐기,유통기한초과(폐기),간식빵,102587,밀도맘모스,2,6200,12400
2026-07-28,밀도,밀도 정자점,폐기,유통기한초과(폐기),시그니처샌드,102272,땅콩크림샌드,1,5800,5800
2026-07-28,밀도,밀도 정자점,폐기,유통기한초과(폐기),식빵,102338,통팥앙식빵,2,3900,7800
2026-07-28,밀도,밀도 정자점,폐기,유통기한초과(폐기),식빵,103814,얼룩 고양 식빵,1,7500,7500
2026-07-28,밀도,밀도 정자점,폐기,유통기한초과(폐기),미니식빵,103663,밤완두바브카,1,7200,7200
2026-07-28,밀도,밀도 정자점,폐기,유통기한초과(폐기),스콘,101119,레몬스콘,2,3800,7600
2026-07-28,밀도,밀도 한티점,폐기,유통기한초과(폐기),간식빵,101957,초코허니러스크,2,5800,11600
2026-07-28,밀도,밀도 한티점,폐기,유통기한초과(폐기),간식빵,102587,밀도맘모스,2,6200,12400
2026-07-28,밀도,밀도 한티점,폐기,유통기한초과(폐기),간식빵,103704,크림치즈포테이토,2,4200,8400
2026-07-28,밀도,밀도 한티점,폐기,유통기한초과(폐기),간식빵,103828,상하소시지 갈릭러스크,2,5200,10400
2026-07-28,밀도,밀도 한티점,폐기,유통기한초과(폐기),미니식빵,103663,밤완두바브카,4,7200,28800
2026-07-28,밀도,밀도 옥수점,폐기,유통기한초과(폐기),모닝롤,102683,모닝롤,3,3800,11400
2026-07-28,밀도,밀도 옥수점,폐기,유통기한초과(폐기),소금빵,102844,the부드러운소금빵,1,3600,3600
2026-07-28,밀도,밀도 광장점,폐기,유통기한초과(폐기),간식빵,100010,큐브커스터드,3,4700,14100
2026-07-28,밀도,밀도 광장점,폐기,유통기한초과(폐기),간식빵,101858,밀도단팥빵,2,3800,7600
2026-07-28,밀도,밀도 광장점,폐기,유통기한초과(폐기),식빵,103814,얼룩 고양 식빵,4,7500,30000
2026-07-28,밀도,밀도 광장점,폐기,유통기한초과(폐기),모닝롤,103773,모닝롤(6ea),2,5200,10400
2026-07-28,밀도,밀도 알토점,폐기,유통기한초과(폐기),간식빵,100010,큐브커스터드,2,4700,9400
2026-07-28,밀도,밀도 알토점,폐기,유통기한초과(폐기),간식빵,101451,허니러스크,3,5200,15600
2026-07-28,밀도,밀도 광교점,폐기,유통기한초과(폐기),간식빵,101451,허니러스크,1,5200,5200
2026-07-28,밀도,밀도 광교점,폐기,유통기한초과(폐기),간식빵,101858,밀도단팥빵,5,3800,19000
2026-07-28,밀도,밀도 광교점,폐기,유통기한초과(폐기),간식빵,103828,상하소시지 갈릭러스크,2,5200,10400
2026-07-28,밀도,밀도 광교점,폐기,유통기한초과(폐기),페이스트리,103768,애플시나몬크림치즈데니쉬,1,4900,4900
2026-07-28,밀도,밀도 광교점,폐기,유통기한초과(폐기),파운드,102608,바나나파운드(23년),1,5600,5600
2026-07-28,밀도,밀도 광교점,폐기,유통기한초과(폐기),샌드위치,103807,잠봉에멘탈크로와상샌드위치,1,7900,7900
2026-07-28,밀도,밀도 광교점,폐기,유통기한초과(폐기),식빵,102684,튼튼고양식빵,3,6900,20700
2026-07-28,밀도,밀도 광교점,폐기,유통기한초과(폐기),식빵,103814,얼룩 고양 식빵,3,7500,22500
2026-07-28,밀도,밀도 광교점,폐기,유통기한초과(폐기),미니식빵,103824,리치 모카빵,3,6900,20700
2026-07-28,밀도,밀도 광교점,폐기,유통기한초과(폐기),미니식빵,103827,촉촉연유브래드,3,6900,20700
2026-07-28,밀도,밀도 광교점,폐기,유통기한초과(폐기),건강빵,102983,촉촉감자치아바타,1,4800,4800
2026-07-28,밀도,밀도 광교점,폐기,유통기한초과(폐기),스콘,102977,리코타사워크림스콘,1,4200,4200
2026-07-28,밀도,밀도 광교점,폐기,유통기한초과(폐기),소금빵,102778,앙버터소금빵,3,4800,14400
2026-07-28,밀도,밀도 광교점,폐기,유통기한초과(폐기),소금빵,102844,the부드러운소금빵,3,3600,10800
2026-07-28,밀도,밀도 강남점,폐기,유통기한초과(폐기),간식빵,100010,큐브커스터드,2,4700,9400
2026-07-28,밀도,밀도 강남점,폐기,유통기한초과(폐기),간식빵,100625,큐브시나몬,3,3800,11400
2026-07-28,밀도,밀도 강남점,폐기,유통기한초과(폐기),간식빵,101858,밀도단팥빵,4,3800,15200
2026-07-28,밀도,밀도 강남점,폐기,유통기한초과(폐기),식빵,102335,호밀잡곡식빵,3,6500,19500
2026-07-28,밀도,밀도 강남점,폐기,유통기한초과(폐기),식빵,102684,튼튼고양식빵,3,6900,20700
2026-07-28,밀도,밀도 강남점,폐기,유통기한초과(폐기),식빵,102966,달밤식빵,2,8900,17800
2026-07-28,밀도,밀도 강남점,폐기,유통기한초과(폐기),식빵,103814,얼룩 고양 식빵,2,7500,15000
2026-07-28,밀도,밀도 고양점,폐기,유통기한초과(폐기),간식빵,101957,초코허니러스크,2,5800,11600
2026-07-28,밀도,밀도 고양점,폐기,유통기한초과(폐기),간식빵,103828,상하소시지 갈릭러스크,2,5200,10400
2026-07-28,밀도,밀도 고양점,폐기,유통기한초과(폐기),샌드위치,103027,블루베리잼 잠봉뵈르,2,8900,17800
2026-07-28,밀도,밀도 고양점,폐기,유통기한초과(폐기),샌드위치,103807,잠봉에멘탈크로와상샌드위치,4,7900,31600
2026-07-28,밀도,밀도 고양점,폐기,유통기한초과(폐기),미니식빵,103764,누텔라바브카,3,7800,23400
2026-07-28,밀도,밀도 고양점,폐기,유통기한초과(폐기),미니식빵,103824,리치 모카빵,3,6900,20700
2026-07-28,밀도,밀도 경기점,폐기,유통기한초과(폐기),간식빵,101451,허니러스크,1,5200,5200
2026-07-28,밀도,밀도 경기점,폐기,유통기한초과(폐기),간식빵,101858,밀도단팥빵,6,3800,22800
2026-07-28,밀도,밀도 경기점,폐기,유통기한초과(폐기),식빵,102684,튼튼고양식빵,2,6900,13800
2026-07-28,밀도,밀도 경기점,폐기,유통기한초과(폐기),식빵,103814,얼룩 고양 식빵,4,7500,30000
2026-07-28,밀도,밀도 경기점,폐기,유통기한초과(폐기),소금빵,102778,앙버터소금빵,1,4800,4800
2026-07-28,밀도,밀도 잠실점,폐기,유통기한초과(폐기),간식빵,101957,초코허니러스크,7,5800,40600
2026-07-28,밀도,밀도 압구정현대점,폐기,유통기한초과(폐기),간식빵,101858,밀도단팥빵,3,3800,11400
2026-07-28,밀도,밀도 압구정현대점,폐기,유통기한초과(폐기),시그니처샌드,102272,땅콩크림샌드,3,5800,17400
2026-07-28,밀도,밀도 압구정현대점,폐기,유통기한초과(폐기),식빵,100004,리치식빵,2,8400,16800
2026-07-28,밀도,밀도 압구정현대점,폐기,유통기한초과(폐기),식빵,102322,리치식빵Half,2,4800,9600
2026-07-28,밀도,밀도 뉴코아강남점,폐기,유통기한초과(폐기),간식빵,100010,큐브커스터드,3,4700,14100
2026-07-28,밀도,밀도 뉴코아강남점,폐기,유통기한초과(폐기),간식빵,101957,초코허니러스크,2,5800,11600
2026-07-28,밀도,밀도 뉴코아강남점,폐기,유통기한초과(폐기),간식빵,102976,앙버터허니러스크,1,6200,6200
2026-07-28,밀도,밀도 뉴코아강남점,폐기,유통기한초과(폐기),간식빵,103704,크림치즈포테이토,3,4200,12600
2026-07-28,밀도,밀도 뉴코아강남점,폐기,유통기한초과(폐기),간식빵,103828,상하소시지 갈릭러스크,5,5200,26000
2026-07-28,밀도,밀도 뉴코아강남점,폐기,유통기한초과(폐기),시그니처샌드,102272,땅콩크림샌드,6,5800,34800
2026-07-28,밀도,밀도 뉴코아강남점,폐기,유통기한초과(폐기),샌드위치,103286,에그마요 소금빵,6,5200,31200
2026-07-28,밀도,밀도 뉴코아강남점,폐기,유통기한초과(폐기),샌드위치,103807,잠봉에멘탈크로와상샌드위치,3,7900,23700
2026-07-28,밀도,밀도 뉴코아강남점,폐기,유통기한초과(폐기),식빵,102684,튼튼고양식빵,2,6900,13800
2026-07-28,밀도,밀도 뉴코아강남점,폐기,유통기한초과(폐기),식빵,103814,얼룩 고양 식빵,1,7500,7500
2026-07-28,밀도,밀도 뉴코아강남점,폐기,유통기한초과(폐기),미니식빵,103827,촉촉연유브래드,1,6900,6900
2026-07-28,밀도,밀도 뉴코아강남점,폐기,유통기한초과(폐기),건강빵,102992,플레인로데브,3,7800,23400
2026-07-28,밀도,밀도 뉴코아강남점,폐기,유통기한초과(폐기),건강빵,102993,프룻로데브,3,7800,23400
2026-07-28,밀도,밀도 뉴코아강남점,폐기,유통기한초과(폐기),건강빵,103574,무화과오트통밀100,1,5500,5500
2026-07-28,밀도,밀도 뉴코아강남점,폐기,유통기한초과(폐기),건강빵,103575,단호박고구마통밀(whole),1,5500,5500
2026-07-28,밀도,밀도 뉴코아강남점,폐기,유통기한초과(폐기),스콘,101119,레몬스콘,1,3800,3800
2026-07-28,밀도,밀도 뉴코아강남점,폐기,유통기한초과(폐기),소금빵,102844,the부드러운소금빵,6,3600,21600
2026-07-28,밀도,밀도 롯데노원점,폐기,유통기한초과(폐기),간식빵,101327,큐브소보로,1,3800,3800
2026-07-28,밀도,밀도 롯데노원점,폐기,유통기한초과(폐기),간식빵,101451,허니러스크,6,5200,31200
2026-07-28,밀도,밀도 롯데노원점,폐기,유통기한초과(폐기),간식빵,101858,밀도단팥빵,5,3800,19000
2026-07-28,밀도,밀도 롯데노원점,폐기,유통기한초과(폐기),간식빵,103704,크림치즈포테이토,1,4200,4200
2026-07-28,밀도,밀도 롯데노원점,폐기,유통기한초과(폐기),간식빵,103766,누텔라로쉐큐브식빵,3,5200,15600
2026-07-28,밀도,밀도 롯데노원점,폐기,유통기한초과(폐기),간식빵,103828,상하소시지 갈릭러스크,3,5200,15600
2026-07-28,밀도,밀도 롯데노원점,폐기,유통기한초과(폐기),샌드위치,103286,에그마요 소금빵,1,5200,5200
2026-07-28,밀도,밀도 롯데노원점,폐기,유통기한초과(폐기),샌드위치,103807,잠봉에멘탈크로와상샌드위치,2,7900,15800
2026-07-28,밀도,밀도 롯데노원점,폐기,유통기한초과(폐기),식빵,102966,달밤식빵,1,8900,8900
2026-07-28,밀도,밀도 롯데노원점,폐기,유통기한초과(폐기),미니식빵,103824,리치 모카빵,2,6900,13800
2026-07-29,밀도,밀도 성수점,폐기,유통기한초과(폐기),간식빵,100010,큐브커스터드,7,4700,32900
2026-07-29,밀도,밀도 성수점,폐기,유통기한초과(폐기),간식빵,100625,큐브시나몬,1,3800,3800
2026-07-29,밀도,밀도 성수점,폐기,유통기한초과(폐기),간식빵,101451,허니러스크,1,5200,5200
2026-07-29,밀도,밀도 성수점,폐기,유통기한초과(폐기),간식빵,101957,초코허니러스크,1,5800,5800
2026-07-29,밀도,밀도 성수점,폐기,유통기한초과(폐기),간식빵,102587,밀도맘모스,1,6200,6200
2026-07-29,밀도,밀도 성수점,폐기,유통기한초과(폐기),간식빵,103704,크림치즈포테이토,1,4200,4200
2026-07-29,밀도,밀도 성수점,폐기,유통기한초과(폐기),샌드위치,103807,잠봉에멘탈크로와상샌드위치,1,7900,7900
2026-07-29,밀도,밀도 성수점,폐기,유통기한초과(폐기),건강빵,102983,촉촉감자치아바타,4,4800,19200
2026-07-29,밀도,밀도 성수점,폐기,유통기한초과(폐기),스콘,102977,리코타사워크림스콘,1,4200,4200
2026-07-29,밀도,밀도 정자점,폐기,유통기한초과(폐기),시그니처샌드,102272,땅콩크림샌드,1,5800,5800
2026-07-29,밀도,밀도 정자점,폐기,유통기한초과(폐기),식빵,102684,튼튼고양식빵,2,6900,13800
2026-07-29,밀도,밀도 정자점,폐기,유통기한초과(폐기),식빵,103814,얼룩 고양 식빵,2,7500,15000
2026-07-29,밀도,밀도 정자점,폐기,유통기한초과(폐기),미니식빵,103663,밤완두바브카,1,7200,7200
2026-07-29,밀도,밀도 정자점,폐기,유통기한초과(폐기),미니식빵,103824,리치 모카빵,1,6900,6900
2026-07-29,밀도,밀도 한티점,폐기,유통기한초과(폐기),간식빵,102587,밀도맘모스,3,6200,18600
2026-07-29,밀도,밀도 한티점,폐기,유통기한초과(폐기),간식빵,103704,크림치즈포테이토,2,4200,8400
2026-07-29,밀도,밀도 한티점,폐기,유통기한초과(폐기),간식빵,103828,상하소시지 갈릭러스크,2,5200,10400
2026-07-29,밀도,밀도 한티점,폐기,유통기한초과(폐기),식빵,102684,튼튼고양식빵,4,6900,27600
2026-07-29,밀도,밀도 한티점,폐기,유통기한초과(폐기),식빵,102966,달밤식빵,2,8900,17800
2026-07-29,밀도,밀도 한티점,폐기,유통기한초과(폐기),식빵,103814,얼룩 고양 식빵,4,7500,30000
2026-07-29,밀도,밀도 한티점,폐기,유통기한초과(폐기),미니식빵,103824,리치 모카빵,1,6900,6900
2026-07-29,밀도,밀도 한티점,폐기,유통기한초과(폐기),미니식빵,103827,촉촉연유브래드,1,6900,6900
2026-07-29,밀도,밀도 한티점,폐기,유통기한초과(폐기),모닝롤,103773,모닝롤(6ea),5,5200,26000
2026-07-29,밀도,밀도 옥수점,폐기,유통기한초과(폐기),식빵,103814,얼룩 고양 식빵,1,7500,7500
2026-07-29,밀도,밀도 옥수점,폐기,유통기한초과(폐기),미니식빵,103663,밤완두바브카,2,7200,14400
2026-07-29,밀도,밀도 옥수점,폐기,유통기한초과(폐기),모닝롤,102683,모닝롤,2,3800,7600
2026-07-29,밀도,밀도 옥수점,폐기,유통기한초과(폐기),소금빵,102778,앙버터소금빵,4,4800,19200
2026-07-29,밀도,밀도 광장점,폐기,유통기한초과(폐기),간식빵,100625,큐브시나몬,1,3800,3800
2026-07-29,밀도,밀도 광장점,폐기,유통기한초과(폐기),간식빵,101451,허니러스크,1,5200,5200
2026-07-29,밀도,밀도 광장점,폐기,유통기한초과(폐기),간식빵,101957,초코허니러스크,3,5800,17400
2026-07-29,밀도,밀도 광장점,폐기,유통기한초과(폐기),스콘,102977,리코타사워크림스콘,3,4200,12600
2026-07-29,밀도,밀도 알토점,폐기,불량(폐기),식빵,102338,통팥앙식빵,1,3900,3900
2026-07-29,밀도,밀도 광교점,폐기,유통기한초과(폐기),페이스트리,103769,고창고구마데니쉬,2,4600,9200
2026-07-29,밀도,밀도 광교점,폐기,유통기한초과(폐기),파운드,103040,무화과휘낭시에,1,3200,3200
2026-07-29,밀도,밀도 광교점,폐기,유통기한초과(폐기),파운드,103832,솔티카라멜휘낭시에,1,3200,3200
2026-07-29,밀도,밀도 광교점,폐기,유통기한초과(폐기),식빵,102335,호밀잡곡식빵,1,6500,6500
2026-07-29,밀도,밀도 광교점,폐기,유통기한초과(폐기),미니식빵,103824,리치 모카빵,1,6900,6900
2026-07-29,밀도,밀도 광교점,폐기,유통기한초과(폐기),스콘,101119,레몬스콘,1,3800,3800
2026-07-29,밀도,밀도 광교점,폐기,유통기한초과(폐기),스콘,102977,리코타사워크림스콘,2,4200,8400
2026-07-29,밀도,밀도 광교점,폐기,유통기한초과(폐기),소금빵,102778,앙버터소금빵,6,4800,28800
2026-07-29,밀도,밀도 강남점,폐기,유통기한초과(폐기),간식빵,100010,큐브커스터드,3,4700,14100
2026-07-29,밀도,밀도 강남점,폐기,유통기한초과(폐기),간식빵,100625,큐브시나몬,2,3800,7600
2026-07-29,밀도,밀도 강남점,폐기,유통기한초과(폐기),간식빵,101327,큐브소보로,1,3800,3800
2026-07-29,밀도,밀도 강남점,폐기,유통기한초과(폐기),간식빵,101451,허니러스크,2,5200,10400
2026-07-29,밀도,밀도 강남점,폐기,유통기한초과(폐기),간식빵,101858,밀도단팥빵,2,3800,7600
2026-07-29,밀도,밀도 강남점,폐기,유통기한초과(폐기),간식빵,101957,초코허니러스크,2,5800,11600
2026-07-29,밀도,밀도 강남점,폐기,유통기한초과(폐기),간식빵,102587,밀도맘모스,1,6200,6200
2026-07-29,밀도,밀도 강남점,폐기,유통기한초과(폐기),간식빵,103828,상하소시지 갈릭러스크,3,5200,15600
2026-07-29,밀도,밀도 강남점,폐기,유통기한초과(폐기),카스텔라,103842,제주한라봉에그촉촉카스텔라,2,13000,26000
2026-07-29,밀도,밀도 강남점,폐기,유통기한초과(폐기),샌드위치,103805,아이올리베이컨토마토샌드위치,2,8900,17800
2026-07-29,밀도,밀도 강남점,폐기,유통기한초과(폐기),샌드위치,103807,잠봉에멘탈크로와상샌드위치,1,7900,7900
2026-07-29,밀도,밀도 강남점,폐기,유통기한초과(폐기),식빵,103814,얼룩 고양 식빵,2,7500,15000
2026-07-29,밀도,밀도 강남점,폐기,유통기한초과(폐기),스콘,101119,레몬스콘,1,3800,3800
2026-07-29,밀도,밀도 고양점,폐기,유통기한초과(폐기),간식빵,101957,초코허니러스크,1,5800,5800
2026-07-29,밀도,밀도 고양점,폐기,유통기한초과(폐기),간식빵,103766,누텔라로쉐큐브식빵,1,5200,5200
2026-07-29,밀도,밀도 고양점,폐기,유통기한초과(폐기),간식빵,103828,상하소시지 갈릭러스크,2,5200,10400
2026-07-29,밀도,밀도 고양점,폐기,유통기한초과(폐기),페이스트리,103769,고창고구마데니쉬,1,4600,4600
2026-07-29,밀도,밀도 고양점,폐기,유통기한초과(폐기),샌드위치,103027,블루베리잼 잠봉뵈르,1,8900,8900
2026-07-29,밀도,밀도 고양점,폐기,유통기한초과(폐기),샌드위치,103286,에그마요 소금빵,5,5200,26000
2026-07-29,밀도,밀도 고양점,폐기,유통기한초과(폐기),건강빵,103574,무화과오트통밀100,1,5500,5500
2026-07-29,밀도,밀도 고양점,폐기,유통기한초과(폐기),건강빵,103575,단호박고구마통밀(whole),1,5500,5500
2026-07-29,밀도,밀도 경기점,폐기,유통기한초과(폐기),간식빵,101858,밀도단팥빵,2,3800,7600
2026-07-29,밀도,밀도 경기점,폐기,유통기한초과(폐기),식빵,103814,얼룩 고양 식빵,1,7500,7500
2026-07-29,밀도,밀도 잠실점,폐기,유통기한초과(폐기),간식빵,101858,밀도단팥빵,1,3800,3800
2026-07-29,밀도,밀도 잠실점,폐기,유통기한초과(폐기),간식빵,101957,초코허니러스크,2,5800,11600
2026-07-29,밀도,밀도 잠실점,폐기,유통기한초과(폐기),간식빵,102975,석촌호수맘모스,1,6200,6200
2026-07-29,밀도,밀도 잠실점,폐기,유통기한초과(폐기),간식빵,102976,앙버터허니러스크,4,6200,24800
2026-07-29,밀도,밀도 잠실점,폐기,유통기한초과(폐기),간식빵,103828,상하소시지 갈릭러스크,5,5200,26000
2026-07-29,밀도,밀도 잠실점,폐기,유통기한초과(폐기),페이스트리,103768,애플시나몬크림치즈데니쉬,9,4900,44100
2026-07-29,밀도,밀도 잠실점,폐기,유통기한초과(폐기),페이스트리,103769,고창고구마데니쉬,9,4600,41400
2026-07-29,밀도,밀도 압구정현대점,폐기,유통기한초과(폐기),간식빵,101451,허니러스크,2,5200,10400
2026-07-29,밀도,밀도 압구정현대점,폐기,유통기한초과(폐기),간식빵,101957,초코허니러스크,2,5800,11600
2026-07-29,밀도,밀도 압구정현대점,폐기,유통기한초과(폐기),간식빵,102587,밀도맘모스,1,6200,6200
2026-07-29,밀도,밀도 뉴코아강남점,폐기,유통기한초과(폐기),간식빵,100010,큐브커스터드,1,4700,4700
2026-07-29,밀도,밀도 뉴코아강남점,폐기,유통기한초과(폐기),간식빵,101451,허니러스크,15,5200,78000
2026-07-29,밀도,밀도 뉴코아강남점,폐기,유통기한초과(폐기),간식빵,103704,크림치즈포테이토,1,4200,4200
2026-07-29,밀도,밀도 뉴코아강남점,폐기,유통기한초과(폐기),간식빵,103828,상하소시지 갈릭러스크,4,5200,20800
2026-07-29,밀도,밀도 뉴코아강남점,폐기,유통기한초과(폐기),시그니처샌드,102272,땅콩크림샌드,1,5800,5800
2026-07-29,밀도,밀도 뉴코아강남점,폐기,유통기한초과(폐기),샌드위치,103027,블루베리잼 잠봉뵈르,1,8900,8900
2026-07-29,밀도,밀도 뉴코아강남점,폐기,유통기한초과(폐기),샌드위치,103028,그릴드닭가슴살 당근라페 샌드위치,2,8900,17800
2026-07-29,밀도,밀도 뉴코아강남점,폐기,유통기한초과(폐기),식빵,102684,튼튼고양식빵,9,6900,62100
2026-07-29,밀도,밀도 뉴코아강남점,폐기,유통기한초과(폐기),미니식빵,103824,리치 모카빵,3,6900,20700
2026-07-29,밀도,밀도 뉴코아강남점,폐기,유통기한초과(폐기),건강빵,102991,곡물가득로데브,9,8000,72000
2026-07-29,밀도,밀도 뉴코아강남점,폐기,유통기한초과(폐기),건강빵,102993,프룻로데브,3,7800,23400
2026-07-29,밀도,밀도 뉴코아강남점,폐기,유통기한초과(폐기),건강빵,103574,무화과오트통밀100,4,5500,22000
2026-07-29,밀도,밀도 롯데노원점,폐기,유통기한초과(폐기),간식빵,101327,큐브소보로,4,3800,15200
2026-07-29,밀도,밀도 롯데노원점,폐기,유통기한초과(폐기),간식빵,101451,허니러스크,12,5200,62400
2026-07-29,밀도,밀도 롯데노원점,폐기,유통기한초과(폐기),간식빵,101858,밀도단팥빵,6,3800,22800
2026-07-29,밀도,밀도 롯데노원점,폐기,유통기한초과(폐기),간식빵,101957,초코허니러스크,4,5800,23200
2026-07-29,밀도,밀도 롯데노원점,폐기,유통기한초과(폐기),간식빵,102587,밀도맘모스,6,6200,37200
2026-07-29,밀도,밀도 롯데노원점,폐기,유통기한초과(폐기),간식빵,102976,앙버터허니러스크,4,6200,24800
2026-07-29,밀도,밀도 롯데노원점,폐기,유통기한초과(폐기),간식빵,103766,누텔라로쉐큐브식빵,1,5200,5200
2026-07-29,밀도,밀도 롯데노원점,폐기,유통기한초과(폐기),간식빵,103828,상하소시지 갈릭러스크,1,5200,5200
2026-07-29,밀도,밀도 롯데노원점,폐기,유통기한초과(폐기),디저트,103569,상하초콜릿푸딩,2,5500,11000
2026-07-29,밀도,밀도 롯데노원점,폐기,유통기한초과(폐기),샌드위치,103286,에그마요 소금빵,2,5200,10400
2026-07-29,밀도,밀도 롯데노원점,폐기,유통기한초과(폐기),식빵,102684,튼튼고양식빵,11,6900,75900
2026-07-29,밀도,밀도 롯데노원점,폐기,유통기한초과(폐기),식빵,103814,얼룩 고양 식빵,1,7500,7500
2026-07-29,밀도,밀도 롯데노원점,폐기,유통기한초과(폐기),미니식빵,103764,누텔라바브카,1,7800,7800
2026-07-29,밀도,밀도 롯데노원점,폐기,유통기한초과(폐기),미니식빵,103824,리치 모카빵,1,6900,6900
2026-07-29,밀도,밀도 롯데노원점,폐기,유통기한초과(폐기),건강빵,103578,불고기포카치아,2,5500,11000
2026-07-29,밀도,밀도 롯데노원점,폐기,유통기한초과(폐기),건강빵,103622,마르게리따포카치아,2,5500,11000
2026-07-29,밀도,밀도 롯데노원점,폐기,유통기한초과(폐기),소금빵,102778,앙버터소금빵,7,4800,33600
2026-07-29,밀도,밀도 롯데노원점,폐기,유통기한초과(폐기),소금빵,102844,the부드러운소금빵,1,3600,3600
2026-07-30,밀도,밀도 성수점,폐기,유통기한초과(폐기),간식빵,100010,큐브커스터드,2,4700,9400
2026-07-30,밀도,밀도 성수점,폐기,유통기한초과(폐기),간식빵,101327,큐브소보로,1,3800,3800
2026-07-30,밀도,밀도 성수점,폐기,유통기한초과(폐기),간식빵,101451,허니러스크,1,5200,5200
2026-07-30,밀도,밀도 성수점,폐기,유통기한초과(폐기),간식빵,102587,밀도맘모스,2,6200,12400
2026-07-30,밀도,밀도 성수점,폐기,유통기한초과(폐기),시그니처샌드,102272,땅콩크림샌드,2,5800,11600
2026-07-30,밀도,밀도 성수점,폐기,유통기한초과(폐기),샌드위치,103286,에그마요 소금빵,2,5200,10400
2026-07-30,밀도,밀도 성수점,폐기,유통기한초과(폐기),미니식빵,103764,누텔라바브카,1,7800,7800
2026-07-30,밀도,밀도 성수점,폐기,유통기한초과(폐기),미니식빵,103827,촉촉연유브래드,1,6900,6900
2026-07-30,밀도,밀도 성수점,폐기,유통기한초과(폐기),건강빵,102983,촉촉감자치아바타,1,4800,4800
2026-07-30,밀도,밀도 성수점,폐기,유통기한초과(폐기),모닝롤,102683,모닝롤,2,3800,7600
2026-07-30,밀도,밀도 정자점,폐기,유통기한초과(폐기),간식빵,101327,큐브소보로,1,3800,3800
2026-07-30,밀도,밀도 정자점,폐기,유통기한초과(폐기),식빵,102966,달밤식빵,1,8900,8900
2026-07-30,밀도,밀도 한티점,폐기,유통기한초과(폐기),간식빵,103704,크림치즈포테이토,4,4200,16800
2026-07-30,밀도,밀도 한티점,폐기,유통기한초과(폐기),간식빵,103828,상하소시지 갈릭러스크,2,5200,10400
2026-07-30,밀도,밀도 한티점,폐기,유통기한초과(폐기),식빵,102338,통팥앙식빵,1,3900,3900
2026-07-30,밀도,밀도 한티점,폐기,유통기한초과(폐기),모닝롤,103773,모닝롤(6ea),1,5200,5200
2026-07-30,밀도,밀도 옥수점,폐기,유통기한초과(폐기),식빵,103814,얼룩 고양 식빵,2,7500,15000
2026-07-30,밀도,밀도 옥수점,폐기,유통기한초과(폐기),미니식빵,103663,밤완두바브카,1,7200,7200
2026-07-30,밀도,밀도 옥수점,폐기,유통기한초과(폐기),미니식빵,103824,리치 모카빵,1,6900,6900
2026-07-30,밀도,밀도 옥수점,폐기,유통기한초과(폐기),소금빵,102778,앙버터소금빵,2,4800,9600
2026-07-30,밀도,밀도 옥수점,폐기,유통기한초과(폐기),소금빵,102844,the부드러운소금빵,2,3600,7200
2026-07-30,밀도,밀도 광장점,폐기,유통기한초과(폐기),간식빵,101858,밀도단팥빵,4,3800,15200
2026-07-30,밀도,밀도 광장점,폐기,유통기한초과(폐기),시그니처샌드,102272,땅콩크림샌드,3,5800,17400
2026-07-30,밀도,밀도 광장점,폐기,유통기한초과(폐기),샌드위치,103805,아이올리베이컨토마토샌드위치,2,8900,17800
2026-07-30,밀도,밀도 광장점,폐기,유통기한초과(폐기),식빵,102338,통팥앙식빵,2,3900,7800
2026-07-30,밀도,밀도 광장점,폐기,유통기한초과(폐기),식빵,102684,튼튼고양식빵,1,6900,6900
2026-07-30,밀도,밀도 광장점,폐기,유통기한초과(폐기),식빵,103814,얼룩 고양 식빵,1,7500,7500
2026-07-30,밀도,밀도 광장점,폐기,유통기한초과(폐기),미니식빵,103827,촉촉연유브래드,1,6900,6900
2026-07-30,밀도,밀도 광장점,폐기,유통기한초과(폐기),모닝롤,103773,모닝롤(6ea),1,5200,5200
2026-07-30,밀도,밀도 알토점,폐기,유통기한초과(폐기),간식빵,101957,초코허니러스크,1,5800,5800
2026-07-30,밀도,밀도 알토점,폐기,유통기한초과(폐기),간식빵,103828,상하소시지 갈릭러스크,3,5200,15600
2026-07-30,밀도,밀도 알토점,폐기,유통기한초과(폐기),식빵,102335,호밀잡곡식빵,1,6500,6500
2026-07-30,밀도,밀도 광교점,폐기,유통기한초과(폐기),간식빵,101858,밀도단팥빵,0,3800,0
2026-07-30,밀도,밀도 광교점,폐기,유통기한초과(폐기),간식빵,103828,상하소시지 갈릭러스크,0,5200,0
2026-07-30,밀도,밀도 광교점,폐기,유통기한초과(폐기),페이스트리,103768,애플시나몬크림치즈데니쉬,0,4900,0
2026-07-30,밀도,밀도 광교점,폐기,유통기한초과(폐기),페이스트리,103769,고창고구마데니쉬,0,4600,0
2026-07-30,밀도,밀도 광교점,폐기,유통기한초과(폐기),파운드,102608,바나나파운드(23년),0,5600,0
2026-07-30,밀도,밀도 광교점,폐기,유통기한초과(폐기),디저트,103737,허쉬딥초코롤케이크(조각),0,6500,0
2026-07-30,밀도,밀도 광교점,폐기,유통기한초과(폐기),식빵,100003,담백식빵,0,7800,0
2026-07-30,밀도,밀도 광교점,폐기,유통기한초과(폐기),식빵,100004,리치식빵,0,8400,0
2026-07-30,밀도,밀도 광교점,폐기,유통기한초과(폐기),식빵,102684,튼튼고양식빵,0,6900,0
2026-07-30,밀도,밀도 광교점,폐기,유통기한초과(폐기),식빵,103814,얼룩 고양 식빵,0,7500,0
2026-07-30,밀도,밀도 광교점,폐기,유통기한초과(폐기),미니식빵,103824,리치 모카빵,0,6900,0
2026-07-30,밀도,밀도 광교점,폐기,유통기한초과(폐기),미니식빵,103827,촉촉연유브래드,0,6900,0
2026-07-30,밀도,밀도 광교점,폐기,유통기한초과(폐기),소금빵,102778,앙버터소금빵,0,4800,0
2026-07-30,밀도,밀도 강남점,폐기,유통기한초과(폐기),간식빵,100010,큐브커스터드,2,4700,9400
2026-07-30,밀도,밀도 강남점,폐기,유통기한초과(폐기),간식빵,103704,크림치즈포테이토,2,4200,8400
2026-07-30,밀도,밀도 강남점,폐기,유통기한초과(폐기),샌드위치,103805,아이올리베이컨토마토샌드위치,2,8900,17800
2026-07-30,밀도,밀도 강남점,폐기,유통기한초과(폐기),샌드위치,103806,바질치폴레닭가슴살샌드위치,3,8900,26700
2026-07-30,밀도,밀도 강남점,폐기,유통기한초과(폐기),식빵,102684,튼튼고양식빵,1,6900,6900
2026-07-30,밀도,밀도 강남점,폐기,유통기한초과(폐기),식빵,102966,달밤식빵,2,8900,17800
2026-07-30,밀도,밀도 강남점,폐기,유통기한초과(폐기),식빵,103814,얼룩 고양 식빵,3,7500,22500
2026-07-30,밀도,밀도 고양점,폐기,유통기한초과(폐기),간식빵,103704,크림치즈포테이토,1,4200,4200
2026-07-30,밀도,밀도 고양점,폐기,유통기한초과(폐기),간식빵,103766,누텔라로쉐큐브식빵,1,5200,5200
2026-07-30,밀도,밀도 고양점,폐기,유통기한초과(폐기),간식빵,103828,상하소시지 갈릭러스크,1,5200,5200
2026-07-30,밀도,밀도 고양점,폐기,유통기한초과(폐기),페이스트리,103769,고창고구마데니쉬,2,4600,9200
2026-07-30,밀도,밀도 고양점,폐기,유통기한초과(폐기),샌드위치,103027,블루베리잼 잠봉뵈르,1,8900,8900
2026-07-30,밀도,밀도 고양점,폐기,유통기한초과(폐기),건강빵,103575,단호박고구마통밀(whole),3,5500,16500
2026-07-30,밀도,밀도 경기점,폐기,유통기한초과(폐기),간식빵,101451,허니러스크,2,5200,10400
2026-07-30,밀도,밀도 경기점,폐기,유통기한초과(폐기),식빵,103814,얼룩 고양 식빵,1,7500,7500
2026-07-30,밀도,밀도 경기점,폐기,유통기한초과(폐기),소금빵,102844,the부드러운소금빵,2,3600,7200
2026-07-30,밀도,밀도 잠실점,폐기,유통기한초과(폐기),간식빵,103828,상하소시지 갈릭러스크,2,5200,10400
2026-07-30,밀도,밀도 잠실점,폐기,유통기한초과(폐기),샌드위치,103805,아이올리베이컨토마토샌드위치,2,8900,17800
2026-07-30,밀도,밀도 잠실점,폐기,유통기한초과(폐기),샌드위치,103807,잠봉에멘탈크로와상샌드위치,1,7900,7900
2026-07-30,밀도,밀도 잠실점,폐기,유통기한초과(폐기),스콘,102977,리코타사워크림스콘,1,4200,4200
2026-07-30,밀도,밀도 압구정현대점,폐기,유통기한초과(폐기),간식빵,101451,허니러스크,2,5200,10400
2026-07-30,밀도,밀도 압구정현대점,폐기,유통기한초과(폐기),간식빵,101957,초코허니러스크,1,5800,5800
2026-07-30,밀도,밀도 압구정현대점,폐기,유통기한초과(폐기),간식빵,102587,밀도맘모스,3,6200,18600
2026-07-30,밀도,밀도 압구정현대점,폐기,유통기한초과(폐기),간식빵,103765,누텔라시나몬롤데니쉬,1,4800,4800
2026-07-30,밀도,밀도 압구정현대점,폐기,유통기한초과(폐기),식빵,102322,리치식빵Half,1,4800,4800
2026-07-30,밀도,밀도 압구정현대점,폐기,유통기한초과(폐기),미니식빵,103764,누텔라바브카,2,7800,15600
2026-07-30,밀도,밀도 압구정현대점,폐기,유통기한초과(폐기),미니식빵,103824,리치 모카빵,1,6900,6900
2026-07-30,밀도,밀도 압구정현대점,폐기,유통기한초과(폐기),소금빵,102778,앙버터소금빵,2,4800,9600
2026-07-30,밀도,밀도 뉴코아강남점,폐기,유통기한초과(폐기),간식빵,100010,큐브커스터드,2,4700,9400
2026-07-30,밀도,밀도 뉴코아강남점,폐기,유통기한초과(폐기),간식빵,100625,큐브시나몬,1,3800,3800
2026-07-30,밀도,밀도 뉴코아강남점,폐기,유통기한초과(폐기),간식빵,101451,허니러스크,3,5200,15600
2026-07-30,밀도,밀도 뉴코아강남점,폐기,유통기한초과(폐기),간식빵,102587,밀도맘모스,2,6200,12400
2026-07-30,밀도,밀도 뉴코아강남점,폐기,유통기한초과(폐기),간식빵,102976,앙버터허니러스크,2,6200,12400
2026-07-30,밀도,밀도 뉴코아강남점,폐기,유통기한초과(폐기),간식빵,103828,상하소시지 갈릭러스크,2,5200,10400
2026-07-30,밀도,밀도 뉴코아강남점,폐기,유통기한초과(폐기),샌드위치,103027,블루베리잼 잠봉뵈르,1,8900,8900
2026-07-30,밀도,밀도 뉴코아강남점,폐기,유통기한초과(폐기),샌드위치,103286,에그마요 소금빵,3,5200,15600
2026-07-30,밀도,밀도 뉴코아강남점,폐기,유통기한초과(폐기),식빵,102684,튼튼고양식빵,6,6900,41400
2026-07-30,밀도,밀도 뉴코아강남점,폐기,유통기한초과(폐기),식빵,102966,달밤식빵,1,8900,8900
2026-07-30,밀도,밀도 뉴코아강남점,폐기,유통기한초과(폐기),식빵,103644,더잡곡식빵리뉴얼,5,12800,64000
2026-07-30,밀도,밀도 뉴코아강남점,폐기,유통기한초과(폐기),식빵,103814,얼룩 고양 식빵,2,7500,15000
2026-07-30,밀도,밀도 뉴코아강남점,폐기,유통기한초과(폐기),미니식빵,103824,리치 모카빵,2,6900,13800
2026-07-30,밀도,밀도 뉴코아강남점,폐기,유통기한초과(폐기),건강빵,102991,곡물가득로데브,1,8000,8000
2026-07-30,밀도,밀도 뉴코아강남점,폐기,유통기한초과(폐기),건강빵,102993,프룻로데브,4,7800,31200
2026-07-30,밀도,밀도 뉴코아강남점,폐기,유통기한초과(폐기),건강빵,103574,무화과오트통밀100,3,5500,16500
2026-07-30,밀도,밀도 뉴코아강남점,폐기,유통기한초과(폐기),건강빵,103575,단호박고구마통밀(whole),2,5500,11000
2026-07-30,밀도,밀도 뉴코아강남점,폐기,유통기한초과(폐기),소금빵,102778,앙버터소금빵,1,4800,4800
2026-07-30,밀도,밀도 롯데노원점,폐기,유통기한초과(폐기),간식빵,100010,큐브커스터드,2,4700,9400
2026-07-30,밀도,밀도 롯데노원점,폐기,유통기한초과(폐기),간식빵,103766,누텔라로쉐큐브식빵,7,5200,36400
2026-07-30,밀도,밀도 롯데노원점,폐기,유통기한초과(폐기),간식빵,103828,상하소시지 갈릭러스크,5,5200,26000
2026-07-30,밀도,밀도 롯데노원점,폐기,유통기한초과(폐기),식빵,102966,달밤식빵,5,8900,44500
2026-07-30,밀도,밀도 롯데노원점,폐기,유통기한초과(폐기),건강빵,103575,단호박고구마통밀(whole),1,5500,5500
2026-07-30,밀도,밀도 롯데노원점,폐기,유통기한초과(폐기),소금빵,102844,the부드러운소금빵,4,3600,14400
2026-07-30,밀도,밀도 롯데평촌점,폐기,유통기한초과(폐기),간식빵,101451,허니러스크,10,5200,52000
2026-07-30,밀도,밀도 롯데평촌점,폐기,유통기한초과(폐기),간식빵,101957,초코허니러스크,2,5800,11600
2026-07-30,밀도,밀도 롯데평촌점,폐기,유통기한초과(폐기),샌드위치,103286,에그마요 소금빵,2,5200,10400
2026-07-30,밀도,밀도 롯데평촌점,폐기,유통기한초과(폐기),식빵,100003,담백식빵,24,7800,187200
2026-07-30,밀도,밀도 롯데평촌점,폐기,유통기한초과(폐기),식빵,100004,리치식빵,5,8400,42000
2026-07-30,밀도,밀도 롯데평촌점,폐기,유통기한초과(폐기),식빵,102335,호밀잡곡식빵,13,6500,84500
2026-07-30,밀도,밀도 롯데평촌점,폐기,유통기한초과(폐기),건강빵,102983,촉촉감자치아바타,1,4800,4800
2026-07-31,밀도,밀도 성수점,폐기,유통기한초과(폐기),간식빵,100010,큐브커스터드,1,4700,4700
2026-07-31,밀도,밀도 성수점,폐기,유통기한초과(폐기),간식빵,100625,큐브시나몬,1,3800,3800
2026-07-31,밀도,밀도 성수점,폐기,유통기한초과(폐기),간식빵,101327,큐브소보로,4,3800,15200
2026-07-31,밀도,밀도 성수점,폐기,유통기한초과(폐기),간식빵,102587,밀도맘모스,2,6200,12400
2026-07-31,밀도,밀도 성수점,폐기,유통기한초과(폐기),간식빵,103704,크림치즈포테이토,5,4200,21000
2026-07-31,밀도,밀도 성수점,폐기,유통기한초과(폐기),샌드위치,103027,블루베리잼 잠봉뵈르,1,8900,8900
2026-07-31,밀도,밀도 성수점,폐기,유통기한초과(폐기),샌드위치,103286,에그마요 소금빵,3,5200,15600
2026-07-31,밀도,밀도 성수점,폐기,유통기한초과(폐기),샌드위치,103807,잠봉에멘탈크로와상샌드위치,2,7900,15800
2026-07-31,밀도,밀도 성수점,폐기,유통기한초과(폐기),미니식빵,103824,리치 모카빵,4,6900,27600
2026-07-31,밀도,밀도 성수점,폐기,유통기한초과(폐기),건강빵,102983,촉촉감자치아바타,2,4800,9600
2026-07-31,밀도,밀도 성수점,폐기,유통기한초과(폐기),스콘,102977,리코타사워크림스콘,3,4200,12600
2026-07-31,밀도,밀도 정자점,폐기,유통기한초과(폐기),간식빵,101858,밀도단팥빵,1,3800,3800
2026-07-31,밀도,밀도 정자점,폐기,유통기한초과(폐기),식빵,102684,튼튼고양식빵,1,6900,6900
2026-07-31,밀도,밀도 정자점,폐기,유통기한초과(폐기),스콘,101119,레몬스콘,1,3800,3800
2026-07-31,밀도,밀도 한티점,폐기,유통기한초과(폐기),간식빵,101327,큐브소보로,6,3800,22800
2026-07-31,밀도,밀도 한티점,폐기,유통기한초과(폐기),간식빵,101451,허니러스크,2,5200,10400
2026-07-31,밀도,밀도 한티점,폐기,유통기한초과(폐기),간식빵,101957,초코허니러스크,2,5800,11600
2026-07-31,밀도,밀도 한티점,폐기,유통기한초과(폐기),간식빵,103828,상하소시지 갈릭러스크,1,5200,5200
2026-07-31,밀도,밀도 한티점,폐기,유통기한초과(폐기),페이스트리,103769,고창고구마데니쉬,2,4600,9200
2026-07-31,밀도,밀도 한티점,폐기,유통기한초과(폐기),시그니처샌드,102272,땅콩크림샌드,2,5800,11600
2026-07-31,밀도,밀도 한티점,폐기,유통기한초과(폐기),미니식빵,103827,촉촉연유브래드,1,6900,6900
2026-07-31,밀도,밀도 옥수점,폐기,유통기한초과(폐기),간식빵,101858,밀도단팥빵,1,3800,3800
2026-07-31,밀도,밀도 옥수점,폐기,유통기한초과(폐기),식빵,102338,통팥앙식빵,1,3900,3900
2026-07-31,밀도,밀도 옥수점,폐기,유통기한초과(폐기),식빵,103814,얼룩 고양 식빵,2,7500,15000
2026-07-31,밀도,밀도 옥수점,폐기,유통기한초과(폐기),미니식빵,103824,리치 모카빵,1,6900,6900
2026-07-31,밀도,밀도 옥수점,폐기,유통기한초과(폐기),모닝롤,102683,모닝롤,5,3800,19000
2026-07-31,밀도,밀도 광장점,폐기,유통기한초과(폐기),간식빵,101858,밀도단팥빵,4,3800,15200
2026-07-31,밀도,밀도 광장점,폐기,유통기한초과(폐기),식빵,102335,호밀잡곡식빵,2,6500,13000
2026-07-31,밀도,밀도 광장점,폐기,유통기한초과(폐기),식빵,103814,얼룩 고양 식빵,1,7500,7500
2026-07-31,밀도,밀도 광장점,폐기,유통기한초과(폐기),미니식빵,103827,촉촉연유브래드,4,6900,27600
2026-07-31,밀도,밀도 광교점,폐기,유통기한초과(폐기),식빵,102335,호밀잡곡식빵,1,6500,6500
2026-07-31,밀도,밀도 광교점,폐기,유통기한초과(폐기),식빵,102684,튼튼고양식빵,10,6900,69000
2026-07-31,밀도,밀도 광교점,폐기,유통기한초과(폐기),미니식빵,103824,리치 모카빵,1,6900,6900
2026-07-31,밀도,밀도 광교점,폐기,유통기한초과(폐기),스콘,101119,레몬스콘,2,3800,7600
2026-07-31,밀도,밀도 광교점,폐기,유통기한초과(폐기),소금빵,102844,the부드러운소금빵,2,3600,7200
2026-07-31,밀도,밀도 강남점,폐기,유통기한초과(폐기),간식빵,100010,큐브커스터드,1,4700,4700
2026-07-31,밀도,밀도 강남점,폐기,유통기한초과(폐기),간식빵,100625,큐브시나몬,4,3800,15200
2026-07-31,밀도,밀도 강남점,폐기,유통기한초과(폐기),간식빵,101327,큐브소보로,1,3800,3800
2026-07-31,밀도,밀도 강남점,폐기,유통기한초과(폐기),간식빵,102587,밀도맘모스,1,6200,6200
2026-07-31,밀도,밀도 강남점,폐기,유통기한초과(폐기),간식빵,103828,상하소시지 갈릭러스크,4,5200,20800
2026-07-31,밀도,밀도 강남점,폐기,유통기한초과(폐기),샌드위치,103805,아이올리베이컨토마토샌드위치,1,8900,8900
2026-07-31,밀도,밀도 강남점,폐기,유통기한초과(폐기),샌드위치,103806,바질치폴레닭가슴살샌드위치,1,8900,8900
2026-07-31,밀도,밀도 강남점,폐기,유통기한초과(폐기),식빵,102684,튼튼고양식빵,1,6900,6900
2026-07-31,밀도,밀도 강남점,폐기,유통기한초과(폐기),식빵,103814,얼룩 고양 식빵,4,7500,30000
2026-07-31,밀도,밀도 강남점,폐기,유통기한초과(폐기),미니식빵,103824,리치 모카빵,1,6900,6900
2026-07-31,밀도,밀도 고양점,폐기,유통기한초과(폐기),간식빵,103766,누텔라로쉐큐브식빵,1,5200,5200
2026-07-31,밀도,밀도 고양점,폐기,유통기한초과(폐기),건강빵,103575,단호박고구마통밀(whole),2,5500,11000
2026-07-31,밀도,밀도 경기점,폐기,유통기한초과(폐기),간식빵,101451,허니러스크,1,5200,5200
2026-07-31,밀도,밀도 잠실점,폐기,유통기한초과(폐기),샌드위치,103805,아이올리베이컨토마토샌드위치,4,8900,35600
2026-07-31,밀도,밀도 잠실점,폐기,유통기한초과(폐기),샌드위치,103806,바질치폴레닭가슴살샌드위치,2,8900,17800
2026-07-31,밀도,밀도 압구정현대점,폐기,유통기한초과(폐기),간식빵,101451,허니러스크,1,5200,5200
2026-07-31,밀도,밀도 압구정현대점,폐기,유통기한초과(폐기),간식빵,101957,초코허니러스크,4,5800,23200
2026-07-31,밀도,밀도 압구정현대점,폐기,유통기한초과(폐기),간식빵,102587,밀도맘모스,1,6200,6200
2026-07-31,밀도,밀도 압구정현대점,폐기,유통기한초과(폐기),간식빵,103704,크림치즈포테이토,1,4200,4200
2026-07-31,밀도,밀도 압구정현대점,폐기,유통기한초과(폐기),시그니처샌드,102272,땅콩크림샌드,6,5800,34800
2026-07-31,밀도,밀도 압구정현대점,폐기,유통기한초과(폐기),식빵,100003,담백식빵,6,7800,46800
2026-07-31,밀도,밀도 압구정현대점,폐기,유통기한초과(폐기),식빵,100004,리치식빵,3,8400,25200
2026-07-31,밀도,밀도 압구정현대점,폐기,유통기한초과(폐기),식빵,102338,통팥앙식빵,1,3900,3900
2026-07-31,밀도,밀도 압구정현대점,폐기,유통기한초과(폐기),식빵,102684,튼튼고양식빵,4,6900,27600
2026-07-31,밀도,밀도 압구정현대점,폐기,유통기한초과(폐기),식빵,102966,달밤식빵,2,8900,17800
2026-07-31,밀도,밀도 압구정현대점,폐기,유통기한초과(폐기),미니식빵,103764,누텔라바브카,1,7800,7800
2026-07-31,밀도,밀도 압구정현대점,폐기,유통기한초과(폐기),미니식빵,103824,리치 모카빵,1,6900,6900
2026-07-31,밀도,밀도 압구정현대점,폐기,유통기한초과(폐기),소금빵,102844,the부드러운소금빵,1,3600,3600
2026-07-31,밀도,밀도 뉴코아강남점,폐기,유통기한초과(폐기),간식빵,101957,초코허니러스크,1,5800,5800
2026-07-31,밀도,밀도 뉴코아강남점,폐기,유통기한초과(폐기),간식빵,103828,상하소시지 갈릭러스크,4,5200,20800
2026-07-31,밀도,밀도 뉴코아강남점,폐기,유통기한초과(폐기),카스텔라,103842,제주한라봉에그촉촉카스텔라,4,13000,52000
2026-07-31,밀도,밀도 뉴코아강남점,폐기,유통기한초과(폐기),시그니처샌드,102272,땅콩크림샌드,1,5800,5800
2026-07-31,밀도,밀도 뉴코아강남점,폐기,유통기한초과(폐기),샌드위치,103027,블루베리잼 잠봉뵈르,5,8900,44500
2026-07-31,밀도,밀도 뉴코아강남점,폐기,유통기한초과(폐기),샌드위치,103028,그릴드닭가슴살 당근라페 샌드위치,1,8900,8900
2026-07-31,밀도,밀도 뉴코아강남점,폐기,유통기한초과(폐기),샌드위치,103805,아이올리베이컨토마토샌드위치,2,8900,17800
2026-07-31,밀도,밀도 뉴코아강남점,폐기,유통기한초과(폐기),식빵,102684,튼튼고양식빵,5,6900,34500
2026-07-31,밀도,밀도 뉴코아강남점,폐기,유통기한초과(폐기),식빵,102966,달밤식빵,1,8900,8900
2026-07-31,밀도,밀도 뉴코아강남점,폐기,유통기한초과(폐기),식빵,103644,더잡곡식빵리뉴얼,1,12800,12800
2026-07-31,밀도,밀도 뉴코아강남점,폐기,유통기한초과(폐기),미니식빵,103824,리치 모카빵,1,6900,6900
2026-07-31,밀도,밀도 뉴코아강남점,폐기,유통기한초과(폐기),건강빵,102983,촉촉감자치아바타,8,4800,38400
2026-07-31,밀도,밀도 뉴코아강남점,폐기,유통기한초과(폐기),건강빵,102991,곡물가득로데브,4,8000,32000
2026-07-31,밀도,밀도 뉴코아강남점,폐기,유통기한초과(폐기),건강빵,102992,플레인로데브,3,7800,23400
2026-07-31,밀도,밀도 뉴코아강남점,폐기,유통기한초과(폐기),건강빵,102993,프룻로데브,4,7800,31200
2026-07-31,밀도,밀도 롯데노원점,폐기,유통기한초과(폐기),간식빵,101451,허니러스크,6,5200,31200
2026-07-31,밀도,밀도 롯데노원점,폐기,유통기한초과(폐기),간식빵,102587,밀도맘모스,1,6200,6200
2026-07-31,밀도,밀도 롯데노원점,폐기,유통기한초과(폐기),간식빵,103828,상하소시지 갈릭러스크,3,5200,15600
2026-07-31,밀도,밀도 롯데노원점,폐기,유통기한초과(폐기),샌드위치,103806,바질치폴레닭가슴살샌드위치,2,8900,17800
2026-07-31,밀도,밀도 롯데노원점,폐기,유통기한초과(폐기),식빵,102684,튼튼고양식빵,11,6900,75900
2026-07-31,밀도,밀도 롯데노원점,폐기,유통기한초과(폐기),식빵,102966,달밤식빵,1,8900,8900
2026-07-31,밀도,밀도 롯데노원점,폐기,유통기한초과(폐기),건강빵,103575,단호박고구마통밀(whole),5,5500,27500
2026-07-31,밀도,밀도 롯데노원점,폐기,유통기한초과(폐기),스콘,101119,레몬스콘,1,3800,3800
2026-07-31,밀도,밀도 롯데노원점,폐기,유통기한초과(폐기),소금빵,102778,앙버터소금빵,1,4800,4800
2026-08-01,밀도,밀도 한티점,폐기,유통기한초과(폐기),간식빵,100010,큐브커스터드,1,4700,4700
2026-08-01,밀도,밀도 한티점,폐기,유통기한초과(폐기),간식빵,100625,큐브시나몬,3,3800,11400
2026-08-01,밀도,밀도 한티점,폐기,유통기한초과(폐기),간식빵,101327,큐브소보로,5,3800,19000
2026-08-01,밀도,밀도 한티점,폐기,유통기한초과(폐기),간식빵,103704,크림치즈포테이토,8,4200,33600
2026-08-01,밀도,밀도 한티점,폐기,유통기한초과(폐기),샌드위치,103807,잠봉에멘탈크로와상샌드위치,6,7900,47400
2026-08-01,밀도,밀도 한티점,폐기,유통기한초과(폐기),식빵,102684,튼튼고양식빵,3,6900,20700
2026-08-01,밀도,밀도 한티점,폐기,유통기한초과(폐기),식빵,103814,얼룩 고양 식빵,1,7500,7500
2026-08-01,밀도,밀도 한티점,폐기,유통기한초과(폐기),미니식빵,103827,촉촉연유브래드,4,6900,27600
2026-08-01,밀도,밀도 정자점,폐기,유통기한초과(폐기),간식빵,101451,허니러스크,1,5200,5200
2026-08-01,밀도,밀도 정자점,폐기,유통기한초과(폐기),간식빵,101858,밀도단팥빵,1,3800,3800
2026-08-01,밀도,밀도 정자점,폐기,유통기한초과(폐기),식빵,102335,호밀잡곡식빵,3,6500,19500
2026-08-01,밀도,밀도 정자점,폐기,유통기한초과(폐기),식빵,102338,통팥앙식빵,3,3900,11700
2026-08-01,밀도,밀도 정자점,폐기,유통기한초과(폐기),식빵,102684,튼튼고양식빵,1,6900,6900
2026-08-01,밀도,밀도 정자점,폐기,유통기한초과(폐기),식빵,103814,얼룩 고양 식빵,4,7500,30000
2026-08-01,밀도,밀도 정자점,폐기,유통기한초과(폐기),미니식빵,103663,밤완두바브카,2,7200,14400
2026-08-01,밀도,밀도 정자점,폐기,유통기한초과(폐기),미니식빵,103824,리치 모카빵,1,6900,6900
2026-08-01,밀도,밀도 정자점,폐기,유통기한초과(폐기),스콘,101119,레몬스콘,1,3800,3800
2026-08-01,밀도,밀도 옥수점,폐기,유통기한초과(폐기),식빵,102335,호밀잡곡식빵,5,6500,32500
2026-08-01,밀도,밀도 옥수점,폐기,유통기한초과(폐기),식빵,102338,통팥앙식빵,1,3900,3900
2026-08-01,밀도,밀도 옥수점,폐기,유통기한초과(폐기),식빵,102966,달밤식빵,2,8900,17800
2026-08-01,밀도,밀도 옥수점,폐기,유통기한초과(폐기),모닝롤,102683,모닝롤,1,3800,3800
2026-08-01,밀도,밀도 알토점,폐기,유통기한초과(폐기),간식빵,101957,초코허니러스크,2,5800,11600
2026-08-01,밀도,밀도 알토점,폐기,유통기한초과(폐기),간식빵,103704,크림치즈포테이토,1,4200,4200
2026-08-01,밀도,밀도 알토점,폐기,유통기한초과(폐기),간식빵,103828,상하소시지 갈릭러스크,3,5200,15600
2026-08-01,밀도,밀도 알토점,폐기,유통기한초과(폐기),페이스트리,103768,애플시나몬크림치즈데니쉬,1,4900,4900
2026-08-01,밀도,밀도 알토점,폐기,유통기한초과(폐기),페이스트리,103769,고창고구마데니쉬,3,4600,13800
2026-08-01,밀도,밀도 알토점,폐기,유통기한초과(폐기),식빵,102684,튼튼고양식빵,11,6900,75900
2026-08-01,밀도,밀도 알토점,폐기,유통기한초과(폐기),스콘,101119,레몬스콘,1,3800,3800
2026-08-01,밀도,밀도 알토점,폐기,유통기한초과(폐기),스콘,102977,리코타사워크림스콘,1,4200,4200
2026-08-01,밀도,밀도 성수점,폐기,유통기한초과(폐기),간식빵,101451,허니러스크,4,5200,20800
2026-08-01,밀도,밀도 성수점,폐기,유통기한초과(폐기),간식빵,101858,밀도단팥빵,4,3800,15200
2026-08-01,밀도,밀도 성수점,폐기,유통기한초과(폐기),간식빵,102587,밀도맘모스,1,6200,6200
2026-08-01,밀도,밀도 성수점,폐기,유통기한초과(폐기),간식빵,103704,크림치즈포테이토,2,4200,8400
2026-08-01,밀도,밀도 성수점,폐기,유통기한초과(폐기),샌드위치,103027,블루베리잼 잠봉뵈르,1,8900,8900
2026-08-01,밀도,밀도 성수점,폐기,유통기한초과(폐기),샌드위치,103286,에그마요 소금빵,3,5200,15600
2026-08-01,밀도,밀도 성수점,폐기,유통기한초과(폐기),샌드위치,103805,아이올리베이컨토마토샌드위치,1,8900,8900
2026-08-01,밀도,밀도 성수점,폐기,유통기한초과(폐기),미니식빵,103663,밤완두바브카,1,7200,7200
2026-08-01,밀도,밀도 성수점,폐기,유통기한초과(폐기),미니식빵,103827,촉촉연유브래드,3,6900,20700
2026-08-01,밀도,밀도 성수점,폐기,유통기한초과(폐기),스콘,101119,레몬스콘,1,3800,3800
2026-08-01,밀도,밀도 롯데평촌점,폐기,유통기한초과(폐기),샌드위치,103286,에그마요 소금빵,1,5200,5200
2026-08-01,밀도,밀도 롯데평촌점,폐기,유통기한초과(폐기),샌드위치,103805,아이올리베이컨토마토샌드위치,6,8900,53400
2026-08-01,밀도,밀도 롯데평촌점,폐기,유통기한초과(폐기),샌드위치,103806,바질치폴레닭가슴살샌드위치,5,8900,44500
2026-08-01,밀도,밀도 롯데평촌점,폐기,유통기한초과(폐기),식빵,100003,담백식빵,0,7800,0
2026-08-01,밀도,밀도 롯데평촌점,폐기,유통기한초과(폐기),식빵,100004,리치식빵,0,8400,0
2026-08-01,밀도,밀도 롯데평촌점,폐기,유통기한초과(폐기),식빵,102335,호밀잡곡식빵,19,6500,123500
2026-08-01,밀도,밀도 롯데노원점,폐기,파손(폐기),쿠키 브라우니,103459,샤브레쿠키(2ea),1,2000,2000
2026-08-01,밀도,밀도 롯데노원점,폐기,파손(폐기),식빵,102966,달밤식빵,1,8900,8900
2026-08-01,밀도,밀도 롯데노원점,폐기,유통기한초과(폐기),간식빵,101327,큐브소보로,1,3800,3800
2026-08-01,밀도,밀도 롯데노원점,폐기,유통기한초과(폐기),간식빵,101858,밀도단팥빵,1,3800,3800
2026-08-01,밀도,밀도 롯데노원점,폐기,유통기한초과(폐기),페이스트리,103769,고창고구마데니쉬,1,4600,4600
2026-08-01,밀도,밀도 롯데노원점,폐기,유통기한초과(폐기),디저트,103569,상하초콜릿푸딩,1,5500,5500
2026-08-01,밀도,밀도 롯데노원점,폐기,유통기한초과(폐기),디저트,103737,허쉬딥초코롤케이크(조각),2,6500,13000
2026-08-01,밀도,밀도 롯데노원점,폐기,유통기한초과(폐기),샌드위치,103286,에그마요 소금빵,1,5200,5200
2026-08-01,밀도,밀도 롯데노원점,폐기,유통기한초과(폐기),샌드위치,103807,잠봉에멘탈크로와상샌드위치,2,7900,15800
2026-08-01,밀도,밀도 롯데노원점,폐기,유통기한초과(폐기),건강빵,103575,단호박고구마통밀(whole),3,5500,16500
2026-08-01,밀도,밀도 롯데노원점,폐기,유통기한초과(폐기),소금빵,102778,앙버터소금빵,3,4800,14400
2026-08-01,밀도,밀도 롯데노원점,폐기,유통기한초과(폐기),소금빵,102844,the부드러운소금빵,5,3600,18000
2026-08-01,밀도,밀도 뉴코아강남점,폐기,유통기한초과(폐기),간식빵,101327,큐브소보로,6,3800,22800
2026-08-01,밀도,밀도 뉴코아강남점,폐기,유통기한초과(폐기),간식빵,101957,초코허니러스크,4,5800,23200
2026-08-01,밀도,밀도 뉴코아강남점,폐기,유통기한초과(폐기),간식빵,102587,밀도맘모스,5,6200,31000
2026-08-01,밀도,밀도 뉴코아강남점,폐기,유통기한초과(폐기),간식빵,102976,앙버터허니러스크,5,6200,31000
2026-08-01,밀도,밀도 뉴코아강남점,폐기,유통기한초과(폐기),간식빵,103704,크림치즈포테이토,4,4200,16800
2026-08-01,밀도,밀도 뉴코아강남점,폐기,유통기한초과(폐기),간식빵,103828,상하소시지 갈릭러스크,1,5200,5200
2026-08-01,밀도,밀도 뉴코아강남점,폐기,유통기한초과(폐기),샌드위치,103028,그릴드닭가슴살 당근라페 샌드위치,1,8900,8900
2026-08-01,밀도,밀도 뉴코아강남점,폐기,유통기한초과(폐기),샌드위치,103286,에그마요 소금빵,1,5200,5200
2026-08-01,밀도,밀도 뉴코아강남점,폐기,유통기한초과(폐기),식빵,102684,튼튼고양식빵,5,6900,34500
2026-08-01,밀도,밀도 뉴코아강남점,폐기,유통기한초과(폐기),식빵,102966,달밤식빵,3,8900,26700
2026-08-01,밀도,밀도 뉴코아강남점,폐기,유통기한초과(폐기),미니식빵,103827,촉촉연유브래드,3,6900,20700
2026-08-01,밀도,밀도 뉴코아강남점,폐기,유통기한초과(폐기),스콘,101119,레몬스콘,4,3800,15200
2026-08-01,밀도,밀도 뉴코아강남점,폐기,유통기한초과(폐기),소금빵,102778,앙버터소금빵,4,4800,19200
2026-08-01,밀도,밀도 뉴코아강남점,폐기,유통기한초과(폐기),소금빵,102844,the부드러운소금빵,11,3600,39600
2026-08-01,밀도,밀도 광장점,폐기,유통기한초과(폐기),간식빵,100010,큐브커스터드,2,4700,9400
2026-08-01,밀도,밀도 광장점,폐기,유통기한초과(폐기),간식빵,102587,밀도맘모스,2,6200,12400
2026-08-01,밀도,밀도 광장점,폐기,유통기한초과(폐기),샌드위치,103805,아이올리베이컨토마토샌드위치,1,8900,8900
2026-08-01,밀도,밀도 광장점,폐기,유통기한초과(폐기),식빵,102335,호밀잡곡식빵,2,6500,13000
2026-08-01,밀도,밀도 광장점,폐기,유통기한초과(폐기),식빵,102338,통팥앙식빵,4,3900,15600
2026-08-01,밀도,밀도 광장점,폐기,유통기한초과(폐기),식빵,102966,달밤식빵,2,8900,17800
2026-08-01,밀도,밀도 광장점,폐기,유통기한초과(폐기),미니식빵,103824,리치 모카빵,2,6900,13800
2026-08-01,밀도,밀도 광장점,폐기,유통기한초과(폐기),미니식빵,103827,촉촉연유브래드,2,6900,13800
2026-08-01,밀도,밀도 광장점,폐기,유통기한초과(폐기),모닝롤,103773,모닝롤(6ea),2,5200,10400
2026-08-01,밀도,밀도 광교점,폐기,유통기한초과(폐기),파운드,103834,피스타치오휘낭시에리뉴얼,2,3200,6400
2026-08-01,밀도,밀도 광교점,폐기,유통기한초과(폐기),샌드위치,103805,아이올리베이컨토마토샌드위치,2,8900,17800
2026-08-01,밀도,밀도 광교점,폐기,유통기한초과(폐기),샌드위치,103806,바질치폴레닭가슴살샌드위치,2,8900,17800
2026-08-01,밀도,밀도 광교점,폐기,유통기한초과(폐기),샌드위치,103807,잠봉에멘탈크로와상샌드위치,1,7900,7900
2026-08-01,밀도,밀도 고양점,폐기,유통기한초과(폐기),간식빵,103828,상하소시지 갈릭러스크,5,5200,26000
2026-08-01,밀도,밀도 고양점,폐기,유통기한초과(폐기),샌드위치,103027,블루베리잼 잠봉뵈르,2,8900,17800
2026-08-01,밀도,밀도 경기점,폐기,유통기한초과(폐기),간식빵,101451,허니러스크,1,5200,5200
2026-08-01,밀도,밀도 경기점,폐기,유통기한초과(폐기),미니식빵,103824,리치 모카빵,1,6900,6900
2026-08-01,밀도,밀도 강남점,폐기,유통기한초과(폐기),간식빵,101327,큐브소보로,2,3800,7600
2026-08-01,밀도,밀도 강남점,폐기,유통기한초과(폐기),간식빵,103704,크림치즈포테이토,1,4200,4200
2026-08-01,밀도,밀도 강남점,폐기,유통기한초과(폐기),간식빵,103828,상하소시지 갈릭러스크,1,5200,5200
2026-08-01,밀도,밀도 강남점,폐기,유통기한초과(폐기),샌드위치,103805,아이올리베이컨토마토샌드위치,1,8900,8900
2026-08-01,밀도,밀도 강남점,폐기,유통기한초과(폐기),샌드위치,103806,바질치폴레닭가슴살샌드위치,1,8900,8900
2026-08-01,밀도,밀도 강남점,폐기,유통기한초과(폐기),식빵,102684,튼튼고양식빵,3,6900,20700
2026-08-01,밀도,밀도 강남점,폐기,유통기한초과(폐기),식빵,103814,얼룩 고양 식빵,2,7500,15000
2026-08-02,밀도,밀도 한티점,폐기,유통기한초과(폐기),간식빵,101957,초코허니러스크,2,5800,11600
2026-08-02,밀도,밀도 한티점,폐기,유통기한초과(폐기),간식빵,103828,상하소시지 갈릭러스크,1,5200,5200
2026-08-02,밀도,밀도 한티점,폐기,유통기한초과(폐기),미니식빵,103764,누텔라바브카,1,7800,7800
2026-08-02,밀도,밀도 한티점,폐기,유통기한초과(폐기),스콘,101119,레몬스콘,1,3800,3800
2026-08-02,밀도,밀도 정자점,폐기,유통기한초과(폐기),간식빵,101858,밀도단팥빵,1,3800,3800
2026-08-02,밀도,밀도 정자점,폐기,유통기한초과(폐기),간식빵,102587,밀도맘모스,3,6200,18600
2026-08-02,밀도,밀도 정자점,폐기,유통기한초과(폐기),시그니처샌드,102272,땅콩크림샌드,1,5800,5800
2026-08-02,밀도,밀도 정자점,폐기,유통기한초과(폐기),식빵,102338,통팥앙식빵,2,3900,7800
2026-08-02,밀도,밀도 정자점,폐기,유통기한초과(폐기),식빵,102684,튼튼고양식빵,10,6900,69000
2026-08-02,밀도,밀도 정자점,폐기,유통기한초과(폐기),식빵,102966,달밤식빵,3,8900,26700
2026-08-02,밀도,밀도 정자점,폐기,유통기한초과(폐기),식빵,103814,얼룩 고양 식빵,4,7500,30000
2026-08-02,밀도,밀도 정자점,폐기,유통기한초과(폐기),미니식빵,103663,밤완두바브카,5,7200,36000
2026-08-02,밀도,밀도 정자점,폐기,유통기한초과(폐기),미니식빵,103824,리치 모카빵,1,6900,6900
2026-08-02,밀도,밀도 정자점,폐기,유통기한초과(폐기),미니식빵,103827,촉촉연유브래드,1,6900,6900
2026-08-02,밀도,밀도 정자점,폐기,유통기한초과(폐기),스콘,101119,레몬스콘,4,3800,15200
2026-08-02,밀도,밀도 옥수점,폐기,유통기한초과(폐기),간식빵,103704,크림치즈포테이토,1,4200,4200
2026-08-02,밀도,밀도 옥수점,폐기,유통기한초과(폐기),시그니처샌드,102272,땅콩크림샌드,1,5800,5800
2026-08-02,밀도,밀도 옥수점,폐기,유통기한초과(폐기),식빵,102966,달밤식빵,3,8900,26700
2026-08-02,밀도,밀도 옥수점,폐기,유통기한초과(폐기),미니식빵,103663,밤완두바브카,3,7200,21600
2026-08-02,밀도,밀도 옥수점,폐기,유통기한초과(폐기),미니식빵,103824,리치 모카빵,2,6900,13800
2026-08-02,밀도,밀도 알토점,폐기,유통기한초과(폐기),간식빵,101327,큐브소보로,2,3800,7600
2026-08-02,밀도,밀도 알토점,폐기,유통기한초과(폐기),간식빵,101957,초코허니러스크,1,5800,5800
2026-08-02,밀도,밀도 알토점,폐기,유통기한초과(폐기),미니식빵,103663,밤완두바브카,1,7200,7200
2026-08-02,밀도,밀도 성수점,폐기,유통기한초과(폐기),간식빵,100625,큐브시나몬,2,3800,7600
2026-08-02,밀도,밀도 성수점,폐기,유통기한초과(폐기),페이스트리,103768,애플시나몬크림치즈데니쉬,3,4900,14700
2026-08-02,밀도,밀도 성수점,폐기,유통기한초과(폐기),샌드위치,103027,블루베리잼 잠봉뵈르,3,8900,26700
2026-08-02,밀도,밀도 성수점,폐기,유통기한초과(폐기),샌드위치,103805,아이올리베이컨토마토샌드위치,4,8900,35600
2026-08-02,밀도,밀도 성수점,폐기,유통기한초과(폐기),미니식빵,103395,게랑드소금식빵,2,7200,14400
2026-08-02,밀도,밀도 성수점,폐기,유통기한초과(폐기),미니식빵,103663,밤완두바브카,4,7200,28800
2026-08-02,밀도,밀도 성수점,폐기,유통기한초과(폐기),미니식빵,103764,누텔라바브카,2,7800,15600
2026-08-02,밀도,밀도 성수점,폐기,유통기한초과(폐기),미니식빵,103824,리치 모카빵,5,6900,34500
2026-08-02,밀도,밀도 성수점,폐기,유통기한초과(폐기),스콘,102977,리코타사워크림스콘,3,4200,12600
2026-08-02,밀도,밀도 롯데평촌점,폐기,유통기한초과(폐기),샌드위치,103805,아이올리베이컨토마토샌드위치,11,8900,97900
2026-08-02,밀도,밀도 롯데평촌점,폐기,유통기한초과(폐기),샌드위치,103806,바질치폴레닭가슴살샌드위치,10,8900,89000
2026-08-02,밀도,밀도 롯데노원점,폐기,파손(폐기),쿠키 브라우니,103459,샤브레쿠키(2ea),1,2000,2000
2026-08-02,밀도,밀도 롯데노원점,폐기,유통기한초과(폐기),간식빵,101451,허니러스크,2,5200,10400
2026-08-02,밀도,밀도 롯데노원점,폐기,유통기한초과(폐기),간식빵,101858,밀도단팥빵,5,3800,19000
2026-08-02,밀도,밀도 롯데노원점,폐기,유통기한초과(폐기),간식빵,103766,누텔라로쉐큐브식빵,3,5200,15600
2026-08-02,밀도,밀도 롯데노원점,폐기,유통기한초과(폐기),샌드위치,103027,블루베리잼 잠봉뵈르,1,8900,8900
2026-08-02,밀도,밀도 롯데노원점,폐기,유통기한초과(폐기),샌드위치,103286,에그마요 소금빵,8,5200,41600
2026-08-02,밀도,밀도 롯데노원점,폐기,유통기한초과(폐기),샌드위치,103806,바질치폴레닭가슴살샌드위치,7,8900,62300
2026-08-02,밀도,밀도 롯데노원점,폐기,유통기한초과(폐기),식빵,102684,튼튼고양식빵,16,6900,110400
2026-08-02,밀도,밀도 롯데노원점,폐기,유통기한초과(폐기),식빵,102966,달밤식빵,5,8900,44500
2026-08-02,밀도,밀도 롯데노원점,폐기,유통기한초과(폐기),식빵,103814,얼룩 고양 식빵,2,7500,15000
2026-08-02,밀도,밀도 롯데노원점,폐기,유통기한초과(폐기),건강빵,102983,촉촉감자치아바타,1,4800,4800
2026-08-02,밀도,밀도 롯데노원점,폐기,유통기한초과(폐기),건강빵,103574,무화과오트통밀100,2,5500,11000
2026-08-02,밀도,밀도 롯데노원점,폐기,유통기한초과(폐기),건강빵,103575,단호박고구마통밀(whole),2,5500,11000
2026-08-02,밀도,밀도 롯데노원점,폐기,유통기한초과(폐기),소금빵,102778,앙버터소금빵,1,4800,4800
2026-08-02,밀도,밀도 뉴코아강남점,폐기,유통기한초과(폐기),간식빵,100625,큐브시나몬,4,3800,15200
2026-08-02,밀도,밀도 뉴코아강남점,폐기,유통기한초과(폐기),간식빵,101327,큐브소보로,11,3800,41800
2026-08-02,밀도,밀도 뉴코아강남점,폐기,유통기한초과(폐기),간식빵,101451,허니러스크,6,5200,31200
2026-08-02,밀도,밀도 뉴코아강남점,폐기,유통기한초과(폐기),간식빵,101957,초코허니러스크,4,5800,23200
2026-08-02,밀도,밀도 뉴코아강남점,폐기,유통기한초과(폐기),간식빵,102587,밀도맘모스,3,6200,18600
2026-08-02,밀도,밀도 뉴코아강남점,폐기,유통기한초과(폐기),간식빵,102976,앙버터허니러스크,5,6200,31000
2026-08-02,밀도,밀도 뉴코아강남점,폐기,유통기한초과(폐기),간식빵,103828,상하소시지 갈릭러스크,1,5200,5200
2026-08-02,밀도,밀도 뉴코아강남점,폐기,유통기한초과(폐기),페이스트리,103768,애플시나몬크림치즈데니쉬,4,4900,19600
2026-08-02,밀도,밀도 뉴코아강남점,폐기,유통기한초과(폐기),페이스트리,103769,고창고구마데니쉬,1,4600,4600
2026-08-02,밀도,밀도 뉴코아강남점,폐기,유통기한초과(폐기),시그니처샌드,102272,땅콩크림샌드,4,5800,23200
2026-08-02,밀도,밀도 뉴코아강남점,폐기,유통기한초과(폐기),샌드위치,103028,그릴드닭가슴살 당근라페 샌드위치,2,8900,17800
2026-08-02,밀도,밀도 뉴코아강남점,폐기,유통기한초과(폐기),식빵,100003,담백식빵,0,7800,0
2026-08-02,밀도,밀도 뉴코아강남점,폐기,유통기한초과(폐기),식빵,102966,달밤식빵,1,8900,8900
2026-08-02,밀도,밀도 뉴코아강남점,폐기,유통기한초과(폐기),건강빵,102983,촉촉감자치아바타,2,4800,9600
2026-08-02,밀도,밀도 뉴코아강남점,폐기,유통기한초과(폐기),스콘,101119,레몬스콘,2,3800,7600
2026-08-02,밀도,밀도 뉴코아강남점,폐기,유통기한초과(폐기),소금빵,102778,앙버터소금빵,6,4800,28800
2026-08-02,밀도,밀도 뉴코아강남점,폐기,유통기한초과(폐기),소금빵,102844,the부드러운소금빵,15,3600,54000
2026-08-02,밀도,밀도 광장점,폐기,유통기한초과(폐기),간식빵,100625,큐브시나몬,2,3800,7600
2026-08-02,밀도,밀도 광장점,폐기,유통기한초과(폐기),디저트,103737,허쉬딥초코롤케이크(조각),6,6500,39000
2026-08-02,밀도,밀도 광장점,폐기,유통기한초과(폐기),샌드위치,103805,아이올리베이컨토마토샌드위치,2,8900,17800
2026-08-02,밀도,밀도 광장점,폐기,유통기한초과(폐기),미니식빵,103827,촉촉연유브래드,5,6900,34500
2026-08-02,밀도,밀도 광교점,폐기,유통기한초과(폐기),샌드위치,103806,바질치폴레닭가슴살샌드위치,3,8900,26700
2026-08-02,밀도,밀도 광교점,폐기,유통기한초과(폐기),식빵,100003,담백식빵,1,7800,7800
2026-08-02,밀도,밀도 광교점,폐기,유통기한초과(폐기),식빵,100004,리치식빵,1,8400,8400
2026-08-02,밀도,밀도 광교점,폐기,유통기한초과(폐기),스콘,101119,레몬스콘,2,3800,7600
2026-08-02,밀도,밀도 광교점,폐기,유통기한초과(폐기),소금빵,102844,the부드러운소금빵,1,3600,3600
2026-08-02,밀도,밀도 고양점,폐기,유통기한초과(폐기),간식빵,100625,큐브시나몬,2,3800,7600
2026-08-02,밀도,밀도 고양점,폐기,유통기한초과(폐기),간식빵,101327,큐브소보로,1,3800,3800
2026-08-02,밀도,밀도 고양점,폐기,유통기한초과(폐기),간식빵,103766,누텔라로쉐큐브식빵,2,5200,10400
2026-08-02,밀도,밀도 고양점,폐기,유통기한초과(폐기),페이스트리,103769,고창고구마데니쉬,5,4600,23000
2026-08-02,밀도,밀도 고양점,폐기,유통기한초과(폐기),샌드위치,103027,블루베리잼 잠봉뵈르,3,8900,26700
2026-08-02,밀도,밀도 고양점,폐기,유통기한초과(폐기),소금빵,102844,the부드러운소금빵,2,3600,7200
2026-08-02,밀도,밀도 경기점,폐기,유통기한초과(폐기),간식빵,101451,허니러스크,1,5200,5200
2026-08-02,밀도,밀도 경기점,폐기,유통기한초과(폐기),스콘,101119,레몬스콘,1,3800,3800
2026-08-02,밀도,밀도 경기점,폐기,유통기한초과(폐기),스콘,102977,리코타사워크림스콘,1,4200,4200
2026-08-02,밀도,밀도 강남점,폐기,유통기한초과(폐기),간식빵,101327,큐브소보로,2,3800,7600
2026-08-02,밀도,밀도 강남점,폐기,유통기한초과(폐기),간식빵,101451,허니러스크,1,5200,5200
2026-08-02,밀도,밀도 강남점,폐기,유통기한초과(폐기),간식빵,101957,초코허니러스크,3,5800,17400
2026-08-02,밀도,밀도 강남점,폐기,유통기한초과(폐기),시그니처샌드,102272,땅콩크림샌드,4,5800,23200
2026-08-02,밀도,밀도 강남점,폐기,유통기한초과(폐기),샌드위치,103806,바질치폴레닭가슴살샌드위치,1,8900,8900
2026-08-02,밀도,밀도 강남점,폐기,유통기한초과(폐기),식빵,102684,튼튼고양식빵,5,6900,34500
2026-08-02,밀도,밀도 강남점,폐기,유통기한초과(폐기),미니식빵,103663,밤완두바브카,1,7200,7200
2026-08-02,밀도,밀도 강남점,폐기,유통기한초과(폐기),미니식빵,103827,촉촉연유브래드,1,6900,6900
2026-08-03,밀도,밀도 한티점,폐기,유통기한초과(폐기),간식빵,100625,큐브시나몬,3,3800,11400
2026-08-03,밀도,밀도 한티점,폐기,유통기한초과(폐기),간식빵,101957,초코허니러스크,1,5800,5800
2026-08-03,밀도,밀도 한티점,폐기,유통기한초과(폐기),간식빵,102587,밀도맘모스,1,6200,6200
2026-08-03,밀도,밀도 한티점,폐기,유통기한초과(폐기),간식빵,103828,상하소시지 갈릭러스크,3,5200,15600
2026-08-03,밀도,밀도 한티점,폐기,유통기한초과(폐기),페이스트리,103769,고창고구마데니쉬,1,4600,4600
2026-08-03,밀도,밀도 한티점,폐기,유통기한초과(폐기),식빵,102966,달밤식빵,1,8900,8900
2026-08-03,밀도,밀도 한티점,폐기,유통기한초과(폐기),스콘,101119,레몬스콘,2,3800,7600
2026-08-03,밀도,밀도 한티점,폐기,유통기한초과(폐기),스콘,102977,리코타사워크림스콘,4,4200,16800
2026-08-03,밀도,밀도 잠실점,폐기,불량(폐기),식빵,102684,튼튼고양식빵,10,6900,69000
2026-08-03,밀도,밀도 잠실점,폐기,불량(폐기),소금빵,102844,the부드러운소금빵,1,3600,3600
2026-08-03,밀도,밀도 잠실점,폐기,유통기한초과(폐기),간식빵,103828,상하소시지 갈릭러스크,10,5200,52000
2026-08-03,밀도,밀도 잠실점,폐기,유통기한초과(폐기),디저트,103616,수제국산생크림롤케이크,5,6200,31000
2026-08-03,밀도,밀도 잠실점,폐기,유통기한초과(폐기),샌드위치,103805,아이올리베이컨토마토샌드위치,1,8900,8900
2026-08-03,밀도,밀도 잠실점,폐기,유통기한초과(폐기),샌드위치,103806,바질치폴레닭가슴살샌드위치,5,8900,44500
2026-08-03,밀도,밀도 잠실점,폐기,유통기한초과(폐기),미니식빵,103764,누텔라바브카,3,7800,23400
2026-08-03,밀도,밀도 잠실점,폐기,유통기한초과(폐기),건강빵,103574,무화과오트통밀100,2,5500,11000
2026-08-03,밀도,밀도 옥수점,폐기,유통기한초과(폐기),식빵,102335,호밀잡곡식빵,5,6500,32500
2026-08-03,밀도,밀도 옥수점,폐기,유통기한초과(폐기),식빵,103814,얼룩 고양 식빵,2,7500,15000
2026-08-03,밀도,밀도 알토점,폐기,유통기한초과(폐기),간식빵,100010,큐브커스터드,2,4700,9400
2026-08-03,밀도,밀도 알토점,폐기,유통기한초과(폐기),간식빵,101957,초코허니러스크,3,5800,17400
2026-08-03,밀도,밀도 알토점,폐기,유통기한초과(폐기),간식빵,102587,밀도맘모스,2,6200,12400
2026-08-03,밀도,밀도 알토점,폐기,유통기한초과(폐기),간식빵,103704,크림치즈포테이토,5,4200,21000
2026-08-03,밀도,밀도 알토점,폐기,유통기한초과(폐기),간식빵,103766,누텔라로쉐큐브식빵,4,5200,20800
2026-08-03,밀도,밀도 알토점,폐기,유통기한초과(폐기),식빵,102338,통팥앙식빵,2,3900,7800
2026-08-03,밀도,밀도 알토점,폐기,유통기한초과(폐기),식빵,102684,튼튼고양식빵,6,6900,41400
2026-08-03,밀도,밀도 알토점,폐기,유통기한초과(폐기),식빵,103814,얼룩 고양 식빵,1,7500,7500
2026-08-03,밀도,밀도 알토점,폐기,유통기한초과(폐기),미니식빵,103663,밤완두바브카,1,7200,7200
2026-08-03,밀도,밀도 알토점,폐기,유통기한초과(폐기),스콘,102977,리코타사워크림스콘,1,4200,4200
2026-08-03,밀도,밀도 성수점,폐기,유통기한초과(폐기),간식빵,102587,밀도맘모스,2,6200,12400
2026-08-03,밀도,밀도 성수점,폐기,유통기한초과(폐기),식빵,102338,통팥앙식빵,3,3900,11700
2026-08-03,밀도,밀도 성수점,폐기,유통기한초과(폐기),식빵,102966,달밤식빵,1,8900,8900
2026-08-03,밀도,밀도 성수점,폐기,유통기한초과(폐기),미니식빵,103395,게랑드소금식빵,1,7200,7200
2026-08-03,밀도,밀도 성수점,폐기,유통기한초과(폐기),미니식빵,103764,누텔라바브카,4,7800,31200
2026-08-03,밀도,밀도 성수점,폐기,유통기한초과(폐기),미니식빵,103824,리치 모카빵,1,6900,6900
2026-08-03,밀도,밀도 성수점,폐기,유통기한초과(폐기),스콘,102977,리코타사워크림스콘,3,4200,12600
2026-08-03,밀도,밀도 성수점,폐기,유통기한초과(폐기),소금빵,102844,the부드러운소금빵,6,3600,21600
2026-08-03,밀도,밀도 롯데평촌점,폐기,유통기한초과(폐기),페이스트리,103659,뺑스위스,4,6900,27600
2026-08-03,밀도,밀도 롯데평촌점,폐기,유통기한초과(폐기),페이스트리,103769,고창고구마데니쉬,4,4600,18400
2026-08-03,밀도,밀도 롯데평촌점,폐기,유통기한초과(폐기),식빵,103644,더잡곡식빵리뉴얼,6,12900,77400
2026-08-03,밀도,밀도 롯데노원점,폐기,유통기한초과(폐기),간식빵,100010,큐브커스터드,1,4700,4700
2026-08-03,밀도,밀도 롯데노원점,폐기,유통기한초과(폐기),간식빵,103828,상하소시지 갈릭러스크,1,5200,5200
2026-08-03,밀도,밀도 롯데노원점,폐기,유통기한초과(폐기),시그니처샌드,102272,땅콩크림샌드,3,5800,17400
2026-08-03,밀도,밀도 롯데노원점,폐기,유통기한초과(폐기),샌드위치,103807,잠봉에멘탈크로와상샌드위치,1,7900,7900
2026-08-03,밀도,밀도 롯데노원점,폐기,유통기한초과(폐기),식빵,102966,달밤식빵,2,8900,17800
2026-08-03,밀도,밀도 롯데노원점,폐기,유통기한초과(폐기),식빵,103814,얼룩 고양 식빵,3,7500,22500
2026-08-03,밀도,밀도 롯데노원점,폐기,유통기한초과(폐기),건강빵,103578,불고기포카치아,1,5500,5500
2026-08-03,밀도,밀도 뉴코아강남점,폐기,유통기한초과(폐기),간식빵,100010,큐브커스터드,1,4700,4700
2026-08-03,밀도,밀도 뉴코아강남점,폐기,유통기한초과(폐기),간식빵,101451,허니러스크,3,5200,15600
2026-08-03,밀도,밀도 뉴코아강남점,폐기,유통기한초과(폐기),간식빵,102587,밀도맘모스,6,6200,37200
2026-08-03,밀도,밀도 뉴코아강남점,폐기,유통기한초과(폐기),간식빵,103828,상하소시지 갈릭러스크,3,5200,15600
2026-08-03,밀도,밀도 뉴코아강남점,폐기,유통기한초과(폐기),페이스트리,103768,애플시나몬크림치즈데니쉬,1,4900,4900
2026-08-03,밀도,밀도 뉴코아강남점,폐기,유통기한초과(폐기),페이스트리,103769,고창고구마데니쉬,2,4600,9200
2026-08-03,밀도,밀도 뉴코아강남점,폐기,유통기한초과(폐기),시그니처샌드,102272,땅콩크림샌드,6,5800,34800
2026-08-03,밀도,밀도 뉴코아강남점,폐기,유통기한초과(폐기),샌드위치,103027,블루베리잼 잠봉뵈르,2,8900,17800
2026-08-03,밀도,밀도 뉴코아강남점,폐기,유통기한초과(폐기),샌드위치,103286,에그마요 소금빵,1,5200,5200
2026-08-03,밀도,밀도 뉴코아강남점,폐기,유통기한초과(폐기),식빵,100003,담백식빵,4,7800,31200
2026-08-03,밀도,밀도 뉴코아강남점,폐기,유통기한초과(폐기),식빵,100004,리치식빵,1,8400,8400
2026-08-03,밀도,밀도 뉴코아강남점,폐기,유통기한초과(폐기),식빵,102321,담백식빵Half,3,4500,13500
2026-08-03,밀도,밀도 뉴코아강남점,폐기,유통기한초과(폐기),식빵,102322,리치식빵Half,2,4800,9600
2026-08-03,밀도,밀도 뉴코아강남점,폐기,유통기한초과(폐기),미니식빵,103824,리치 모카빵,3,6900,20700
2026-08-03,밀도,밀도 뉴코아강남점,폐기,유통기한초과(폐기),건강빵,102983,촉촉감자치아바타,11,4800,52800
2026-08-03,밀도,밀도 뉴코아강남점,폐기,유통기한초과(폐기),건강빵,102991,곡물가득로데브,8,8000,64000
2026-08-03,밀도,밀도 뉴코아강남점,폐기,유통기한초과(폐기),건강빵,103574,무화과오트통밀100,2,5500,11000
2026-08-03,밀도,밀도 뉴코아강남점,폐기,유통기한초과(폐기),건강빵,103575,단호박고구마통밀(whole),2,5500,11000
2026-08-03,밀도,밀도 광장점,폐기,유통기한초과(폐기),간식빵,101327,큐브소보로,4,3800,15200
2026-08-03,밀도,밀도 광장점,폐기,유통기한초과(폐기),간식빵,101858,밀도단팥빵,4,3800,15200
2026-08-03,밀도,밀도 광장점,폐기,유통기한초과(폐기),식빵,102684,튼튼고양식빵,1,6900,6900
2026-08-03,밀도,밀도 광장점,폐기,유통기한초과(폐기),식빵,103814,얼룩 고양 식빵,3,7500,22500
2026-08-03,밀도,밀도 광장점,폐기,유통기한초과(폐기),미니식빵,103827,촉촉연유브래드,8,6900,55200
2026-08-03,밀도,밀도 광교점,폐기,유통기한초과(폐기),파운드,103040,무화과휘낭시에,1,3200,3200
2026-08-03,밀도,밀도 광교점,폐기,유통기한초과(폐기),파운드,103834,피스타치오휘낭시에리뉴얼,2,3200,6400
2026-08-03,밀도,밀도 광교점,폐기,유통기한초과(폐기),식빵,102684,튼튼고양식빵,6,6900,41400
2026-08-03,밀도,밀도 광교점,폐기,유통기한초과(폐기),식빵,103814,얼룩 고양 식빵,2,7500,15000
2026-08-03,밀도,밀도 경기점,폐기,유통기한초과(폐기),스콘,102977,리코타사워크림스콘,2,4200,8400
2026-08-03,밀도,밀도 강남점,폐기,유통기한초과(폐기),간식빵,100010,큐브커스터드,1,4700,4700
2026-08-03,밀도,밀도 강남점,폐기,유통기한초과(폐기),간식빵,101957,초코허니러스크,1,5800,5800
2026-08-03,밀도,밀도 강남점,폐기,유통기한초과(폐기),간식빵,102587,밀도맘모스,1,6200,6200
2026-08-03,밀도,밀도 강남점,폐기,유통기한초과(폐기),간식빵,103704,크림치즈포테이토,1,4200,4200
2026-08-03,밀도,밀도 강남점,폐기,유통기한초과(폐기),식빵,103814,얼룩 고양 식빵,4,7500,30000
2026-08-04,밀도,밀도 한티점,폐기,유통기한초과(폐기),간식빵,100625,큐브시나몬,1,3800,3800
2026-08-04,밀도,밀도 한티점,폐기,유통기한초과(폐기),간식빵,101327,큐브소보로,2,3800,7600
2026-08-04,밀도,밀도 한티점,폐기,유통기한초과(폐기),간식빵,101451,허니러스크,1,5200,5200
2026-08-04,밀도,밀도 한티점,폐기,유통기한초과(폐기),간식빵,101957,초코허니러스크,1,5800,5800
2026-08-04,밀도,밀도 한티점,폐기,유통기한초과(폐기),간식빵,102587,밀도맘모스,2,6200,12400
2026-08-04,밀도,밀도 한티점,폐기,유통기한초과(폐기),간식빵,103704,크림치즈포테이토,1,4200,4200
2026-08-04,밀도,밀도 한티점,폐기,유통기한초과(폐기),페이스트리,103768,애플시나몬크림치즈데니쉬,1,4900,4900
2026-08-04,밀도,밀도 한티점,폐기,유통기한초과(폐기),페이스트리,103769,고창고구마데니쉬,2,4600,9200
2026-08-04,밀도,밀도 한티점,폐기,유통기한초과(폐기),미니식빵,103764,누텔라바브카,1,7800,7800
2026-08-04,밀도,밀도 한티점,폐기,유통기한초과(폐기),스콘,102977,리코타사워크림스콘,3,4200,12600
2026-08-04,밀도,밀도 정자점,폐기,유통기한초과(폐기),간식빵,101451,허니러스크,3,5200,15600
2026-08-04,밀도,밀도 정자점,폐기,유통기한초과(폐기),간식빵,101957,초코허니러스크,1,5800,5800
2026-08-04,밀도,밀도 정자점,폐기,유통기한초과(폐기),식빵,102684,튼튼고양식빵,5,6900,34500
2026-08-04,밀도,밀도 정자점,폐기,유통기한초과(폐기),식빵,103814,얼룩 고양 식빵,3,7500,22500
2026-08-04,밀도,밀도 정자점,폐기,유통기한초과(폐기),미니식빵,103827,촉촉연유브래드,2,6900,13800
2026-08-04,밀도,밀도 잠실점,폐기,유통기한초과(폐기),간식빵,100010,큐브커스터드,8,4700,37600
2026-08-04,밀도,밀도 잠실점,폐기,유통기한초과(폐기),간식빵,103704,크림치즈포테이토,4,4200,16800
2026-08-04,밀도,밀도 잠실점,폐기,유통기한초과(폐기),간식빵,103828,상하소시지 갈릭러스크,6,5200,31200
2026-08-04,밀도,밀도 잠실점,폐기,유통기한초과(폐기),페이스트리,103768,애플시나몬크림치즈데니쉬,5,4900,24500
2026-08-04,밀도,밀도 옥수점,폐기,유통기한초과(폐기),식빵,102335,호밀잡곡식빵,4,6500,26000
2026-08-04,밀도,밀도 압구정현대점,폐기,유통기한초과(폐기),간식빵,101451,허니러스크,3,5200,15600
2026-08-04,밀도,밀도 압구정현대점,폐기,유통기한초과(폐기),간식빵,101957,초코허니러스크,4,5800,23200
2026-08-04,밀도,밀도 알토점,폐기,불량(폐기),간식빵,103828,상하소시지 갈릭러스크,0,5200,0
2026-08-04,밀도,밀도 알토점,폐기,불량(폐기),페이스트리,103768,애플시나몬크림치즈데니쉬,0,4900,0
2026-08-04,밀도,밀도 알토점,폐기,불량(폐기),스콘,101119,레몬스콘,0,3800,0
2026-08-04,밀도,밀도 알토점,폐기,유통기한초과(폐기),간식빵,103828,상하소시지 갈릭러스크,2,5200,10400
2026-08-04,밀도,밀도 알토점,폐기,유통기한초과(폐기),페이스트리,103768,애플시나몬크림치즈데니쉬,1,4900,4900
2026-08-04,밀도,밀도 알토점,폐기,유통기한초과(폐기),스콘,101119,레몬스콘,1,3800,3800
2026-08-04,밀도,밀도 성수점,폐기,유통기한초과(폐기),간식빵,100010,큐브커스터드,5,4700,23500
2026-08-04,밀도,밀도 성수점,폐기,유통기한초과(폐기),간식빵,102587,밀도맘모스,2,6200,12400
2026-08-04,밀도,밀도 성수점,폐기,유통기한초과(폐기),간식빵,103704,크림치즈포테이토,1,4200,4200
2026-08-04,밀도,밀도 성수점,폐기,유통기한초과(폐기),샌드위치,103807,잠봉에멘탈크로와상샌드위치,2,7900,15800
2026-08-04,밀도,밀도 성수점,폐기,유통기한초과(폐기),미니식빵,103663,밤완두바브카,1,7200,7200
2026-08-04,밀도,밀도 성수점,폐기,유통기한초과(폐기),건강빵,102983,촉촉감자치아바타,3,4800,14400
2026-08-04,밀도,밀도 성수점,폐기,유통기한초과(폐기),스콘,101119,레몬스콘,1,3800,3800
2026-08-04,밀도,밀도 성수점,폐기,유통기한초과(폐기),소금빵,102778,앙버터소금빵,7,4800,33600
2026-08-04,밀도,밀도 롯데평촌점,폐기,유통기한초과(폐기),페이스트리,103659,뺑스위스,4,6900,27600
2026-08-04,밀도,밀도 롯데평촌점,폐기,유통기한초과(폐기),파운드,103832,솔티카라멜휘낭시에,2,3200,6400
2026-08-04,밀도,밀도 롯데평촌점,폐기,유통기한초과(폐기),파운드,103833,아몬드초코휘낭시에리뉴얼,3,3200,9600
2026-08-04,밀도,밀도 롯데평촌점,폐기,유통기한초과(폐기),샌드위치,103805,아이올리베이컨토마토샌드위치,2,8900,17800
2026-08-04,밀도,밀도 롯데평촌점,폐기,유통기한초과(폐기),샌드위치,103807,잠봉에멘탈크로와상샌드위치,1,7900,7900
2026-08-04,밀도,밀도 롯데평촌점,폐기,유통기한초과(폐기),식빵,102335,호밀잡곡식빵,6,6500,39000
2026-08-04,밀도,밀도 롯데노원점,폐기,유통기한초과(폐기),간식빵,100010,큐브커스터드,2,4700,9400
2026-08-04,밀도,밀도 롯데노원점,폐기,유통기한초과(폐기),간식빵,101327,큐브소보로,5,3800,19000
2026-08-04,밀도,밀도 롯데노원점,폐기,유통기한초과(폐기),간식빵,101451,허니러스크,21,5200,109200
2026-08-04,밀도,밀도 롯데노원점,폐기,유통기한초과(폐기),간식빵,101858,밀도단팥빵,4,3800,15200
2026-08-04,밀도,밀도 롯데노원점,폐기,유통기한초과(폐기),간식빵,102587,밀도맘모스,4,6200,24800
2026-08-04,밀도,밀도 롯데노원점,폐기,유통기한초과(폐기),간식빵,103766,누텔라로쉐큐브식빵,7,5200,36400
2026-08-04,밀도,밀도 롯데노원점,폐기,유통기한초과(폐기),간식빵,103828,상하소시지 갈릭러스크,5,5200,26000
2026-08-04,밀도,밀도 롯데노원점,폐기,유통기한초과(폐기),페이스트리,103768,애플시나몬크림치즈데니쉬,1,4900,4900
2026-08-04,밀도,밀도 롯데노원점,폐기,유통기한초과(폐기),페이스트리,103769,고창고구마데니쉬,5,4600,23000
2026-08-04,밀도,밀도 롯데노원점,폐기,유통기한초과(폐기),디저트,102978,상하카라멜푸딩,1,5200,5200
2026-08-04,밀도,밀도 롯데노원점,폐기,유통기한초과(폐기),시그니처샌드,102272,땅콩크림샌드,19,5800,110200
2026-08-04,밀도,밀도 롯데노원점,폐기,유통기한초과(폐기),샌드위치,103286,에그마요 소금빵,3,5200,15600
2026-08-04,밀도,밀도 롯데노원점,폐기,유통기한초과(폐기),식빵,102684,튼튼고양식빵,9,6900,62100
2026-08-04,밀도,밀도 롯데노원점,폐기,유통기한초과(폐기),식빵,102966,달밤식빵,13,8900,115700
2026-08-04,밀도,밀도 롯데노원점,폐기,유통기한초과(폐기),식빵,103814,얼룩 고양 식빵,5,7500,37500
2026-08-04,밀도,밀도 롯데노원점,폐기,유통기한초과(폐기),미니식빵,103824,리치 모카빵,4,6900,27600
2026-08-04,밀도,밀도 롯데노원점,폐기,유통기한초과(폐기),건강빵,103574,무화과오트통밀100,6,5500,33000
2026-08-04,밀도,밀도 롯데노원점,폐기,유통기한초과(폐기),건강빵,103575,단호박고구마통밀(whole),3,5500,16500
2026-08-04,밀도,밀도 롯데노원점,폐기,유통기한초과(폐기),건강빵,103622,마르게리따포카치아,4,5500,22000
2026-08-04,밀도,밀도 롯데노원점,폐기,유통기한초과(폐기),스콘,101119,레몬스콘,7,3800,26600
2026-08-04,밀도,밀도 롯데노원점,폐기,유통기한초과(폐기),소금빵,102778,앙버터소금빵,4,4800,19200
2026-08-04,밀도,밀도 뉴코아강남점,폐기,유통기한초과(폐기),간식빵,101451,허니러스크,1,5200,5200
2026-08-04,밀도,밀도 뉴코아강남점,폐기,유통기한초과(폐기),간식빵,101858,밀도단팥빵,2,3800,7600
2026-08-04,밀도,밀도 뉴코아강남점,폐기,유통기한초과(폐기),간식빵,101957,초코허니러스크,1,5800,5800
2026-08-04,밀도,밀도 뉴코아강남점,폐기,유통기한초과(폐기),간식빵,102976,앙버터허니러스크,1,6200,6200
2026-08-04,밀도,밀도 뉴코아강남점,폐기,유통기한초과(폐기),간식빵,103704,크림치즈포테이토,2,4200,8400
2026-08-04,밀도,밀도 뉴코아강남점,폐기,유통기한초과(폐기),간식빵,103828,상하소시지 갈릭러스크,1,5200,5200
2026-08-04,밀도,밀도 뉴코아강남점,폐기,유통기한초과(폐기),페이스트리,103769,고창고구마데니쉬,1,4600,4600
2026-08-04,밀도,밀도 뉴코아강남점,폐기,유통기한초과(폐기),시그니처샌드,102272,땅콩크림샌드,4,5800,23200
2026-08-04,밀도,밀도 뉴코아강남점,폐기,유통기한초과(폐기),식빵,103814,얼룩 고양 식빵,1,7500,7500
2026-08-04,밀도,밀도 뉴코아강남점,폐기,유통기한초과(폐기),미니식빵,103827,촉촉연유브래드,2,6900,13800
2026-08-04,밀도,밀도 뉴코아강남점,폐기,유통기한초과(폐기),건강빵,103574,무화과오트통밀100,1,5500,5500
2026-08-04,밀도,밀도 뉴코아강남점,폐기,유통기한초과(폐기),건강빵,103575,단호박고구마통밀(whole),1,5500,5500
2026-08-04,밀도,밀도 뉴코아강남점,폐기,유통기한초과(폐기),스콘,101119,레몬스콘,1,3800,3800
2026-08-04,밀도,밀도 뉴코아강남점,폐기,유통기한초과(폐기),소금빵,102844,the부드러운소금빵,1,3600,3600
2026-08-04,밀도,밀도 광장점,폐기,유통기한초과(폐기),간식빵,100625,큐브시나몬,3,3800,11400
2026-08-04,밀도,밀도 광장점,폐기,유통기한초과(폐기),간식빵,101957,초코허니러스크,2,5800,11600
2026-08-04,밀도,밀도 광장점,폐기,유통기한초과(폐기),식빵,102684,튼튼고양식빵,4,6900,27600
2026-08-04,밀도,밀도 광장점,폐기,유통기한초과(폐기),식빵,102966,달밤식빵,3,8900,26700
2026-08-04,밀도,밀도 광장점,폐기,유통기한초과(폐기),식빵,103814,얼룩 고양 식빵,4,7500,30000
2026-08-04,밀도,밀도 광장점,폐기,유통기한초과(폐기),미니식빵,103824,리치 모카빵,3,6900,20700
2026-08-04,밀도,밀도 광교점,폐기,유통기한초과(폐기),파운드,103040,무화과휘낭시에,5,3200,16000
2026-08-04,밀도,밀도 광교점,폐기,유통기한초과(폐기),식빵,100004,리치식빵,3,8400,25200
2026-08-04,밀도,밀도 광교점,폐기,유통기한초과(폐기),식빵,102684,튼튼고양식빵,9,6900,62100
2026-08-04,밀도,밀도 광교점,폐기,유통기한초과(폐기),식빵,103814,얼룩 고양 식빵,6,7500,45000
2026-08-04,밀도,밀도 광교점,폐기,유통기한초과(폐기),스콘,102977,리코타사워크림스콘,2,4200,8400
2026-08-04,밀도,밀도 광교점,폐기,유통기한초과(폐기),소금빵,102844,the부드러운소금빵,2,3600,7200
2026-08-04,밀도,밀도 고양점,폐기,유통기한초과(폐기),간식빵,101451,허니러스크,2,5200,10400
2026-08-04,밀도,밀도 고양점,폐기,유통기한초과(폐기),간식빵,101957,초코허니러스크,2,5800,11600
2026-08-04,밀도,밀도 고양점,폐기,유통기한초과(폐기),간식빵,103766,누텔라로쉐큐브식빵,2,5200,10400
2026-08-04,밀도,밀도 고양점,폐기,유통기한초과(폐기),스콘,102977,리코타사워크림스콘,2,4200,8400
2026-08-04,밀도,밀도 경기점,폐기,유통기한초과(폐기),간식빵,101451,허니러스크,2,5200,10400
2026-08-04,밀도,밀도 경기점,폐기,유통기한초과(폐기),스콘,101119,레몬스콘,1,3800,3800
2026-08-04,밀도,밀도 강남점,폐기,유통기한초과(폐기),간식빵,100625,큐브시나몬,3,3800,11400
2026-08-04,밀도,밀도 강남점,폐기,유통기한초과(폐기),간식빵,101327,큐브소보로,1,3800,3800
2026-08-04,밀도,밀도 강남점,폐기,유통기한초과(폐기),간식빵,101451,허니러스크,1,5200,5200
2026-08-04,밀도,밀도 강남점,폐기,유통기한초과(폐기),샌드위치,103807,잠봉에멘탈크로와상샌드위치,1,7900,7900
2026-08-04,밀도,밀도 강남점,폐기,유통기한초과(폐기),식빵,102684,튼튼고양식빵,3,6900,20700
2026-08-04,밀도,밀도 강남점,폐기,유통기한초과(폐기),식빵,103814,얼룩 고양 식빵,4,7500,30000
2026-08-05,밀도,밀도 한티점,폐기,유통기한초과(폐기),간식빵,101451,허니러스크,1,5200,5200
2026-08-05,밀도,밀도 한티점,폐기,유통기한초과(폐기),간식빵,101858,밀도단팥빵,1,3800,3800
2026-08-05,밀도,밀도 한티점,폐기,유통기한초과(폐기),간식빵,103828,상하소시지 갈릭러스크,2,5200,10400
2026-08-05,밀도,밀도 정자점,폐기,유통기한초과(폐기),간식빵,101327,큐브소보로,2,3800,7600
2026-08-05,밀도,밀도 정자점,폐기,유통기한초과(폐기),간식빵,102587,밀도맘모스,2,6200,12400
2026-08-05,밀도,밀도 정자점,폐기,유통기한초과(폐기),식빵,102338,통팥앙식빵,2,3900,7800
2026-08-05,밀도,밀도 정자점,폐기,유통기한초과(폐기),식빵,103814,얼룩 고양 식빵,2,7500,15000
2026-08-05,밀도,밀도 정자점,폐기,유통기한초과(폐기),미니식빵,103663,밤완두바브카,1,7200,7200
2026-08-05,밀도,밀도 정자점,폐기,유통기한초과(폐기),스콘,101119,레몬스콘,2,3800,7600
2026-08-05,밀도,밀도 잠실점,폐기,유통기한초과(폐기),간식빵,101957,초코허니러스크,3,5800,17400
2026-08-05,밀도,밀도 잠실점,폐기,유통기한초과(폐기),간식빵,102975,석촌호수맘모스,1,6200,6200
2026-08-05,밀도,밀도 잠실점,폐기,유통기한초과(폐기),간식빵,102976,앙버터허니러스크,5,6200,31000
2026-08-05,밀도,밀도 잠실점,폐기,유통기한초과(폐기),간식빵,103704,크림치즈포테이토,2,4200,8400
2026-08-05,밀도,밀도 잠실점,폐기,유통기한초과(폐기),페이스트리,103768,애플시나몬크림치즈데니쉬,1,4900,4900
2026-08-05,밀도,밀도 잠실점,폐기,유통기한초과(폐기),페이스트리,103769,고창고구마데니쉬,4,4600,18400
2026-08-05,밀도,밀도 옥수점,폐기,유통기한초과(폐기),식빵,102966,달밤식빵,1,8900,8900
2026-08-05,밀도,밀도 옥수점,폐기,유통기한초과(폐기),미니식빵,103663,밤완두바브카,4,7200,28800
2026-08-05,밀도,밀도 압구정현대점,폐기,유통기한초과(폐기),간식빵,101327,큐브소보로,1,3800,3800
2026-08-05,밀도,밀도 압구정현대점,폐기,유통기한초과(폐기),간식빵,101451,허니러스크,1,5200,5200
2026-08-05,밀도,밀도 압구정현대점,폐기,유통기한초과(폐기),간식빵,101858,밀도단팥빵,2,3800,7600
2026-08-05,밀도,밀도 압구정현대점,폐기,유통기한초과(폐기),간식빵,102587,밀도맘모스,1,6200,6200
2026-08-05,밀도,밀도 압구정현대점,폐기,유통기한초과(폐기),식빵,100003,담백식빵,2,7800,15600
2026-08-05,밀도,밀도 압구정현대점,폐기,유통기한초과(폐기),식빵,100004,리치식빵,1,8400,8400
2026-08-05,밀도,밀도 압구정현대점,폐기,유통기한초과(폐기),식빵,102321,담백식빵Half,1,4500,4500
2026-08-05,밀도,밀도 압구정현대점,폐기,유통기한초과(폐기),식빵,102322,리치식빵Half,1,4800,4800
2026-08-05,밀도,밀도 압구정현대점,폐기,유통기한초과(폐기),식빵,102338,통팥앙식빵,3,3900,11700
2026-08-05,밀도,밀도 압구정현대점,폐기,유통기한초과(폐기),식빵,102966,달밤식빵,1,8900,8900
2026-08-05,밀도,밀도 압구정현대점,폐기,유통기한초과(폐기),미니식빵,103663,밤완두바브카,1,7200,7200
2026-08-05,밀도,밀도 압구정현대점,폐기,유통기한초과(폐기),미니식빵,103764,누텔라바브카,1,7800,7800
2026-08-05,밀도,밀도 압구정현대점,폐기,유통기한초과(폐기),건강빵,102983,촉촉감자치아바타,2,4800,9600
2026-08-05,밀도,밀도 압구정현대점,폐기,유통기한초과(폐기),스콘,102977,리코타사워크림스콘,1,4200,4200
2026-08-05,밀도,밀도 알토점,폐기,불량(폐기),식빵,102338,통팥앙식빵,1,3900,3900
2026-08-05,밀도,밀도 알토점,폐기,유통기한초과(폐기),간식빵,101327,큐브소보로,3,3800,11400
2026-08-05,밀도,밀도 알토점,폐기,유통기한초과(폐기),간식빵,101858,밀도단팥빵,1,3800,3800
2026-08-05,밀도,밀도 알토점,폐기,유통기한초과(폐기),간식빵,101957,초코허니러스크,2,5800,11600
2026-08-05,밀도,밀도 알토점,폐기,유통기한초과(폐기),간식빵,103828,상하소시지 갈릭러스크,4,5200,20800
2026-08-05,밀도,밀도 알토점,폐기,유통기한초과(폐기),소금빵,102844,the부드러운소금빵,1,3600,3600
2026-08-05,밀도,밀도 성수점,폐기,유통기한초과(폐기),간식빵,100010,큐브커스터드,3,4700,14100
2026-08-05,밀도,밀도 성수점,폐기,유통기한초과(폐기),간식빵,103766,누텔라로쉐큐브식빵,3,5200,15600
2026-08-05,밀도,밀도 성수점,폐기,유통기한초과(폐기),샌드위치,103286,에그마요 소금빵,2,5200,10400
2026-08-05,밀도,밀도 성수점,폐기,유통기한초과(폐기),샌드위치,103807,잠봉에멘탈크로와상샌드위치,1,7900,7900
2026-08-05,밀도,밀도 롯데평촌점,폐기,유통기한초과(폐기),페이스트리,103659,뺑스위스,8,6900,55200
2026-08-05,밀도,밀도 롯데평촌점,폐기,유통기한초과(폐기),페이스트리,103769,고창고구마데니쉬,18,4600,82800
2026-08-05,밀도,밀도 롯데평촌점,폐기,유통기한초과(폐기),샌드위치,103805,아이올리베이컨토마토샌드위치,6,8900,53400
2026-08-05,밀도,밀도 롯데평촌점,폐기,유통기한초과(폐기),샌드위치,103806,바질치폴레닭가슴살샌드위치,2,8900,17800
2026-08-05,밀도,밀도 롯데평촌점,폐기,유통기한초과(폐기),샌드위치,103807,잠봉에멘탈크로와상샌드위치,1,7900,7900
2026-08-05,밀도,밀도 롯데노원점,폐기,유통기한초과(폐기),간식빵,100010,큐브커스터드,1,4700,4700
2026-08-05,밀도,밀도 롯데노원점,폐기,유통기한초과(폐기),간식빵,101327,큐브소보로,7,3800,26600
2026-08-05,밀도,밀도 롯데노원점,폐기,유통기한초과(폐기),간식빵,101451,허니러스크,32,5200,166400
2026-08-05,밀도,밀도 롯데노원점,폐기,유통기한초과(폐기),간식빵,101858,밀도단팥빵,1,3800,3800
2026-08-05,밀도,밀도 롯데노원점,폐기,유통기한초과(폐기),간식빵,101957,초코허니러스크,3,5800,17400
2026-08-05,밀도,밀도 롯데노원점,폐기,유통기한초과(폐기),간식빵,102976,앙버터허니러스크,1,6200,6200
2026-08-05,밀도,밀도 롯데노원점,폐기,유통기한초과(폐기),간식빵,103766,누텔라로쉐큐브식빵,5,5200,26000
2026-08-05,밀도,밀도 롯데노원점,폐기,유통기한초과(폐기),간식빵,103828,상하소시지 갈릭러스크,6,5200,31200
2026-08-05,밀도,밀도 롯데노원점,폐기,유통기한초과(폐기),샌드위치,103027,블루베리잼 잠봉뵈르,1,8900,8900
2026-08-05,밀도,밀도 롯데노원점,폐기,유통기한초과(폐기),샌드위치,103286,에그마요 소금빵,5,5200,26000
2026-08-05,밀도,밀도 롯데노원점,폐기,유통기한초과(폐기),샌드위치,103807,잠봉에멘탈크로와상샌드위치,2,7900,15800
2026-08-05,밀도,밀도 롯데노원점,폐기,유통기한초과(폐기),식빵,102684,튼튼고양식빵,15,6900,103500
2026-08-05,밀도,밀도 롯데노원점,폐기,유통기한초과(폐기),식빵,102966,달밤식빵,2,8900,17800
2026-08-05,밀도,밀도 롯데노원점,폐기,유통기한초과(폐기),식빵,103814,얼룩 고양 식빵,2,7500,15000
2026-08-05,밀도,밀도 롯데노원점,폐기,유통기한초과(폐기),건강빵,103571,올리브치즈치아바타,1,5200,5200
2026-08-05,밀도,밀도 롯데노원점,폐기,유통기한초과(폐기),건강빵,103574,무화과오트통밀100,5,5500,27500
2026-08-05,밀도,밀도 롯데노원점,폐기,유통기한초과(폐기),건강빵,103575,단호박고구마통밀(whole),7,5500,38500
2026-08-05,밀도,밀도 롯데노원점,폐기,유통기한초과(폐기),건강빵,103578,불고기포카치아,1,5500,5500
2026-08-05,밀도,밀도 롯데노원점,폐기,유통기한초과(폐기),건강빵,103622,마르게리따포카치아,2,5500,11000
2026-08-05,밀도,밀도 롯데노원점,폐기,유통기한초과(폐기),스콘,101119,레몬스콘,4,3800,15200
2026-08-05,밀도,밀도 롯데노원점,폐기,유통기한초과(폐기),소금빵,102778,앙버터소금빵,1,4800,4800
2026-08-05,밀도,밀도 롯데노원점,폐기,유통기한초과(폐기),소금빵,102844,the부드러운소금빵,2,3600,7200
2026-08-05,밀도,밀도 뉴코아강남점,폐기,유통기한초과(폐기),간식빵,101451,허니러스크,1,5200,5200
2026-08-05,밀도,밀도 뉴코아강남점,폐기,유통기한초과(폐기),간식빵,103828,상하소시지 갈릭러스크,1,5200,5200
2026-08-05,밀도,밀도 뉴코아강남점,폐기,유통기한초과(폐기),식빵,103814,얼룩 고양 식빵,3,7500,22500
2026-08-05,밀도,밀도 뉴코아강남점,폐기,유통기한초과(폐기),건강빵,102992,플레인로데브,2,7800,15600
2026-08-05,밀도,밀도 뉴코아강남점,폐기,유통기한초과(폐기),건강빵,102993,프룻로데브,1,7800,7800
2026-08-05,밀도,밀도 뉴코아강남점,폐기,유통기한초과(폐기),소금빵,102844,the부드러운소금빵,2,3600,7200
2026-08-05,밀도,밀도 광장점,폐기,유통기한초과(폐기),간식빵,100625,큐브시나몬,4,3800,15200
2026-08-05,밀도,밀도 광장점,폐기,유통기한초과(폐기),간식빵,101327,큐브소보로,2,3800,7600
2026-08-05,밀도,밀도 광장점,폐기,유통기한초과(폐기),식빵,102335,호밀잡곡식빵,7,6500,45500
2026-08-05,밀도,밀도 광장점,폐기,유통기한초과(폐기),식빵,102966,달밤식빵,2,8900,17800
2026-08-05,밀도,밀도 광장점,폐기,유통기한초과(폐기),미니식빵,103663,밤완두바브카,4,7200,28800
2026-08-05,밀도,밀도 광장점,폐기,유통기한초과(폐기),미니식빵,103764,누텔라바브카,3,7800,23400
2026-08-05,밀도,밀도 광장점,폐기,유통기한초과(폐기),미니식빵,103824,리치 모카빵,3,6900,20700
2026-08-05,밀도,밀도 광장점,폐기,유통기한초과(폐기),모닝롤,103773,모닝롤(6ea),7,5200,36400
2026-08-05,밀도,밀도 광교점,폐기,유통기한초과(폐기),간식빵,101451,허니러스크,4,5200,20800
2026-08-05,밀도,밀도 광교점,폐기,유통기한초과(폐기),파운드,102608,바나나파운드(23년),2,5600,11200
2026-08-05,밀도,밀도 광교점,폐기,유통기한초과(폐기),시그니처샌드,102272,땅콩크림샌드,4,5800,23200
2026-08-05,밀도,밀도 광교점,폐기,유통기한초과(폐기),미니식빵,103824,리치 모카빵,2,6900,13800
2026-08-05,밀도,밀도 광교점,폐기,유통기한초과(폐기),스콘,101119,레몬스콘,1,3800,3800
2026-08-05,밀도,밀도 광교점,폐기,유통기한초과(폐기),소금빵,102778,앙버터소금빵,1,4800,4800
2026-08-05,밀도,밀도 고양점,폐기,유통기한초과(폐기),간식빵,103766,누텔라로쉐큐브식빵,3,5200,15600
2026-08-05,밀도,밀도 고양점,폐기,유통기한초과(폐기),간식빵,103828,상하소시지 갈릭러스크,1,5200,5200
2026-08-05,밀도,밀도 고양점,폐기,유통기한초과(폐기),페이스트리,103768,애플시나몬크림치즈데니쉬,6,4900,29400
2026-08-05,밀도,밀도 고양점,폐기,유통기한초과(폐기),샌드위치,103027,블루베리잼 잠봉뵈르,1,8900,8900
2026-08-05,밀도,밀도 고양점,폐기,유통기한초과(폐기),건강빵,103574,무화과오트통밀100,3,5500,16500
2026-08-05,밀도,밀도 경기점,폐기,유통기한초과(폐기),간식빵,101451,허니러스크,6,5200,31200
2026-08-05,밀도,밀도 경기점,폐기,유통기한초과(폐기),식빵,102684,튼튼고양식빵,1,6900,6900
2026-08-05,밀도,밀도 경기점,폐기,유통기한초과(폐기),식빵,103814,얼룩 고양 식빵,1,7500,7500
2026-08-05,밀도,밀도 경기점,폐기,유통기한초과(폐기),미니식빵,103824,리치 모카빵,2,6900,13800
2026-08-05,밀도,밀도 강남점,폐기,유통기한초과(폐기),간식빵,101858,밀도단팥빵,1,3800,3800
2026-08-05,밀도,밀도 강남점,폐기,유통기한초과(폐기),간식빵,101957,초코허니러스크,5,5800,29000
2026-08-05,밀도,밀도 강남점,폐기,유통기한초과(폐기),간식빵,102587,밀도맘모스,1,6200,6200
2026-08-05,밀도,밀도 강남점,폐기,유통기한초과(폐기),간식빵,103704,크림치즈포테이토,2,4200,8400
2026-08-05,밀도,밀도 강남점,폐기,유통기한초과(폐기),시그니처샌드,102272,땅콩크림샌드,1,5800,5800
2026-08-05,밀도,밀도 강남점,폐기,유통기한초과(폐기),미니식빵,103663,밤완두바브카,3,7200,21600
2026-08-06,밀도,밀도 한티점,폐기,유통기한초과(폐기),간식빵,103828,상하소시지 갈릭러스크,3,5200,15600
2026-08-06,밀도,밀도 한티점,폐기,유통기한초과(폐기),샌드위치,103807,잠봉에멘탈크로와상샌드위치,2,7900,15800
2026-08-06,밀도,밀도 한티점,폐기,유통기한초과(폐기),식빵,102338,통팥앙식빵,1,3900,3900
2026-08-06,밀도,밀도 한티점,폐기,유통기한초과(폐기),식빵,103814,얼룩 고양 식빵,4,7500,30000
2026-08-06,밀도,밀도 정자점,폐기,유통기한초과(폐기),간식빵,102587,밀도맘모스,2,6200,12400
2026-08-06,밀도,밀도 정자점,폐기,유통기한초과(폐기),식빵,100003,담백식빵,2,7800,15600
2026-08-06,밀도,밀도 정자점,폐기,유통기한초과(폐기),식빵,103814,얼룩 고양 식빵,3,7500,22500
2026-08-06,밀도,밀도 옥수점,폐기,유통기한초과(폐기),간식빵,101858,밀도단팥빵,1,3800,3800
2026-08-06,밀도,밀도 옥수점,폐기,유통기한초과(폐기),간식빵,103704,크림치즈포테이토,1,4200,4200
2026-08-06,밀도,밀도 옥수점,폐기,유통기한초과(폐기),식빵,102966,달밤식빵,2,8900,17800
2026-08-06,밀도,밀도 옥수점,폐기,유통기한초과(폐기),미니식빵,103824,리치 모카빵,1,6900,6900
2026-08-06,밀도,밀도 옥수점,폐기,유통기한초과(폐기),소금빵,102778,앙버터소금빵,2,4800,9600
2026-08-06,밀도,밀도 옥수점,폐기,유통기한초과(폐기),소금빵,102844,the부드러운소금빵,2,3600,7200
2026-08-06,밀도,밀도 압구정현대점,폐기,유통기한초과(폐기),간식빵,101327,큐브소보로,1,3800,3800
2026-08-06,밀도,밀도 압구정현대점,폐기,유통기한초과(폐기),간식빵,101451,허니러스크,2,5200,10400
2026-08-06,밀도,밀도 압구정현대점,폐기,유통기한초과(폐기),간식빵,101858,밀도단팥빵,6,3800,22800
2026-08-06,밀도,밀도 압구정현대점,폐기,유통기한초과(폐기),간식빵,101957,초코허니러스크,3,5800,17400
2026-08-06,밀도,밀도 압구정현대점,폐기,유통기한초과(폐기),페이스트리,103768,애플시나몬크림치즈데니쉬,1,4900,4900
2026-08-06,밀도,밀도 압구정현대점,폐기,유통기한초과(폐기),시그니처샌드,102272,땅콩크림샌드,9,5800,52200
2026-08-06,밀도,밀도 압구정현대점,폐기,유통기한초과(폐기),식빵,102338,통팥앙식빵,5,3900,19500
2026-08-06,밀도,밀도 압구정현대점,폐기,유통기한초과(폐기),미니식빵,103663,밤완두바브카,1,7200,7200
2026-08-06,밀도,밀도 압구정현대점,폐기,유통기한초과(폐기),미니식빵,103764,누텔라바브카,2,7800,15600
2026-08-06,밀도,밀도 압구정현대점,폐기,유통기한초과(폐기),스콘,102977,리코타사워크림스콘,1,4200,4200
2026-08-06,밀도,밀도 압구정현대점,폐기,유통기한초과(폐기),소금빵,102778,앙버터소금빵,1,4800,4800
2026-08-06,밀도,밀도 압구정현대점,폐기,유통기한초과(폐기),소금빵,102844,the부드러운소금빵,4,3600,14400
2026-08-06,밀도,밀도 알토점,폐기,불량(폐기),식빵,102338,통팥앙식빵,1,3900,3900
2026-08-06,밀도,밀도 알토점,폐기,유통기한초과(폐기),간식빵,103828,상하소시지 갈릭러스크,7,5200,36400
2026-08-06,밀도,밀도 성수점,폐기,유통기한초과(폐기),간식빵,100625,큐브시나몬,1,3800,3800
2026-08-06,밀도,밀도 성수점,폐기,유통기한초과(폐기),간식빵,101451,허니러스크,3,5200,15600
2026-08-06,밀도,밀도 성수점,폐기,유통기한초과(폐기),간식빵,101957,초코허니러스크,2,5800,11600
2026-08-06,밀도,밀도 성수점,폐기,유통기한초과(폐기),간식빵,102587,밀도맘모스,2,6200,12400
2026-08-06,밀도,밀도 성수점,폐기,유통기한초과(폐기),샌드위치,103286,에그마요 소금빵,2,5200,10400
2026-08-06,밀도,밀도 성수점,폐기,유통기한초과(폐기),샌드위치,103807,잠봉에멘탈크로와상샌드위치,1,7900,7900
2026-08-06,밀도,밀도 성수점,폐기,유통기한초과(폐기),미니식빵,103395,게랑드소금식빵,1,7200,7200
2026-08-06,밀도,밀도 성수점,폐기,유통기한초과(폐기),미니식빵,103764,누텔라바브카,1,7800,7800
2026-08-06,밀도,밀도 성수점,폐기,유통기한초과(폐기),미니식빵,103824,리치 모카빵,2,6900,13800
2026-08-06,밀도,밀도 성수점,폐기,유통기한초과(폐기),미니식빵,103827,촉촉연유브래드,2,6900,13800
2026-08-06,밀도,밀도 성수점,폐기,유통기한초과(폐기),건강빵,102983,촉촉감자치아바타,1,4800,4800
2026-08-06,밀도,밀도 성수점,폐기,유통기한초과(폐기),스콘,101119,레몬스콘,2,3800,7600
2026-08-06,밀도,밀도 롯데평촌점,폐기,유통기한초과(폐기),페이스트리,103769,고창고구마데니쉬,5,4600,23000
2026-08-06,밀도,밀도 롯데평촌점,폐기,유통기한초과(폐기),스콘,102977,리코타사워크림스콘,2,4200,8400
2026-08-06,밀도,밀도 롯데노원점,폐기,유통기한초과(폐기),간식빵,101327,큐브소보로,4,3800,15200
2026-08-06,밀도,밀도 롯데노원점,폐기,유통기한초과(폐기),간식빵,102587,밀도맘모스,2,6200,12400
2026-08-06,밀도,밀도 롯데노원점,폐기,유통기한초과(폐기),간식빵,103704,크림치즈포테이토,6,4200,25200
2026-08-06,밀도,밀도 롯데노원점,폐기,유통기한초과(폐기),간식빵,103766,누텔라로쉐큐브식빵,4,5200,20800
2026-08-06,밀도,밀도 롯데노원점,폐기,유통기한초과(폐기),간식빵,103828,상하소시지 갈릭러스크,1,5200,5200
2026-08-06,밀도,밀도 롯데노원점,폐기,유통기한초과(폐기),시그니처샌드,102272,땅콩크림샌드,2,5800,11600
2026-08-06,밀도,밀도 롯데노원점,폐기,유통기한초과(폐기),샌드위치,103027,블루베리잼 잠봉뵈르,1,8900,8900
2026-08-06,밀도,밀도 롯데노원점,폐기,유통기한초과(폐기),샌드위치,103286,에그마요 소금빵,4,5200,20800
2026-08-06,밀도,밀도 롯데노원점,폐기,유통기한초과(폐기),샌드위치,103805,아이올리베이컨토마토샌드위치,2,8900,17800
2026-08-06,밀도,밀도 롯데노원점,폐기,유통기한초과(폐기),식빵,102966,달밤식빵,1,8900,8900
2026-08-06,밀도,밀도 뉴코아강남점,폐기,유통기한초과(폐기),간식빵,101451,허니러스크,3,5200,15600
2026-08-06,밀도,밀도 뉴코아강남점,폐기,유통기한초과(폐기),간식빵,101957,초코허니러스크,4,5800,23200
2026-08-06,밀도,밀도 뉴코아강남점,폐기,유통기한초과(폐기),간식빵,102976,앙버터허니러스크,3,6200,18600
2026-08-06,밀도,밀도 뉴코아강남점,폐기,유통기한초과(폐기),간식빵,103828,상하소시지 갈릭러스크,1,5200,5200
2026-08-06,밀도,밀도 뉴코아강남점,폐기,유통기한초과(폐기),시그니처샌드,102272,땅콩크림샌드,3,5800,17400
2026-08-06,밀도,밀도 뉴코아강남점,폐기,유통기한초과(폐기),식빵,100004,리치식빵,5,8400,42000
2026-08-06,밀도,밀도 뉴코아강남점,폐기,유통기한초과(폐기),식빵,102966,달밤식빵,4,8900,35600
2026-08-06,밀도,밀도 뉴코아강남점,폐기,유통기한초과(폐기),건강빵,102991,곡물가득로데브,6,8000,48000
2026-08-06,밀도,밀도 뉴코아강남점,폐기,유통기한초과(폐기),건강빵,102993,프룻로데브,3,7800,23400
2026-08-06,밀도,밀도 뉴코아강남점,폐기,유통기한초과(폐기),건강빵,103574,무화과오트통밀100,1,5500,5500
2026-08-06,밀도,밀도 뉴코아강남점,폐기,유통기한초과(폐기),건강빵,103575,단호박고구마통밀(whole),2,5500,11000
2026-08-06,밀도,밀도 광장점,폐기,유통기한초과(폐기),간식빵,100010,큐브커스터드,3,4700,14100
2026-08-06,밀도,밀도 광장점,폐기,유통기한초과(폐기),간식빵,101957,초코허니러스크,1,5800,5800
2026-08-06,밀도,밀도 광장점,폐기,유통기한초과(폐기),간식빵,102587,밀도맘모스,2,6200,12400
2026-08-06,밀도,밀도 광장점,폐기,유통기한초과(폐기),시그니처샌드,102272,땅콩크림샌드,4,5800,23200
2026-08-06,밀도,밀도 광장점,폐기,유통기한초과(폐기),식빵,102338,통팥앙식빵,1,3900,3900
2026-08-06,밀도,밀도 광장점,폐기,유통기한초과(폐기),미니식빵,103663,밤완두바브카,4,7200,28800
2026-08-06,밀도,밀도 광장점,폐기,유통기한초과(폐기),미니식빵,103764,누텔라바브카,2,7800,15600
2026-08-06,밀도,밀도 광교점,폐기,유통기한초과(폐기),간식빵,101858,밀도단팥빵,1,3800,3800
2026-08-06,밀도,밀도 광교점,폐기,유통기한초과(폐기),페이스트리,103768,애플시나몬크림치즈데니쉬,1,4900,4900
2026-08-06,밀도,밀도 광교점,폐기,유통기한초과(폐기),페이스트리,103769,고창고구마데니쉬,3,4600,13800
2026-08-06,밀도,밀도 광교점,폐기,유통기한초과(폐기),파운드,102608,바나나파운드(23년),4,5600,22400
2026-08-06,밀도,밀도 광교점,폐기,유통기한초과(폐기),파운드,103832,솔티카라멜휘낭시에,2,3200,6400
2026-08-06,밀도,밀도 광교점,폐기,유통기한초과(폐기),파운드,103833,아몬드초코휘낭시에리뉴얼,1,3200,3200
2026-08-06,밀도,밀도 광교점,폐기,유통기한초과(폐기),파운드,103834,피스타치오휘낭시에리뉴얼,1,3200,3200
2026-08-06,밀도,밀도 광교점,폐기,유통기한초과(폐기),식빵,102684,튼튼고양식빵,3,6900,20700
2026-08-06,밀도,밀도 광교점,폐기,유통기한초과(폐기),모닝롤,102683,모닝롤,1,3800,3800
2026-08-06,밀도,밀도 광교점,폐기,유통기한초과(폐기),스콘,101119,레몬스콘,1,3800,3800
2026-08-06,밀도,밀도 광교점,폐기,유통기한초과(폐기),스콘,102977,리코타사워크림스콘,1,4200,4200
2026-08-06,밀도,밀도 고양점,폐기,유통기한초과(폐기),간식빵,101451,허니러스크,7,5200,36400
2026-08-06,밀도,밀도 고양점,폐기,유통기한초과(폐기),간식빵,103766,누텔라로쉐큐브식빵,2,5200,10400
2026-08-06,밀도,밀도 고양점,폐기,유통기한초과(폐기),샌드위치,103286,에그마요 소금빵,2,5200,10400
2026-08-06,밀도,밀도 고양점,폐기,유통기한초과(폐기),미니식빵,103663,밤완두바브카,1,7200,7200
2026-08-06,밀도,밀도 고양점,폐기,유통기한초과(폐기),미니식빵,103764,누텔라바브카,1,7800,7800
2026-08-06,밀도,밀도 고양점,폐기,유통기한초과(폐기),건강빵,103574,무화과오트통밀100,1,5500,5500
2026-08-06,밀도,밀도 고양점,폐기,유통기한초과(폐기),스콘,102977,리코타사워크림스콘,1,4200,4200
2026-08-06,밀도,밀도 경기점,폐기,유통기한초과(폐기),간식빵,101451,허니러스크,4,5200,20800
2026-08-06,밀도,밀도 경기점,폐기,유통기한초과(폐기),간식빵,102587,밀도맘모스,5,6200,31000
2026-08-06,밀도,밀도 강남점,폐기,유통기한초과(폐기),간식빵,101858,밀도단팥빵,2,3800,7600
2026-08-06,밀도,밀도 강남점,폐기,유통기한초과(폐기),간식빵,101957,초코허니러스크,2,5800,11600
2026-08-06,밀도,밀도 강남점,폐기,유통기한초과(폐기),샌드위치,103807,잠봉에멘탈크로와상샌드위치,1,7900,7900
2026-08-06,밀도,밀도 강남점,폐기,유통기한초과(폐기),식빵,102966,달밤식빵,2,8900,17800
2026-08-06,밀도,밀도 강남점,폐기,유통기한초과(폐기),식빵,103814,얼룩 고양 식빵,1,7500,7500
2026-08-06,밀도,밀도 강남점,폐기,유통기한초과(폐기),미니식빵,103824,리치 모카빵,1,6900,6900
2026-08-07,밀도,밀도 한티점,폐기,유통기한초과(폐기),간식빵,100625,큐브시나몬,1,3800,3800
2026-08-07,밀도,밀도 한티점,폐기,유통기한초과(폐기),간식빵,102587,밀도맘모스,3,6200,18600
2026-08-07,밀도,밀도 한티점,폐기,유통기한초과(폐기),간식빵,103828,상하소시지 갈릭러스크,2,5200,10400
2026-08-07,밀도,밀도 한티점,폐기,유통기한초과(폐기),식빵,102338,통팥앙식빵,5,3900,19500
2026-08-07,밀도,밀도 한티점,폐기,유통기한초과(폐기),식빵,102966,달밤식빵,1,8900,8900
2026-08-07,밀도,밀도 한티점,폐기,유통기한초과(폐기),미니식빵,103663,밤완두바브카,3,7200,21600
2026-08-07,밀도,밀도 한티점,폐기,유통기한초과(폐기),미니식빵,103764,누텔라바브카,1,7800,7800
2026-08-07,밀도,밀도 한티점,폐기,유통기한초과(폐기),미니식빵,103827,촉촉연유브래드,5,6900,34500
2026-08-07,밀도,밀도 한티점,폐기,유통기한초과(폐기),모닝롤,103773,모닝롤(6ea),2,5200,10400
2026-08-07,밀도,밀도 정자점,폐기,유통기한초과(폐기),간식빵,100625,큐브시나몬,1,3800,3800
2026-08-07,밀도,밀도 정자점,폐기,유통기한초과(폐기),간식빵,101327,큐브소보로,2,3800,7600
2026-08-07,밀도,밀도 정자점,폐기,유통기한초과(폐기),간식빵,101957,초코허니러스크,2,5800,11600
2026-08-07,밀도,밀도 정자점,폐기,유통기한초과(폐기),간식빵,102587,밀도맘모스,2,6200,12400
2026-08-07,밀도,밀도 정자점,폐기,유통기한초과(폐기),시그니처샌드,102272,땅콩크림샌드,1,5800,5800
2026-08-07,밀도,밀도 정자점,폐기,유통기한초과(폐기),식빵,102684,튼튼고양식빵,1,6900,6900
2026-08-07,밀도,밀도 정자점,폐기,유통기한초과(폐기),미니식빵,103663,밤완두바브카,3,7200,21600
2026-08-07,밀도,밀도 정자점,폐기,유통기한초과(폐기),미니식빵,103824,리치 모카빵,3,6900,20700
2026-08-07,밀도,밀도 정자점,폐기,유통기한초과(폐기),미니식빵,103827,촉촉연유브래드,4,6900,27600
2026-08-07,밀도,밀도 정자점,폐기,유통기한초과(폐기),스콘,101119,레몬스콘,1,3800,3800
2026-08-07,밀도,밀도 압구정현대점,폐기,유통기한초과(폐기),식빵,102684,튼튼고양식빵,3,6900,20700
2026-08-07,밀도,밀도 압구정현대점,폐기,유통기한초과(폐기),식빵,103814,얼룩 고양 식빵,3,7500,22500
2026-08-07,밀도,밀도 알토점,폐기,불량(폐기),식빵,102338,통팥앙식빵,1,3900,3900
2026-08-07,밀도,밀도 알토점,폐기,유통기한초과(폐기),간식빵,101327,큐브소보로,2,3800,7600
2026-08-07,밀도,밀도 알토점,폐기,유통기한초과(폐기),간식빵,101451,허니러스크,3,5200,15600
2026-08-07,밀도,밀도 알토점,폐기,유통기한초과(폐기),간식빵,103766,누텔라로쉐큐브식빵,1,5200,5200
2026-08-07,밀도,밀도 알토점,폐기,유통기한초과(폐기),식빵,102684,튼튼고양식빵,1,6900,6900
2026-08-07,밀도,밀도 성수점,폐기,유통기한초과(폐기),샌드위치,103286,에그마요 소금빵,3,5200,15600
2026-08-07,밀도,밀도 롯데평촌점,폐기,유통기한초과(폐기),페이스트리,103768,애플시나몬크림치즈데니쉬,16,4900,78400
2026-08-07,밀도,밀도 롯데평촌점,폐기,유통기한초과(폐기),페이스트리,103769,고창고구마데니쉬,14,4600,64400
2026-08-07,밀도,밀도 롯데노원점,폐기,유통기한초과(폐기),간식빵,101451,허니러스크,16,5200,83200
2026-08-07,밀도,밀도 롯데노원점,폐기,유통기한초과(폐기),간식빵,103766,누텔라로쉐큐브식빵,1,5200,5200
2026-08-07,밀도,밀도 롯데노원점,폐기,유통기한초과(폐기),간식빵,103828,상하소시지 갈릭러스크,2,5200,10400
2026-08-07,밀도,밀도 롯데노원점,폐기,유통기한초과(폐기),디저트,102978,상하카라멜푸딩,1,5200,5200
2026-08-07,밀도,밀도 롯데노원점,폐기,유통기한초과(폐기),디저트,103569,상하초콜릿푸딩,2,5500,11000
2026-08-07,밀도,밀도 롯데노원점,폐기,유통기한초과(폐기),건강빵,103574,무화과오트통밀100,1,5500,5500
2026-08-07,밀도,밀도 롯데노원점,폐기,유통기한초과(폐기),건강빵,103575,단호박고구마통밀(whole),4,5500,22000
2026-08-07,밀도,밀도 롯데노원점,폐기,유통기한초과(폐기),소금빵,102778,앙버터소금빵,1,4800,4800
2026-08-07,밀도,밀도 뉴코아강남점,폐기,유통기한초과(폐기),간식빵,100010,큐브커스터드,1,4700,4700
2026-08-07,밀도,밀도 뉴코아강남점,폐기,유통기한초과(폐기),간식빵,101957,초코허니러스크,1,5800,5800
2026-08-07,밀도,밀도 뉴코아강남점,폐기,유통기한초과(폐기),디저트,102978,상하카라멜푸딩,6,5200,31200
2026-08-07,밀도,밀도 뉴코아강남점,폐기,유통기한초과(폐기),샌드위치,103807,잠봉에멘탈크로와상샌드위치,1,7900,7900
2026-08-07,밀도,밀도 뉴코아강남점,폐기,유통기한초과(폐기),식빵,103644,더잡곡식빵리뉴얼,3,12800,38400
2026-08-07,밀도,밀도 뉴코아강남점,폐기,유통기한초과(폐기),건강빵,102991,곡물가득로데브,3,8000,24000
2026-08-07,밀도,밀도 뉴코아강남점,폐기,유통기한초과(폐기),건강빵,102993,프룻로데브,2,7800,15600
2026-08-07,밀도,밀도 광장점,폐기,유통기한초과(폐기),간식빵,100625,큐브시나몬,5,3800,19000
2026-08-07,밀도,밀도 광장점,폐기,유통기한초과(폐기),간식빵,102587,밀도맘모스,2,6200,12400
2026-08-07,밀도,밀도 광장점,폐기,유통기한초과(폐기),디저트,103737,허쉬딥초코롤케이크(조각),3,6500,19500
2026-08-07,밀도,밀도 광장점,폐기,유통기한초과(폐기),식빵,102335,호밀잡곡식빵,3,6500,19500
2026-08-07,밀도,밀도 광장점,폐기,유통기한초과(폐기),식빵,103814,얼룩 고양 식빵,3,7500,22500
2026-08-07,밀도,밀도 광교점,폐기,유통기한초과(폐기),간식빵,101858,밀도단팥빵,3,3800,11400
2026-08-07,밀도,밀도 광교점,폐기,유통기한초과(폐기),디저트,103616,수제국산생크림롤케이크,3,6200,18600
2026-08-07,밀도,밀도 광교점,폐기,유통기한초과(폐기),식빵,100004,리치식빵,4,8400,33600
2026-08-07,밀도,밀도 광교점,폐기,유통기한초과(폐기),식빵,102321,담백식빵Half,3,4500,13500
2026-08-07,밀도,밀도 광교점,폐기,유통기한초과(폐기),식빵,102322,리치식빵Half,2,4800,9600
2026-08-07,밀도,밀도 광교점,폐기,유통기한초과(폐기),식빵,102684,튼튼고양식빵,7,6900,48300
2026-08-07,밀도,밀도 광교점,폐기,유통기한초과(폐기),식빵,103814,얼룩 고양 식빵,2,7500,15000
2026-08-07,밀도,밀도 광교점,폐기,유통기한초과(폐기),스콘,101119,레몬스콘,1,3800,3800
2026-08-07,밀도,밀도 광교점,폐기,유통기한초과(폐기),소금빵,102844,the부드러운소금빵,5,3600,18000
2026-08-07,밀도,밀도 고양점,폐기,유통기한초과(폐기),간식빵,101451,허니러스크,1,5200,5200
2026-08-07,밀도,밀도 고양점,폐기,유통기한초과(폐기),샌드위치,103027,블루베리잼 잠봉뵈르,1,8900,8900
2026-08-07,밀도,밀도 강남점,폐기,유통기한초과(폐기),간식빵,100010,큐브커스터드,5,4700,23500
2026-08-07,밀도,밀도 강남점,폐기,유통기한초과(폐기),간식빵,100625,큐브시나몬,1,3800,3800
2026-08-07,밀도,밀도 강남점,폐기,유통기한초과(폐기),시그니처샌드,102272,땅콩크림샌드,2,5800,11600
2026-08-07,밀도,밀도 강남점,폐기,유통기한초과(폐기),샌드위치,103805,아이올리베이컨토마토샌드위치,1,8900,8900
2026-08-07,밀도,밀도 강남점,폐기,유통기한초과(폐기),식빵,102335,호밀잡곡식빵,7,6500,45500
2026-08-08,밀도,밀도 한티점,폐기,유통기한초과(폐기),간식빵,100010,큐브커스터드,1,4700,4700
2026-08-08,밀도,밀도 한티점,폐기,유통기한초과(폐기),간식빵,103704,크림치즈포테이토,5,4200,21000
2026-08-08,밀도,밀도 한티점,폐기,유통기한초과(폐기),간식빵,103828,상하소시지 갈릭러스크,1,5200,5200
2026-08-08,밀도,밀도 한티점,폐기,유통기한초과(폐기),페이스트리,103768,애플시나몬크림치즈데니쉬,1,4900,4900
2026-08-08,밀도,밀도 한티점,폐기,유통기한초과(폐기),페이스트리,103769,고창고구마데니쉬,1,4600,4600
2026-08-08,밀도,밀도 한티점,폐기,유통기한초과(폐기),샌드위치,103807,잠봉에멘탈크로와상샌드위치,1,7900,7900
2026-08-08,밀도,밀도 한티점,폐기,유통기한초과(폐기),미니식빵,103764,누텔라바브카,2,7800,15600
2026-08-08,밀도,밀도 정자점,폐기,유통기한초과(폐기),간식빵,101327,큐브소보로,1,3800,3800
2026-08-08,밀도,밀도 정자점,폐기,유통기한초과(폐기),식빵,102335,호밀잡곡식빵,8,6500,52000
2026-08-08,밀도,밀도 정자점,폐기,유통기한초과(폐기),식빵,102966,달밤식빵,1,8900,8900
2026-08-08,밀도,밀도 정자점,폐기,유통기한초과(폐기),미니식빵,103663,밤완두바브카,3,7200,21600
2026-08-08,밀도,밀도 옥수점,폐기,유통기한초과(폐기),간식빵,101858,밀도단팥빵,1,3800,3800
2026-08-08,밀도,밀도 옥수점,폐기,유통기한초과(폐기),식빵,102335,호밀잡곡식빵,2,6500,13000
2026-08-08,밀도,밀도 옥수점,폐기,유통기한초과(폐기),미니식빵,103663,밤완두바브카,1,7200,7200
2026-08-08,밀도,밀도 알토점,폐기,유통기한초과(폐기),간식빵,100010,큐브커스터드,3,4700,14100
2026-08-08,밀도,밀도 알토점,폐기,유통기한초과(폐기),식빵,103814,얼룩 고양 식빵,2,7500,15000
2026-08-08,밀도,밀도 성수점,폐기,유통기한초과(폐기),간식빵,100625,큐브시나몬,5,3800,19000
2026-08-08,밀도,밀도 성수점,폐기,유통기한초과(폐기),간식빵,101327,큐브소보로,3,3800,11400
2026-08-08,밀도,밀도 성수점,폐기,유통기한초과(폐기),간식빵,101957,초코허니러스크,2,5800,11600
2026-08-08,밀도,밀도 성수점,폐기,유통기한초과(폐기),간식빵,103704,크림치즈포테이토,1,4200,4200
2026-08-08,밀도,밀도 성수점,폐기,유통기한초과(폐기),페이스트리,103768,애플시나몬크림치즈데니쉬,2,4900,9800
2026-08-08,밀도,밀도 성수점,폐기,유통기한초과(폐기),샌드위치,103027,블루베리잼 잠봉뵈르,2,8900,17800
2026-08-08,밀도,밀도 성수점,폐기,유통기한초과(폐기),스콘,102977,리코타사워크림스콘,2,4200,8400
2026-08-08,밀도,밀도 롯데노원점,폐기,유통기한초과(폐기),간식빵,100010,큐브커스터드,1,4700,4700
2026-08-08,밀도,밀도 롯데노원점,폐기,유통기한초과(폐기),간식빵,101451,허니러스크,5,5200,26000
2026-08-08,밀도,밀도 롯데노원점,폐기,유통기한초과(폐기),간식빵,102976,앙버터허니러스크,2,6200,12400
2026-08-08,밀도,밀도 롯데노원점,폐기,유통기한초과(폐기),간식빵,103704,크림치즈포테이토,5,4200,21000
2026-08-08,밀도,밀도 롯데노원점,폐기,유통기한초과(폐기),간식빵,103766,누텔라로쉐큐브식빵,4,5200,20800
2026-08-08,밀도,밀도 롯데노원점,폐기,유통기한초과(폐기),페이스트리,103769,고창고구마데니쉬,14,4600,64400
2026-08-08,밀도,밀도 롯데노원점,폐기,유통기한초과(폐기),샌드위치,103027,블루베리잼 잠봉뵈르,1,8900,8900
2026-08-08,밀도,밀도 롯데노원점,폐기,유통기한초과(폐기),샌드위치,103286,에그마요 소금빵,2,5200,10400
2026-08-08,밀도,밀도 롯데노원점,폐기,유통기한초과(폐기),샌드위치,103807,잠봉에멘탈크로와상샌드위치,4,7900,31600
2026-08-08,밀도,밀도 뉴코아강남점,폐기,불량(폐기),식빵,102322,리치식빵Half,1,4800,4800
2026-08-08,밀도,밀도 뉴코아강남점,폐기,유통기한초과(폐기),간식빵,101327,큐브소보로,2,3800,7600
2026-08-08,밀도,밀도 뉴코아강남점,폐기,유통기한초과(폐기),간식빵,101451,허니러스크,1,5200,5200
2026-08-08,밀도,밀도 뉴코아강남점,폐기,유통기한초과(폐기),미니식빵,103824,리치 모카빵,1,6900,6900
2026-08-08,밀도,밀도 뉴코아강남점,폐기,유통기한초과(폐기),소금빵,102844,the부드러운소금빵,3,3600,10800
2026-08-08,밀도,밀도 광장점,폐기,유통기한초과(폐기),샌드위치,103807,잠봉에멘탈크로와상샌드위치,1,7900,7900
2026-08-08,밀도,밀도 광장점,폐기,유통기한초과(폐기),식빵,102335,호밀잡곡식빵,1,6500,6500
2026-08-08,밀도,밀도 광교점,폐기,유통기한초과(폐기),간식빵,101451,허니러스크,1,5200,5200
2026-08-08,밀도,밀도 광교점,폐기,유통기한초과(폐기),간식빵,101858,밀도단팥빵,3,3800,11400
2026-08-08,밀도,밀도 광교점,폐기,유통기한초과(폐기),식빵,103814,얼룩 고양 식빵,1,7500,7500
2026-08-08,밀도,밀도 광교점,폐기,유통기한초과(폐기),건강빵,102983,촉촉감자치아바타,1,4800,4800
2026-08-08,밀도,밀도 광교점,폐기,유통기한초과(폐기),RTD,103865,상하목장 유기농그릭요거트 블루베리케일,16,2900,46400
2026-08-08,밀도,밀도 광교점,폐기,유통기한초과(폐기),RTD,103866,상하목장 유기농그릭요거트 사과케일,16,2900,46400
2026-08-08,밀도,밀도 고양점,폐기,유통기한초과(폐기),간식빵,103766,누텔라로쉐큐브식빵,5,5200,26000
2026-08-08,밀도,밀도 고양점,폐기,유통기한초과(폐기),페이스트리,103768,애플시나몬크림치즈데니쉬,3,4900,14700
2026-08-08,밀도,밀도 고양점,폐기,유통기한초과(폐기),샌드위치,103027,블루베리잼 잠봉뵈르,1,8900,8900
2026-08-08,밀도,밀도 강남점,폐기,유통기한초과(폐기),간식빵,100010,큐브커스터드,4,4700,18800
2026-08-08,밀도,밀도 강남점,폐기,유통기한초과(폐기),간식빵,100625,큐브시나몬,3,3800,11400
2026-08-08,밀도,밀도 강남점,폐기,유통기한초과(폐기),간식빵,101327,큐브소보로,1,3800,3800
2026-08-08,밀도,밀도 강남점,폐기,유통기한초과(폐기),샌드위치,103805,아이올리베이컨토마토샌드위치,3,8900,26700
2026-08-08,밀도,밀도 강남점,폐기,유통기한초과(폐기),샌드위치,103807,잠봉에멘탈크로와상샌드위치,1,7900,7900
2026-08-08,밀도,밀도 강남점,폐기,유통기한초과(폐기),식빵,102684,튼튼고양식빵,3,6900,20700
2026-08-08,밀도,밀도 강남점,폐기,유통기한초과(폐기),식빵,103814,얼룩 고양 식빵,4,7500,30000
2026-08-09,밀도,밀도 한티점,폐기,유통기한초과(폐기),간식빵,101957,초코허니러스크,2,5800,11600
2026-08-09,밀도,밀도 한티점,폐기,유통기한초과(폐기),간식빵,103704,크림치즈포테이토,1,4200,4200
2026-08-09,밀도,밀도 한티점,폐기,유통기한초과(폐기),간식빵,103828,상하소시지 갈릭러스크,4,5200,20800
2026-08-09,밀도,밀도 한티점,폐기,유통기한초과(폐기),페이스트리,103768,애플시나몬크림치즈데니쉬,1,4900,4900
2026-08-09,밀도,밀도 한티점,폐기,유통기한초과(폐기),페이스트리,103769,고창고구마데니쉬,2,4600,9200
2026-08-09,밀도,밀도 정자점,폐기,유통기한초과(폐기),간식빵,100625,큐브시나몬,1,3800,3800
2026-08-09,밀도,밀도 정자점,폐기,유통기한초과(폐기),식빵,102684,튼튼고양식빵,3,6900,20700
2026-08-09,밀도,밀도 정자점,폐기,유통기한초과(폐기),식빵,103814,얼룩 고양 식빵,3,7500,22500
2026-08-09,밀도,밀도 정자점,폐기,유통기한초과(폐기),스콘,101119,레몬스콘,4,3800,15200
2026-08-09,밀도,밀도 옥수점,폐기,유통기한초과(폐기),간식빵,101858,밀도단팥빵,2,3800,7600
2026-08-09,밀도,밀도 옥수점,폐기,유통기한초과(폐기),식빵,102338,통팥앙식빵,1,3900,3900
2026-08-09,밀도,밀도 옥수점,폐기,유통기한초과(폐기),식빵,102966,달밤식빵,1,8900,8900
2026-08-09,밀도,밀도 옥수점,폐기,유통기한초과(폐기),미니식빵,103663,밤완두바브카,1,7200,7200
2026-08-09,밀도,밀도 옥수점,폐기,유통기한초과(폐기),소금빵,102844,the부드러운소금빵,1,3600,3600
2026-08-09,밀도,밀도 알토점,폐기,유통기한초과(폐기),간식빵,101451,허니러스크,7,5200,36400
2026-08-09,밀도,밀도 알토점,폐기,유통기한초과(폐기),간식빵,101957,초코허니러스크,2,5800,11600
2026-08-09,밀도,밀도 알토점,폐기,유통기한초과(폐기),간식빵,103704,크림치즈포테이토,3,4200,12600
2026-08-09,밀도,밀도 알토점,폐기,유통기한초과(폐기),간식빵,103828,상하소시지 갈릭러스크,5,5200,26000
2026-08-09,밀도,밀도 알토점,폐기,유통기한초과(폐기),페이스트리,103769,고창고구마데니쉬,1,4600,4600
2026-08-09,밀도,밀도 알토점,폐기,유통기한초과(폐기),미니식빵,103663,밤완두바브카,1,7200,7200
2026-08-09,밀도,밀도 알토점,폐기,유통기한초과(폐기),스콘,101119,레몬스콘,3,3800,11400
2026-08-09,밀도,밀도 알토점,폐기,유통기한초과(폐기),스콘,102977,리코타사워크림스콘,4,4200,16800
2026-08-09,밀도,밀도 알토점,폐기,유통기한초과(폐기),소금빵,102844,the부드러운소금빵,5,3600,18000
2026-08-09,밀도,밀도 성수점,폐기,유통기한초과(폐기),디저트,103737,허쉬딥초코롤케이크(조각),2,6500,13000
2026-08-09,밀도,밀도 롯데평촌점,폐기,유통기한초과(폐기),간식빵,103704,크림치즈포테이토,12,4200,50400
2026-08-09,밀도,밀도 롯데평촌점,폐기,유통기한초과(폐기),샌드위치,103806,바질치폴레닭가슴살샌드위치,2,8900,17800
2026-08-09,밀도,밀도 롯데노원점,폐기,유통기한초과(폐기),간식빵,101327,큐브소보로,6,3800,22800
2026-08-09,밀도,밀도 롯데노원점,폐기,유통기한초과(폐기),간식빵,102976,앙버터허니러스크,1,6200,6200
2026-08-09,밀도,밀도 롯데노원점,폐기,유통기한초과(폐기),간식빵,103828,상하소시지 갈릭러스크,1,5200,5200
2026-08-09,밀도,밀도 롯데노원점,폐기,유통기한초과(폐기),디저트,103616,수제국산생크림롤케이크,1,6200,6200
2026-08-09,밀도,밀도 롯데노원점,폐기,유통기한초과(폐기),샌드위치,103027,블루베리잼 잠봉뵈르,1,8900,8900
2026-08-09,밀도,밀도 롯데노원점,폐기,유통기한초과(폐기),샌드위치,103286,에그마요 소금빵,2,5200,10400
2026-08-09,밀도,밀도 롯데노원점,폐기,유통기한초과(폐기),건강빵,102983,촉촉감자치아바타,1,4800,4800
2026-08-09,밀도,밀도 롯데노원점,폐기,유통기한초과(폐기),건강빵,103571,올리브치즈치아바타,4,5200,20800
2026-08-09,밀도,밀도 롯데노원점,폐기,유통기한초과(폐기),건강빵,103574,무화과오트통밀100,3,5500,16500
2026-08-09,밀도,밀도 롯데노원점,폐기,유통기한초과(폐기),소금빵,102778,앙버터소금빵,1,4800,4800
2026-08-09,밀도,밀도 뉴코아강남점,폐기,불량(폐기),건강빵,103575,단호박고구마통밀(whole),1,5500,5500
2026-08-09,밀도,밀도 뉴코아강남점,폐기,불량(폐기),EXTRA,103730,아메리카노 ICE,1,0,0
2026-08-09,밀도,밀도 뉴코아강남점,폐기,불량(폐기),세트,103364,(모닝)에그마요 아메리카노,1,7200,7200
2026-08-09,밀도,밀도 뉴코아강남점,폐기,불량(폐기),세트,103685,양송이스프추가,1,3000,3000
2026-08-09,밀도,밀도 뉴코아강남점,폐기,유통기한초과(폐기),간식빵,100625,큐브시나몬,1,3800,3800
2026-08-09,밀도,밀도 뉴코아강남점,폐기,유통기한초과(폐기),간식빵,103704,크림치즈포테이토,2,4200,8400
2026-08-09,밀도,밀도 뉴코아강남점,폐기,유통기한초과(폐기),간식빵,103828,상하소시지 갈릭러스크,4,5200,20800
2026-08-09,밀도,밀도 뉴코아강남점,폐기,유통기한초과(폐기),페이스트리,103769,고창고구마데니쉬,2,4600,9200
2026-08-09,밀도,밀도 뉴코아강남점,폐기,유통기한초과(폐기),샌드위치,103286,에그마요 소금빵,1,5200,5200
2026-08-09,밀도,밀도 뉴코아강남점,폐기,유통기한초과(폐기),샌드위치,103806,바질치폴레닭가슴살샌드위치,1,8900,8900
2026-08-09,밀도,밀도 뉴코아강남점,폐기,유통기한초과(폐기),식빵,103644,더잡곡식빵리뉴얼,1,12800,12800
2026-08-09,밀도,밀도 뉴코아강남점,폐기,유통기한초과(폐기),스콘,101119,레몬스콘,4,3800,15200
2026-08-09,밀도,밀도 광장점,폐기,유통기한초과(폐기),간식빵,101451,허니러스크,3,5200,15600
2026-08-09,밀도,밀도 광장점,폐기,유통기한초과(폐기),간식빵,101957,초코허니러스크,3,5800,17400
2026-08-09,밀도,밀도 광장점,폐기,유통기한초과(폐기),디저트,103737,허쉬딥초코롤케이크(조각),3,6500,19500
2026-08-09,밀도,밀도 광교점,폐기,유통기한초과(폐기),간식빵,101451,허니러스크,1,5200,5200
2026-08-09,밀도,밀도 광교점,폐기,유통기한초과(폐기),파운드,103832,솔티카라멜휘낭시에,2,3200,6400
2026-08-09,밀도,밀도 광교점,폐기,유통기한초과(폐기),쿠키 브라우니,103281,사르르 딸기 머랭,1,4200,4200
2026-08-09,밀도,밀도 광교점,폐기,유통기한초과(폐기),스콘,102977,리코타사워크림스콘,2,4200,8400
2026-08-09,밀도,밀도 고양점,폐기,유통기한초과(폐기),간식빵,101327,큐브소보로,2,3800,7600
2026-08-09,밀도,밀도 고양점,폐기,유통기한초과(폐기),간식빵,101451,허니러스크,2,5200,10400
2026-08-09,밀도,밀도 고양점,폐기,유통기한초과(폐기),간식빵,103704,크림치즈포테이토,5,4200,21000
2026-08-09,밀도,밀도 고양점,폐기,유통기한초과(폐기),간식빵,103766,누텔라로쉐큐브식빵,4,5200,20800
2026-08-09,밀도,밀도 고양점,폐기,유통기한초과(폐기),페이스트리,103768,애플시나몬크림치즈데니쉬,2,4900,9800
2026-08-09,밀도,밀도 고양점,폐기,유통기한초과(폐기),식빵,102684,튼튼고양식빵,8,6900,55200
2026-08-09,밀도,밀도 고양점,폐기,유통기한초과(폐기),미니식빵,103764,누텔라바브카,5,7800,39000
2026-08-09,밀도,밀도 고양점,폐기,유통기한초과(폐기),미니식빵,103827,촉촉연유브래드,2,6900,13800
2026-08-09,밀도,밀도 고양점,폐기,유통기한초과(폐기),건강빵,103575,단호박고구마통밀(whole),2,5500,11000
2026-08-09,밀도,밀도 고양점,폐기,유통기한초과(폐기),소금빵,102778,앙버터소금빵,7,4800,33600
2026-08-09,밀도,밀도 고양점,폐기,유통기한초과(폐기),소금빵,102844,the부드러운소금빵,9,3600,32400
2026-08-09,밀도,밀도 경기점,폐기,유통기한초과(폐기),간식빵,101451,허니러스크,1,5200,5200
2026-08-09,밀도,밀도 강남점,폐기,유통기한초과(폐기),간식빵,101858,밀도단팥빵,4,3800,15200
2026-08-09,밀도,밀도 강남점,폐기,유통기한초과(폐기),간식빵,103704,크림치즈포테이토,3,4200,12600
2026-08-09,밀도,밀도 강남점,폐기,유통기한초과(폐기),시그니처샌드,102272,땅콩크림샌드,5,5800,29000
2026-08-09,밀도,밀도 강남점,폐기,유통기한초과(폐기),샌드위치,103805,아이올리베이컨토마토샌드위치,1,8900,8900
2026-08-09,밀도,밀도 강남점,폐기,유통기한초과(폐기),식빵,102684,튼튼고양식빵,2,6900,13800
2026-08-09,밀도,밀도 강남점,폐기,유통기한초과(폐기),식빵,103814,얼룩 고양 식빵,5,7500,37500
2026-08-09,밀도,밀도 강남점,폐기,유통기한초과(폐기),미니식빵,103663,밤완두바브카,2,7200,14400
2026-08-09,밀도,밀도 강남점,폐기,유통기한초과(폐기),미니식빵,103827,촉촉연유브래드,1,6900,6900
2026-08-10,밀도,밀도 한티점,폐기,유통기한초과(폐기),간식빵,100625,큐브시나몬,2,3800,7600
2026-08-10,밀도,밀도 한티점,폐기,유통기한초과(폐기),간식빵,101858,밀도단팥빵,2,3800,7600
2026-08-10,밀도,밀도 한티점,폐기,유통기한초과(폐기),간식빵,103828,상하소시지 갈릭러스크,3,5200,15600
2026-08-10,밀도,밀도 한티점,폐기,유통기한초과(폐기),페이스트리,103769,고창고구마데니쉬,2,4600,9200
2026-08-10,밀도,밀도 정자점,폐기,유통기한초과(폐기),간식빵,100625,큐브시나몬,2,3800,7600
2026-08-10,밀도,밀도 정자점,폐기,유통기한초과(폐기),간식빵,101957,초코허니러스크,1,5800,5800
2026-08-10,밀도,밀도 정자점,폐기,유통기한초과(폐기),식빵,103814,얼룩 고양 식빵,1,7500,7500
2026-08-10,밀도,밀도 정자점,폐기,유통기한초과(폐기),미니식빵,103824,리치 모카빵,1,6900,6900
2026-08-10,밀도,밀도 정자점,폐기,유통기한초과(폐기),스콘,101119,레몬스콘,0,3800,0
2026-08-10,밀도,밀도 잠실점,폐기,유통기한초과(폐기),간식빵,103704,크림치즈포테이토,8,4200,33600
2026-08-10,밀도,밀도 잠실점,폐기,유통기한초과(폐기),페이스트리,103768,애플시나몬크림치즈데니쉬,2,4900,9800
2026-08-10,밀도,밀도 잠실점,폐기,유통기한초과(폐기),샌드위치,103805,아이올리베이컨토마토샌드위치,3,8900,26700
2026-08-10,밀도,밀도 옥수점,폐기,유통기한초과(폐기),식빵,103814,얼룩 고양 식빵,2,7500,15000
2026-08-10,밀도,밀도 옥수점,폐기,유통기한초과(폐기),소금빵,102778,앙버터소금빵,2,4800,9600
2026-08-10,밀도,밀도 옥수점,폐기,유통기한초과(폐기),소금빵,102844,the부드러운소금빵,3,3600,10800
2026-08-10,밀도,밀도 압구정현대점,폐기,유통기한초과(폐기),간식빵,100625,큐브시나몬,1,3800,3800
2026-08-10,밀도,밀도 압구정현대점,폐기,유통기한초과(폐기),간식빵,101327,큐브소보로,1,3800,3800
2026-08-10,밀도,밀도 압구정현대점,폐기,유통기한초과(폐기),간식빵,101451,허니러스크,5,5200,26000
2026-08-10,밀도,밀도 압구정현대점,폐기,유통기한초과(폐기),간식빵,101858,밀도단팥빵,3,3800,11400
2026-08-10,밀도,밀도 압구정현대점,폐기,유통기한초과(폐기),간식빵,101957,초코허니러스크,3,5800,17400
2026-08-10,밀도,밀도 압구정현대점,폐기,유통기한초과(폐기),간식빵,102587,밀도맘모스,1,6200,6200
2026-08-10,밀도,밀도 압구정현대점,폐기,유통기한초과(폐기),소금빵,102778,앙버터소금빵,5,4800,24000
2026-08-10,밀도,밀도 알토점,폐기,유통기한초과(폐기),간식빵,100010,큐브커스터드,1,4700,4700
2026-08-10,밀도,밀도 알토점,폐기,유통기한초과(폐기),간식빵,101451,허니러스크,1,5200,5200
2026-08-10,밀도,밀도 알토점,폐기,유통기한초과(폐기),간식빵,103704,크림치즈포테이토,1,4200,4200
2026-08-10,밀도,밀도 알토점,폐기,유통기한초과(폐기),간식빵,103766,누텔라로쉐큐브식빵,6,5200,31200
2026-08-10,밀도,밀도 성수점,폐기,유통기한초과(폐기),간식빵,100625,큐브시나몬,4,3800,15200
2026-08-10,밀도,밀도 성수점,폐기,유통기한초과(폐기),간식빵,101327,큐브소보로,5,3800,19000
2026-08-10,밀도,밀도 성수점,폐기,유통기한초과(폐기),샌드위치,103286,에그마요 소금빵,1,5200,5200
2026-08-10,밀도,밀도 성수점,폐기,유통기한초과(폐기),샌드위치,103807,잠봉에멘탈크로와상샌드위치,2,7900,15800
2026-08-10,밀도,밀도 성수점,폐기,유통기한초과(폐기),미니식빵,103395,게랑드소금식빵,2,7200,14400
2026-08-10,밀도,밀도 성수점,폐기,유통기한초과(폐기),건강빵,102983,촉촉감자치아바타,2,4800,9600
2026-08-10,밀도,밀도 성수점,폐기,유통기한초과(폐기),소금빵,102778,앙버터소금빵,2,4800,9600
2026-08-10,밀도,밀도 성수점,폐기,유통기한초과(폐기),소금빵,102844,the부드러운소금빵,4,3600,14400
2026-08-10,밀도,밀도 롯데평촌점,폐기,유통기한초과(폐기),간식빵,102587,밀도맘모스,5,6200,31000
2026-08-10,밀도,밀도 롯데평촌점,폐기,유통기한초과(폐기),페이스트리,103768,애플시나몬크림치즈데니쉬,21,4900,102900
2026-08-10,밀도,밀도 롯데평촌점,폐기,유통기한초과(폐기),샌드위치,103807,잠봉에멘탈크로와상샌드위치,1,7900,7900
2026-08-10,밀도,밀도 롯데노원점,폐기,유통기한초과(폐기),간식빵,101327,큐브소보로,4,3800,15200
2026-08-10,밀도,밀도 롯데노원점,폐기,유통기한초과(폐기),간식빵,101451,허니러스크,2,5200,10400
2026-08-10,밀도,밀도 롯데노원점,폐기,유통기한초과(폐기),간식빵,102587,밀도맘모스,1,6200,6200
2026-08-10,밀도,밀도 롯데노원점,폐기,유통기한초과(폐기),간식빵,103766,누텔라로쉐큐브식빵,5,5200,26000
2026-08-10,밀도,밀도 롯데노원점,폐기,유통기한초과(폐기),샌드위치,103027,블루베리잼 잠봉뵈르,1,8900,8900
2026-08-10,밀도,밀도 롯데노원점,폐기,유통기한초과(폐기),샌드위치,103286,에그마요 소금빵,1,5200,5200
2026-08-10,밀도,밀도 롯데노원점,폐기,유통기한초과(폐기),샌드위치,103807,잠봉에멘탈크로와상샌드위치,2,7900,15800
2026-08-10,밀도,밀도 롯데노원점,폐기,유통기한초과(폐기),식빵,102684,튼튼고양식빵,4,6900,27600
2026-08-10,밀도,밀도 롯데노원점,폐기,유통기한초과(폐기),식빵,102966,달밤식빵,4,8900,35600
2026-08-10,밀도,밀도 롯데노원점,폐기,유통기한초과(폐기),식빵,103814,얼룩 고양 식빵,2,7500,15000
2026-08-10,밀도,밀도 뉴코아강남점,폐기,유통기한초과(폐기),간식빵,102976,앙버터허니러스크,1,6200,6200
2026-08-10,밀도,밀도 뉴코아강남점,폐기,유통기한초과(폐기),건강빵,102993,프룻로데브,4,7800,31200
2026-08-10,밀도,밀도 광장점,폐기,유통기한초과(폐기),간식빵,100010,큐브커스터드,1,4700,4700
2026-08-10,밀도,밀도 광장점,폐기,유통기한초과(폐기),디저트,103737,허쉬딥초코롤케이크(조각),1,6500,6500
2026-08-10,밀도,밀도 광장점,폐기,유통기한초과(폐기),시그니처샌드,102272,땅콩크림샌드,6,5800,34800
2026-08-10,밀도,밀도 광교점,폐기,유통기한초과(폐기),페이스트리,103769,고창고구마데니쉬,1,4600,4600
2026-08-10,밀도,밀도 광교점,폐기,유통기한초과(폐기),파운드,102608,바나나파운드(23년),2,5600,11200
2026-08-10,밀도,밀도 광교점,폐기,유통기한초과(폐기),파운드,103040,무화과휘낭시에,1,3200,3200
2026-08-10,밀도,밀도 광교점,폐기,유통기한초과(폐기),파운드,103832,솔티카라멜휘낭시에,3,3200,9600
2026-08-10,밀도,밀도 광교점,폐기,유통기한초과(폐기),파운드,103834,피스타치오휘낭시에리뉴얼,2,3200,6400
2026-08-10,밀도,밀도 광교점,폐기,유통기한초과(폐기),스콘,101119,레몬스콘,1,3800,3800
2026-08-10,밀도,밀도 광교점,폐기,유통기한초과(폐기),스콘,102977,리코타사워크림스콘,1,4200,4200
2026-08-10,밀도,밀도 광교점,폐기,유통기한초과(폐기),소금빵,102778,앙버터소금빵,1,4800,4800
2026-08-10,밀도,밀도 고양점,폐기,유통기한초과(폐기),간식빵,101327,큐브소보로,2,3800,7600
2026-08-10,밀도,밀도 고양점,폐기,유통기한초과(폐기),간식빵,103766,누텔라로쉐큐브식빵,2,5200,10400
2026-08-10,밀도,밀도 고양점,폐기,유통기한초과(폐기),샌드위치,103286,에그마요 소금빵,3,5200,15600
2026-08-10,밀도,밀도 고양점,폐기,유통기한초과(폐기),샌드위치,103807,잠봉에멘탈크로와상샌드위치,2,7900,15800
2026-08-10,밀도,밀도 고양점,폐기,유통기한초과(폐기),미니식빵,103764,누텔라바브카,2,7800,15600
2026-08-10,밀도,밀도 경기점,폐기,유통기한초과(폐기),간식빵,101451,허니러스크,1,5200,5200
2026-08-10,밀도,밀도 경기점,폐기,유통기한초과(폐기),간식빵,102587,밀도맘모스,2,6200,12400
2026-08-10,밀도,밀도 경기점,폐기,유통기한초과(폐기),스콘,101119,레몬스콘,1,3800,3800
2026-08-10,밀도,밀도 경기점,폐기,유통기한초과(폐기),스콘,102977,리코타사워크림스콘,3,4200,12600
2026-08-10,밀도,밀도 경기점,폐기,유통기한초과(폐기),소금빵,102778,앙버터소금빵,1,4800,4800
2026-08-10,밀도,밀도 강남점,폐기,유통기한초과(폐기),간식빵,100625,큐브시나몬,2,3800,7600
2026-08-10,밀도,밀도 강남점,폐기,유통기한초과(폐기),간식빵,101327,큐브소보로,2,3800,7600
2026-08-10,밀도,밀도 강남점,폐기,유통기한초과(폐기),간식빵,101451,허니러스크,1,5200,5200
2026-08-10,밀도,밀도 강남점,폐기,유통기한초과(폐기),간식빵,101858,밀도단팥빵,2,3800,7600
2026-08-10,밀도,밀도 강남점,폐기,유통기한초과(폐기),식빵,103814,얼룩 고양 식빵,1,7500,7500
2026-08-11,밀도,밀도 한티점,폐기,유통기한초과(폐기),간식빵,102587,밀도맘모스,1,6200,6200
2026-08-11,밀도,밀도 한티점,폐기,유통기한초과(폐기),미니식빵,103663,밤완두바브카,1,7200,7200
2026-08-11,밀도,밀도 한티점,폐기,유통기한초과(폐기),스콘,101119,레몬스콘,1,3800,3800
2026-08-11,밀도,밀도 정자점,폐기,유통기한초과(폐기),파운드,103833,아몬드초코휘낭시에리뉴얼,3,3200,9600
2026-08-11,밀도,밀도 정자점,폐기,유통기한초과(폐기),카스텔라,102866,에그촉촉 카스텔라,2,13000,26000
2026-08-11,밀도,밀도 정자점,폐기,유통기한초과(폐기),식빵,103814,얼룩 고양 식빵,4,7500,30000
2026-08-11,밀도,밀도 정자점,폐기,유통기한초과(폐기),스콘,101119,레몬스콘,5,3800,19000
2026-08-11,밀도,밀도 압구정현대점,폐기,유통기한초과(폐기),간식빵,101327,큐브소보로,1,3800,3800
2026-08-11,밀도,밀도 압구정현대점,폐기,유통기한초과(폐기),간식빵,101451,허니러스크,2,5200,10400
2026-08-11,밀도,밀도 압구정현대점,폐기,유통기한초과(폐기),간식빵,101858,밀도단팥빵,1,3800,3800
2026-08-11,밀도,밀도 압구정현대점,폐기,유통기한초과(폐기),페이스트리,103768,애플시나몬크림치즈데니쉬,1,4900,4900
2026-08-11,밀도,밀도 알토점,폐기,유통기한초과(폐기),간식빵,100010,큐브커스터드,2,4700,9400
2026-08-11,밀도,밀도 알토점,폐기,유통기한초과(폐기),간식빵,100625,큐브시나몬,1,3800,3800
2026-08-11,밀도,밀도 알토점,폐기,유통기한초과(폐기),간식빵,101451,허니러스크,8,5200,41600
2026-08-11,밀도,밀도 알토점,폐기,유통기한초과(폐기),간식빵,101858,밀도단팥빵,5,3800,19000
2026-08-11,밀도,밀도 알토점,폐기,유통기한초과(폐기),간식빵,101957,초코허니러스크,7,5800,40600
2026-08-11,밀도,밀도 알토점,폐기,유통기한초과(폐기),간식빵,103766,누텔라로쉐큐브식빵,3,5200,15600
2026-08-11,밀도,밀도 알토점,폐기,유통기한초과(폐기),스콘,101119,레몬스콘,2,3800,7600
2026-08-11,밀도,밀도 알토점,폐기,유통기한초과(폐기),소금빵,102778,앙버터소금빵,1,4800,4800
2026-08-11,밀도,밀도 성수점,폐기,유통기한초과(폐기),간식빵,100625,큐브시나몬,4,3800,15200
2026-08-11,밀도,밀도 성수점,폐기,유통기한초과(폐기),간식빵,101327,큐브소보로,5,3800,19000
2026-08-11,밀도,밀도 성수점,폐기,유통기한초과(폐기),간식빵,101451,허니러스크,1,5200,5200
2026-08-11,밀도,밀도 성수점,폐기,유통기한초과(폐기),간식빵,103766,누텔라로쉐큐브식빵,2,5200,10400
2026-08-11,밀도,밀도 성수점,폐기,유통기한초과(폐기),페이스트리,103768,애플시나몬크림치즈데니쉬,3,4900,14700
2026-08-11,밀도,밀도 성수점,폐기,유통기한초과(폐기),샌드위치,103286,에그마요 소금빵,3,5200,15600
2026-08-11,밀도,밀도 성수점,폐기,유통기한초과(폐기),스콘,102977,리코타사워크림스콘,1,4200,4200
2026-08-11,밀도,밀도 롯데평촌점,폐기,유통기한초과(폐기),간식빵,100010,큐브커스터드,5,4700,23500
2026-08-11,밀도,밀도 롯데평촌점,폐기,유통기한초과(폐기),간식빵,102587,밀도맘모스,13,6200,80600
2026-08-11,밀도,밀도 롯데평촌점,폐기,유통기한초과(폐기),페이스트리,103769,고창고구마데니쉬,21,4600,96600
2026-08-11,밀도,밀도 롯데평촌점,폐기,유통기한초과(폐기),디저트,103737,허쉬딥초코롤케이크(조각),2,6500,13000
2026-08-11,밀도,밀도 롯데노원점,폐기,유통기한초과(폐기),간식빵,100010,큐브커스터드,1,4700,4700
2026-08-11,밀도,밀도 롯데노원점,폐기,유통기한초과(폐기),간식빵,101327,큐브소보로,1,3800,3800
2026-08-11,밀도,밀도 롯데노원점,폐기,유통기한초과(폐기),간식빵,101451,허니러스크,5,5200,26000
2026-08-11,밀도,밀도 롯데노원점,폐기,유통기한초과(폐기),간식빵,101957,초코허니러스크,1,5800,5800
2026-08-11,밀도,밀도 롯데노원점,폐기,유통기한초과(폐기),간식빵,102587,밀도맘모스,2,6200,12400
2026-08-11,밀도,밀도 롯데노원점,폐기,유통기한초과(폐기),간식빵,102976,앙버터허니러스크,1,6200,6200
2026-08-11,밀도,밀도 롯데노원점,폐기,유통기한초과(폐기),간식빵,103766,누텔라로쉐큐브식빵,4,5200,20800
2026-08-11,밀도,밀도 롯데노원점,폐기,유통기한초과(폐기),샌드위치,103027,블루베리잼 잠봉뵈르,4,8900,35600
2026-08-11,밀도,밀도 롯데노원점,폐기,유통기한초과(폐기),샌드위치,103805,아이올리베이컨토마토샌드위치,1,8900,8900
2026-08-11,밀도,밀도 롯데노원점,폐기,유통기한초과(폐기),샌드위치,103806,바질치폴레닭가슴살샌드위치,2,8900,17800
2026-08-11,밀도,밀도 롯데노원점,폐기,유통기한초과(폐기),샌드위치,103807,잠봉에멘탈크로와상샌드위치,3,7900,23700
2026-08-11,밀도,밀도 롯데노원점,폐기,유통기한초과(폐기),식빵,102684,튼튼고양식빵,2,6900,13800
2026-08-11,밀도,밀도 롯데노원점,폐기,유통기한초과(폐기),식빵,102966,달밤식빵,7,8900,62300
2026-08-11,밀도,밀도 롯데노원점,폐기,유통기한초과(폐기),건강빵,103578,불고기포카치아,2,5500,11000
2026-08-11,밀도,밀도 롯데노원점,폐기,유통기한초과(폐기),건강빵,103622,마르게리따포카치아,2,5500,11000
2026-08-11,밀도,밀도 롯데노원점,폐기,유통기한초과(폐기),소금빵,102778,앙버터소금빵,3,4800,14400
2026-08-11,밀도,밀도 롯데노원점,폐기,유통기한초과(폐기),소금빵,102844,the부드러운소금빵,7,3600,25200
2026-08-11,밀도,밀도 뉴코아강남점,폐기,유통기한초과(폐기),간식빵,100010,큐브커스터드,2,4700,9400
2026-08-11,밀도,밀도 뉴코아강남점,폐기,유통기한초과(폐기),간식빵,101451,허니러스크,1,5200,5200
2026-08-11,밀도,밀도 뉴코아강남점,폐기,유통기한초과(폐기),시그니처샌드,102272,땅콩크림샌드,1,5800,5800
2026-08-11,밀도,밀도 뉴코아강남점,폐기,유통기한초과(폐기),샌드위치,103286,에그마요 소금빵,1,5200,5200
2026-08-11,밀도,밀도 뉴코아강남점,폐기,유통기한초과(폐기),건강빵,102991,곡물가득로데브,4,8000,32000
2026-08-11,밀도,밀도 뉴코아강남점,폐기,유통기한초과(폐기),건강빵,102993,프룻로데브,3,7800,23400
2026-08-11,밀도,밀도 뉴코아강남점,폐기,유통기한초과(폐기),소금빵,102778,앙버터소금빵,1,4800,4800
2026-08-11,밀도,밀도 광장점,폐기,유통기한초과(폐기),간식빵,101957,초코허니러스크,2,5800,11600
2026-08-11,밀도,밀도 광장점,폐기,유통기한초과(폐기),시그니처샌드,102272,땅콩크림샌드,2,5800,11600
2026-08-11,밀도,밀도 광교점,폐기,유통기한초과(폐기),식빵,102684,튼튼고양식빵,3,6900,20700
2026-08-11,밀도,밀도 광교점,폐기,유통기한초과(폐기),식빵,103814,얼룩 고양 식빵,5,7500,37500
2026-08-11,밀도,밀도 광교점,폐기,유통기한초과(폐기),소금빵,102844,the부드러운소금빵,2,3600,7200
2026-08-11,밀도,밀도 고양점,폐기,유통기한초과(폐기),간식빵,100625,큐브시나몬,3,3800,11400
2026-08-11,밀도,밀도 고양점,폐기,유통기한초과(폐기),간식빵,101451,허니러스크,1,5200,5200
2026-08-11,밀도,밀도 고양점,폐기,유통기한초과(폐기),간식빵,101957,초코허니러스크,2,5800,11600
2026-08-11,밀도,밀도 고양점,폐기,유통기한초과(폐기),간식빵,103704,크림치즈포테이토,1,4200,4200
2026-08-11,밀도,밀도 고양점,폐기,유통기한초과(폐기),간식빵,103766,누텔라로쉐큐브식빵,5,5200,26000
2026-08-11,밀도,밀도 고양점,폐기,유통기한초과(폐기),페이스트리,103769,고창고구마데니쉬,3,4600,13800
2026-08-11,밀도,밀도 고양점,폐기,유통기한초과(폐기),미니식빵,103663,밤완두바브카,3,7200,21600
2026-08-11,밀도,밀도 고양점,폐기,유통기한초과(폐기),건강빵,103575,단호박고구마통밀(whole),3,5500,16500
2026-08-11,밀도,밀도 고양점,폐기,유통기한초과(폐기),스콘,102977,리코타사워크림스콘,3,4200,12600
2026-08-11,밀도,밀도 경기점,폐기,유통기한초과(폐기),간식빵,101451,허니러스크,2,5200,10400
2026-08-11,밀도,밀도 경기점,폐기,유통기한초과(폐기),식빵,103814,얼룩 고양 식빵,1,7500,7500
2026-08-12,밀도,밀도 한티점,폐기,유통기한초과(폐기),간식빵,103704,크림치즈포테이토,2,4200,8400
2026-08-12,밀도,밀도 한티점,폐기,유통기한초과(폐기),식빵,102338,통팥앙식빵,3,3900,11700
2026-08-12,밀도,밀도 한티점,폐기,유통기한초과(폐기),식빵,102966,달밤식빵,3,8900,26700
2026-08-12,밀도,밀도 한티점,폐기,유통기한초과(폐기),모닝롤,103773,모닝롤(6ea),1,5200,5200
2026-08-12,밀도,밀도 정자점,폐기,유통기한초과(폐기),간식빵,101327,큐브소보로,3,3800,11400
2026-08-12,밀도,밀도 정자점,폐기,유통기한초과(폐기),간식빵,102587,밀도맘모스,5,6200,31000
2026-08-12,밀도,밀도 정자점,폐기,유통기한초과(폐기),식빵,103814,얼룩 고양 식빵,1,7500,7500
2026-08-12,밀도,밀도 정자점,폐기,유통기한초과(폐기),스콘,101119,레몬스콘,1,3800,3800
2026-08-12,밀도,밀도 잠실점,폐기,유통기한초과(폐기),간식빵,102975,석촌호수맘모스,5,6200,31000
2026-08-12,밀도,밀도 잠실점,폐기,유통기한초과(폐기),페이스트리,103769,고창고구마데니쉬,8,4600,36800
2026-08-12,밀도,밀도 옥수점,폐기,유통기한초과(폐기),소금빵,102844,the부드러운소금빵,15,3600,54000
2026-08-12,밀도,밀도 알토점,폐기,유통기한초과(폐기),간식빵,101957,초코허니러스크,6,5800,34800
2026-08-12,밀도,밀도 알토점,폐기,유통기한초과(폐기),소금빵,102778,앙버터소금빵,1,4800,4800
2026-08-12,밀도,밀도 성수점,폐기,유통기한초과(폐기),간식빵,100625,큐브시나몬,4,3800,15200
2026-08-12,밀도,밀도 성수점,폐기,유통기한초과(폐기),간식빵,101327,큐브소보로,5,3800,19000
2026-08-12,밀도,밀도 성수점,폐기,유통기한초과(폐기),간식빵,101957,초코허니러스크,2,5800,11600
2026-08-12,밀도,밀도 성수점,폐기,유통기한초과(폐기),간식빵,102587,밀도맘모스,1,6200,6200
2026-08-12,밀도,밀도 성수점,폐기,유통기한초과(폐기),샌드위치,103027,블루베리잼 잠봉뵈르,1,8900,8900
2026-08-12,밀도,밀도 성수점,폐기,유통기한초과(폐기),식빵,102966,달밤식빵,1,8900,8900
2026-08-12,밀도,밀도 성수점,폐기,유통기한초과(폐기),모닝롤,102683,모닝롤,1,3800,3800
2026-08-12,밀도,밀도 성수점,폐기,유통기한초과(폐기),소금빵,102778,앙버터소금빵,4,4800,19200
2026-08-12,밀도,밀도 성수점,폐기,유통기한초과(폐기),소금빵,102844,the부드러운소금빵,6,3600,21600
2026-08-12,밀도,밀도 롯데평촌점,폐기,유통기한초과(폐기),간식빵,103704,크림치즈포테이토,16,4200,67200
2026-08-12,밀도,밀도 롯데평촌점,폐기,유통기한초과(폐기),파운드,102607,레몬파운드,9,5600,50400
2026-08-12,밀도,밀도 롯데평촌점,폐기,유통기한초과(폐기),디저트,103616,수제국산생크림롤케이크,2,6200,12400
2026-08-12,밀도,밀도 롯데평촌점,폐기,유통기한초과(폐기),디저트,103737,허쉬딥초코롤케이크(조각),12,6500,78000
2026-08-12,밀도,밀도 롯데평촌점,폐기,유통기한초과(폐기),샌드위치,103807,잠봉에멘탈크로와상샌드위치,1,7900,7900
2026-08-12,밀도,밀도 롯데평촌점,폐기,유통기한초과(폐기),건강빵,102983,촉촉감자치아바타,4,4800,19200
2026-08-12,밀도,밀도 롯데노원점,폐기,파손(폐기),간식빵,101327,큐브소보로,1,3800,3800
2026-08-12,밀도,밀도 롯데노원점,폐기,파손(폐기),스콘,101119,레몬스콘,1,3800,3800
2026-08-12,밀도,밀도 롯데노원점,폐기,유통기한초과(폐기),간식빵,101451,허니러스크,11,5200,57200
2026-08-12,밀도,밀도 롯데노원점,폐기,유통기한초과(폐기),간식빵,101858,밀도단팥빵,1,3800,3800
2026-08-12,밀도,밀도 롯데노원점,폐기,유통기한초과(폐기),간식빵,103704,크림치즈포테이토,2,4200,8400
2026-08-12,밀도,밀도 롯데노원점,폐기,유통기한초과(폐기),간식빵,103766,누텔라로쉐큐브식빵,6,5200,31200
2026-08-12,밀도,밀도 롯데노원점,폐기,유통기한초과(폐기),샌드위치,103027,블루베리잼 잠봉뵈르,1,8900,8900
2026-08-12,밀도,밀도 롯데노원점,폐기,유통기한초과(폐기),샌드위치,103286,에그마요 소금빵,1,5200,5200
2026-08-12,밀도,밀도 롯데노원점,폐기,유통기한초과(폐기),샌드위치,103807,잠봉에멘탈크로와상샌드위치,4,7900,31600
2026-08-12,밀도,밀도 롯데노원점,폐기,유통기한초과(폐기),식빵,102966,달밤식빵,7,8900,62300
2026-08-12,밀도,밀도 롯데노원점,폐기,유통기한초과(폐기),미니식빵,103764,누텔라바브카,2,7800,15600
2026-08-12,밀도,밀도 롯데노원점,폐기,유통기한초과(폐기),건강빵,103575,단호박고구마통밀(whole),2,5500,11000
2026-08-12,밀도,밀도 롯데노원점,폐기,유통기한초과(폐기),건강빵,103622,마르게리따포카치아,1,5500,5500
2026-08-12,밀도,밀도 롯데노원점,폐기,유통기한초과(폐기),스콘,101119,레몬스콘,2,3800,7600
2026-08-12,밀도,밀도 롯데노원점,폐기,유통기한초과(폐기),소금빵,102844,the부드러운소금빵,5,3600,18000
2026-08-12,밀도,밀도 뉴코아강남점,폐기,유통기한초과(폐기),간식빵,101451,허니러스크,1,5200,5200
2026-08-12,밀도,밀도 뉴코아강남점,폐기,유통기한초과(폐기),페이스트리,103769,고창고구마데니쉬,1,4600,4600
2026-08-12,밀도,밀도 뉴코아강남점,폐기,유통기한초과(폐기),건강빵,102991,곡물가득로데브,1,8000,8000
2026-08-12,밀도,밀도 뉴코아강남점,폐기,유통기한초과(폐기),모닝롤,102683,모닝롤,2,3800,7600
2026-08-12,밀도,밀도 뉴코아강남점,폐기,유통기한초과(폐기),소금빵,102844,the부드러운소금빵,1,3600,3600
2026-08-12,밀도,밀도 광장점,폐기,유통기한초과(폐기),간식빵,100010,큐브커스터드,3,4700,14100
2026-08-12,밀도,밀도 광장점,폐기,유통기한초과(폐기),간식빵,100625,큐브시나몬,1,3800,3800
2026-08-12,밀도,밀도 광장점,폐기,유통기한초과(폐기),간식빵,101327,큐브소보로,2,3800,7600
2026-08-12,밀도,밀도 광장점,폐기,유통기한초과(폐기),시그니처샌드,102272,땅콩크림샌드,4,5800,23200
2026-08-12,밀도,밀도 광장점,폐기,유통기한초과(폐기),스콘,102977,리코타사워크림스콘,4,4200,16800
2026-08-12,밀도,밀도 광교점,폐기,유통기한초과(폐기),파운드,102608,바나나파운드(23년),1,5600,5600
2026-08-12,밀도,밀도 광교점,폐기,유통기한초과(폐기),스콘,101119,레몬스콘,2,3800,7600
2026-08-12,밀도,밀도 광교점,폐기,유통기한초과(폐기),스콘,102977,리코타사워크림스콘,3,4200,12600
2026-08-12,밀도,밀도 고양점,폐기,유통기한초과(폐기),간식빵,103766,누텔라로쉐큐브식빵,2,5200,10400
2026-08-12,밀도,밀도 고양점,폐기,유통기한초과(폐기),시그니처샌드,102272,땅콩크림샌드,5,5800,29000
2026-08-12,밀도,밀도 경기점,폐기,유통기한초과(폐기),간식빵,101327,큐브소보로,2,3800,7600
2026-08-12,밀도,밀도 경기점,폐기,유통기한초과(폐기),스콘,101119,레몬스콘,2,3800,7600
2026-08-12,밀도,밀도 강남점,폐기,유통기한초과(폐기),샌드위치,103807,잠봉에멘탈크로와상샌드위치,1,7900,7900
2026-08-12,밀도,밀도 강남점,폐기,유통기한초과(폐기),식빵,103814,얼룩 고양 식빵,2,7500,15000
2026-08-13,밀도,밀도 정자점,폐기,유통기한초과(폐기),간식빵,101327,큐브소보로,1,3800,3800
2026-08-13,밀도,밀도 정자점,폐기,유통기한초과(폐기),식빵,102338,통팥앙식빵,4,3900,15600
2026-08-13,밀도,밀도 정자점,폐기,유통기한초과(폐기),식빵,103814,얼룩 고양 식빵,2,7500,15000
2026-08-13,밀도,밀도 정자점,폐기,유통기한초과(폐기),스콘,101119,레몬스콘,1,3800,3800
2026-08-13,밀도,밀도 압구정현대점,폐기,유통기한초과(폐기),간식빵,101451,허니러스크,3,5200,15600
2026-08-13,밀도,밀도 압구정현대점,폐기,유통기한초과(폐기),간식빵,101957,초코허니러스크,3,5800,17400
2026-08-13,밀도,밀도 압구정현대점,폐기,유통기한초과(폐기),식빵,102684,튼튼고양식빵,1,6900,6900
2026-08-13,밀도,밀도 압구정현대점,폐기,유통기한초과(폐기),미니식빵,103764,누텔라바브카,1,7800,7800
2026-08-13,밀도,밀도 알토점,폐기,불량(폐기),식빵,102338,통팥앙식빵,1,3900,3900
2026-08-13,밀도,밀도 알토점,폐기,유통기한초과(폐기),스콘,101119,레몬스콘,1,3800,3800
2026-08-13,밀도,밀도 성수점,폐기,유통기한초과(폐기),간식빵,103766,누텔라로쉐큐브식빵,1,5200,5200
2026-08-13,밀도,밀도 성수점,폐기,유통기한초과(폐기),샌드위치,103807,잠봉에멘탈크로와상샌드위치,1,7900,7900
2026-08-13,밀도,밀도 롯데평촌점,폐기,유통기한초과(폐기),간식빵,101327,큐브소보로,5,3800,19000
2026-08-13,밀도,밀도 롯데평촌점,폐기,유통기한초과(폐기),간식빵,101957,초코허니러스크,2,5800,11600
2026-08-13,밀도,밀도 롯데평촌점,폐기,유통기한초과(폐기),간식빵,102587,밀도맘모스,1,6200,6200
2026-08-13,밀도,밀도 롯데평촌점,폐기,유통기한초과(폐기),식빵,102335,호밀잡곡식빵,8,6500,52000
2026-08-13,밀도,밀도 롯데평촌점,폐기,유통기한초과(폐기),미니식빵,103764,누텔라바브카,3,7800,23400
2026-08-13,밀도,밀도 롯데평촌점,폐기,유통기한초과(폐기),건강빵,102983,촉촉감자치아바타,32,4800,153600
2026-08-13,밀도,밀도 롯데노원점,폐기,유통기한초과(폐기),간식빵,101451,허니러스크,3,5200,15600
2026-08-13,밀도,밀도 롯데노원점,폐기,유통기한초과(폐기),간식빵,103704,크림치즈포테이토,1,4200,4200
2026-08-13,밀도,밀도 롯데노원점,폐기,유통기한초과(폐기),간식빵,103766,누텔라로쉐큐브식빵,4,5200,20800
2026-08-13,밀도,밀도 롯데노원점,폐기,유통기한초과(폐기),디저트,103569,상하초콜릿푸딩,3,5500,16500
2026-08-13,밀도,밀도 롯데노원점,폐기,유통기한초과(폐기),디저트,103616,수제국산생크림롤케이크,1,6200,6200
2026-08-13,밀도,밀도 롯데노원점,폐기,유통기한초과(폐기),샌드위치,103807,잠봉에멘탈크로와상샌드위치,3,7900,23700
2026-08-13,밀도,밀도 롯데노원점,폐기,유통기한초과(폐기),건강빵,102983,촉촉감자치아바타,1,4800,4800
2026-08-13,밀도,밀도 롯데노원점,폐기,유통기한초과(폐기),건강빵,103571,올리브치즈치아바타,1,5200,5200
2026-08-13,밀도,밀도 롯데노원점,폐기,유통기한초과(폐기),건강빵,103574,무화과오트통밀100,1,5500,5500
2026-08-13,밀도,밀도 롯데노원점,폐기,유통기한초과(폐기),건강빵,103622,마르게리따포카치아,2,5500,11000
2026-08-13,밀도,밀도 롯데노원점,폐기,유통기한초과(폐기),모닝롤,102683,모닝롤,1,3800,3800
2026-08-13,밀도,밀도 롯데노원점,폐기,유통기한초과(폐기),스콘,101119,레몬스콘,1,3800,3800
2026-08-13,밀도,밀도 뉴코아강남점,폐기,유통기한초과(폐기),간식빵,100010,큐브커스터드,3,4700,14100
2026-08-13,밀도,밀도 뉴코아강남점,폐기,유통기한초과(폐기),간식빵,101327,큐브소보로,1,3800,3800
2026-08-13,밀도,밀도 뉴코아강남점,폐기,유통기한초과(폐기),페이스트리,103769,고창고구마데니쉬,4,4600,18400
2026-08-13,밀도,밀도 뉴코아강남점,폐기,유통기한초과(폐기),시그니처샌드,102272,땅콩크림샌드,1,5800,5800
2026-08-13,밀도,밀도 뉴코아강남점,폐기,유통기한초과(폐기),샌드위치,103286,에그마요 소금빵,4,5200,20800
2026-08-13,밀도,밀도 뉴코아강남점,폐기,유통기한초과(폐기),샌드위치,103807,잠봉에멘탈크로와상샌드위치,2,7900,15800
2026-08-13,밀도,밀도 뉴코아강남점,폐기,유통기한초과(폐기),건강빵,102992,플레인로데브,1,7800,7800
2026-08-13,밀도,밀도 뉴코아강남점,폐기,유통기한초과(폐기),건강빵,103575,단호박고구마통밀(whole),1,5500,5500
2026-08-13,밀도,밀도 뉴코아강남점,폐기,유통기한초과(폐기),모닝롤,102683,모닝롤,3,3800,11400
2026-08-13,밀도,밀도 광장점,폐기,유통기한초과(폐기),간식빵,101858,밀도단팥빵,2,3800,7600
2026-08-13,밀도,밀도 광장점,폐기,유통기한초과(폐기),시그니처샌드,102272,땅콩크림샌드,2,5800,11600
2026-08-13,밀도,밀도 광장점,폐기,유통기한초과(폐기),모닝롤,103773,모닝롤(6ea),5,5200,26000
2026-08-13,밀도,밀도 광교점,폐기,유통기한초과(폐기),시그니처샌드,102272,땅콩크림샌드,3,5800,17400
2026-08-13,밀도,밀도 광교점,폐기,유통기한초과(폐기),샌드위치,103807,잠봉에멘탈크로와상샌드위치,1,7900,7900
2026-08-13,밀도,밀도 광교점,폐기,유통기한초과(폐기),식빵,102684,튼튼고양식빵,2,6900,13800
2026-08-13,밀도,밀도 광교점,폐기,유통기한초과(폐기),식빵,103814,얼룩 고양 식빵,2,7500,15000
2026-08-13,밀도,밀도 고양점,폐기,유통기한초과(폐기),간식빵,100625,큐브시나몬,1,3800,3800
2026-08-13,밀도,밀도 고양점,폐기,유통기한초과(폐기),간식빵,101858,밀도단팥빵,2,3800,7600
2026-08-13,밀도,밀도 고양점,폐기,유통기한초과(폐기),간식빵,103704,크림치즈포테이토,2,4200,8400
2026-08-13,밀도,밀도 고양점,폐기,유통기한초과(폐기),간식빵,103766,누텔라로쉐큐브식빵,4,5200,20800
2026-08-13,밀도,밀도 고양점,폐기,유통기한초과(폐기),샌드위치,103027,블루베리잼 잠봉뵈르,3,8900,26700
2026-08-13,밀도,밀도 고양점,폐기,유통기한초과(폐기),샌드위치,103286,에그마요 소금빵,3,5200,15600
2026-08-13,밀도,밀도 고양점,폐기,유통기한초과(폐기),식빵,103814,얼룩 고양 식빵,2,7500,15000
2026-08-13,밀도,밀도 고양점,폐기,유통기한초과(폐기),건강빵,103575,단호박고구마통밀(whole),4,5500,22000
2026-08-13,밀도,밀도 경기점,폐기,유통기한초과(폐기),간식빵,101327,큐브소보로,1,3800,3800
2026-08-13,밀도,밀도 경기점,폐기,유통기한초과(폐기),간식빵,101451,허니러스크,2,5200,10400
2026-08-13,밀도,밀도 경기점,폐기,유통기한초과(폐기),식빵,103814,얼룩 고양 식빵,3,7500,22500
2026-08-13,밀도,밀도 경기점,폐기,유통기한초과(폐기),소금빵,102778,앙버터소금빵,3,4800,14400
2026-08-13,밀도,밀도 경기점,폐기,유통기한초과(폐기),소금빵,102844,the부드러운소금빵,1,3600,3600
2026-08-13,밀도,밀도 강남점,폐기,유통기한초과(폐기),간식빵,103704,크림치즈포테이토,1,4200,4200
2026-08-13,밀도,밀도 강남점,폐기,유통기한초과(폐기),식빵,103814,얼룩 고양 식빵,3,7500,22500
2026-08-13,밀도,밀도 강남점,폐기,유통기한초과(폐기),미니식빵,103663,밤완두바브카,2,7200,14400
2026-08-13,밀도,밀도 강남점,폐기,유통기한초과(폐기),미니식빵,103824,리치 모카빵,1,6900,6900
2026-08-14,밀도,밀도 한티점,폐기,유통기한초과(폐기),간식빵,100625,큐브시나몬,2,3800,7600
2026-08-14,밀도,밀도 한티점,폐기,유통기한초과(폐기),간식빵,101858,밀도단팥빵,1,3800,3800
2026-08-14,밀도,밀도 한티점,폐기,유통기한초과(폐기),간식빵,101957,초코허니러스크,3,5800,17400
2026-08-14,밀도,밀도 한티점,폐기,유통기한초과(폐기),간식빵,102587,밀도맘모스,3,6200,18600
2026-08-14,밀도,밀도 한티점,폐기,유통기한초과(폐기),페이스트리,103769,고창고구마데니쉬,1,4600,4600
2026-08-14,밀도,밀도 한티점,폐기,유통기한초과(폐기),식빵,102338,통팥앙식빵,5,3900,19500
2026-08-14,밀도,밀도 한티점,폐기,유통기한초과(폐기),미니식빵,103824,리치 모카빵,3,6900,20700
2026-08-14,밀도,밀도 한티점,폐기,유통기한초과(폐기),모닝롤,103773,모닝롤(6ea),3,5200,15600
2026-08-14,밀도,밀도 정자점,폐기,유통기한초과(폐기),시그니처샌드,102272,땅콩크림샌드,2,5800,11600
2026-08-14,밀도,밀도 옥수점,폐기,유통기한초과(폐기),식빵,103814,얼룩 고양 식빵,2,7500,15000
2026-08-14,밀도,밀도 옥수점,폐기,유통기한초과(폐기),미니식빵,103824,리치 모카빵,1,6900,6900
2026-08-14,밀도,밀도 알토점,폐기,유통기한초과(폐기),스콘,101119,레몬스콘,2,3800,7600
2026-08-14,밀도,밀도 성수점,폐기,유통기한초과(폐기),간식빵,100625,큐브시나몬,4,3800,15200
2026-08-14,밀도,밀도 성수점,폐기,유통기한초과(폐기),간식빵,101327,큐브소보로,2,3800,7600
2026-08-14,밀도,밀도 성수점,폐기,유통기한초과(폐기),간식빵,101957,초코허니러스크,2,5800,11600
2026-08-14,밀도,밀도 성수점,폐기,유통기한초과(폐기),샌드위치,103027,블루베리잼 잠봉뵈르,2,8900,17800
2026-08-14,밀도,밀도 성수점,폐기,유통기한초과(폐기),샌드위치,103286,에그마요 소금빵,1,5200,5200
2026-08-14,밀도,밀도 성수점,폐기,유통기한초과(폐기),미니식빵,103395,게랑드소금식빵,1,7200,7200
2026-08-14,밀도,밀도 성수점,폐기,유통기한초과(폐기),스콘,101119,레몬스콘,1,3800,3800
2026-08-14,밀도,밀도 성수점,폐기,유통기한초과(폐기),스콘,102977,리코타사워크림스콘,1,4200,4200
2026-08-14,밀도,밀도 성수점,폐기,유통기한초과(폐기),소금빵,102844,the부드러운소금빵,9,3600,32400
2026-08-14,밀도,밀도 롯데평촌점,폐기,유통기한초과(폐기),페이스트리,103769,고창고구마데니쉬,1,4600,4600
2026-08-14,밀도,밀도 롯데평촌점,폐기,유통기한초과(폐기),디저트,103737,허쉬딥초코롤케이크(조각),1,6500,6500
2026-08-14,밀도,밀도 롯데평촌점,폐기,유통기한초과(폐기),카스텔라,102866,에그촉촉 카스텔라,0,13000,0
2026-08-14,밀도,밀도 롯데평촌점,폐기,유통기한초과(폐기),샌드위치,103806,바질치폴레닭가슴살샌드위치,2,8900,17800
2026-08-14,밀도,밀도 롯데평촌점,폐기,유통기한초과(폐기),샌드위치,103807,잠봉에멘탈크로와상샌드위치,2,7900,15800
2026-08-14,밀도,밀도 롯데평촌점,폐기,유통기한초과(폐기),식빵,102335,호밀잡곡식빵,3,6500,19500
2026-08-14,밀도,밀도 롯데평촌점,폐기,유통기한초과(폐기),건강빵,102983,촉촉감자치아바타,15,4800,72000
2026-08-14,밀도,밀도 롯데노원점,폐기,불량(폐기),모닝롤,102683,모닝롤,1,3800,3800
2026-08-14,밀도,밀도 롯데노원점,폐기,불량(폐기),스콘,101119,레몬스콘,1,3800,3800
2026-08-14,밀도,밀도 롯데노원점,폐기,유통기한초과(폐기),간식빵,101327,큐브소보로,2,3800,7600
2026-08-14,밀도,밀도 롯데노원점,폐기,유통기한초과(폐기),간식빵,101451,허니러스크,14,5200,72800
2026-08-14,밀도,밀도 롯데노원점,폐기,유통기한초과(폐기),간식빵,101957,초코허니러스크,2,5800,11600
2026-08-14,밀도,밀도 롯데노원점,폐기,유통기한초과(폐기),간식빵,103766,누텔라로쉐큐브식빵,5,5200,26000
2026-08-14,밀도,밀도 롯데노원점,폐기,유통기한초과(폐기),페이스트리,103769,고창고구마데니쉬,4,4600,18400
2026-08-14,밀도,밀도 롯데노원점,폐기,유통기한초과(폐기),디저트,102978,상하카라멜푸딩,1,5200,5200
2026-08-14,밀도,밀도 롯데노원점,폐기,유통기한초과(폐기),디저트,103569,상하초콜릿푸딩,1,5500,5500
2026-08-14,밀도,밀도 롯데노원점,폐기,유통기한초과(폐기),샌드위치,103027,블루베리잼 잠봉뵈르,2,8900,17800
2026-08-14,밀도,밀도 롯데노원점,폐기,유통기한초과(폐기),식빵,102966,달밤식빵,2,8900,17800
2026-08-14,밀도,밀도 롯데노원점,폐기,유통기한초과(폐기),건강빵,103574,무화과오트통밀100,12,5500,66000
2026-08-14,밀도,밀도 롯데노원점,폐기,유통기한초과(폐기),건강빵,103575,단호박고구마통밀(whole),8,5500,44000
2026-08-14,밀도,밀도 롯데노원점,폐기,유통기한초과(폐기),스콘,101119,레몬스콘,1,3800,3800
2026-08-14,밀도,밀도 뉴코아강남점,폐기,유통기한초과(폐기),간식빵,101451,허니러스크,1,5200,5200
2026-08-14,밀도,밀도 뉴코아강남점,폐기,유통기한초과(폐기),간식빵,102976,앙버터허니러스크,1,6200,6200
2026-08-14,밀도,밀도 뉴코아강남점,폐기,유통기한초과(폐기),디저트,102978,상하카라멜푸딩,3,5200,15600
2026-08-14,밀도,밀도 뉴코아강남점,폐기,유통기한초과(폐기),샌드위치,103027,블루베리잼 잠봉뵈르,1,8900,8900
2026-08-14,밀도,밀도 뉴코아강남점,폐기,유통기한초과(폐기),샌드위치,103806,바질치폴레닭가슴살샌드위치,2,8900,17800
2026-08-14,밀도,밀도 뉴코아강남점,폐기,유통기한초과(폐기),모닝롤,102683,모닝롤,3,3800,11400
2026-08-14,밀도,밀도 광장점,폐기,유통기한초과(폐기),간식빵,101451,허니러스크,3,5200,15600
2026-08-14,밀도,밀도 광장점,폐기,유통기한초과(폐기),시그니처샌드,102272,땅콩크림샌드,2,5800,11600
2026-08-14,밀도,밀도 광장점,폐기,유통기한초과(폐기),식빵,103814,얼룩 고양 식빵,5,7500,37500
2026-08-14,밀도,밀도 광교점,폐기,유통기한초과(폐기),식빵,100003,담백식빵,13,7800,101400
2026-08-14,밀도,밀도 광교점,폐기,유통기한초과(폐기),식빵,102684,튼튼고양식빵,4,6900,27600
2026-08-14,밀도,밀도 광교점,폐기,유통기한초과(폐기),미니식빵,103827,촉촉연유브래드,1,6900,6900
2026-08-14,밀도,밀도 광교점,폐기,유통기한초과(폐기),스콘,102977,리코타사워크림스콘,3,4200,12600
2026-08-14,밀도,밀도 광교점,폐기,유통기한초과(폐기),소금빵,102844,the부드러운소금빵,9,3600,32400
2026-08-14,밀도,밀도 고양점,폐기,유통기한초과(폐기),간식빵,100625,큐브시나몬,1,3800,3800
2026-08-14,밀도,밀도 고양점,폐기,유통기한초과(폐기),간식빵,101327,큐브소보로,2,3800,7600
2026-08-14,밀도,밀도 고양점,폐기,유통기한초과(폐기),간식빵,102587,밀도맘모스,2,6200,12400
2026-08-14,밀도,밀도 고양점,폐기,유통기한초과(폐기),간식빵,103766,누텔라로쉐큐브식빵,2,5200,10400
2026-08-14,밀도,밀도 고양점,폐기,유통기한초과(폐기),샌드위치,103027,블루베리잼 잠봉뵈르,5,8900,44500
2026-08-14,밀도,밀도 고양점,폐기,유통기한초과(폐기),샌드위치,103807,잠봉에멘탈크로와상샌드위치,5,7900,39500
2026-08-14,밀도,밀도 고양점,폐기,유통기한초과(폐기),미니식빵,103827,촉촉연유브래드,1,6900,6900
2026-08-14,밀도,밀도 고양점,폐기,유통기한초과(폐기),건강빵,103575,단호박고구마통밀(whole),2,5500,11000
2026-08-14,밀도,밀도 고양점,폐기,유통기한초과(폐기),스콘,102977,리코타사워크림스콘,1,4200,4200
2026-08-14,밀도,밀도 경기점,폐기,유통기한초과(폐기),간식빵,101451,허니러스크,2,5200,10400
2026-08-14,밀도,밀도 경기점,폐기,유통기한초과(폐기),식빵,102338,통팥앙식빵,2,3900,7800
2026-08-14,밀도,밀도 경기점,폐기,유통기한초과(폐기),미니식빵,103824,리치 모카빵,1,6900,6900
2026-08-14,밀도,밀도 경기점,폐기,유통기한초과(폐기),모닝롤,102683,모닝롤,1,3800,3800
2026-08-14,밀도,밀도 강남점,폐기,유통기한초과(폐기),간식빵,100625,큐브시나몬,2,3800,7600
2026-08-14,밀도,밀도 강남점,폐기,유통기한초과(폐기),간식빵,101327,큐브소보로,1,3800,3800
2026-08-14,밀도,밀도 강남점,폐기,유통기한초과(폐기),간식빵,103704,크림치즈포테이토,3,4200,12600
2026-08-15,밀도,밀도 한티점,폐기,유통기한초과(폐기),간식빵,101957,초코허니러스크,1,5800,5800
2026-08-15,밀도,밀도 한티점,폐기,유통기한초과(폐기),간식빵,102587,밀도맘모스,2,6200,12400
2026-08-15,밀도,밀도 한티점,폐기,유통기한초과(폐기),간식빵,103704,크림치즈포테이토,5,4200,21000
2026-08-15,밀도,밀도 한티점,폐기,유통기한초과(폐기),샌드위치,103807,잠봉에멘탈크로와상샌드위치,1,7900,7900
2026-08-15,밀도,밀도 한티점,폐기,유통기한초과(폐기),식빵,102338,통팥앙식빵,5,3900,19500
2026-08-15,밀도,밀도 한티점,폐기,유통기한초과(폐기),식빵,102684,튼튼고양식빵,3,6900,20700
2026-08-15,밀도,밀도 한티점,폐기,유통기한초과(폐기),식빵,103814,얼룩 고양 식빵,4,7500,30000
2026-08-15,밀도,밀도 한티점,폐기,유통기한초과(폐기),미니식빵,103663,밤완두바브카,1,7200,7200
2026-08-15,밀도,밀도 한티점,폐기,유통기한초과(폐기),미니식빵,103764,누텔라바브카,2,7800,15600
2026-08-15,밀도,밀도 한티점,폐기,유통기한초과(폐기),미니식빵,103824,리치 모카빵,2,6900,13800
2026-08-15,밀도,밀도 한티점,폐기,유통기한초과(폐기),모닝롤,103773,모닝롤(6ea),6,5200,31200
2026-08-15,밀도,밀도 정자점,폐기,유통기한초과(폐기),식빵,103814,얼룩 고양 식빵,2,7500,15000
2026-08-15,밀도,밀도 옥수점,폐기,유통기한초과(폐기),간식빵,103704,크림치즈포테이토,2,4200,8400
2026-08-15,밀도,밀도 옥수점,폐기,유통기한초과(폐기),시그니처샌드,102272,땅콩크림샌드,2,5800,11600
2026-08-15,밀도,밀도 옥수점,폐기,유통기한초과(폐기),식빵,102335,호밀잡곡식빵,5,6500,32500
2026-08-15,밀도,밀도 압구정현대점,폐기,유통기한초과(폐기),간식빵,101858,밀도단팥빵,2,3800,7600
2026-08-15,밀도,밀도 압구정현대점,폐기,유통기한초과(폐기),간식빵,102587,밀도맘모스,3,6200,18600
2026-08-15,밀도,밀도 압구정현대점,폐기,유통기한초과(폐기),시그니처샌드,102272,땅콩크림샌드,5,5800,29000
2026-08-15,밀도,밀도 압구정현대점,폐기,유통기한초과(폐기),식빵,102321,담백식빵Half,1,4500,4500
2026-08-15,밀도,밀도 압구정현대점,폐기,유통기한초과(폐기),미니식빵,103764,누텔라바브카,1,7800,7800
2026-08-15,밀도,밀도 압구정현대점,폐기,유통기한초과(폐기),건강빵,102983,촉촉감자치아바타,2,4800,9600
2026-08-15,밀도,밀도 압구정현대점,폐기,유통기한초과(폐기),스콘,102977,리코타사워크림스콘,1,4200,4200
2026-08-15,밀도,밀도 압구정현대점,폐기,유통기한초과(폐기),소금빵,102844,the부드러운소금빵,3,3600,10800
2026-08-15,밀도,밀도 알토점,폐기,유통기한초과(폐기),간식빵,100625,큐브시나몬,2,3800,7600
2026-08-15,밀도,밀도 알토점,폐기,유통기한초과(폐기),간식빵,103704,크림치즈포테이토,2,4200,8400
2026-08-15,밀도,밀도 알토점,폐기,유통기한초과(폐기),샌드위치,103286,에그마요 소금빵,4,5200,20800
2026-08-15,밀도,밀도 알토점,폐기,유통기한초과(폐기),샌드위치,103807,잠봉에멘탈크로와상샌드위치,2,7900,15800
2026-08-15,밀도,밀도 알토점,폐기,유통기한초과(폐기),식빵,102338,통팥앙식빵,4,3900,15600
2026-08-15,밀도,밀도 알토점,폐기,유통기한초과(폐기),식빵,102684,튼튼고양식빵,1,6900,6900
2026-08-15,밀도,밀도 알토점,폐기,유통기한초과(폐기),식빵,102966,달밤식빵,2,8900,17800
2026-08-15,밀도,밀도 알토점,폐기,유통기한초과(폐기),미니식빵,103663,밤완두바브카,3,7200,21600
2026-08-15,밀도,밀도 알토점,폐기,유통기한초과(폐기),스콘,101119,레몬스콘,2,3800,7600
2026-08-15,밀도,밀도 알토점,폐기,유통기한초과(폐기),소금빵,102844,the부드러운소금빵,4,3600,14400
2026-08-15,밀도,밀도 성수점,폐기,유통기한초과(폐기),간식빵,100625,큐브시나몬,1,3800,3800
2026-08-15,밀도,밀도 성수점,폐기,유통기한초과(폐기),간식빵,101327,큐브소보로,7,3800,26600
2026-08-15,밀도,밀도 성수점,폐기,유통기한초과(폐기),간식빵,101957,초코허니러스크,5,5800,29000
2026-08-15,밀도,밀도 성수점,폐기,유통기한초과(폐기),간식빵,102587,밀도맘모스,1,6200,6200
2026-08-15,밀도,밀도 성수점,폐기,유통기한초과(폐기),간식빵,103766,누텔라로쉐큐브식빵,3,5200,15600
2026-08-15,밀도,밀도 성수점,폐기,유통기한초과(폐기),샌드위치,103027,블루베리잼 잠봉뵈르,1,8900,8900
2026-08-15,밀도,밀도 성수점,폐기,유통기한초과(폐기),샌드위치,103806,바질치폴레닭가슴살샌드위치,1,8900,8900
2026-08-15,밀도,밀도 성수점,폐기,유통기한초과(폐기),샌드위치,103807,잠봉에멘탈크로와상샌드위치,1,7900,7900
2026-08-15,밀도,밀도 성수점,폐기,유통기한초과(폐기),모닝롤,102683,모닝롤,2,3800,7600
2026-08-15,밀도,밀도 성수점,폐기,유통기한초과(폐기),스콘,102977,리코타사워크림스콘,1,4200,4200
2026-08-15,밀도,밀도 성수점,폐기,유통기한초과(폐기),소금빵,102778,앙버터소금빵,3,4800,14400
2026-08-15,밀도,밀도 성수점,폐기,유통기한초과(폐기),소금빵,102844,the부드러운소금빵,6,3600,21600
2026-08-15,밀도,밀도 롯데평촌점,폐기,유통기한초과(폐기),간식빵,101327,큐브소보로,18,3800,68400
2026-08-15,밀도,밀도 롯데평촌점,폐기,유통기한초과(폐기),간식빵,101451,허니러스크,1,5200,5200
2026-08-15,밀도,밀도 롯데평촌점,폐기,유통기한초과(폐기),간식빵,103704,크림치즈포테이토,2,4200,8400
2026-08-15,밀도,밀도 롯데평촌점,폐기,유통기한초과(폐기),페이스트리,103769,고창고구마데니쉬,3,4600,13800
2026-08-15,밀도,밀도 롯데평촌점,폐기,유통기한초과(폐기),카스텔라,103842,제주한라봉에그촉촉카스텔라,6,13000,78000
2026-08-15,밀도,밀도 롯데평촌점,폐기,유통기한초과(폐기),건강빵,102983,촉촉감자치아바타,6,4800,28800
2026-08-15,밀도,밀도 롯데평촌점,폐기,유통기한초과(폐기),스콘,101119,레몬스콘,13,3800,49400
2026-08-15,밀도,밀도 롯데노원점,폐기,불량(폐기),모닝롤,102683,모닝롤,1,3800,3800
2026-08-15,밀도,밀도 롯데노원점,폐기,불량(폐기),스콘,101119,레몬스콘,1,3800,3800
2026-08-15,밀도,밀도 롯데노원점,폐기,유통기한초과(폐기),간식빵,100010,큐브커스터드,2,4700,9400
2026-08-15,밀도,밀도 롯데노원점,폐기,유통기한초과(폐기),간식빵,101451,허니러스크,4,5200,20800
2026-08-15,밀도,밀도 롯데노원점,폐기,유통기한초과(폐기),간식빵,101858,밀도단팥빵,2,3800,7600
2026-08-15,밀도,밀도 롯데노원점,폐기,유통기한초과(폐기),간식빵,102976,앙버터허니러스크,1,6200,6200
2026-08-15,밀도,밀도 롯데노원점,폐기,유통기한초과(폐기),간식빵,103704,크림치즈포테이토,2,4200,8400
2026-08-15,밀도,밀도 롯데노원점,폐기,유통기한초과(폐기),페이스트리,103769,고창고구마데니쉬,1,4600,4600
2026-08-15,밀도,밀도 롯데노원점,폐기,유통기한초과(폐기),디저트,102978,상하카라멜푸딩,1,5200,5200
2026-08-15,밀도,밀도 롯데노원점,폐기,유통기한초과(폐기),디저트,103569,상하초콜릿푸딩,1,5500,5500
2026-08-15,밀도,밀도 롯데노원점,폐기,유통기한초과(폐기),샌드위치,103027,블루베리잼 잠봉뵈르,2,8900,17800
2026-08-15,밀도,밀도 롯데노원점,폐기,유통기한초과(폐기),샌드위치,103805,아이올리베이컨토마토샌드위치,1,8900,8900
2026-08-15,밀도,밀도 롯데노원점,폐기,유통기한초과(폐기),샌드위치,103807,잠봉에멘탈크로와상샌드위치,5,7900,39500
2026-08-15,밀도,밀도 롯데노원점,폐기,유통기한초과(폐기),건강빵,103575,단호박고구마통밀(whole),1,5500,5500
2026-08-15,밀도,밀도 롯데노원점,폐기,유통기한초과(폐기),건강빵,103578,불고기포카치아,1,5500,5500
2026-08-15,밀도,밀도 롯데노원점,폐기,유통기한초과(폐기),소금빵,102778,앙버터소금빵,2,4800,9600
2026-08-15,밀도,밀도 롯데노원점,폐기,유통기한초과(폐기),소금빵,102844,the부드러운소금빵,16,3600,57600
2026-08-15,밀도,밀도 뉴코아강남점,폐기,유통기한초과(폐기),간식빵,100625,큐브시나몬,2,3800,7600
2026-08-15,밀도,밀도 뉴코아강남점,폐기,유통기한초과(폐기),간식빵,101327,큐브소보로,1,3800,3800
2026-08-15,밀도,밀도 뉴코아강남점,폐기,유통기한초과(폐기),간식빵,101451,허니러스크,5,5200,26000
2026-08-15,밀도,밀도 뉴코아강남점,폐기,유통기한초과(폐기),간식빵,101858,밀도단팥빵,1,3800,3800
2026-08-15,밀도,밀도 뉴코아강남점,폐기,유통기한초과(폐기),간식빵,101957,초코허니러스크,1,5800,5800
2026-08-15,밀도,밀도 뉴코아강남점,폐기,유통기한초과(폐기),간식빵,103704,크림치즈포테이토,4,4200,16800
2026-08-15,밀도,밀도 뉴코아강남점,폐기,유통기한초과(폐기),시그니처샌드,102272,땅콩크림샌드,9,5800,52200
2026-08-15,밀도,밀도 뉴코아강남점,폐기,유통기한초과(폐기),샌드위치,103807,잠봉에멘탈크로와상샌드위치,7,7900,55300
2026-08-15,밀도,밀도 뉴코아강남점,폐기,유통기한초과(폐기),식빵,102684,튼튼고양식빵,5,6900,34500
2026-08-15,밀도,밀도 뉴코아강남점,폐기,유통기한초과(폐기),건강빵,102992,플레인로데브,3,7800,23400
2026-08-15,밀도,밀도 뉴코아강남점,폐기,유통기한초과(폐기),소금빵,102844,the부드러운소금빵,4,3600,14400
2026-08-15,밀도,밀도 광장점,폐기,유통기한초과(폐기),디저트,103737,허쉬딥초코롤케이크(조각),2,6500,13000
2026-08-15,밀도,밀도 광장점,폐기,유통기한초과(폐기),샌드위치,103807,잠봉에멘탈크로와상샌드위치,3,7900,23700
2026-08-15,밀도,밀도 광장점,폐기,유통기한초과(폐기),식빵,102335,호밀잡곡식빵,3,6500,19500
2026-08-15,밀도,밀도 광장점,폐기,유통기한초과(폐기),식빵,103814,얼룩 고양 식빵,2,7500,15000
2026-08-15,밀도,밀도 광교점,폐기,유통기한초과(폐기),페이스트리,103769,고창고구마데니쉬,3,4600,13800
2026-08-15,밀도,밀도 광교점,폐기,유통기한초과(폐기),쿠키 브라우니,103281,사르르 딸기 머랭,1,4200,4200
2026-08-15,밀도,밀도 광교점,폐기,유통기한초과(폐기),스콘,101119,레몬스콘,2,3800,7600
2026-08-15,밀도,밀도 광교점,폐기,유통기한초과(폐기),스콘,102977,리코타사워크림스콘,2,4200,8400
2026-08-15,밀도,밀도 고양점,폐기,유통기한초과(폐기),간식빵,100625,큐브시나몬,2,3800,7600
2026-08-15,밀도,밀도 고양점,폐기,유통기한초과(폐기),간식빵,103704,크림치즈포테이토,5,4200,21000
2026-08-15,밀도,밀도 고양점,폐기,유통기한초과(폐기),간식빵,103766,누텔라로쉐큐브식빵,2,5200,10400
2026-08-15,밀도,밀도 고양점,폐기,유통기한초과(폐기),샌드위치,103805,아이올리베이컨토마토샌드위치,2,8900,17800
2026-08-15,밀도,밀도 고양점,폐기,유통기한초과(폐기),샌드위치,103807,잠봉에멘탈크로와상샌드위치,2,7900,15800
2026-08-15,밀도,밀도 고양점,폐기,유통기한초과(폐기),건강빵,103575,단호박고구마통밀(whole),2,5500,11000
2026-08-15,밀도,밀도 경기점,폐기,유통기한초과(폐기),간식빵,101451,허니러스크,1,5200,5200
2026-08-15,밀도,밀도 경기점,폐기,유통기한초과(폐기),스콘,102977,리코타사워크림스콘,4,4200,16800
2026-08-15,밀도,밀도 경기점,폐기,유통기한초과(폐기),소금빵,102778,앙버터소금빵,1,4800,4800
2026-08-15,밀도,밀도 경기점,폐기,유통기한초과(폐기),소금빵,102844,the부드러운소금빵,7,3600,25200
2026-08-15,밀도,밀도 강남점,폐기,유통기한초과(폐기),간식빵,101327,큐브소보로,3,3800,11400
2026-08-15,밀도,밀도 강남점,폐기,유통기한초과(폐기),간식빵,103704,크림치즈포테이토,4,4200,16800
2026-08-15,밀도,밀도 강남점,폐기,유통기한초과(폐기),샌드위치,103807,잠봉에멘탈크로와상샌드위치,2,7900,15800
2026-08-16,밀도,밀도 한티점,폐기,유통기한초과(폐기),간식빵,103704,크림치즈포테이토,2,4200,8400
2026-08-16,밀도,밀도 한티점,폐기,유통기한초과(폐기),샌드위치,103805,아이올리베이컨토마토샌드위치,3,8900,26700
2026-08-16,밀도,밀도 한티점,폐기,유통기한초과(폐기),식빵,102684,튼튼고양식빵,4,6900,27600
2026-08-16,밀도,밀도 한티점,폐기,유통기한초과(폐기),식빵,103814,얼룩 고양 식빵,3,7500,22500
2026-08-16,밀도,밀도 한티점,폐기,유통기한초과(폐기),스콘,101119,레몬스콘,1,3800,3800
2026-08-16,밀도,밀도 정자점,폐기,유통기한초과(폐기),간식빵,100625,큐브시나몬,1,3800,3800
2026-08-16,밀도,밀도 정자점,폐기,유통기한초과(폐기),시그니처샌드,102272,땅콩크림샌드,2,5800,11600
2026-08-16,밀도,밀도 옥수점,폐기,유통기한초과(폐기),식빵,102338,통팥앙식빵,5,3900,19500
2026-08-16,밀도,밀도 옥수점,폐기,유통기한초과(폐기),식빵,102966,달밤식빵,2,8900,17800
2026-08-16,밀도,밀도 옥수점,폐기,유통기한초과(폐기),소금빵,102778,앙버터소금빵,1,4800,4800
2026-08-16,밀도,밀도 옥수점,폐기,유통기한초과(폐기),소금빵,102844,the부드러운소금빵,2,3600,7200
2026-08-16,밀도,밀도 압구정현대점,폐기,유통기한초과(폐기),간식빵,100625,큐브시나몬,3,3800,11400
2026-08-16,밀도,밀도 압구정현대점,폐기,유통기한초과(폐기),간식빵,101327,큐브소보로,2,3800,7600
2026-08-16,밀도,밀도 압구정현대점,폐기,유통기한초과(폐기),간식빵,101451,허니러스크,5,5200,26000
2026-08-16,밀도,밀도 압구정현대점,폐기,유통기한초과(폐기),간식빵,101858,밀도단팥빵,5,3800,19000
2026-08-16,밀도,밀도 압구정현대점,폐기,유통기한초과(폐기),간식빵,101957,초코허니러스크,1,5800,5800
2026-08-16,밀도,밀도 압구정현대점,폐기,유통기한초과(폐기),시그니처샌드,102272,땅콩크림샌드,15,5800,87000
2026-08-16,밀도,밀도 압구정현대점,폐기,유통기한초과(폐기),식빵,102322,리치식빵Half,2,4800,9600
2026-08-16,밀도,밀도 압구정현대점,폐기,유통기한초과(폐기),식빵,102966,달밤식빵,1,8900,8900
2026-08-16,밀도,밀도 압구정현대점,폐기,유통기한초과(폐기),미니식빵,103764,누텔라바브카,2,7800,15600
2026-08-16,밀도,밀도 알토점,폐기,유통기한초과(폐기),간식빵,101957,초코허니러스크,1,5800,5800
2026-08-16,밀도,밀도 알토점,폐기,유통기한초과(폐기),간식빵,103704,크림치즈포테이토,6,4200,25200
2026-08-16,밀도,밀도 알토점,폐기,유통기한초과(폐기),샌드위치,103286,에그마요 소금빵,4,5200,20800
2026-08-16,밀도,밀도 알토점,폐기,유통기한초과(폐기),샌드위치,103805,아이올리베이컨토마토샌드위치,9,8900,80100
2026-08-16,밀도,밀도 알토점,폐기,유통기한초과(폐기),샌드위치,103806,바질치폴레닭가슴살샌드위치,2,8900,17800
2026-08-16,밀도,밀도 알토점,폐기,유통기한초과(폐기),식빵,103814,얼룩 고양 식빵,3,7500,22500
2026-08-16,밀도,밀도 알토점,폐기,유통기한초과(폐기),스콘,101119,레몬스콘,1,3800,3800
2026-08-16,밀도,밀도 알토점,폐기,유통기한초과(폐기),소금빵,102778,앙버터소금빵,3,4800,14400
2026-08-16,밀도,밀도 알토점,폐기,유통기한초과(폐기),소금빵,102844,the부드러운소금빵,1,3600,3600
2026-08-16,밀도,밀도 성수점,폐기,유통기한초과(폐기),간식빵,101451,허니러스크,2,5200,10400
2026-08-16,밀도,밀도 성수점,폐기,유통기한초과(폐기),간식빵,103704,크림치즈포테이토,1,4200,4200
2026-08-16,밀도,밀도 성수점,폐기,유통기한초과(폐기),샌드위치,103027,블루베리잼 잠봉뵈르,3,8900,26700
2026-08-16,밀도,밀도 성수점,폐기,유통기한초과(폐기),샌드위치,103286,에그마요 소금빵,2,5200,10400
2026-08-16,밀도,밀도 성수점,폐기,유통기한초과(폐기),소금빵,102844,the부드러운소금빵,2,3600,7200
2026-08-16,밀도,밀도 롯데평촌점,폐기,유통기한초과(폐기),간식빵,101957,초코허니러스크,4,5800,23200
2026-08-16,밀도,밀도 롯데평촌점,폐기,유통기한초과(폐기),샌드위치,103806,바질치폴레닭가슴살샌드위치,4,8900,35600
2026-08-16,밀도,밀도 롯데노원점,폐기,유통기한초과(폐기),간식빵,100010,큐브커스터드,9,4700,42300
2026-08-16,밀도,밀도 롯데노원점,폐기,유통기한초과(폐기),간식빵,101327,큐브소보로,2,3800,7600
2026-08-16,밀도,밀도 롯데노원점,폐기,유통기한초과(폐기),간식빵,101451,허니러스크,11,5200,57200
2026-08-16,밀도,밀도 롯데노원점,폐기,유통기한초과(폐기),간식빵,101858,밀도단팥빵,3,3800,11400
2026-08-16,밀도,밀도 롯데노원점,폐기,유통기한초과(폐기),간식빵,103766,누텔라로쉐큐브식빵,4,5200,20800
2026-08-16,밀도,밀도 롯데노원점,폐기,유통기한초과(폐기),샌드위치,103028,그릴드닭가슴살 당근라페 샌드위치,1,8900,8900
2026-08-16,밀도,밀도 롯데노원점,폐기,유통기한초과(폐기),샌드위치,103805,아이올리베이컨토마토샌드위치,7,8900,62300
2026-08-16,밀도,밀도 롯데노원점,폐기,유통기한초과(폐기),샌드위치,103806,바질치폴레닭가슴살샌드위치,11,8900,97900
2026-08-16,밀도,밀도 롯데노원점,폐기,유통기한초과(폐기),식빵,102684,튼튼고양식빵,24,6900,165600
2026-08-16,밀도,밀도 롯데노원점,폐기,유통기한초과(폐기),식빵,103644,더잡곡식빵리뉴얼,1,12800,12800
2026-08-16,밀도,밀도 롯데노원점,폐기,유통기한초과(폐기),식빵,103814,얼룩 고양 식빵,2,7500,15000
2026-08-16,밀도,밀도 롯데노원점,폐기,유통기한초과(폐기),건강빵,103571,올리브치즈치아바타,2,5200,10400
2026-08-16,밀도,밀도 롯데노원점,폐기,유통기한초과(폐기),건강빵,103574,무화과오트통밀100,3,5500,16500
2026-08-16,밀도,밀도 롯데노원점,폐기,유통기한초과(폐기),건강빵,103575,단호박고구마통밀(whole),3,5500,16500
2026-08-16,밀도,밀도 롯데노원점,폐기,유통기한초과(폐기),건강빵,103622,마르게리따포카치아,1,5500,5500
2026-08-16,밀도,밀도 롯데노원점,폐기,유통기한초과(폐기),스콘,101119,레몬스콘,5,3800,19000
2026-08-16,밀도,밀도 뉴코아강남점,폐기,유통기한초과(폐기),간식빵,101451,허니러스크,6,5200,31200
2026-08-16,밀도,밀도 뉴코아강남점,폐기,유통기한초과(폐기),간식빵,102976,앙버터허니러스크,2,6200,12400
2026-08-16,밀도,밀도 뉴코아강남점,폐기,유통기한초과(폐기),페이스트리,103769,고창고구마데니쉬,5,4600,23000
2026-08-16,밀도,밀도 뉴코아강남점,폐기,유통기한초과(폐기),시그니처샌드,102272,땅콩크림샌드,8,5800,46400
2026-08-16,밀도,밀도 뉴코아강남점,폐기,유통기한초과(폐기),샌드위치,103027,블루베리잼 잠봉뵈르,1,8900,8900
2026-08-16,밀도,밀도 뉴코아강남점,폐기,유통기한초과(폐기),샌드위치,103286,에그마요 소금빵,3,5200,15600
2026-08-16,밀도,밀도 뉴코아강남점,폐기,유통기한초과(폐기),샌드위치,103805,아이올리베이컨토마토샌드위치,6,8900,53400
2026-08-16,밀도,밀도 뉴코아강남점,폐기,유통기한초과(폐기),샌드위치,103806,바질치폴레닭가슴살샌드위치,16,8900,142400
2026-08-16,밀도,밀도 뉴코아강남점,폐기,유통기한초과(폐기),식빵,102684,튼튼고양식빵,3,6900,20700
2026-08-16,밀도,밀도 뉴코아강남점,폐기,유통기한초과(폐기),식빵,102966,달밤식빵,4,8900,35600
2026-08-16,밀도,밀도 뉴코아강남점,폐기,유통기한초과(폐기),건강빵,102983,촉촉감자치아바타,1,4800,4800
2026-08-16,밀도,밀도 광장점,폐기,유통기한초과(폐기),간식빵,100625,큐브시나몬,1,3800,3800
2026-08-16,밀도,밀도 광장점,폐기,유통기한초과(폐기),페이스트리,103769,고창고구마데니쉬,1,4600,4600
2026-08-16,밀도,밀도 광장점,폐기,유통기한초과(폐기),파운드,103832,솔티카라멜휘낭시에,1,3200,3200
2026-08-16,밀도,밀도 광장점,폐기,유통기한초과(폐기),파운드,103833,아몬드초코휘낭시에리뉴얼,2,3200,6400
2026-08-16,밀도,밀도 광장점,폐기,유통기한초과(폐기),샌드위치,103805,아이올리베이컨토마토샌드위치,1,8900,8900
2026-08-16,밀도,밀도 고양점,폐기,유통기한초과(폐기),페이스트리,103769,고창고구마데니쉬,1,4600,4600
2026-08-16,밀도,밀도 고양점,폐기,유통기한초과(폐기),샌드위치,103805,아이올리베이컨토마토샌드위치,2,8900,17800
2026-08-16,밀도,밀도 고양점,폐기,유통기한초과(폐기),샌드위치,103806,바질치폴레닭가슴살샌드위치,4,8900,35600
2026-08-16,밀도,밀도 고양점,폐기,유통기한초과(폐기),미니식빵,103663,밤완두바브카,1,7200,7200
2026-08-16,밀도,밀도 경기점,폐기,유통기한초과(폐기),간식빵,101327,큐브소보로,1,3800,3800
2026-08-16,밀도,밀도 경기점,폐기,유통기한초과(폐기),간식빵,101858,밀도단팥빵,6,3800,22800
2026-08-16,밀도,밀도 경기점,폐기,유통기한초과(폐기),식빵,102684,튼튼고양식빵,1,6900,6900
2026-08-16,밀도,밀도 경기점,폐기,유통기한초과(폐기),소금빵,102778,앙버터소금빵,2,4800,9600
2026-08-16,밀도,밀도 강남점,폐기,유통기한초과(폐기),간식빵,101957,초코허니러스크,3,5800,17400
2026-08-16,밀도,밀도 강남점,폐기,유통기한초과(폐기),시그니처샌드,102272,땅콩크림샌드,2,5800,11600
2026-08-16,밀도,밀도 강남점,폐기,유통기한초과(폐기),샌드위치,103806,바질치폴레닭가슴살샌드위치,3,8900,26700
2026-08-16,밀도,밀도 강남점,폐기,유통기한초과(폐기),식빵,103814,얼룩 고양 식빵,2,7500,15000
2026-08-16,밀도,밀도 강남점,폐기,유통기한초과(폐기),미니식빵,103663,밤완두바브카,1,7200,7200
2026-08-16,밀도,밀도 강남점,폐기,유통기한초과(폐기),미니식빵,103827,촉촉연유브래드,1,6900,6900
2026-08-17,밀도,밀도 한티점,폐기,유통기한초과(폐기),간식빵,100625,큐브시나몬,3,3800,11400
2026-08-17,밀도,밀도 한티점,폐기,유통기한초과(폐기),간식빵,101451,허니러스크,2,5200,10400
2026-08-17,밀도,밀도 한티점,폐기,유통기한초과(폐기),간식빵,101957,초코허니러스크,1,5800,5800
2026-08-17,밀도,밀도 한티점,폐기,유통기한초과(폐기),페이스트리,103769,고창고구마데니쉬,1,4600,4600
2026-08-17,밀도,밀도 한티점,폐기,유통기한초과(폐기),샌드위치,103807,잠봉에멘탈크로와상샌드위치,2,7900,15800
2026-08-17,밀도,밀도 한티점,폐기,유통기한초과(폐기),식빵,102338,통팥앙식빵,2,3900,7800
2026-08-17,밀도,밀도 한티점,폐기,유통기한초과(폐기),미니식빵,103827,촉촉연유브래드,1,6900,6900
2026-08-17,밀도,밀도 한티점,폐기,유통기한초과(폐기),스콘,102977,리코타사워크림스콘,3,4200,12600
2026-08-17,밀도,밀도 정자점,폐기,유통기한초과(폐기),식빵,103814,얼룩 고양 식빵,3,7500,22500
2026-08-17,밀도,밀도 알토점,폐기,유통기한초과(폐기),간식빵,101451,허니러스크,2,5200,10400
2026-08-17,밀도,밀도 알토점,폐기,유통기한초과(폐기),간식빵,101957,초코허니러스크,2,5800,11600
2026-08-17,밀도,밀도 알토점,폐기,유통기한초과(폐기),간식빵,103704,크림치즈포테이토,8,4200,33600
2026-08-17,밀도,밀도 알토점,폐기,유통기한초과(폐기),샌드위치,103286,에그마요 소금빵,2,5200,10400
2026-08-17,밀도,밀도 성수점,폐기,유통기한초과(폐기),간식빵,103766,누텔라로쉐큐브식빵,3,5200,15600
2026-08-17,밀도,밀도 성수점,폐기,유통기한초과(폐기),샌드위치,103286,에그마요 소금빵,4,5200,20800
2026-08-17,밀도,밀도 성수점,폐기,유통기한초과(폐기),샌드위치,103807,잠봉에멘탈크로와상샌드위치,2,7900,15800
2026-08-17,밀도,밀도 롯데평촌점,폐기,유통기한초과(폐기),간식빵,101327,큐브소보로,3,3800,11400
2026-08-17,밀도,밀도 롯데평촌점,폐기,유통기한초과(폐기),간식빵,102587,밀도맘모스,8,6200,49600
2026-08-17,밀도,밀도 롯데평촌점,폐기,유통기한초과(폐기),디저트,103616,수제국산생크림롤케이크,1,6200,6200
2026-08-17,밀도,밀도 롯데평촌점,폐기,유통기한초과(폐기),식빵,102966,달밤식빵,3,8900,26700
2026-08-17,밀도,밀도 롯데평촌점,폐기,유통기한초과(폐기),미니식빵,103764,누텔라바브카,14,7800,109200
2026-08-17,밀도,밀도 롯데평촌점,폐기,유통기한초과(폐기),스콘,101119,레몬스콘,15,3800,57000
2026-08-17,밀도,밀도 롯데노원점,폐기,유통기한초과(폐기),간식빵,101327,큐브소보로,1,3800,3800
2026-08-17,밀도,밀도 롯데노원점,폐기,유통기한초과(폐기),간식빵,101451,허니러스크,7,5200,36400
2026-08-17,밀도,밀도 롯데노원점,폐기,유통기한초과(폐기),간식빵,101858,밀도단팥빵,1,3800,3800
2026-08-17,밀도,밀도 롯데노원점,폐기,유통기한초과(폐기),간식빵,103766,누텔라로쉐큐브식빵,3,5200,15600
2026-08-17,밀도,밀도 롯데노원점,폐기,유통기한초과(폐기),디저트,103569,상하초콜릿푸딩,2,5500,11000
2026-08-17,밀도,밀도 롯데노원점,폐기,유통기한초과(폐기),샌드위치,103027,블루베리잼 잠봉뵈르,1,8900,8900
2026-08-17,밀도,밀도 롯데노원점,폐기,유통기한초과(폐기),샌드위치,103286,에그마요 소금빵,2,5200,10400
2026-08-17,밀도,밀도 롯데노원점,폐기,유통기한초과(폐기),샌드위치,103807,잠봉에멘탈크로와상샌드위치,3,7900,23700
2026-08-17,밀도,밀도 롯데노원점,폐기,유통기한초과(폐기),식빵,103814,얼룩 고양 식빵,1,7500,7500
2026-08-17,밀도,밀도 롯데노원점,폐기,유통기한초과(폐기),건강빵,102983,촉촉감자치아바타,4,4800,19200
2026-08-17,밀도,밀도 롯데노원점,폐기,유통기한초과(폐기),건강빵,103574,무화과오트통밀100,4,5500,22000
2026-08-17,밀도,밀도 롯데노원점,폐기,유통기한초과(폐기),건강빵,103575,단호박고구마통밀(whole),8,5500,44000
2026-08-17,밀도,밀도 롯데노원점,폐기,유통기한초과(폐기),건강빵,103622,마르게리따포카치아,1,5500,5500
2026-08-17,밀도,밀도 뉴코아강남점,폐기,유통기한초과(폐기),건강빵,103574,무화과오트통밀100,1,5500,5500
2026-08-17,밀도,밀도 광장점,폐기,유통기한초과(폐기),간식빵,102587,밀도맘모스,3,6200,18600
2026-08-17,밀도,밀도 광장점,폐기,유통기한초과(폐기),시그니처샌드,102272,땅콩크림샌드,2,5800,11600
2026-08-17,밀도,밀도 광장점,폐기,유통기한초과(폐기),샌드위치,103807,잠봉에멘탈크로와상샌드위치,1,7900,7900
2026-08-17,밀도,밀도 광교점,폐기,유통기한초과(폐기),샌드위치,103806,바질치폴레닭가슴살샌드위치,1,8900,8900
2026-08-17,밀도,밀도 광교점,폐기,유통기한초과(폐기),스콘,101119,레몬스콘,2,3800,7600
2026-08-17,밀도,밀도 광교점,폐기,유통기한초과(폐기),RTD,103867,바이오그릭요거트 TO GO플레인,1,2500,2500
2026-08-17,밀도,밀도 광교점,폐기,유통기한초과(폐기),RTD,103868,바이오그릭요거트TO GO 허니,13,2500,32500
2026-08-17,밀도,밀도 고양점,폐기,유통기한초과(폐기),간식빵,101327,큐브소보로,3,3800,11400
2026-08-17,밀도,밀도 고양점,폐기,유통기한초과(폐기),간식빵,103704,크림치즈포테이토,1,4200,4200
2026-08-17,밀도,밀도 고양점,폐기,유통기한초과(폐기),식빵,102338,통팥앙식빵,1,3900,3900
2026-08-17,밀도,밀도 고양점,폐기,유통기한초과(폐기),미니식빵,103824,리치 모카빵,3,6900,20700
2026-08-17,밀도,밀도 경기점,폐기,유통기한초과(폐기),스콘,102977,리코타사워크림스콘,4,4200,16800
2026-08-17,밀도,밀도 강남점,폐기,유통기한초과(폐기),간식빵,101858,밀도단팥빵,1,3800,3800
2026-08-17,밀도,밀도 강남점,폐기,유통기한초과(폐기),간식빵,103704,크림치즈포테이토,1,4200,4200
2026-08-17,밀도,밀도 강남점,폐기,유통기한초과(폐기),시그니처샌드,102272,땅콩크림샌드,2,5800,11600
2026-08-17,밀도,밀도 강남점,폐기,유통기한초과(폐기),샌드위치,103807,잠봉에멘탈크로와상샌드위치,1,7900,7900
2026-08-18,밀도,밀도 한티점,폐기,유통기한초과(폐기),페이스트리,103769,고창고구마데니쉬,2,4600,9200
2026-08-18,밀도,밀도 잠실점,폐기,유통기한초과(폐기),간식빵,103704,크림치즈포테이토,2,4200,8400
2026-08-18,밀도,밀도 잠실점,폐기,유통기한초과(폐기),식빵,102966,달밤식빵,1,8900,8900
2026-08-18,밀도,밀도 잠실점,폐기,유통기한초과(폐기),건강빵,103574,무화과오트통밀100,7,5500,38500
2026-08-18,밀도,밀도 잠실점,폐기,유통기한초과(폐기),건강빵,103575,단호박고구마통밀(whole),4,5500,22000
2026-08-18,밀도,밀도 옥수점,폐기,유통기한초과(폐기),식빵,102338,통팥앙식빵,3,3900,11700
2026-08-18,밀도,밀도 옥수점,폐기,유통기한초과(폐기),식빵,103814,얼룩 고양 식빵,2,7500,15000
2026-08-18,밀도,밀도 압구정현대점,폐기,유통기한초과(폐기),간식빵,101451,허니러스크,2,5200,10400
2026-08-18,밀도,밀도 압구정현대점,폐기,유통기한초과(폐기),간식빵,101858,밀도단팥빵,4,3800,15200
2026-08-18,밀도,밀도 압구정현대점,폐기,유통기한초과(폐기),간식빵,101957,초코허니러스크,3,5800,17400
2026-08-18,밀도,밀도 압구정현대점,폐기,유통기한초과(폐기),식빵,100003,담백식빵,5,7800,39000
2026-08-18,밀도,밀도 압구정현대점,폐기,유통기한초과(폐기),식빵,100004,리치식빵,1,8400,8400
2026-08-18,밀도,밀도 압구정현대점,폐기,유통기한초과(폐기),식빵,102321,담백식빵Half,1,4500,4500
2026-08-18,밀도,밀도 압구정현대점,폐기,유통기한초과(폐기),식빵,102322,리치식빵Half,2,4800,9600
2026-08-18,밀도,밀도 압구정현대점,폐기,유통기한초과(폐기),식빵,102966,달밤식빵,3,8900,26700
2026-08-18,밀도,밀도 알토점,폐기,유통기한초과(폐기),간식빵,101957,초코허니러스크,3,5800,17400
2026-08-18,밀도,밀도 알토점,폐기,유통기한초과(폐기),간식빵,103704,크림치즈포테이토,2,4200,8400
2026-08-18,밀도,밀도 알토점,폐기,유통기한초과(폐기),간식빵,103766,누텔라로쉐큐브식빵,2,5200,10400
2026-08-18,밀도,밀도 알토점,폐기,유통기한초과(폐기),샌드위치,103806,바질치폴레닭가슴살샌드위치,1,8900,8900
2026-08-18,밀도,밀도 알토점,폐기,유통기한초과(폐기),식빵,102684,튼튼고양식빵,4,6900,27600
2026-08-18,밀도,밀도 알토점,폐기,유통기한초과(폐기),식빵,102966,달밤식빵,3,8900,26700
2026-08-18,밀도,밀도 알토점,폐기,유통기한초과(폐기),식빵,103814,얼룩 고양 식빵,3,7500,22500
2026-08-18,밀도,밀도 알토점,폐기,유통기한초과(폐기),미니식빵,103663,밤완두바브카,1,7200,7200
2026-08-18,밀도,밀도 알토점,폐기,유통기한초과(폐기),미니식빵,103824,리치 모카빵,2,6900,13800
2026-08-18,밀도,밀도 알토점,폐기,유통기한초과(폐기),스콘,102977,리코타사워크림스콘,1,4200,4200
2026-08-18,밀도,밀도 알토점,폐기,유통기한초과(폐기),소금빵,102844,the부드러운소금빵,8,3600,28800
2026-08-18,밀도,밀도 성수점,폐기,유통기한초과(폐기),간식빵,100010,큐브커스터드,2,4700,9400
2026-08-18,밀도,밀도 성수점,폐기,유통기한초과(폐기),샌드위치,103027,블루베리잼 잠봉뵈르,1,8900,8900
2026-08-18,밀도,밀도 성수점,폐기,유통기한초과(폐기),샌드위치,103286,에그마요 소금빵,1,5200,5200
2026-08-18,밀도,밀도 롯데평촌점,폐기,유통기한초과(폐기),간식빵,101327,큐브소보로,10,3800,38000
2026-08-18,밀도,밀도 롯데평촌점,폐기,유통기한초과(폐기),간식빵,102587,밀도맘모스,2,6200,12400
2026-08-18,밀도,밀도 롯데평촌점,폐기,유통기한초과(폐기),디저트,103737,허쉬딥초코롤케이크(조각),4,6500,26000
2026-08-18,밀도,밀도 롯데평촌점,폐기,유통기한초과(폐기),식빵,102966,달밤식빵,20,8900,178000
2026-08-18,밀도,밀도 롯데평촌점,폐기,유통기한초과(폐기),미니식빵,103824,리치 모카빵,13,6900,89700
2026-08-18,밀도,밀도 롯데평촌점,폐기,유통기한초과(폐기),건강빵,102983,촉촉감자치아바타,19,4800,91200
2026-08-18,밀도,밀도 롯데노원점,폐기,파손(폐기),쿠키 브라우니,103459,샤브레쿠키(2ea),2,2000,4000
2026-08-18,밀도,밀도 롯데노원점,폐기,유통기한초과(폐기),간식빵,101327,큐브소보로,10,3800,38000
2026-08-18,밀도,밀도 롯데노원점,폐기,유통기한초과(폐기),간식빵,101451,허니러스크,11,5200,57200
2026-08-18,밀도,밀도 롯데노원점,폐기,유통기한초과(폐기),간식빵,101858,밀도단팥빵,10,3800,38000
2026-08-18,밀도,밀도 롯데노원점,폐기,유통기한초과(폐기),간식빵,101957,초코허니러스크,2,5800,11600
2026-08-18,밀도,밀도 롯데노원점,폐기,유통기한초과(폐기),간식빵,102587,밀도맘모스,1,6200,6200
2026-08-18,밀도,밀도 롯데노원점,폐기,유통기한초과(폐기),간식빵,102976,앙버터허니러스크,4,6200,24800
2026-08-18,밀도,밀도 롯데노원점,폐기,유통기한초과(폐기),간식빵,103766,누텔라로쉐큐브식빵,5,5200,26000
2026-08-18,밀도,밀도 롯데노원점,폐기,유통기한초과(폐기),시그니처샌드,102272,땅콩크림샌드,3,5800,17400
2026-08-18,밀도,밀도 롯데노원점,폐기,유통기한초과(폐기),샌드위치,103027,블루베리잼 잠봉뵈르,1,8900,8900
2026-08-18,밀도,밀도 롯데노원점,폐기,유통기한초과(폐기),샌드위치,103286,에그마요 소금빵,2,5200,10400
2026-08-18,밀도,밀도 롯데노원점,폐기,유통기한초과(폐기),식빵,102684,튼튼고양식빵,6,6900,41400
2026-08-18,밀도,밀도 롯데노원점,폐기,유통기한초과(폐기),식빵,102966,달밤식빵,6,8900,53400
2026-08-18,밀도,밀도 롯데노원점,폐기,유통기한초과(폐기),식빵,103814,얼룩 고양 식빵,1,7500,7500
2026-08-18,밀도,밀도 롯데노원점,폐기,유통기한초과(폐기),미니식빵,103663,밤완두바브카,1,7200,7200
2026-08-18,밀도,밀도 롯데노원점,폐기,유통기한초과(폐기),미니식빵,103764,누텔라바브카,6,7800,46800
2026-08-18,밀도,밀도 롯데노원점,폐기,유통기한초과(폐기),미니식빵,103824,리치 모카빵,8,6900,55200
2026-08-18,밀도,밀도 롯데노원점,폐기,유통기한초과(폐기),건강빵,103571,올리브치즈치아바타,2,5200,10400
2026-08-18,밀도,밀도 롯데노원점,폐기,유통기한초과(폐기),건강빵,103575,단호박고구마통밀(whole),1,5500,5500
2026-08-18,밀도,밀도 롯데노원점,폐기,유통기한초과(폐기),건강빵,103622,마르게리따포카치아,3,5500,16500
2026-08-18,밀도,밀도 롯데노원점,폐기,유통기한초과(폐기),스콘,101119,레몬스콘,3,3800,11400
2026-08-18,밀도,밀도 롯데노원점,폐기,유통기한초과(폐기),소금빵,102778,앙버터소금빵,6,4800,28800
2026-08-18,밀도,밀도 롯데노원점,폐기,유통기한초과(폐기),소금빵,102844,the부드러운소금빵,2,3600,7200
2026-08-18,밀도,밀도 뉴코아강남점,폐기,유통기한초과(폐기),식빵,102684,튼튼고양식빵,1,6900,6900
2026-08-18,밀도,밀도 뉴코아강남점,폐기,유통기한초과(폐기),건강빵,102992,플레인로데브,3,7800,23400
2026-08-18,밀도,밀도 뉴코아강남점,폐기,유통기한초과(폐기),스콘,101119,레몬스콘,1,3800,3800
2026-08-18,밀도,밀도 뉴코아강남점,폐기,유통기한초과(폐기),소금빵,102844,the부드러운소금빵,4,3600,14400
2026-08-18,밀도,밀도 광교점,폐기,유통기한초과(폐기),미니식빵,103824,리치 모카빵,1,6900,6900
2026-08-18,밀도,밀도 광교점,폐기,유통기한초과(폐기),스콘,101119,레몬스콘,4,3800,15200
2026-08-18,밀도,밀도 고양점,폐기,유통기한초과(폐기),간식빵,101327,큐브소보로,2,3800,7600
2026-08-18,밀도,밀도 고양점,폐기,유통기한초과(폐기),간식빵,103704,크림치즈포테이토,5,4200,21000
2026-08-18,밀도,밀도 고양점,폐기,유통기한초과(폐기),간식빵,103766,누텔라로쉐큐브식빵,1,5200,5200
2026-08-18,밀도,밀도 고양점,폐기,유통기한초과(폐기),페이스트리,103768,애플시나몬크림치즈데니쉬,1,4900,4900
2026-08-18,밀도,밀도 고양점,폐기,유통기한초과(폐기),미니식빵,103764,누텔라바브카,3,7800,23400
2026-08-18,밀도,밀도 고양점,폐기,유통기한초과(폐기),건강빵,103575,단호박고구마통밀(whole),5,5500,27500
2026-08-18,밀도,밀도 경기점,폐기,유통기한초과(폐기),간식빵,101327,큐브소보로,3,3800,11400
2026-08-18,밀도,밀도 경기점,폐기,유통기한초과(폐기),간식빵,101451,허니러스크,4,5200,20800
2026-08-18,밀도,밀도 경기점,폐기,유통기한초과(폐기),간식빵,101858,밀도단팥빵,4,3800,15200
2026-08-18,밀도,밀도 경기점,폐기,유통기한초과(폐기),간식빵,102893,소보로단팥빵,3,3800,11400
2026-08-18,밀도,밀도 경기점,폐기,유통기한초과(폐기),시그니처샌드,102272,땅콩크림샌드,2,5800,11600
2026-08-18,밀도,밀도 경기점,폐기,유통기한초과(폐기),식빵,102684,튼튼고양식빵,2,6900,13800
2026-08-18,밀도,밀도 경기점,폐기,유통기한초과(폐기),식빵,103814,얼룩 고양 식빵,1,7500,7500
2026-08-18,밀도,밀도 경기점,폐기,유통기한초과(폐기),미니식빵,103663,밤완두바브카,3,7200,21600
2026-08-18,밀도,밀도 경기점,폐기,유통기한초과(폐기),미니식빵,103824,리치 모카빵,3,6900,20700
2026-08-18,밀도,밀도 경기점,폐기,유통기한초과(폐기),모닝롤,102683,모닝롤,5,3800,19000
2026-08-18,밀도,밀도 경기점,폐기,유통기한초과(폐기),소금빵,102844,the부드러운소금빵,2,3600,7200
2026-08-18,밀도,밀도 강남점,폐기,유통기한초과(폐기),간식빵,101451,허니러스크,4,5200,20800
2026-08-18,밀도,밀도 강남점,폐기,유통기한초과(폐기),간식빵,101858,밀도단팥빵,2,3800,7600
2026-08-18,밀도,밀도 강남점,폐기,유통기한초과(폐기),간식빵,101957,초코허니러스크,1,5800,5800
2026-08-18,밀도,밀도 강남점,폐기,유통기한초과(폐기),미니식빵,103827,촉촉연유브래드,1,6900,6900
2026-08-19,밀도,밀도 한티점,폐기,유통기한초과(폐기),간식빵,101451,허니러스크,3,5200,15600
2026-08-19,밀도,밀도 한티점,폐기,유통기한초과(폐기),간식빵,102587,밀도맘모스,2,6200,12400
2026-08-19,밀도,밀도 한티점,폐기,유통기한초과(폐기),샌드위치,103807,잠봉에멘탈크로와상샌드위치,1,7900,7900
2026-08-19,밀도,밀도 잠실점,폐기,유통기한초과(폐기),건강빵,103574,무화과오트통밀100,4,5500,22000
2026-08-19,밀도,밀도 잠실점,폐기,유통기한초과(폐기),건강빵,103575,단호박고구마통밀(whole),1,5500,5500
2026-08-19,밀도,밀도 잠실점,폐기,유통기한초과(폐기),소금빵,102844,the부드러운소금빵,1,3600,3600
2026-08-19,밀도,밀도 옥수점,폐기,유통기한초과(폐기),식빵,103814,얼룩 고양 식빵,1,7500,7500
2026-08-19,밀도,밀도 옥수점,폐기,유통기한초과(폐기),소금빵,102778,앙버터소금빵,1,4800,4800
2026-08-19,밀도,밀도 압구정현대점,폐기,유통기한초과(폐기),간식빵,101327,큐브소보로,1,3800,3800
2026-08-19,밀도,밀도 압구정현대점,폐기,유통기한초과(폐기),간식빵,101451,허니러스크,1,5200,5200
2026-08-19,밀도,밀도 압구정현대점,폐기,유통기한초과(폐기),간식빵,101858,밀도단팥빵,4,3800,15200
2026-08-19,밀도,밀도 압구정현대점,폐기,유통기한초과(폐기),간식빵,102587,밀도맘모스,2,6200,12400
2026-08-19,밀도,밀도 압구정현대점,폐기,유통기한초과(폐기),시그니처샌드,102272,땅콩크림샌드,9,5800,52200
2026-08-19,밀도,밀도 압구정현대점,폐기,유통기한초과(폐기),식빵,100003,담백식빵,6,7800,46800
2026-08-19,밀도,밀도 압구정현대점,폐기,유통기한초과(폐기),식빵,100004,리치식빵,3,8400,25200
2026-08-19,밀도,밀도 압구정현대점,폐기,유통기한초과(폐기),식빵,102321,담백식빵Half,2,4500,9000
2026-08-19,밀도,밀도 압구정현대점,폐기,유통기한초과(폐기),식빵,102322,리치식빵Half,5,4800,24000
2026-08-19,밀도,밀도 압구정현대점,폐기,유통기한초과(폐기),소금빵,102778,앙버터소금빵,2,4800,9600
2026-08-19,밀도,밀도 알토점,폐기,유통기한초과(폐기),간식빵,103766,누텔라로쉐큐브식빵,3,5200,15600
2026-08-19,밀도,밀도 성수점,폐기,유통기한초과(폐기),간식빵,100625,큐브시나몬,6,3800,22800
2026-08-19,밀도,밀도 성수점,폐기,유통기한초과(폐기),간식빵,101327,큐브소보로,1,3800,3800
2026-08-19,밀도,밀도 성수점,폐기,유통기한초과(폐기),간식빵,101451,허니러스크,3,5200,15600
2026-08-19,밀도,밀도 성수점,폐기,유통기한초과(폐기),간식빵,101858,밀도단팥빵,3,3800,11400
2026-08-19,밀도,밀도 성수점,폐기,유통기한초과(폐기),간식빵,102587,밀도맘모스,1,6200,6200
2026-08-19,밀도,밀도 성수점,폐기,유통기한초과(폐기),간식빵,103766,누텔라로쉐큐브식빵,2,5200,10400
2026-08-19,밀도,밀도 성수점,폐기,유통기한초과(폐기),샌드위치,103807,잠봉에멘탈크로와상샌드위치,2,7900,15800
2026-08-19,밀도,밀도 성수점,폐기,유통기한초과(폐기),식빵,102966,달밤식빵,2,8900,17800
2026-08-19,밀도,밀도 성수점,폐기,유통기한초과(폐기),미니식빵,103827,촉촉연유브래드,2,6900,13800
2026-08-19,밀도,밀도 성수점,폐기,유통기한초과(폐기),소금빵,102844,the부드러운소금빵,6,3600,21600
2026-08-19,밀도,밀도 롯데평촌점,폐기,유통기한초과(폐기),간식빵,101327,큐브소보로,11,3800,41800
2026-08-19,밀도,밀도 롯데평촌점,폐기,유통기한초과(폐기),간식빵,101957,초코허니러스크,11,5800,63800
2026-08-19,밀도,밀도 롯데평촌점,폐기,유통기한초과(폐기),간식빵,102587,밀도맘모스,29,6200,179800
2026-08-19,밀도,밀도 롯데평촌점,폐기,유통기한초과(폐기),페이스트리,103768,애플시나몬크림치즈데니쉬,9,4900,44100
2026-08-19,밀도,밀도 롯데평촌점,폐기,유통기한초과(폐기),디저트,103737,허쉬딥초코롤케이크(조각),2,6500,13000
2026-08-19,밀도,밀도 롯데평촌점,폐기,유통기한초과(폐기),시그니처샌드,102272,땅콩크림샌드,6,5800,34800
2026-08-19,밀도,밀도 롯데평촌점,폐기,유통기한초과(폐기),식빵,102966,달밤식빵,15,8900,133500
2026-08-19,밀도,밀도 롯데평촌점,폐기,유통기한초과(폐기),미니식빵,103824,리치 모카빵,6,6900,41400
2026-08-19,밀도,밀도 롯데평촌점,폐기,유통기한초과(폐기),건강빵,102983,촉촉감자치아바타,11,4800,52800
2026-08-19,밀도,밀도 롯데평촌점,폐기,유통기한초과(폐기),스콘,101119,레몬스콘,7,3800,26600
2026-08-19,밀도,밀도 롯데노원점,폐기,유통기한초과(폐기),간식빵,100010,큐브커스터드,5,4700,23500
2026-08-19,밀도,밀도 롯데노원점,폐기,유통기한초과(폐기),간식빵,101327,큐브소보로,7,3800,26600
2026-08-19,밀도,밀도 롯데노원점,폐기,유통기한초과(폐기),간식빵,101451,허니러스크,5,5200,26000
2026-08-19,밀도,밀도 롯데노원점,폐기,유통기한초과(폐기),간식빵,101858,밀도단팥빵,3,3800,11400
2026-08-19,밀도,밀도 롯데노원점,폐기,유통기한초과(폐기),간식빵,101957,초코허니러스크,7,5800,40600
2026-08-19,밀도,밀도 롯데노원점,폐기,유통기한초과(폐기),간식빵,102587,밀도맘모스,4,6200,24800
2026-08-19,밀도,밀도 롯데노원점,폐기,유통기한초과(폐기),간식빵,102976,앙버터허니러스크,3,6200,18600
2026-08-19,밀도,밀도 롯데노원점,폐기,유통기한초과(폐기),간식빵,103704,크림치즈포테이토,3,4200,12600
2026-08-19,밀도,밀도 롯데노원점,폐기,유통기한초과(폐기),간식빵,103766,누텔라로쉐큐브식빵,5,5200,26000
2026-08-19,밀도,밀도 롯데노원점,폐기,유통기한초과(폐기),페이스트리,103768,애플시나몬크림치즈데니쉬,4,4900,19600
2026-08-19,밀도,밀도 롯데노원점,폐기,유통기한초과(폐기),페이스트리,103769,고창고구마데니쉬,4,4600,18400
2026-08-19,밀도,밀도 롯데노원점,폐기,유통기한초과(폐기),디저트,102978,상하카라멜푸딩,1,5200,5200
2026-08-19,밀도,밀도 롯데노원점,폐기,유통기한초과(폐기),디저트,103569,상하초콜릿푸딩,1,5500,5500
2026-08-19,밀도,밀도 롯데노원점,폐기,유통기한초과(폐기),샌드위치,103027,블루베리잼 잠봉뵈르,4,8900,35600
2026-08-19,밀도,밀도 롯데노원점,폐기,유통기한초과(폐기),샌드위치,103805,아이올리베이컨토마토샌드위치,3,8900,26700
2026-08-19,밀도,밀도 롯데노원점,폐기,유통기한초과(폐기),샌드위치,103806,바질치폴레닭가슴살샌드위치,1,8900,8900
2026-08-19,밀도,밀도 롯데노원점,폐기,유통기한초과(폐기),식빵,102684,튼튼고양식빵,1,6900,6900
2026-08-19,밀도,밀도 롯데노원점,폐기,유통기한초과(폐기),식빵,102966,달밤식빵,9,8900,80100
2026-08-19,밀도,밀도 롯데노원점,폐기,유통기한초과(폐기),식빵,103814,얼룩 고양 식빵,3,7500,22500
2026-08-19,밀도,밀도 롯데노원점,폐기,유통기한초과(폐기),미니식빵,103663,밤완두바브카,1,7200,7200
2026-08-19,밀도,밀도 롯데노원점,폐기,유통기한초과(폐기),미니식빵,103764,누텔라바브카,6,7800,46800
2026-08-19,밀도,밀도 롯데노원점,폐기,유통기한초과(폐기),건강빵,102983,촉촉감자치아바타,6,4800,28800
2026-08-19,밀도,밀도 롯데노원점,폐기,유통기한초과(폐기),건강빵,103571,올리브치즈치아바타,2,5200,10400
2026-08-19,밀도,밀도 롯데노원점,폐기,유통기한초과(폐기),건강빵,103574,무화과오트통밀100,3,5500,16500
2026-08-19,밀도,밀도 롯데노원점,폐기,유통기한초과(폐기),건강빵,103622,마르게리따포카치아,3,5500,16500
2026-08-19,밀도,밀도 롯데노원점,폐기,유통기한초과(폐기),스콘,101119,레몬스콘,3,3800,11400
2026-08-19,밀도,밀도 롯데노원점,폐기,유통기한초과(폐기),소금빵,102778,앙버터소금빵,1,4800,4800
2026-08-19,밀도,밀도 롯데노원점,폐기,유통기한초과(폐기),소금빵,102844,the부드러운소금빵,1,3600,3600
2026-08-19,밀도,밀도 뉴코아강남점,폐기,유통기한초과(폐기),간식빵,102976,앙버터허니러스크,2,6200,12400
2026-08-19,밀도,밀도 뉴코아강남점,폐기,유통기한초과(폐기),간식빵,103704,크림치즈포테이토,1,4200,4200
2026-08-19,밀도,밀도 뉴코아강남점,폐기,유통기한초과(폐기),시그니처샌드,102272,땅콩크림샌드,7,5800,40600
2026-08-19,밀도,밀도 뉴코아강남점,폐기,유통기한초과(폐기),샌드위치,103027,블루베리잼 잠봉뵈르,2,8900,17800
2026-08-19,밀도,밀도 뉴코아강남점,폐기,유통기한초과(폐기),샌드위치,103807,잠봉에멘탈크로와상샌드위치,2,7900,15800
2026-08-19,밀도,밀도 뉴코아강남점,폐기,유통기한초과(폐기),식빵,103814,얼룩 고양 식빵,7,7500,52500
2026-08-19,밀도,밀도 광장점,폐기,유통기한초과(폐기),식빵,102338,통팥앙식빵,1,3900,3900
2026-08-19,밀도,밀도 광장점,폐기,유통기한초과(폐기),식빵,102966,달밤식빵,1,8900,8900
2026-08-19,밀도,밀도 광장점,폐기,유통기한초과(폐기),식빵,103814,얼룩 고양 식빵,2,7500,15000
2026-08-19,밀도,밀도 광장점,폐기,유통기한초과(폐기),스콘,101119,레몬스콘,1,3800,3800
2026-08-19,밀도,밀도 광장점,폐기,유통기한초과(폐기),스콘,102977,리코타사워크림스콘,2,4200,8400
2026-08-19,밀도,밀도 광교점,폐기,유통기한초과(폐기),간식빵,101451,허니러스크,3,5200,15600
2026-08-19,밀도,밀도 광교점,폐기,유통기한초과(폐기),간식빵,101858,밀도단팥빵,1,3800,3800
2026-08-19,밀도,밀도 광교점,폐기,유통기한초과(폐기),페이스트리,103768,애플시나몬크림치즈데니쉬,2,4900,9800
2026-08-19,밀도,밀도 광교점,폐기,유통기한초과(폐기),페이스트리,103769,고창고구마데니쉬,2,4600,9200
2026-08-19,밀도,밀도 광교점,폐기,유통기한초과(폐기),파운드,103834,피스타치오휘낭시에리뉴얼,1,3200,3200
2026-08-19,밀도,밀도 광교점,폐기,유통기한초과(폐기),식빵,102684,튼튼고양식빵,1,6900,6900
2026-08-19,밀도,밀도 광교점,폐기,유통기한초과(폐기),식빵,103814,얼룩 고양 식빵,5,7500,37500
2026-08-19,밀도,밀도 광교점,폐기,유통기한초과(폐기),미니식빵,103824,리치 모카빵,2,6900,13800
2026-08-19,밀도,밀도 광교점,폐기,유통기한초과(폐기),미니식빵,103827,촉촉연유브래드,2,6900,13800
2026-08-19,밀도,밀도 광교점,폐기,유통기한초과(폐기),스콘,101119,레몬스콘,2,3800,7600
2026-08-19,밀도,밀도 광교점,폐기,유통기한초과(폐기),스콘,102977,리코타사워크림스콘,2,4200,8400
2026-08-19,밀도,밀도 광교점,폐기,유통기한초과(폐기),소금빵,102778,앙버터소금빵,1,4800,4800
2026-08-19,밀도,밀도 고양점,폐기,유통기한초과(폐기),간식빵,101327,큐브소보로,3,3800,11400
2026-08-19,밀도,밀도 고양점,폐기,유통기한초과(폐기),간식빵,103766,누텔라로쉐큐브식빵,4,5200,20800
2026-08-19,밀도,밀도 고양점,폐기,유통기한초과(폐기),페이스트리,103768,애플시나몬크림치즈데니쉬,5,4900,24500
2026-08-19,밀도,밀도 고양점,폐기,유통기한초과(폐기),샌드위치,103286,에그마요 소금빵,4,5200,20800
2026-08-19,밀도,밀도 고양점,폐기,유통기한초과(폐기),샌드위치,103807,잠봉에멘탈크로와상샌드위치,1,7900,7900
2026-08-19,밀도,밀도 고양점,폐기,유통기한초과(폐기),미니식빵,103663,밤완두바브카,1,7200,7200
2026-08-19,밀도,밀도 고양점,폐기,유통기한초과(폐기),미니식빵,103764,누텔라바브카,2,7800,15600
2026-08-19,밀도,밀도 고양점,폐기,유통기한초과(폐기),스콘,101119,레몬스콘,2,3800,7600
2026-08-19,밀도,밀도 고양점,폐기,유통기한초과(폐기),스콘,102977,리코타사워크림스콘,2,4200,8400
2026-08-19,밀도,밀도 경기점,폐기,유통기한초과(폐기),간식빵,101451,허니러스크,3,5200,15600
2026-08-19,밀도,밀도 경기점,폐기,유통기한초과(폐기),미니식빵,103827,촉촉연유브래드,2,6900,13800
2026-08-19,밀도,밀도 경기점,폐기,유통기한초과(폐기),스콘,102977,리코타사워크림스콘,1,4200,4200
2026-08-19,밀도,밀도 경기점,폐기,유통기한초과(폐기),소금빵,102778,앙버터소금빵,2,4800,9600
2026-08-19,밀도,밀도 경기점,폐기,유통기한초과(폐기),소금빵,102844,the부드러운소금빵,1,3600,3600
2026-08-19,밀도,밀도 강남점,폐기,유통기한초과(폐기),간식빵,101957,초코허니러스크,4,5800,23200
2026-08-19,밀도,밀도 강남점,폐기,유통기한초과(폐기),식빵,102684,튼튼고양식빵,1,6900,6900
2026-08-19,밀도,밀도 강남점,폐기,유통기한초과(폐기),식빵,102966,달밤식빵,2,8900,17800
2026-08-20,밀도,밀도 한티점,폐기,유통기한초과(폐기),간식빵,100625,큐브시나몬,2,3800,7600
2026-08-20,밀도,밀도 한티점,폐기,유통기한초과(폐기),간식빵,101451,허니러스크,3,5200,15600
2026-08-20,밀도,밀도 한티점,폐기,유통기한초과(폐기),페이스트리,103769,고창고구마데니쉬,1,4600,4600
2026-08-20,밀도,밀도 한티점,폐기,유통기한초과(폐기),미니식빵,103827,촉촉연유브래드,1,6900,6900
2026-08-20,밀도,밀도 한티점,폐기,유통기한초과(폐기),모닝롤,103773,모닝롤(6ea),7,5200,36400
2026-08-20,밀도,밀도 잠실점,폐기,유통기한초과(폐기),간식빵,101858,밀도단팥빵,3,3800,11400
2026-08-20,밀도,밀도 잠실점,폐기,유통기한초과(폐기),간식빵,101957,초코허니러스크,2,5800,11600
2026-08-20,밀도,밀도 잠실점,폐기,유통기한초과(폐기),페이스트리,103769,고창고구마데니쉬,1,4600,4600
2026-08-20,밀도,밀도 잠실점,폐기,유통기한초과(폐기),건강빵,103574,무화과오트통밀100,3,5500,16500
2026-08-20,밀도,밀도 옥수점,폐기,유통기한초과(폐기),식빵,102966,달밤식빵,1,8900,8900
2026-08-20,밀도,밀도 옥수점,폐기,유통기한초과(폐기),미니식빵,103824,리치 모카빵,1,6900,6900
2026-08-20,밀도,밀도 압구정현대점,폐기,유통기한초과(폐기),간식빵,101451,허니러스크,4,5200,20800
2026-08-20,밀도,밀도 압구정현대점,폐기,유통기한초과(폐기),간식빵,101957,초코허니러스크,4,5800,23200
2026-08-20,밀도,밀도 압구정현대점,폐기,유통기한초과(폐기),시그니처샌드,102272,땅콩크림샌드,10,5800,58000
2026-08-20,밀도,밀도 압구정현대점,폐기,유통기한초과(폐기),식빵,100003,담백식빵,4,7800,31200
2026-08-20,밀도,밀도 압구정현대점,폐기,유통기한초과(폐기),식빵,102321,담백식빵Half,3,4500,13500
2026-08-20,밀도,밀도 압구정현대점,폐기,유통기한초과(폐기),식빵,102322,리치식빵Half,1,4800,4800
2026-08-20,밀도,밀도 압구정현대점,폐기,유통기한초과(폐기),식빵,102966,달밤식빵,1,8900,8900
2026-08-20,밀도,밀도 압구정현대점,폐기,유통기한초과(폐기),소금빵,102778,앙버터소금빵,1,4800,4800
2026-08-20,밀도,밀도 알토점,폐기,유통기한초과(폐기),간식빵,103704,크림치즈포테이토,1,4200,4200
2026-08-20,밀도,밀도 알토점,폐기,유통기한초과(폐기),간식빵,103766,누텔라로쉐큐브식빵,1,5200,5200
2026-08-20,밀도,밀도 알토점,폐기,유통기한초과(폐기),쿠키 브라우니,103459,샤브레쿠키(2ea),5,2000,10000
2026-08-20,밀도,밀도 알토점,폐기,유통기한초과(폐기),미니식빵,103824,리치 모카빵,1,6900,6900
2026-08-20,밀도,밀도 알토점,폐기,유통기한초과(폐기),스콘,101119,레몬스콘,2,3800,7600
2026-08-20,밀도,밀도 알토점,폐기,유통기한초과(폐기),스콘,102977,리코타사워크림스콘,1,4200,4200
2026-08-20,밀도,밀도 성수점,폐기,유통기한초과(폐기),간식빵,100625,큐브시나몬,1,3800,3800
2026-08-20,밀도,밀도 성수점,폐기,유통기한초과(폐기),간식빵,103704,크림치즈포테이토,4,4200,16800
2026-08-20,밀도,밀도 성수점,폐기,유통기한초과(폐기),간식빵,103766,누텔라로쉐큐브식빵,4,5200,20800
2026-08-20,밀도,밀도 성수점,폐기,유통기한초과(폐기),샌드위치,103027,블루베리잼 잠봉뵈르,1,8900,8900
2026-08-20,밀도,밀도 롯데평촌점,폐기,유통기한초과(폐기),간식빵,101327,큐브소보로,11,3800,41800
2026-08-20,밀도,밀도 롯데평촌점,폐기,유통기한초과(폐기),간식빵,101451,허니러스크,5,5200,26000
2026-08-20,밀도,밀도 롯데평촌점,폐기,유통기한초과(폐기),간식빵,101957,초코허니러스크,6,5800,34800
2026-08-20,밀도,밀도 롯데평촌점,폐기,유통기한초과(폐기),페이스트리,103769,고창고구마데니쉬,8,4600,36800
2026-08-20,밀도,밀도 롯데평촌점,폐기,유통기한초과(폐기),디저트,103616,수제국산생크림롤케이크,3,6200,18600
2026-08-20,밀도,밀도 롯데평촌점,폐기,유통기한초과(폐기),디저트,103737,허쉬딥초코롤케이크(조각),1,6500,6500
2026-08-20,밀도,밀도 롯데평촌점,폐기,유통기한초과(폐기),시그니처샌드,102272,땅콩크림샌드,14,5800,81200
2026-08-20,밀도,밀도 롯데평촌점,폐기,유통기한초과(폐기),샌드위치,103807,잠봉에멘탈크로와상샌드위치,6,7900,47400
2026-08-20,밀도,밀도 롯데평촌점,폐기,유통기한초과(폐기),식빵,102966,달밤식빵,4,8900,35600
2026-08-20,밀도,밀도 롯데평촌점,폐기,유통기한초과(폐기),미니식빵,103824,리치 모카빵,7,6900,48300
2026-08-20,밀도,밀도 롯데평촌점,폐기,유통기한초과(폐기),스콘,101119,레몬스콘,14,3800,53200
2026-08-20,밀도,밀도 롯데노원점,폐기,유통기한초과(폐기),간식빵,101327,큐브소보로,5,3800,19000
2026-08-20,밀도,밀도 롯데노원점,폐기,유통기한초과(폐기),간식빵,101451,허니러스크,1,5200,5200
2026-08-20,밀도,밀도 롯데노원점,폐기,유통기한초과(폐기),간식빵,102587,밀도맘모스,3,6200,18600
2026-08-20,밀도,밀도 롯데노원점,폐기,유통기한초과(폐기),간식빵,102976,앙버터허니러스크,3,6200,18600
2026-08-20,밀도,밀도 롯데노원점,폐기,유통기한초과(폐기),간식빵,103766,누텔라로쉐큐브식빵,3,5200,15600
2026-08-20,밀도,밀도 롯데노원점,폐기,유통기한초과(폐기),디저트,102978,상하카라멜푸딩,3,5200,15600
2026-08-20,밀도,밀도 롯데노원점,폐기,유통기한초과(폐기),디저트,103569,상하초콜릿푸딩,1,5500,5500
2026-08-20,밀도,밀도 롯데노원점,폐기,유통기한초과(폐기),시그니처샌드,102272,땅콩크림샌드,2,5800,11600
2026-08-20,밀도,밀도 롯데노원점,폐기,유통기한초과(폐기),샌드위치,103806,바질치폴레닭가슴살샌드위치,2,8900,17800
2026-08-20,밀도,밀도 롯데노원점,폐기,유통기한초과(폐기),샌드위치,103807,잠봉에멘탈크로와상샌드위치,3,7900,23700
2026-08-20,밀도,밀도 롯데노원점,폐기,유통기한초과(폐기),식빵,102684,튼튼고양식빵,3,6900,20700
2026-08-20,밀도,밀도 롯데노원점,폐기,유통기한초과(폐기),식빵,102966,달밤식빵,9,8900,80100
2026-08-20,밀도,밀도 롯데노원점,폐기,유통기한초과(폐기),미니식빵,103663,밤완두바브카,1,7200,7200
2026-08-20,밀도,밀도 롯데노원점,폐기,유통기한초과(폐기),미니식빵,103824,리치 모카빵,2,6900,13800
2026-08-20,밀도,밀도 롯데노원점,폐기,유통기한초과(폐기),건강빵,102983,촉촉감자치아바타,10,4800,48000
2026-08-20,밀도,밀도 롯데노원점,폐기,유통기한초과(폐기),건강빵,103574,무화과오트통밀100,3,5500,16500
2026-08-20,밀도,밀도 롯데노원점,폐기,유통기한초과(폐기),건강빵,103622,마르게리따포카치아,7,5500,38500
2026-08-20,밀도,밀도 롯데노원점,폐기,유통기한초과(폐기),스콘,101119,레몬스콘,2,3800,7600
2026-08-20,밀도,밀도 롯데노원점,폐기,유통기한초과(폐기),소금빵,102778,앙버터소금빵,5,4800,24000
2026-08-20,밀도,밀도 뉴코아강남점,폐기,유통기한초과(폐기),간식빵,100010,큐브커스터드,1,4700,4700
2026-08-20,밀도,밀도 뉴코아강남점,폐기,유통기한초과(폐기),간식빵,101327,큐브소보로,3,3800,11400
2026-08-20,밀도,밀도 뉴코아강남점,폐기,유통기한초과(폐기),간식빵,101957,초코허니러스크,2,5800,11600
2026-08-20,밀도,밀도 뉴코아강남점,폐기,유통기한초과(폐기),간식빵,102587,밀도맘모스,1,6200,6200
2026-08-20,밀도,밀도 뉴코아강남점,폐기,유통기한초과(폐기),카스텔라,103842,제주한라봉에그촉촉카스텔라,2,13000,26000
2026-08-20,밀도,밀도 뉴코아강남점,폐기,유통기한초과(폐기),샌드위치,103286,에그마요 소금빵,1,5200,5200
2026-08-20,밀도,밀도 뉴코아강남점,폐기,유통기한초과(폐기),샌드위치,103807,잠봉에멘탈크로와상샌드위치,3,7900,23700
2026-08-20,밀도,밀도 뉴코아강남점,폐기,유통기한초과(폐기),식빵,102684,튼튼고양식빵,1,6900,6900
2026-08-20,밀도,밀도 뉴코아강남점,폐기,유통기한초과(폐기),식빵,103814,얼룩 고양 식빵,3,7500,22500
2026-08-20,밀도,밀도 뉴코아강남점,폐기,유통기한초과(폐기),건강빵,102983,촉촉감자치아바타,3,4800,14400
2026-08-20,밀도,밀도 뉴코아강남점,폐기,유통기한초과(폐기),건강빵,102993,프룻로데브,1,7800,7800
2026-08-20,밀도,밀도 뉴코아강남점,폐기,유통기한초과(폐기),건강빵,103574,무화과오트통밀100,2,5500,11000
2026-08-20,밀도,밀도 뉴코아강남점,폐기,유통기한초과(폐기),소금빵,102844,the부드러운소금빵,4,3600,14400
2026-08-20,밀도,밀도 광장점,폐기,유통기한초과(폐기),간식빵,101451,허니러스크,5,5200,26000
2026-08-20,밀도,밀도 광장점,폐기,유통기한초과(폐기),간식빵,102587,밀도맘모스,2,6200,12400
2026-08-20,밀도,밀도 광장점,폐기,유통기한초과(폐기),시그니처샌드,102272,땅콩크림샌드,5,5800,29000
2026-08-20,밀도,밀도 광장점,폐기,유통기한초과(폐기),미니식빵,103764,누텔라바브카,3,7800,23400
2026-08-20,밀도,밀도 광교점,폐기,유통기한초과(폐기),간식빵,101451,허니러스크,4,5200,20800
2026-08-20,밀도,밀도 광교점,폐기,유통기한초과(폐기),페이스트리,103769,고창고구마데니쉬,2,4600,9200
2026-08-20,밀도,밀도 광교점,폐기,유통기한초과(폐기),디저트,103616,수제국산생크림롤케이크,1,6200,6200
2026-08-20,밀도,밀도 광교점,폐기,유통기한초과(폐기),샌드위치,103806,바질치폴레닭가슴살샌드위치,1,8900,8900
2026-08-20,밀도,밀도 광교점,폐기,유통기한초과(폐기),식빵,100003,담백식빵,12,7800,93600
2026-08-20,밀도,밀도 광교점,폐기,유통기한초과(폐기),식빵,100004,리치식빵,4,8400,33600
2026-08-20,밀도,밀도 광교점,폐기,유통기한초과(폐기),식빵,102684,튼튼고양식빵,1,6900,6900
2026-08-20,밀도,밀도 광교점,폐기,유통기한초과(폐기),식빵,103814,얼룩 고양 식빵,5,7500,37500
2026-08-20,밀도,밀도 광교점,폐기,유통기한초과(폐기),건강빵,102983,촉촉감자치아바타,3,4800,14400
2026-08-20,밀도,밀도 광교점,폐기,유통기한초과(폐기),모닝롤,102683,모닝롤,5,3800,19000
2026-08-20,밀도,밀도 광교점,폐기,유통기한초과(폐기),스콘,101119,레몬스콘,3,3800,11400
2026-08-20,밀도,밀도 광교점,폐기,유통기한초과(폐기),스콘,102977,리코타사워크림스콘,1,4200,4200
2026-08-20,밀도,밀도 광교점,폐기,유통기한초과(폐기),소금빵,102844,the부드러운소금빵,15,3600,54000
2026-08-20,밀도,밀도 고양점,폐기,유통기한초과(폐기),간식빵,102587,밀도맘모스,4,6200,24800
2026-08-20,밀도,밀도 고양점,폐기,유통기한초과(폐기),간식빵,103766,누텔라로쉐큐브식빵,2,5200,10400
2026-08-20,밀도,밀도 고양점,폐기,유통기한초과(폐기),페이스트리,103768,애플시나몬크림치즈데니쉬,2,4900,9800
2026-08-20,밀도,밀도 고양점,폐기,유통기한초과(폐기),페이스트리,103769,고창고구마데니쉬,2,4600,9200
2026-08-20,밀도,밀도 고양점,폐기,유통기한초과(폐기),식빵,103814,얼룩 고양 식빵,4,7500,30000
2026-08-20,밀도,밀도 고양점,폐기,유통기한초과(폐기),미니식빵,103824,리치 모카빵,3,6900,20700
2026-08-20,밀도,밀도 고양점,폐기,유통기한초과(폐기),건강빵,103574,무화과오트통밀100,4,5500,22000
2026-08-20,밀도,밀도 고양점,폐기,유통기한초과(폐기),건강빵,103575,단호박고구마통밀(whole),3,5500,16500
2026-08-20,밀도,밀도 고양점,폐기,유통기한초과(폐기),스콘,102977,리코타사워크림스콘,2,4200,8400
2026-08-20,밀도,밀도 경기점,폐기,유통기한초과(폐기),간식빵,101858,밀도단팥빵,2,3800,7600
2026-08-20,밀도,밀도 경기점,폐기,유통기한초과(폐기),간식빵,102587,밀도맘모스,1,6200,6200
2026-08-20,밀도,밀도 강남점,폐기,유통기한초과(폐기),식빵,103814,얼룩 고양 식빵,1,7500,7500
2026-08-21,밀도,밀도 한티점,폐기,유통기한초과(폐기),간식빵,103704,크림치즈포테이토,2,4200,8400
2026-08-21,밀도,밀도 한티점,폐기,유통기한초과(폐기),식빵,102338,통팥앙식빵,7,3900,27300
2026-08-21,밀도,밀도 한티점,폐기,유통기한초과(폐기),식빵,102684,튼튼고양식빵,7,6900,48300
2026-08-21,밀도,밀도 한티점,폐기,유통기한초과(폐기),스콘,102977,리코타사워크림스콘,2,4200,8400
2026-08-21,밀도,밀도 알토점,폐기,유통기한초과(폐기),간식빵,103766,누텔라로쉐큐브식빵,2,5200,10400
2026-08-21,밀도,밀도 알토점,폐기,유통기한초과(폐기),식빵,102684,튼튼고양식빵,1,6900,6900
2026-08-21,밀도,밀도 알토점,폐기,유통기한초과(폐기),식빵,103814,얼룩 고양 식빵,2,7500,15000
2026-08-21,밀도,밀도 알토점,폐기,유통기한초과(폐기),스콘,101119,레몬스콘,2,3800,7600
2026-08-21,밀도,밀도 성수점,폐기,유통기한초과(폐기),간식빵,101327,큐브소보로,6,3800,22800
2026-08-21,밀도,밀도 성수점,폐기,유통기한초과(폐기),간식빵,103704,크림치즈포테이토,3,4200,12600
2026-08-21,밀도,밀도 성수점,폐기,유통기한초과(폐기),샌드위치,103027,블루베리잼 잠봉뵈르,2,8900,17800
2026-08-21,밀도,밀도 성수점,폐기,유통기한초과(폐기),샌드위치,103286,에그마요 소금빵,2,5200,10400
2026-08-21,밀도,밀도 성수점,폐기,유통기한초과(폐기),식빵,102966,달밤식빵,1,8900,8900
2026-08-21,밀도,밀도 성수점,폐기,유통기한초과(폐기),건강빵,102983,촉촉감자치아바타,5,4800,24000
2026-08-21,밀도,밀도 롯데평촌점,폐기,유통기한초과(폐기),간식빵,101327,큐브소보로,6,3800,22800
2026-08-21,밀도,밀도 롯데평촌점,폐기,유통기한초과(폐기),간식빵,102587,밀도맘모스,11,6200,68200
2026-08-21,밀도,밀도 롯데평촌점,폐기,유통기한초과(폐기),간식빵,103704,크림치즈포테이토,14,4200,58800
2026-08-21,밀도,밀도 롯데평촌점,폐기,유통기한초과(폐기),페이스트리,103768,애플시나몬크림치즈데니쉬,34,4900,166600
2026-08-21,밀도,밀도 롯데평촌점,폐기,유통기한초과(폐기),페이스트리,103769,고창고구마데니쉬,20,4600,92000
2026-08-21,밀도,밀도 롯데평촌점,폐기,유통기한초과(폐기),파운드,102607,레몬파운드,30,5600,168000
2026-08-21,밀도,밀도 롯데평촌점,폐기,유통기한초과(폐기),디저트,103616,수제국산생크림롤케이크,3,6200,18600
2026-08-21,밀도,밀도 롯데평촌점,폐기,유통기한초과(폐기),디저트,103737,허쉬딥초코롤케이크(조각),10,6500,65000
2026-08-21,밀도,밀도 롯데평촌점,폐기,유통기한초과(폐기),샌드위치,103807,잠봉에멘탈크로와상샌드위치,6,7900,47400
2026-08-21,밀도,밀도 롯데평촌점,폐기,유통기한초과(폐기),식빵,102966,달밤식빵,22,8900,195800
2026-08-21,밀도,밀도 롯데평촌점,폐기,유통기한초과(폐기),미니식빵,103824,리치 모카빵,4,6900,27600
2026-08-21,밀도,밀도 롯데평촌점,폐기,유통기한초과(폐기),건강빵,103575,단호박고구마통밀(whole),1,5500,5500
2026-08-21,밀도,밀도 롯데노원점,폐기,유통기한초과(폐기),간식빵,101451,허니러스크,18,5200,93600
2026-08-21,밀도,밀도 롯데노원점,폐기,유통기한초과(폐기),간식빵,102587,밀도맘모스,1,6200,6200
2026-08-21,밀도,밀도 롯데노원점,폐기,유통기한초과(폐기),간식빵,103766,누텔라로쉐큐브식빵,3,5200,15600
2026-08-21,밀도,밀도 롯데노원점,폐기,유통기한초과(폐기),디저트,103569,상하초콜릿푸딩,1,5500,5500
2026-08-21,밀도,밀도 롯데노원점,폐기,유통기한초과(폐기),디저트,103616,수제국산생크림롤케이크,1,6200,6200
2026-08-21,밀도,밀도 롯데노원점,폐기,유통기한초과(폐기),디저트,103737,허쉬딥초코롤케이크(조각),3,6500,19500
2026-08-21,밀도,밀도 롯데노원점,폐기,유통기한초과(폐기),샌드위치,103027,블루베리잼 잠봉뵈르,2,8900,17800
2026-08-21,밀도,밀도 롯데노원점,폐기,유통기한초과(폐기),샌드위치,103806,바질치폴레닭가슴살샌드위치,1,8900,8900
2026-08-21,밀도,밀도 롯데노원점,폐기,유통기한초과(폐기),식빵,102966,달밤식빵,3,8900,26700
2026-08-21,밀도,밀도 롯데노원점,폐기,유통기한초과(폐기),식빵,103644,더잡곡식빵리뉴얼,3,12800,38400
2026-08-21,밀도,밀도 롯데노원점,폐기,유통기한초과(폐기),식빵,103814,얼룩 고양 식빵,2,7500,15000
2026-08-21,밀도,밀도 롯데노원점,폐기,유통기한초과(폐기),미니식빵,103764,누텔라바브카,2,7800,15600
2026-08-21,밀도,밀도 롯데노원점,폐기,유통기한초과(폐기),건강빵,102983,촉촉감자치아바타,2,4800,9600
2026-08-21,밀도,밀도 롯데노원점,폐기,유통기한초과(폐기),건강빵,103574,무화과오트통밀100,2,5500,11000
2026-08-21,밀도,밀도 롯데노원점,폐기,유통기한초과(폐기),건강빵,103575,단호박고구마통밀(whole),2,5500,11000
2026-08-21,밀도,밀도 롯데노원점,폐기,유통기한초과(폐기),건강빵,103622,마르게리따포카치아,3,5500,16500
2026-08-21,밀도,밀도 롯데노원점,폐기,유통기한초과(폐기),스콘,101119,레몬스콘,8,3800,30400
2026-08-21,밀도,밀도 롯데노원점,폐기,유통기한초과(폐기),소금빵,102778,앙버터소금빵,12,4800,57600
2026-08-21,밀도,밀도 뉴코아강남점,폐기,유통기한초과(폐기),간식빵,100010,큐브커스터드,1,4700,4700
2026-08-21,밀도,밀도 뉴코아강남점,폐기,유통기한초과(폐기),간식빵,100625,큐브시나몬,4,3800,15200
2026-08-21,밀도,밀도 뉴코아강남점,폐기,유통기한초과(폐기),간식빵,101327,큐브소보로,1,3800,3800
2026-08-21,밀도,밀도 뉴코아강남점,폐기,유통기한초과(폐기),간식빵,101451,허니러스크,3,5200,15600
2026-08-21,밀도,밀도 뉴코아강남점,폐기,유통기한초과(폐기),간식빵,102976,앙버터허니러스크,2,6200,12400
2026-08-21,밀도,밀도 뉴코아강남점,폐기,유통기한초과(폐기),간식빵,103704,크림치즈포테이토,1,4200,4200
2026-08-21,밀도,밀도 뉴코아강남점,폐기,유통기한초과(폐기),시그니처샌드,102272,땅콩크림샌드,9,5800,52200
2026-08-21,밀도,밀도 뉴코아강남점,폐기,유통기한초과(폐기),샌드위치,103027,블루베리잼 잠봉뵈르,1,8900,8900
2026-08-21,밀도,밀도 뉴코아강남점,폐기,유통기한초과(폐기),샌드위치,103805,아이올리베이컨토마토샌드위치,6,8900,53400
2026-08-21,밀도,밀도 뉴코아강남점,폐기,유통기한초과(폐기),샌드위치,103807,잠봉에멘탈크로와상샌드위치,6,7900,47400
2026-08-21,밀도,밀도 뉴코아강남점,폐기,유통기한초과(폐기),식빵,102684,튼튼고양식빵,6,6900,41400
2026-08-21,밀도,밀도 뉴코아강남점,폐기,유통기한초과(폐기),식빵,103644,더잡곡식빵리뉴얼,2,12800,25600
2026-08-21,밀도,밀도 뉴코아강남점,폐기,유통기한초과(폐기),건강빵,102993,프룻로데브,2,7800,15600
2026-08-21,밀도,밀도 뉴코아강남점,폐기,유통기한초과(폐기),모닝롤,102683,모닝롤,5,3800,19000
2026-08-21,밀도,밀도 뉴코아강남점,폐기,유통기한초과(폐기),소금빵,102844,the부드러운소금빵,1,3600,3600
2026-08-21,밀도,밀도 광장점,폐기,유통기한초과(폐기),간식빵,100625,큐브시나몬,1,3800,3800
2026-08-21,밀도,밀도 광장점,폐기,유통기한초과(폐기),간식빵,101858,밀도단팥빵,2,3800,7600
2026-08-21,밀도,밀도 광장점,폐기,유통기한초과(폐기),간식빵,102587,밀도맘모스,2,6200,12400
2026-08-21,밀도,밀도 광장점,폐기,유통기한초과(폐기),미니식빵,103824,리치 모카빵,3,6900,20700
2026-08-21,밀도,밀도 광장점,폐기,유통기한초과(폐기),모닝롤,103773,모닝롤(6ea),2,5200,10400
2026-08-21,밀도,밀도 광교점,폐기,유통기한초과(폐기),파운드,103834,피스타치오휘낭시에리뉴얼,1,3200,3200
2026-08-21,밀도,밀도 광교점,폐기,유통기한초과(폐기),샌드위치,103806,바질치폴레닭가슴살샌드위치,1,8900,8900
2026-08-21,밀도,밀도 광교점,폐기,유통기한초과(폐기),식빵,102684,튼튼고양식빵,2,6900,13800
2026-08-21,밀도,밀도 광교점,폐기,유통기한초과(폐기),식빵,103814,얼룩 고양 식빵,1,7500,7500
2026-08-21,밀도,밀도 광교점,폐기,유통기한초과(폐기),미니식빵,103824,리치 모카빵,3,6900,20700
2026-08-21,밀도,밀도 광교점,폐기,유통기한초과(폐기),소금빵,102844,the부드러운소금빵,1,3600,3600
2026-08-21,밀도,밀도 고양점,폐기,유통기한초과(폐기),간식빵,103704,크림치즈포테이토,2,4200,8400
2026-08-21,밀도,밀도 고양점,폐기,유통기한초과(폐기),간식빵,103766,누텔라로쉐큐브식빵,3,5200,15600
2026-08-21,밀도,밀도 고양점,폐기,유통기한초과(폐기),샌드위치,103807,잠봉에멘탈크로와상샌드위치,2,7900,15800
2026-08-21,밀도,밀도 고양점,폐기,유통기한초과(폐기),건강빵,103575,단호박고구마통밀(whole),3,5500,16500
2026-08-21,밀도,밀도 경기점,폐기,유통기한초과(폐기),간식빵,101451,허니러스크,1,5200,5200
2026-08-21,밀도,밀도 경기점,폐기,유통기한초과(폐기),간식빵,102587,밀도맘모스,1,6200,6200
2026-08-21,밀도,밀도 경기점,폐기,유통기한초과(폐기),스콘,102977,리코타사워크림스콘,2,4200,8400
2026-08-21,밀도,밀도 강남점,폐기,유통기한초과(폐기),간식빵,100010,큐브커스터드,2,4700,9400
2026-08-21,밀도,밀도 강남점,폐기,유통기한초과(폐기),간식빵,100625,큐브시나몬,2,3800,7600
2026-08-21,밀도,밀도 강남점,폐기,유통기한초과(폐기),간식빵,101327,큐브소보로,1,3800,3800
2026-08-22,밀도,밀도 한티점,폐기,유통기한초과(폐기),페이스트리,103768,애플시나몬크림치즈데니쉬,1,4900,4900
2026-08-22,밀도,밀도 한티점,폐기,유통기한초과(폐기),샌드위치,103807,잠봉에멘탈크로와상샌드위치,1,7900,7900
2026-08-22,밀도,밀도 한티점,폐기,유통기한초과(폐기),식빵,102335,호밀잡곡식빵,7,6500,45500
2026-08-22,밀도,밀도 한티점,폐기,유통기한초과(폐기),식빵,102684,튼튼고양식빵,3,6900,20700
2026-08-22,밀도,밀도 한티점,폐기,유통기한초과(폐기),스콘,101119,레몬스콘,1,3800,3800
2026-08-22,밀도,밀도 옥수점,폐기,유통기한초과(폐기),식빵,102335,호밀잡곡식빵,5,6500,32500
2026-08-22,밀도,밀도 알토점,폐기,유통기한초과(폐기),간식빵,103704,크림치즈포테이토,1,4200,4200
2026-08-22,밀도,밀도 알토점,폐기,유통기한초과(폐기),시그니처샌드,102272,땅콩크림샌드,9,5800,52200
2026-08-22,밀도,밀도 알토점,폐기,유통기한초과(폐기),샌드위치,103286,에그마요 소금빵,2,5200,10400
2026-08-22,밀도,밀도 알토점,폐기,유통기한초과(폐기),식빵,103814,얼룩 고양 식빵,1,7500,7500
2026-08-22,밀도,밀도 알토점,폐기,유통기한초과(폐기),스콘,101119,레몬스콘,2,3800,7600
2026-08-22,밀도,밀도 알토점,폐기,유통기한초과(폐기),스콘,102977,리코타사워크림스콘,1,4200,4200
2026-08-22,밀도,밀도 성수점,폐기,유통기한초과(폐기),샌드위치,103286,에그마요 소금빵,3,5200,15600
2026-08-22,밀도,밀도 성수점,폐기,유통기한초과(폐기),샌드위치,103805,아이올리베이컨토마토샌드위치,2,8900,17800
2026-08-22,밀도,밀도 성수점,폐기,유통기한초과(폐기),샌드위치,103807,잠봉에멘탈크로와상샌드위치,4,7900,31600
2026-08-22,밀도,밀도 무역현대점,폐기,유통기한초과(폐기),간식빵,100010,큐브커스터드,1,4700,4700
2026-08-22,밀도,밀도 무역현대점,폐기,유통기한초과(폐기),간식빵,101451,허니러스크,3,5200,15600
2026-08-22,밀도,밀도 무역현대점,폐기,유통기한초과(폐기),시그니처샌드,102272,땅콩크림샌드,1,5800,5800
2026-08-22,밀도,밀도 롯데평촌점,폐기,유통기한초과(폐기),페이스트리,103768,애플시나몬크림치즈데니쉬,1,4900,4900
2026-08-22,밀도,밀도 롯데평촌점,폐기,유통기한초과(폐기),디저트,103737,허쉬딥초코롤케이크(조각),1,6500,6500
2026-08-22,밀도,밀도 롯데평촌점,폐기,유통기한초과(폐기),샌드위치,103806,바질치폴레닭가슴살샌드위치,2,8900,17800
2026-08-22,밀도,밀도 롯데평촌점,폐기,유통기한초과(폐기),샌드위치,103807,잠봉에멘탈크로와상샌드위치,3,7900,23700
2026-08-22,밀도,밀도 롯데노원점,폐기,유통기한초과(폐기),간식빵,101327,큐브소보로,2,3800,7600
2026-08-22,밀도,밀도 롯데노원점,폐기,유통기한초과(폐기),간식빵,101858,밀도단팥빵,1,3800,3800
2026-08-22,밀도,밀도 롯데노원점,폐기,유통기한초과(폐기),간식빵,102976,앙버터허니러스크,7,6200,43400
2026-08-22,밀도,밀도 롯데노원점,폐기,유통기한초과(폐기),간식빵,103704,크림치즈포테이토,3,4200,12600
2026-08-22,밀도,밀도 롯데노원점,폐기,유통기한초과(폐기),간식빵,103766,누텔라로쉐큐브식빵,1,5200,5200
2026-08-22,밀도,밀도 롯데노원점,폐기,유통기한초과(폐기),샌드위치,103286,에그마요 소금빵,2,5200,10400
2026-08-22,밀도,밀도 롯데노원점,폐기,유통기한초과(폐기),샌드위치,103807,잠봉에멘탈크로와상샌드위치,4,7900,31600
2026-08-22,밀도,밀도 롯데노원점,폐기,유통기한초과(폐기),식빵,102684,튼튼고양식빵,9,6900,62100
2026-08-22,밀도,밀도 롯데노원점,폐기,유통기한초과(폐기),식빵,102966,달밤식빵,1,8900,8900
2026-08-22,밀도,밀도 롯데노원점,폐기,유통기한초과(폐기),식빵,103814,얼룩 고양 식빵,12,7500,90000
2026-08-22,밀도,밀도 롯데노원점,폐기,유통기한초과(폐기),건강빵,103571,올리브치즈치아바타,2,5200,10400
2026-08-22,밀도,밀도 롯데노원점,폐기,유통기한초과(폐기),건강빵,103575,단호박고구마통밀(whole),14,5500,77000
2026-08-22,밀도,밀도 롯데노원점,폐기,유통기한초과(폐기),건강빵,103578,불고기포카치아,2,5500,11000
2026-08-22,밀도,밀도 롯데노원점,폐기,유통기한초과(폐기),건강빵,103622,마르게리따포카치아,1,5500,5500
2026-08-22,밀도,밀도 롯데노원점,폐기,유통기한초과(폐기),소금빵,102778,앙버터소금빵,2,4800,9600
2026-08-22,밀도,밀도 롯데노원점,폐기,유통기한초과(폐기),소금빵,102844,the부드러운소금빵,2,3600,7200
2026-08-22,밀도,밀도 뉴코아강남점,폐기,유통기한초과(폐기),간식빵,100010,큐브커스터드,3,4700,14100
2026-08-22,밀도,밀도 뉴코아강남점,폐기,유통기한초과(폐기),간식빵,100625,큐브시나몬,2,3800,7600
2026-08-22,밀도,밀도 뉴코아강남점,폐기,유통기한초과(폐기),간식빵,102976,앙버터허니러스크,2,6200,12400
2026-08-22,밀도,밀도 뉴코아강남점,폐기,유통기한초과(폐기),디저트,102978,상하카라멜푸딩,4,5200,20800
2026-08-22,밀도,밀도 뉴코아강남점,폐기,유통기한초과(폐기),시그니처샌드,102272,땅콩크림샌드,4,5800,23200
2026-08-22,밀도,밀도 뉴코아강남점,폐기,유통기한초과(폐기),샌드위치,103027,블루베리잼 잠봉뵈르,1,8900,8900
2026-08-22,밀도,밀도 뉴코아강남점,폐기,유통기한초과(폐기),샌드위치,103286,에그마요 소금빵,1,5200,5200
2026-08-22,밀도,밀도 뉴코아강남점,폐기,유통기한초과(폐기),샌드위치,103805,아이올리베이컨토마토샌드위치,9,8900,80100
2026-08-22,밀도,밀도 뉴코아강남점,폐기,유통기한초과(폐기),샌드위치,103806,바질치폴레닭가슴살샌드위치,5,8900,44500
2026-08-22,밀도,밀도 뉴코아강남점,폐기,유통기한초과(폐기),모닝롤,102683,모닝롤,1,3800,3800
2026-08-22,밀도,밀도 뉴코아강남점,폐기,유통기한초과(폐기),소금빵,102844,the부드러운소금빵,2,3600,7200
2026-08-22,밀도,밀도 광교점,폐기,유통기한초과(폐기),샌드위치,103806,바질치폴레닭가슴살샌드위치,2,8900,17800
2026-08-22,밀도,밀도 광교점,폐기,유통기한초과(폐기),식빵,100003,담백식빵,1,7800,7800
2026-08-22,밀도,밀도 광교점,폐기,유통기한초과(폐기),식빵,102684,튼튼고양식빵,3,6900,20700
2026-08-22,밀도,밀도 고양점,폐기,유통기한초과(폐기),간식빵,101451,허니러스크,1,5200,5200
2026-08-22,밀도,밀도 고양점,폐기,유통기한초과(폐기),간식빵,103704,크림치즈포테이토,3,4200,12600
2026-08-22,밀도,밀도 고양점,폐기,유통기한초과(폐기),간식빵,103766,누텔라로쉐큐브식빵,2,5200,10400
2026-08-22,밀도,밀도 고양점,폐기,유통기한초과(폐기),미니식빵,103824,리치 모카빵,1,6900,6900
2026-08-22,밀도,밀도 고양점,폐기,유통기한초과(폐기),건강빵,103574,무화과오트통밀100,1,5500,5500
2026-08-22,밀도,밀도 고양점,폐기,유통기한초과(폐기),건강빵,103575,단호박고구마통밀(whole),2,5500,11000
2026-08-22,밀도,밀도 고양점,폐기,유통기한초과(폐기),소금빵,102844,the부드러운소금빵,10,3600,36000
2026-08-22,밀도,밀도 경기점,폐기,유통기한초과(폐기),간식빵,101451,허니러스크,1,5200,5200
2026-08-22,밀도,밀도 강남점,폐기,유통기한초과(폐기),시그니처샌드,102272,땅콩크림샌드,1,5800,5800
2026-08-22,밀도,밀도 강남점,폐기,유통기한초과(폐기),샌드위치,103807,잠봉에멘탈크로와상샌드위치,1,7900,7900
2026-08-23,밀도,밀도 한티점,폐기,유통기한초과(폐기),간식빵,100010,큐브커스터드,1,4700,4700
2026-08-23,밀도,밀도 한티점,폐기,유통기한초과(폐기),간식빵,102587,밀도맘모스,2,6200,12400
2026-08-23,밀도,밀도 한티점,폐기,유통기한초과(폐기),샌드위치,103805,아이올리베이컨토마토샌드위치,3,8900,26700
2026-08-23,밀도,밀도 한티점,폐기,유통기한초과(폐기),샌드위치,103806,바질치폴레닭가슴살샌드위치,2,8900,17800
2026-08-23,밀도,밀도 한티점,폐기,유통기한초과(폐기),식빵,102335,호밀잡곡식빵,0,6500,0
2026-08-23,밀도,밀도 옥수점,폐기,유통기한초과(폐기),식빵,102338,통팥앙식빵,2,3900,7800
2026-08-23,밀도,밀도 알토점,폐기,유통기한초과(폐기),스콘,101119,레몬스콘,2,3800,7600
2026-08-23,밀도,밀도 알토점,폐기,유통기한초과(폐기),스콘,102977,리코타사워크림스콘,2,4200,8400
2026-08-23,밀도,밀도 성수점,폐기,유통기한초과(폐기),간식빵,101327,큐브소보로,2,3800,7600
2026-08-23,밀도,밀도 성수점,폐기,유통기한초과(폐기),페이스트리,103768,애플시나몬크림치즈데니쉬,1,4900,4900
2026-08-23,밀도,밀도 성수점,폐기,유통기한초과(폐기),샌드위치,103027,블루베리잼 잠봉뵈르,3,8900,26700
2026-08-23,밀도,밀도 성수점,폐기,유통기한초과(폐기),샌드위치,103286,에그마요 소금빵,1,5200,5200
2026-08-23,밀도,밀도 성수점,폐기,유통기한초과(폐기),샌드위치,103805,아이올리베이컨토마토샌드위치,5,8900,44500
2026-08-23,밀도,밀도 성수점,폐기,유통기한초과(폐기),미니식빵,103663,밤완두바브카,1,7200,7200
2026-08-23,밀도,밀도 롯데평촌점,폐기,유통기한초과(폐기),파운드,103834,피스타치오휘낭시에리뉴얼,11,3200,35200
2026-08-23,밀도,밀도 롯데평촌점,폐기,유통기한초과(폐기),디저트,103737,허쉬딥초코롤케이크(조각),8,6500,52000
2026-08-23,밀도,밀도 롯데노원점,폐기,유통기한초과(폐기),간식빵,100010,큐브커스터드,1,4700,4700
2026-08-23,밀도,밀도 롯데노원점,폐기,유통기한초과(폐기),디저트,102978,상하카라멜푸딩,1,5200,5200
2026-08-23,밀도,밀도 롯데노원점,폐기,유통기한초과(폐기),디저트,103569,상하초콜릿푸딩,3,5500,16500
2026-08-23,밀도,밀도 롯데노원점,폐기,유통기한초과(폐기),디저트,103616,수제국산생크림롤케이크,2,6200,12400
2026-08-23,밀도,밀도 롯데노원점,폐기,유통기한초과(폐기),디저트,103737,허쉬딥초코롤케이크(조각),1,6500,6500
2026-08-23,밀도,밀도 롯데노원점,폐기,유통기한초과(폐기),샌드위치,103027,블루베리잼 잠봉뵈르,1,8900,8900
2026-08-23,밀도,밀도 롯데노원점,폐기,유통기한초과(폐기),샌드위치,103286,에그마요 소금빵,1,5200,5200
2026-08-23,밀도,밀도 롯데노원점,폐기,유통기한초과(폐기),샌드위치,103805,아이올리베이컨토마토샌드위치,5,8900,44500
2026-08-23,밀도,밀도 롯데노원점,폐기,유통기한초과(폐기),샌드위치,103806,바질치폴레닭가슴살샌드위치,7,8900,62300
2026-08-23,밀도,밀도 롯데노원점,폐기,유통기한초과(폐기),건강빵,103575,단호박고구마통밀(whole),2,5500,11000
2026-08-23,밀도,밀도 뉴코아강남점,폐기,유통기한초과(폐기),간식빵,100010,큐브커스터드,1,4700,4700
2026-08-23,밀도,밀도 뉴코아강남점,폐기,유통기한초과(폐기),샌드위치,103027,블루베리잼 잠봉뵈르,3,8900,26700
2026-08-23,밀도,밀도 뉴코아강남점,폐기,유통기한초과(폐기),샌드위치,103805,아이올리베이컨토마토샌드위치,8,8900,71200
2026-08-23,밀도,밀도 뉴코아강남점,폐기,유통기한초과(폐기),샌드위치,103806,바질치폴레닭가슴살샌드위치,4,8900,35600
2026-08-23,밀도,밀도 뉴코아강남점,폐기,유통기한초과(폐기),건강빵,102983,촉촉감자치아바타,6,4800,28800
2026-08-23,밀도,밀도 광장점,폐기,유통기한초과(폐기),디저트,103737,허쉬딥초코롤케이크(조각),2,6500,13000
2026-08-23,밀도,밀도 광장점,폐기,유통기한초과(폐기),샌드위치,103805,아이올리베이컨토마토샌드위치,2,8900,17800
2026-08-23,밀도,밀도 광장점,폐기,유통기한초과(폐기),샌드위치,103806,바질치폴레닭가슴살샌드위치,2,8900,17800
2026-08-23,밀도,밀도 광장점,폐기,유통기한초과(폐기),미니식빵,103827,촉촉연유브래드,1,6900,6900
2026-08-23,밀도,밀도 광교점,폐기,유통기한초과(폐기),샌드위치,103805,아이올리베이컨토마토샌드위치,3,8900,26700
2026-08-23,밀도,밀도 고양점,폐기,유통기한초과(폐기),간식빵,100625,큐브시나몬,1,3800,3800
2026-08-23,밀도,밀도 고양점,폐기,유통기한초과(폐기),간식빵,101327,큐브소보로,1,3800,3800
2026-08-23,밀도,밀도 고양점,폐기,유통기한초과(폐기),샌드위치,103806,바질치폴레닭가슴살샌드위치,4,8900,35600
2026-08-23,밀도,밀도 고양점,폐기,유통기한초과(폐기),식빵,100003,담백식빵,3,7800,23400
2026-08-23,밀도,밀도 고양점,폐기,유통기한초과(폐기),식빵,100004,리치식빵,8,8400,67200
2026-08-23,밀도,밀도 고양점,폐기,유통기한초과(폐기),식빵,102684,튼튼고양식빵,6,6900,41400
2026-08-23,밀도,밀도 고양점,폐기,유통기한초과(폐기),건강빵,103575,단호박고구마통밀(whole),2,5500,11000
2026-08-23,밀도,밀도 고양점,폐기,유통기한초과(폐기),스콘,102977,리코타사워크림스콘,1,4200,4200
2026-08-23,밀도,밀도 경기점,폐기,유통기한초과(폐기),스콘,102977,리코타사워크림스콘,2,4200,8400
2026-08-23,밀도,밀도 강남점,폐기,유통기한초과(폐기),간식빵,101451,허니러스크,3,5200,15600
2026-08-23,밀도,밀도 강남점,폐기,유통기한초과(폐기),간식빵,101858,밀도단팥빵,1,3800,3800
2026-08-23,밀도,밀도 강남점,폐기,유통기한초과(폐기),샌드위치,103806,바질치폴레닭가슴살샌드위치,1,8900,8900
2026-08-23,밀도,밀도 강남점,폐기,유통기한초과(폐기),스콘,101119,레몬스콘,1,3800,3800
2026-08-24,밀도,밀도 한티점,폐기,유통기한초과(폐기),간식빵,101327,큐브소보로,1,3800,3800
2026-08-24,밀도,밀도 한티점,폐기,유통기한초과(폐기),간식빵,103704,크림치즈포테이토,4,4200,16800
2026-08-24,밀도,밀도 압구정현대점,폐기,유통기한초과(폐기),미니식빵,103663,밤완두바브카,2,7200,14400
2026-08-24,밀도,밀도 압구정현대점,폐기,유통기한초과(폐기),미니식빵,103764,누텔라바브카,2,7800,15600
2026-08-24,밀도,밀도 알토점,폐기,유통기한초과(폐기),간식빵,101957,초코허니러스크,1,5800,5800
2026-08-24,밀도,밀도 알토점,폐기,유통기한초과(폐기),간식빵,102587,밀도맘모스,1,6200,6200
2026-08-24,밀도,밀도 알토점,폐기,유통기한초과(폐기),간식빵,103766,누텔라로쉐큐브식빵,1,5200,5200
2026-08-24,밀도,밀도 알토점,폐기,유통기한초과(폐기),스콘,101119,레몬스콘,1,3800,3800
2026-08-24,밀도,밀도 알토점,폐기,유통기한초과(폐기),소금빵,102844,the부드러운소금빵,2,3600,7200
2026-08-24,밀도,밀도 성수점,폐기,유통기한초과(폐기),간식빵,101858,밀도단팥빵,3,3800,11400
2026-08-24,밀도,밀도 성수점,폐기,유통기한초과(폐기),간식빵,102587,밀도맘모스,4,6200,24800
2026-08-24,밀도,밀도 성수점,폐기,유통기한초과(폐기),샌드위치,103027,블루베리잼 잠봉뵈르,3,8900,26700
2026-08-24,밀도,밀도 성수점,폐기,유통기한초과(폐기),미니식빵,103663,밤완두바브카,2,7200,14400
2026-08-24,밀도,밀도 성수점,폐기,유통기한초과(폐기),미니식빵,103764,누텔라바브카,4,7800,31200
2026-08-24,밀도,밀도 성수점,폐기,유통기한초과(폐기),미니식빵,103827,촉촉연유브래드,2,6900,13800
2026-08-24,밀도,밀도 성수점,폐기,유통기한초과(폐기),소금빵,102778,앙버터소금빵,2,4800,9600
2026-08-24,밀도,밀도 뉴코아강남점,폐기,유통기한초과(폐기),건강빵,102993,프룻로데브,2,7800,15600
2026-08-24,밀도,밀도 광장점,폐기,유통기한초과(폐기),샌드위치,103807,잠봉에멘탈크로와상샌드위치,1,7900,7900
2026-08-24,밀도,밀도 광장점,폐기,유통기한초과(폐기),미니식빵,103663,밤완두바브카,2,7200,14400
2026-08-24,밀도,밀도 광교점,폐기,유통기한초과(폐기),간식빵,101858,밀도단팥빵,3,3800,11400
2026-08-24,밀도,밀도 광교점,폐기,유통기한초과(폐기),파운드,102607,레몬파운드,2,5600,11200
2026-08-24,밀도,밀도 광교점,폐기,유통기한초과(폐기),시그니처샌드,102272,땅콩크림샌드,2,5800,11600
2026-08-24,밀도,밀도 광교점,폐기,유통기한초과(폐기),샌드위치,103807,잠봉에멘탈크로와상샌드위치,1,7900,7900
2026-08-24,밀도,밀도 광교점,폐기,유통기한초과(폐기),식빵,100003,담백식빵,12,7800,93600
2026-08-24,밀도,밀도 광교점,폐기,유통기한초과(폐기),식빵,102684,튼튼고양식빵,24,6900,165600
2026-08-24,밀도,밀도 광교점,폐기,유통기한초과(폐기),식빵,103814,얼룩 고양 식빵,4,7500,30000
2026-08-24,밀도,밀도 광교점,폐기,유통기한초과(폐기),스콘,101119,레몬스콘,2,3800,7600
2026-08-24,밀도,밀도 광교점,폐기,유통기한초과(폐기),소금빵,102778,앙버터소금빵,3,4800,14400
2026-08-24,밀도,밀도 광교점,폐기,유통기한초과(폐기),소금빵,102844,the부드러운소금빵,4,3600,14400
2026-08-24,밀도,밀도 고양점,폐기,유통기한초과(폐기),간식빵,103766,누텔라로쉐큐브식빵,4,5200,20800
2026-08-24,밀도,밀도 고양점,폐기,유통기한초과(폐기),식빵,100003,담백식빵,5,7800,39000
2026-08-24,밀도,밀도 고양점,폐기,유통기한초과(폐기),식빵,100004,리치식빵,3,8400,25200
2026-08-24,밀도,밀도 고양점,폐기,유통기한초과(폐기),식빵,102684,튼튼고양식빵,5,6900,34500
2026-08-24,밀도,밀도 고양점,폐기,유통기한초과(폐기),미니식빵,103824,리치 모카빵,6,6900,41400
2026-08-24,밀도,밀도 고양점,폐기,유통기한초과(폐기),건강빵,103575,단호박고구마통밀(whole),1,5500,5500
2026-08-24,밀도,밀도 강남점,폐기,유통기한초과(폐기),간식빵,101327,큐브소보로,3,3800,11400
2026-08-24,밀도,밀도 강남점,폐기,유통기한초과(폐기),간식빵,103704,크림치즈포테이토,1,4200,4200
2026-08-24,밀도,밀도 강남점,폐기,유통기한초과(폐기),샌드위치,103807,잠봉에멘탈크로와상샌드위치,1,7900,7900
2026-08-24,밀도,밀도 강남점,폐기,유통기한초과(폐기),미니식빵,103824,리치 모카빵,1,6900,6900
2026-08-25,밀도,밀도 한티점,폐기,유통기한초과(폐기),간식빵,102587,밀도맘모스,2,6200,12400
2026-08-25,밀도,밀도 한티점,폐기,유통기한초과(폐기),페이스트리,103769,고창고구마데니쉬,2,4600,9200
2026-08-25,밀도,밀도 한티점,폐기,유통기한초과(폐기),샌드위치,103807,잠봉에멘탈크로와상샌드위치,3,7900,23700
2026-08-25,밀도,밀도 한티점,폐기,유통기한초과(폐기),식빵,102966,달밤식빵,5,8900,44500
2026-08-25,밀도,밀도 한티점,폐기,유통기한초과(폐기),미니식빵,103764,누텔라바브카,5,7800,39000
2026-08-25,밀도,밀도 한티점,폐기,유통기한초과(폐기),모닝롤,103773,모닝롤(6ea),2,5200,10400
2026-08-25,밀도,밀도 옥수점,폐기,유통기한초과(폐기),식빵,102966,달밤식빵,1,8900,8900
2026-08-25,밀도,밀도 압구정현대점,폐기,유통기한초과(폐기),간식빵,101957,초코허니러스크,1,5800,5800
2026-08-25,밀도,밀도 압구정현대점,폐기,유통기한초과(폐기),간식빵,102587,밀도맘모스,1,6200,6200
2026-08-25,밀도,밀도 압구정현대점,폐기,유통기한초과(폐기),식빵,100004,리치식빵,3,8400,25200
2026-08-25,밀도,밀도 압구정현대점,폐기,유통기한초과(폐기),식빵,102322,리치식빵Half,1,4800,4800
2026-08-25,밀도,밀도 압구정현대점,폐기,유통기한초과(폐기),식빵,102966,달밤식빵,1,8900,8900
2026-08-25,밀도,밀도 압구정현대점,폐기,유통기한초과(폐기),건강빵,102983,촉촉감자치아바타,1,4800,4800
2026-08-25,밀도,밀도 알토점,폐기,유통기한초과(폐기),페이스트리,103768,애플시나몬크림치즈데니쉬,1,4900,4900
2026-08-25,밀도,밀도 성수점,폐기,유통기한초과(폐기),간식빵,103766,누텔라로쉐큐브식빵,2,5200,10400
2026-08-25,밀도,밀도 롯데평촌점,폐기,유통기한초과(폐기),간식빵,101327,큐브소보로,3,3800,11400
2026-08-25,밀도,밀도 롯데평촌점,폐기,유통기한초과(폐기),간식빵,101451,허니러스크,37,5200,192400
2026-08-25,밀도,밀도 롯데평촌점,폐기,유통기한초과(폐기),간식빵,101957,초코허니러스크,2,5800,11600
2026-08-25,밀도,밀도 롯데평촌점,폐기,유통기한초과(폐기),간식빵,103704,크림치즈포테이토,5,4200,21000
2026-08-25,밀도,밀도 롯데평촌점,폐기,유통기한초과(폐기),페이스트리,103768,애플시나몬크림치즈데니쉬,15,4900,73500
2026-08-25,밀도,밀도 롯데평촌점,폐기,유통기한초과(폐기),샌드위치,103807,잠봉에멘탈크로와상샌드위치,1,7900,7900
2026-08-25,밀도,밀도 롯데노원점,폐기,유통기한초과(폐기),간식빵,103766,누텔라로쉐큐브식빵,7,5200,36400
2026-08-25,밀도,밀도 롯데노원점,폐기,유통기한초과(폐기),디저트,102978,상하카라멜푸딩,4,5200,20800
2026-08-25,밀도,밀도 롯데노원점,폐기,유통기한초과(폐기),디저트,103569,상하초콜릿푸딩,1,5500,5500
2026-08-25,밀도,밀도 롯데노원점,폐기,유통기한초과(폐기),샌드위치,103027,블루베리잼 잠봉뵈르,1,8900,8900
2026-08-25,밀도,밀도 롯데노원점,폐기,유통기한초과(폐기),샌드위치,103286,에그마요 소금빵,7,5200,36400
2026-08-25,밀도,밀도 롯데노원점,폐기,유통기한초과(폐기),건강빵,103574,무화과오트통밀100,1,5500,5500
2026-08-25,밀도,밀도 롯데노원점,폐기,유통기한초과(폐기),건강빵,103575,단호박고구마통밀(whole),2,5500,11000
2026-08-25,밀도,밀도 롯데노원점,폐기,유통기한초과(폐기),건강빵,103578,불고기포카치아,1,5500,5500
2026-08-25,밀도,밀도 롯데김포점,폐기,유통기한초과(폐기),시그니처샌드,102272,땅콩크림샌드,6,5800,34800
2026-08-25,밀도,밀도 롯데김포점,폐기,유통기한초과(폐기),식빵,100003,담백식빵,4,7800,31200
2026-08-25,밀도,밀도 롯데김포점,폐기,유통기한초과(폐기),식빵,102684,튼튼고양식빵,4,6900,27600
2026-08-25,밀도,밀도 뉴코아강남점,폐기,파손(폐기),시그니처샌드,102272,땅콩크림샌드,1,5800,5800
2026-08-25,밀도,밀도 뉴코아강남점,폐기,유통기한초과(폐기),간식빵,101327,큐브소보로,2,3800,7600
2026-08-25,밀도,밀도 뉴코아강남점,폐기,유통기한초과(폐기),간식빵,101451,허니러스크,2,5200,10400
2026-08-25,밀도,밀도 뉴코아강남점,폐기,유통기한초과(폐기),페이스트리,103768,애플시나몬크림치즈데니쉬,1,4900,4900
2026-08-25,밀도,밀도 뉴코아강남점,폐기,유통기한초과(폐기),샌드위치,103807,잠봉에멘탈크로와상샌드위치,2,7900,15800
2026-08-25,밀도,밀도 뉴코아강남점,폐기,유통기한초과(폐기),식빵,102966,달밤식빵,1,8900,8900
2026-08-25,밀도,밀도 뉴코아강남점,폐기,유통기한초과(폐기),건강빵,102993,프룻로데브,2,7800,15600
2026-08-25,밀도,밀도 뉴코아강남점,폐기,유통기한초과(폐기),건강빵,103574,무화과오트통밀100,1,5500,5500
2026-08-25,밀도,밀도 광장점,폐기,유통기한초과(폐기),식빵,102966,달밤식빵,1,8900,8900
2026-08-25,밀도,밀도 광장점,폐기,유통기한초과(폐기),식빵,103814,얼룩 고양 식빵,3,7500,22500
2026-08-25,밀도,밀도 광장점,폐기,유통기한초과(폐기),미니식빵,103663,밤완두바브카,1,7200,7200
2026-08-25,밀도,밀도 광장점,폐기,유통기한초과(폐기),미니식빵,103824,리치 모카빵,2,6900,13800
2026-08-25,밀도,밀도 광교점,폐기,유통기한초과(폐기),식빵,100003,담백식빵,18,7800,140400
2026-08-25,밀도,밀도 광교점,폐기,유통기한초과(폐기),식빵,100004,리치식빵,1,8400,8400
2026-08-25,밀도,밀도 광교점,폐기,유통기한초과(폐기),식빵,102335,호밀잡곡식빵,1,6500,6500
2026-08-25,밀도,밀도 광교점,폐기,유통기한초과(폐기),식빵,102684,튼튼고양식빵,5,6900,34500
2026-08-25,밀도,밀도 광교점,폐기,유통기한초과(폐기),식빵,103814,얼룩 고양 식빵,3,7500,22500
2026-08-25,밀도,밀도 광교점,폐기,유통기한초과(폐기),미니식빵,103824,리치 모카빵,3,6900,20700
2026-08-25,밀도,밀도 광교점,폐기,유통기한초과(폐기),건강빵,102983,촉촉감자치아바타,2,4800,9600
2026-08-25,밀도,밀도 광교점,폐기,유통기한초과(폐기),스콘,102977,리코타사워크림스콘,3,4200,12600
2026-08-25,밀도,밀도 고양점,폐기,유통기한초과(폐기),간식빵,101451,허니러스크,4,5200,20800
2026-08-25,밀도,밀도 고양점,폐기,유통기한초과(폐기),간식빵,101957,초코허니러스크,3,5800,17400
2026-08-25,밀도,밀도 고양점,폐기,유통기한초과(폐기),간식빵,102587,밀도맘모스,1,6200,6200
2026-08-25,밀도,밀도 고양점,폐기,유통기한초과(폐기),간식빵,103704,크림치즈포테이토,2,4200,8400
2026-08-25,밀도,밀도 고양점,폐기,유통기한초과(폐기),간식빵,103766,누텔라로쉐큐브식빵,2,5200,10400
2026-08-25,밀도,밀도 고양점,폐기,유통기한초과(폐기),페이스트리,103769,고창고구마데니쉬,1,4600,4600
2026-08-25,밀도,밀도 고양점,폐기,유통기한초과(폐기),샌드위치,103027,블루베리잼 잠봉뵈르,1,8900,8900
2026-08-25,밀도,밀도 고양점,폐기,유통기한초과(폐기),미니식빵,103663,밤완두바브카,1,7200,7200
2026-08-25,밀도,밀도 고양점,폐기,유통기한초과(폐기),건강빵,103574,무화과오트통밀100,1,5500,5500
2026-08-25,밀도,밀도 고양점,폐기,유통기한초과(폐기),건강빵,103575,단호박고구마통밀(whole),1,5500,5500
2026-08-25,밀도,밀도 경기점,폐기,유통기한초과(폐기),간식빵,101451,허니러스크,1,5200,5200
2026-08-25,밀도,밀도 강남점,폐기,유통기한초과(폐기),간식빵,101451,허니러스크,8,5200,41600
2026-08-25,밀도,밀도 강남점,폐기,유통기한초과(폐기),간식빵,103704,크림치즈포테이토,2,4200,8400
2026-08-25,밀도,밀도 강남점,폐기,유통기한초과(폐기),샌드위치,103805,아이올리베이컨토마토샌드위치,1,8900,8900
2026-08-25,밀도,밀도 강남점,폐기,유통기한초과(폐기),샌드위치,103807,잠봉에멘탈크로와상샌드위치,1,7900,7900
2026-08-26,밀도,밀도 한티점,폐기,유통기한초과(폐기),간식빵,103704,크림치즈포테이토,5,4200,21000
2026-08-26,밀도,밀도 한티점,폐기,유통기한초과(폐기),페이스트리,103769,고창고구마데니쉬,1,4600,4600
2026-08-26,밀도,밀도 한티점,폐기,유통기한초과(폐기),식빵,102338,통팥앙식빵,1,3900,3900
2026-08-26,밀도,밀도 한티점,폐기,유통기한초과(폐기),식빵,102966,달밤식빵,3,8900,26700
2026-08-26,밀도,밀도 한티점,폐기,유통기한초과(폐기),미니식빵,103663,밤완두바브카,3,7200,21600
2026-08-26,밀도,밀도 한티점,폐기,유통기한초과(폐기),미니식빵,103764,누텔라바브카,1,7800,7800
2026-08-26,밀도,밀도 한티점,폐기,유통기한초과(폐기),미니식빵,103824,리치 모카빵,4,6900,27600
2026-08-26,밀도,밀도 옥수점,폐기,유통기한초과(폐기),간식빵,101957,초코허니러스크,1,5800,5800
2026-08-26,밀도,밀도 옥수점,폐기,유통기한초과(폐기),식빵,100004,리치식빵,3,8400,25200
2026-08-26,밀도,밀도 옥수점,폐기,유통기한초과(폐기),식빵,103814,얼룩 고양 식빵,1,7500,7500
2026-08-26,밀도,밀도 옥수점,폐기,유통기한초과(폐기),미니식빵,103663,밤완두바브카,2,7200,14400
2026-08-26,밀도,밀도 압구정현대점,폐기,유통기한초과(폐기),간식빵,101451,허니러스크,1,5200,5200
2026-08-26,밀도,밀도 압구정현대점,폐기,유통기한초과(폐기),간식빵,102587,밀도맘모스,1,6200,6200
2026-08-26,밀도,밀도 압구정현대점,폐기,유통기한초과(폐기),식빵,102321,담백식빵Half,2,4500,9000
2026-08-26,밀도,밀도 압구정현대점,폐기,유통기한초과(폐기),식빵,102684,튼튼고양식빵,2,6900,13800
2026-08-26,밀도,밀도 압구정현대점,폐기,유통기한초과(폐기),식빵,102966,달밤식빵,3,8900,26700
2026-08-26,밀도,밀도 압구정현대점,폐기,유통기한초과(폐기),식빵,103644,더잡곡식빵리뉴얼,3,12800,38400
2026-08-26,밀도,밀도 성수점,폐기,유통기한초과(폐기),간식빵,103766,누텔라로쉐큐브식빵,3,5200,15600
2026-08-26,밀도,밀도 성수점,폐기,유통기한초과(폐기),샌드위치,103286,에그마요 소금빵,2,5200,10400
2026-08-26,밀도,밀도 성수점,폐기,유통기한초과(폐기),미니식빵,103663,밤완두바브카,1,7200,7200
2026-08-26,밀도,밀도 롯데평촌점,폐기,유통기한초과(폐기),간식빵,100010,큐브커스터드,2,4700,9400
2026-08-26,밀도,밀도 롯데평촌점,폐기,유통기한초과(폐기),간식빵,101327,큐브소보로,3,3800,11400
2026-08-26,밀도,밀도 롯데평촌점,폐기,유통기한초과(폐기),간식빵,101451,허니러스크,2,5200,10400
2026-08-26,밀도,밀도 롯데평촌점,폐기,유통기한초과(폐기),간식빵,101957,초코허니러스크,15,5800,87000
2026-08-26,밀도,밀도 롯데평촌점,폐기,유통기한초과(폐기),파운드,102607,레몬파운드,6,5600,33600
2026-08-26,밀도,밀도 롯데평촌점,폐기,유통기한초과(폐기),디저트,103616,수제국산생크림롤케이크,4,6200,24800
2026-08-26,밀도,밀도 롯데평촌점,폐기,유통기한초과(폐기),디저트,103737,허쉬딥초코롤케이크(조각),4,6500,26000
2026-08-26,밀도,밀도 롯데평촌점,폐기,유통기한초과(폐기),시그니처샌드,102272,땅콩크림샌드,6,5800,34800
2026-08-26,밀도,밀도 롯데평촌점,폐기,유통기한초과(폐기),미니식빵,103824,리치 모카빵,4,6900,27600
2026-08-26,밀도,밀도 롯데노원점,폐기,유통기한초과(폐기),간식빵,102976,앙버터허니러스크,5,6200,31000
2026-08-26,밀도,밀도 롯데노원점,폐기,유통기한초과(폐기),간식빵,103704,크림치즈포테이토,3,4200,12600
2026-08-26,밀도,밀도 롯데노원점,폐기,유통기한초과(폐기),간식빵,103766,누텔라로쉐큐브식빵,6,5200,31200
2026-08-26,밀도,밀도 롯데노원점,폐기,유통기한초과(폐기),시그니처샌드,102272,땅콩크림샌드,8,5800,46400
2026-08-26,밀도,밀도 롯데노원점,폐기,유통기한초과(폐기),샌드위치,103027,블루베리잼 잠봉뵈르,3,8900,26700
2026-08-26,밀도,밀도 롯데노원점,폐기,유통기한초과(폐기),샌드위치,103286,에그마요 소금빵,5,5200,26000
2026-08-26,밀도,밀도 롯데노원점,폐기,유통기한초과(폐기),샌드위치,103806,바질치폴레닭가슴살샌드위치,2,8900,17800
2026-08-26,밀도,밀도 롯데노원점,폐기,유통기한초과(폐기),샌드위치,103807,잠봉에멘탈크로와상샌드위치,1,7900,7900
2026-08-26,밀도,밀도 롯데노원점,폐기,유통기한초과(폐기),식빵,103814,얼룩 고양 식빵,1,7500,7500
2026-08-26,밀도,밀도 롯데노원점,폐기,유통기한초과(폐기),소금빵,102778,앙버터소금빵,3,4800,14400
2026-08-26,밀도,밀도 롯데노원점,폐기,유통기한초과(폐기),소금빵,102844,the부드러운소금빵,3,3600,10800
2026-08-26,밀도,밀도 롯데김포점,폐기,유통기한초과(폐기),페이스트리,103768,애플시나몬크림치즈데니쉬,3,4900,14700
2026-08-26,밀도,밀도 롯데김포점,폐기,유통기한초과(폐기),페이스트리,103769,고창고구마데니쉬,4,4600,18400
2026-08-26,밀도,밀도 롯데김포점,폐기,유통기한초과(폐기),식빵,100003,담백식빵,2,7800,15600
2026-08-26,밀도,밀도 롯데김포점,폐기,유통기한초과(폐기),식빵,100004,리치식빵,3,8400,25200
2026-08-26,밀도,밀도 롯데김포점,폐기,유통기한초과(폐기),스콘,102977,리코타사워크림스콘,6,4200,25200
2026-08-26,밀도,밀도 뉴코아강남점,폐기,유통기한초과(폐기),간식빵,100010,큐브커스터드,3,4700,14100
2026-08-26,밀도,밀도 뉴코아강남점,폐기,유통기한초과(폐기),간식빵,101451,허니러스크,3,5200,15600
2026-08-26,밀도,밀도 뉴코아강남점,폐기,유통기한초과(폐기),건강빵,102991,곡물가득로데브,6,8000,48000
2026-08-26,밀도,밀도 뉴코아강남점,폐기,유통기한초과(폐기),논커피,102193,아임파인주스,8,6500,52000
2026-08-26,밀도,밀도 뉴코아강남점,폐기,유통기한초과(폐기),논커피,102194,오당근주스,1,6500,6500
2026-08-26,밀도,밀도 광장점,폐기,유통기한초과(폐기),시그니처샌드,102272,땅콩크림샌드,2,5800,11600
2026-08-26,밀도,밀도 광장점,폐기,유통기한초과(폐기),샌드위치,103807,잠봉에멘탈크로와상샌드위치,2,7900,15800
2026-08-26,밀도,밀도 광장점,폐기,유통기한초과(폐기),식빵,103814,얼룩 고양 식빵,5,7500,37500
2026-08-26,밀도,밀도 광장점,폐기,유통기한초과(폐기),미니식빵,103764,누텔라바브카,1,7800,7800
2026-08-26,밀도,밀도 광교점,폐기,유통기한초과(폐기),식빵,100003,담백식빵,8,7800,62400
2026-08-26,밀도,밀도 광교점,폐기,유통기한초과(폐기),식빵,102684,튼튼고양식빵,2,6900,13800
2026-08-26,밀도,밀도 광교점,폐기,유통기한초과(폐기),식빵,103814,얼룩 고양 식빵,6,7500,45000
2026-08-26,밀도,밀도 광교점,폐기,유통기한초과(폐기),미니식빵,103827,촉촉연유브래드,4,6900,27600
2026-08-26,밀도,밀도 광교점,폐기,유통기한초과(폐기),건강빵,102983,촉촉감자치아바타,3,4800,14400
2026-08-26,밀도,밀도 광교점,폐기,유통기한초과(폐기),스콘,101119,레몬스콘,1,3800,3800
2026-08-26,밀도,밀도 광교점,폐기,유통기한초과(폐기),소금빵,102778,앙버터소금빵,3,4800,14400
2026-08-26,밀도,밀도 광교점,폐기,유통기한초과(폐기),소금빵,102844,the부드러운소금빵,4,3600,14400
2026-08-26,밀도,밀도 고양점,폐기,유통기한초과(폐기),간식빵,101957,초코허니러스크,2,5800,11600
2026-08-26,밀도,밀도 고양점,폐기,유통기한초과(폐기),간식빵,103766,누텔라로쉐큐브식빵,3,5200,15600
2026-08-26,밀도,밀도 고양점,폐기,유통기한초과(폐기),샌드위치,103807,잠봉에멘탈크로와상샌드위치,1,7900,7900
2026-08-26,밀도,밀도 고양점,폐기,유통기한초과(폐기),식빵,103814,얼룩 고양 식빵,1,7500,7500
2026-08-26,밀도,밀도 고양점,폐기,유통기한초과(폐기),미니식빵,103824,리치 모카빵,3,6900,20700
2026-08-26,밀도,밀도 고양점,폐기,유통기한초과(폐기),건강빵,103574,무화과오트통밀100,4,5500,22000
2026-08-26,밀도,밀도 고양점,폐기,유통기한초과(폐기),건강빵,103575,단호박고구마통밀(whole),4,5500,22000
2026-08-26,밀도,밀도 경기점,폐기,유통기한초과(폐기),간식빵,100625,큐브시나몬,1,3800,3800
2026-08-26,밀도,밀도 경기점,폐기,유통기한초과(폐기),간식빵,101327,큐브소보로,1,3800,3800
2026-08-26,밀도,밀도 경기점,폐기,유통기한초과(폐기),간식빵,101451,허니러스크,1,5200,5200
2026-08-26,밀도,밀도 경기점,폐기,유통기한초과(폐기),소금빵,102844,the부드러운소금빵,4,3600,14400
2026-08-26,밀도,밀도 강남점,폐기,유통기한초과(폐기),간식빵,101858,밀도단팥빵,2,3800,7600
2026-08-26,밀도,밀도 강남점,폐기,유통기한초과(폐기),간식빵,101957,초코허니러스크,1,5800,5800
2026-08-27,밀도,밀도 한티점,폐기,유통기한초과(폐기),페이스트리,103769,고창고구마데니쉬,1,4600,4600
2026-08-27,밀도,밀도 한티점,폐기,유통기한초과(폐기),식빵,102338,통팥앙식빵,0,3900,0
2026-08-27,밀도,밀도 한티점,폐기,유통기한초과(폐기),식빵,103814,얼룩 고양 식빵,1,7500,7500
2026-08-27,밀도,밀도 잠실점,폐기,불량(폐기),미니식빵,103663,밤완두바브카,4,7200,28800
2026-08-27,밀도,밀도 옥수점,폐기,유통기한초과(폐기),간식빵,101451,허니러스크,1,5200,5200
2026-08-27,밀도,밀도 옥수점,폐기,유통기한초과(폐기),간식빵,101957,초코허니러스크,1,5800,5800
2026-08-27,밀도,밀도 옥수점,폐기,유통기한초과(폐기),식빵,100004,리치식빵,3,8400,25200
2026-08-27,밀도,밀도 옥수점,폐기,유통기한초과(폐기),식빵,102335,호밀잡곡식빵,1,6500,6500
2026-08-27,밀도,밀도 옥수점,폐기,유통기한초과(폐기),식빵,102338,통팥앙식빵,6,3900,23400
2026-08-27,밀도,밀도 옥수점,폐기,유통기한초과(폐기),식빵,103814,얼룩 고양 식빵,1,7500,7500
2026-08-27,밀도,밀도 옥수점,폐기,유통기한초과(폐기),소금빵,102844,the부드러운소금빵,1,3600,3600
2026-08-27,밀도,밀도 압구정현대점,폐기,유통기한초과(폐기),간식빵,101451,허니러스크,5,5200,26000
2026-08-27,밀도,밀도 압구정현대점,폐기,유통기한초과(폐기),간식빵,101957,초코허니러스크,3,5800,17400
2026-08-27,밀도,밀도 압구정현대점,폐기,유통기한초과(폐기),페이스트리,103768,애플시나몬크림치즈데니쉬,2,4900,9800
2026-08-27,밀도,밀도 압구정현대점,폐기,유통기한초과(폐기),식빵,100003,담백식빵,2,7800,15600
2026-08-27,밀도,밀도 압구정현대점,폐기,유통기한초과(폐기),식빵,102684,튼튼고양식빵,1,6900,6900
2026-08-27,밀도,밀도 압구정현대점,폐기,유통기한초과(폐기),식빵,102966,달밤식빵,1,8900,8900
2026-08-27,밀도,밀도 알토점,폐기,유통기한초과(폐기),간식빵,100010,큐브커스터드,2,4700,9400
2026-08-27,밀도,밀도 알토점,폐기,유통기한초과(폐기),간식빵,100625,큐브시나몬,3,3800,11400
2026-08-27,밀도,밀도 알토점,폐기,유통기한초과(폐기),간식빵,101327,큐브소보로,1,3800,3800
2026-08-27,밀도,밀도 알토점,폐기,유통기한초과(폐기),스콘,101119,레몬스콘,2,3800,7600
2026-08-27,밀도,밀도 성수점,폐기,유통기한초과(폐기),샌드위치,103807,잠봉에멘탈크로와상샌드위치,1,7900,7900
2026-08-27,밀도,밀도 롯데평촌점,폐기,유통기한초과(폐기),간식빵,101327,큐브소보로,16,3800,60800
2026-08-27,밀도,밀도 롯데평촌점,폐기,유통기한초과(폐기),간식빵,101957,초코허니러스크,10,5800,58000
2026-08-27,밀도,밀도 롯데평촌점,폐기,유통기한초과(폐기),파운드,102607,레몬파운드,12,5600,67200
2026-08-27,밀도,밀도 롯데평촌점,폐기,유통기한초과(폐기),디저트,103616,수제국산생크림롤케이크,2,6200,12400
2026-08-27,밀도,밀도 롯데평촌점,폐기,유통기한초과(폐기),디저트,103737,허쉬딥초코롤케이크(조각),4,6500,26000
2026-08-27,밀도,밀도 롯데평촌점,폐기,유통기한초과(폐기),샌드위치,103806,바질치폴레닭가슴살샌드위치,1,8900,8900
2026-08-27,밀도,밀도 롯데평촌점,폐기,유통기한초과(폐기),샌드위치,103807,잠봉에멘탈크로와상샌드위치,2,7900,15800
2026-08-27,밀도,밀도 롯데평촌점,폐기,유통기한초과(폐기),미니식빵,103824,리치 모카빵,1,6900,6900
2026-08-27,밀도,밀도 롯데노원점,폐기,유통기한초과(폐기),간식빵,101327,큐브소보로,8,3800,30400
2026-08-27,밀도,밀도 롯데노원점,폐기,유통기한초과(폐기),간식빵,101451,허니러스크,2,5200,10400
2026-08-27,밀도,밀도 롯데노원점,폐기,유통기한초과(폐기),간식빵,101858,밀도단팥빵,3,3800,11400
2026-08-27,밀도,밀도 롯데노원점,폐기,유통기한초과(폐기),간식빵,101957,초코허니러스크,1,5800,5800
2026-08-27,밀도,밀도 롯데노원점,폐기,유통기한초과(폐기),간식빵,102976,앙버터허니러스크,2,6200,12400
2026-08-27,밀도,밀도 롯데노원점,폐기,유통기한초과(폐기),페이스트리,103769,고창고구마데니쉬,1,4600,4600
2026-08-27,밀도,밀도 롯데노원점,폐기,유통기한초과(폐기),샌드위치,103286,에그마요 소금빵,4,5200,20800
2026-08-27,밀도,밀도 롯데노원점,폐기,유통기한초과(폐기),샌드위치,103805,아이올리베이컨토마토샌드위치,2,8900,17800
2026-08-27,밀도,밀도 롯데노원점,폐기,유통기한초과(폐기),샌드위치,103806,바질치폴레닭가슴살샌드위치,1,8900,8900
2026-08-27,밀도,밀도 롯데노원점,폐기,유통기한초과(폐기),샌드위치,103807,잠봉에멘탈크로와상샌드위치,1,7900,7900
2026-08-27,밀도,밀도 롯데노원점,폐기,유통기한초과(폐기),식빵,102966,달밤식빵,4,8900,35600
2026-08-27,밀도,밀도 롯데노원점,폐기,유통기한초과(폐기),식빵,103644,더잡곡식빵리뉴얼,3,12800,38400
2026-08-27,밀도,밀도 롯데노원점,폐기,유통기한초과(폐기),식빵,103814,얼룩 고양 식빵,3,7500,22500
2026-08-27,밀도,밀도 롯데노원점,폐기,유통기한초과(폐기),건강빵,103571,올리브치즈치아바타,1,5200,5200
2026-08-27,밀도,밀도 롯데노원점,폐기,유통기한초과(폐기),건강빵,103575,단호박고구마통밀(whole),2,5500,11000
2026-08-27,밀도,밀도 롯데노원점,폐기,유통기한초과(폐기),건강빵,103622,마르게리따포카치아,9,5500,49500
2026-08-27,밀도,밀도 롯데노원점,폐기,유통기한초과(폐기),소금빵,102778,앙버터소금빵,4,4800,19200
2026-08-27,밀도,밀도 롯데김포점,폐기,유통기한초과(폐기),디저트,103737,허쉬딥초코롤케이크(조각),2,6500,13000
2026-08-27,밀도,밀도 롯데김포점,폐기,유통기한초과(폐기),샌드위치,103806,바질치폴레닭가슴살샌드위치,1,8900,8900
2026-08-27,밀도,밀도 롯데김포점,폐기,유통기한초과(폐기),식빵,100003,담백식빵,1,7800,7800
2026-08-27,밀도,밀도 롯데김포점,폐기,유통기한초과(폐기),식빵,100004,리치식빵,2,8400,16800
2026-08-27,밀도,밀도 롯데김포점,폐기,유통기한초과(폐기),식빵,102684,튼튼고양식빵,5,6900,34500
2026-08-27,밀도,밀도 뉴코아강남점,폐기,유통기한초과(폐기),간식빵,101957,초코허니러스크,1,5800,5800
2026-08-27,밀도,밀도 뉴코아강남점,폐기,유통기한초과(폐기),식빵,103814,얼룩 고양 식빵,4,7500,30000
2026-08-27,밀도,밀도 뉴코아강남점,폐기,유통기한초과(폐기),건강빵,102983,촉촉감자치아바타,8,4800,38400
2026-08-27,밀도,밀도 광장점,폐기,유통기한초과(폐기),간식빵,101327,큐브소보로,2,3800,7600
2026-08-27,밀도,밀도 광장점,폐기,유통기한초과(폐기),식빵,102335,호밀잡곡식빵,3,6500,19500
2026-08-27,밀도,밀도 광장점,폐기,유통기한초과(폐기),식빵,103814,얼룩 고양 식빵,3,7500,22500
2026-08-27,밀도,밀도 광교점,폐기,유통기한초과(폐기),간식빵,101858,밀도단팥빵,2,3800,7600
2026-08-27,밀도,밀도 광교점,폐기,유통기한초과(폐기),파운드,103040,무화과휘낭시에,2,3200,6400
2026-08-27,밀도,밀도 광교점,폐기,유통기한초과(폐기),샌드위치,103807,잠봉에멘탈크로와상샌드위치,1,7900,7900
2026-08-27,밀도,밀도 광교점,폐기,유통기한초과(폐기),식빵,100003,담백식빵,1,7800,7800
2026-08-27,밀도,밀도 광교점,폐기,유통기한초과(폐기),식빵,100004,리치식빵,4,8400,33600
2026-08-27,밀도,밀도 광교점,폐기,유통기한초과(폐기),소금빵,102778,앙버터소금빵,1,4800,4800
2026-08-27,밀도,밀도 고양점,폐기,유통기한초과(폐기),간식빵,101327,큐브소보로,3,3800,11400
2026-08-27,밀도,밀도 고양점,폐기,유통기한초과(폐기),간식빵,101451,허니러스크,4,5200,20800
2026-08-27,밀도,밀도 고양점,폐기,유통기한초과(폐기),간식빵,103704,크림치즈포테이토,2,4200,8400
2026-08-27,밀도,밀도 고양점,폐기,유통기한초과(폐기),간식빵,103766,누텔라로쉐큐브식빵,4,5200,20800
2026-08-27,밀도,밀도 고양점,폐기,유통기한초과(폐기),샌드위치,103027,블루베리잼 잠봉뵈르,2,8900,17800
2026-08-27,밀도,밀도 고양점,폐기,유통기한초과(폐기),샌드위치,103807,잠봉에멘탈크로와상샌드위치,1,7900,7900
2026-08-27,밀도,밀도 고양점,폐기,유통기한초과(폐기),식빵,102966,달밤식빵,1,8900,8900
2026-08-27,밀도,밀도 고양점,폐기,유통기한초과(폐기),건강빵,102983,촉촉감자치아바타,3,4800,14400
2026-08-27,밀도,밀도 경기점,폐기,유통기한초과(폐기),식빵,103814,얼룩 고양 식빵,1,7500,7500
2026-08-27,밀도,밀도 경기점,폐기,유통기한초과(폐기),소금빵,102778,앙버터소금빵,2,4800,9600
2026-08-27,밀도,밀도 경기점,폐기,유통기한초과(폐기),소금빵,102844,the부드러운소금빵,2,3600,7200
2026-08-27,밀도,밀도 강남점,폐기,유통기한초과(폐기),간식빵,101451,허니러스크,1,5200,5200
2026-08-27,밀도,밀도 강남점,폐기,유통기한초과(폐기),식빵,103814,얼룩 고양 식빵,2,7500,15000
2026-08-28,밀도,밀도 한티점,폐기,유통기한초과(폐기),간식빵,100625,큐브시나몬,3,3800,11400
2026-08-28,밀도,밀도 한티점,폐기,유통기한초과(폐기),간식빵,101327,큐브소보로,7,3800,26600
2026-08-28,밀도,밀도 한티점,폐기,유통기한초과(폐기),간식빵,101858,밀도단팥빵,3,3800,11400
2026-08-28,밀도,밀도 한티점,폐기,유통기한초과(폐기),간식빵,102587,밀도맘모스,1,6200,6200
2026-08-28,밀도,밀도 한티점,폐기,유통기한초과(폐기),간식빵,103704,크림치즈포테이토,2,4200,8400
2026-08-28,밀도,밀도 한티점,폐기,유통기한초과(폐기),페이스트리,103769,고창고구마데니쉬,2,4600,9200
2026-08-28,밀도,밀도 한티점,폐기,유통기한초과(폐기),시그니처샌드,102272,땅콩크림샌드,2,5800,11600
2026-08-28,밀도,밀도 한티점,폐기,유통기한초과(폐기),식빵,102338,통팥앙식빵,2,3900,7800
2026-08-28,밀도,밀도 한티점,폐기,유통기한초과(폐기),식빵,102966,달밤식빵,1,8900,8900
2026-08-28,밀도,밀도 한티점,폐기,유통기한초과(폐기),식빵,103814,얼룩 고양 식빵,1,7500,7500
2026-08-28,밀도,밀도 한티점,폐기,유통기한초과(폐기),미니식빵,103764,누텔라바브카,1,7800,7800
2026-08-28,밀도,밀도 한티점,폐기,유통기한초과(폐기),모닝롤,103773,모닝롤(6ea),1,5200,5200
2026-08-28,밀도,밀도 옥수점,폐기,유통기한초과(폐기),간식빵,101451,허니러스크,1,5200,5200
2026-08-28,밀도,밀도 옥수점,폐기,유통기한초과(폐기),스콘,101119,레몬스콘,1,3800,3800
2026-08-28,밀도,밀도 압구정현대점,폐기,유통기한초과(폐기),간식빵,101327,큐브소보로,1,3800,3800
2026-08-28,밀도,밀도 압구정현대점,폐기,유통기한초과(폐기),간식빵,101451,허니러스크,2,5200,10400
2026-08-28,밀도,밀도 압구정현대점,폐기,유통기한초과(폐기),간식빵,101957,초코허니러스크,1,5800,5800
2026-08-28,밀도,밀도 압구정현대점,폐기,유통기한초과(폐기),스콘,101119,레몬스콘,1,3800,3800
2026-08-28,밀도,밀도 압구정현대점,폐기,유통기한초과(폐기),소금빵,102778,앙버터소금빵,1,4800,4800
2026-08-28,밀도,밀도 알토점,폐기,유통기한초과(폐기),간식빵,101957,초코허니러스크,1,5800,5800
2026-08-28,밀도,밀도 알토점,폐기,유통기한초과(폐기),간식빵,103704,크림치즈포테이토,2,4200,8400
2026-08-28,밀도,밀도 알토점,폐기,유통기한초과(폐기),간식빵,103766,누텔라로쉐큐브식빵,1,5200,5200
2026-08-28,밀도,밀도 알토점,폐기,유통기한초과(폐기),페이스트리,103768,애플시나몬크림치즈데니쉬,1,4900,4900
2026-08-28,밀도,밀도 알토점,폐기,유통기한초과(폐기),페이스트리,103769,고창고구마데니쉬,1,4600,4600
2026-08-28,밀도,밀도 알토점,폐기,유통기한초과(폐기),샌드위치,103286,에그마요 소금빵,2,5200,10400
2026-08-28,밀도,밀도 알토점,폐기,유통기한초과(폐기),샌드위치,103881,상큼 유자새우 샌드위치,2,5500,11000
2026-08-28,밀도,밀도 알토점,폐기,유통기한초과(폐기),식빵,102966,달밤식빵,2,8900,17800
2026-08-28,밀도,밀도 알토점,폐기,유통기한초과(폐기),스콘,102977,리코타사워크림스콘,2,4200,8400
2026-08-28,밀도,밀도 알토점,폐기,유통기한초과(폐기),소금빵,102844,the부드러운소금빵,9,3600,32400
2026-08-28,밀도,밀도 성수점,폐기,유통기한초과(폐기),간식빵,103766,누텔라로쉐큐브식빵,1,5200,5200
2026-08-28,밀도,밀도 성수점,폐기,유통기한초과(폐기),샌드위치,103286,에그마요 소금빵,5,5200,26000
2026-08-28,밀도,밀도 롯데평촌점,폐기,유통기한초과(폐기),간식빵,101327,큐브소보로,7,3800,26600
2026-08-28,밀도,밀도 롯데평촌점,폐기,유통기한초과(폐기),간식빵,101957,초코허니러스크,7,5800,40600
2026-08-28,밀도,밀도 롯데평촌점,폐기,유통기한초과(폐기),파운드,102607,레몬파운드,2,5600,11200
2026-08-28,밀도,밀도 롯데평촌점,폐기,유통기한초과(폐기),디저트,103737,허쉬딥초코롤케이크(조각),2,6500,13000
2026-08-28,밀도,밀도 롯데평촌점,폐기,유통기한초과(폐기),샌드위치,103805,아이올리베이컨토마토샌드위치,2,8900,17800
2026-08-28,밀도,밀도 롯데평촌점,폐기,유통기한초과(폐기),샌드위치,103806,바질치폴레닭가슴살샌드위치,8,8900,71200
2026-08-28,밀도,밀도 롯데평촌점,폐기,유통기한초과(폐기),식빵,102335,호밀잡곡식빵,4,6500,26000
2026-08-28,밀도,밀도 롯데평촌점,폐기,유통기한초과(폐기),미니식빵,103824,리치 모카빵,1,6900,6900
2026-08-28,밀도,밀도 롯데평촌점,폐기,유통기한초과(폐기),스콘,102977,리코타사워크림스콘,2,4200,8400
2026-08-28,밀도,밀도 롯데소공점,폐기,유통기한초과(폐기),간식빵,101451,허니러스크,5,5200,26000
2026-08-28,밀도,밀도 롯데노원점,폐기,유통기한초과(폐기),간식빵,101327,큐브소보로,4,3800,15200
2026-08-28,밀도,밀도 롯데노원점,폐기,유통기한초과(폐기),간식빵,101451,허니러스크,22,5200,114400
2026-08-28,밀도,밀도 롯데노원점,폐기,유통기한초과(폐기),간식빵,101858,밀도단팥빵,1,3800,3800
2026-08-28,밀도,밀도 롯데노원점,폐기,유통기한초과(폐기),디저트,103569,상하초콜릿푸딩,2,5500,11000
2026-08-28,밀도,밀도 롯데노원점,폐기,유통기한초과(폐기),샌드위치,103027,블루베리잼 잠봉뵈르,1,8900,8900
2026-08-28,밀도,밀도 롯데노원점,폐기,유통기한초과(폐기),샌드위치,103028,그릴드닭가슴살 당근라페 샌드위치,1,8900,8900
2026-08-28,밀도,밀도 롯데노원점,폐기,유통기한초과(폐기),샌드위치,103286,에그마요 소금빵,3,5200,15600
2026-08-28,밀도,밀도 롯데노원점,폐기,유통기한초과(폐기),샌드위치,103805,아이올리베이컨토마토샌드위치,2,8900,17800
2026-08-28,밀도,밀도 롯데노원점,폐기,유통기한초과(폐기),샌드위치,103806,바질치폴레닭가슴살샌드위치,2,8900,17800
2026-08-28,밀도,밀도 롯데노원점,폐기,유통기한초과(폐기),샌드위치,103807,잠봉에멘탈크로와상샌드위치,1,7900,7900
2026-08-28,밀도,밀도 롯데노원점,폐기,유통기한초과(폐기),식빵,102684,튼튼고양식빵,3,6900,20700
2026-08-28,밀도,밀도 롯데노원점,폐기,유통기한초과(폐기),식빵,103814,얼룩 고양 식빵,5,7500,37500
2026-08-28,밀도,밀도 롯데노원점,폐기,유통기한초과(폐기),건강빵,103571,올리브치즈치아바타,7,5200,36400
2026-08-28,밀도,밀도 롯데노원점,폐기,유통기한초과(폐기),건강빵,103575,단호박고구마통밀(whole),3,5500,16500
2026-08-28,밀도,밀도 롯데노원점,폐기,유통기한초과(폐기),건강빵,103622,마르게리따포카치아,8,5500,44000
2026-08-28,밀도,밀도 롯데김포점,폐기,유통기한초과(폐기),스콘,102977,리코타사워크림스콘,3,4200,12600
2026-08-28,밀도,밀도 뉴코아강남점,폐기,유통기한초과(폐기),간식빵,101451,허니러스크,3,5200,15600
2026-08-28,밀도,밀도 뉴코아강남점,폐기,유통기한초과(폐기),간식빵,101957,초코허니러스크,3,5800,17400
2026-08-28,밀도,밀도 뉴코아강남점,폐기,유통기한초과(폐기),간식빵,103882,저당 쫀득 단팥빵,1,4200,4200
2026-08-28,밀도,밀도 뉴코아강남점,폐기,유통기한초과(폐기),샌드위치,103286,에그마요 소금빵,3,5200,15600
2026-08-28,밀도,밀도 뉴코아강남점,폐기,유통기한초과(폐기),식빵,102966,달밤식빵,2,8900,17800
2026-08-28,밀도,밀도 뉴코아강남점,폐기,유통기한초과(폐기),식빵,103814,얼룩 고양 식빵,1,7500,7500
2026-08-28,밀도,밀도 뉴코아강남점,폐기,유통기한초과(폐기),미니식빵,103824,리치 모카빵,1,6900,6900
2026-08-28,밀도,밀도 뉴코아강남점,폐기,유통기한초과(폐기),건강빵,102991,곡물가득로데브,4,8000,32000
2026-08-28,밀도,밀도 뉴코아강남점,폐기,유통기한초과(폐기),건강빵,102993,프룻로데브,1,7800,7800
2026-08-28,밀도,밀도 뉴코아강남점,폐기,유통기한초과(폐기),소금빵,102844,the부드러운소금빵,13,3600,46800
2026-08-28,밀도,밀도 광장점,폐기,유통기한초과(폐기),간식빵,100010,큐브커스터드,1,4700,4700
2026-08-28,밀도,밀도 광장점,폐기,유통기한초과(폐기),샌드위치,103807,잠봉에멘탈크로와상샌드위치,3,7900,23700
2026-08-28,밀도,밀도 광장점,폐기,유통기한초과(폐기),미니식빵,103764,누텔라바브카,1,7800,7800
2026-08-28,밀도,밀도 광교점,폐기,유통기한초과(폐기),페이스트리,103768,애플시나몬크림치즈데니쉬,1,4900,4900
2026-08-28,밀도,밀도 광교점,폐기,유통기한초과(폐기),페이스트리,103769,고창고구마데니쉬,1,4600,4600
2026-08-28,밀도,밀도 광교점,폐기,유통기한초과(폐기),시그니처샌드,102272,땅콩크림샌드,1,5800,5800
2026-08-28,밀도,밀도 광교점,폐기,유통기한초과(폐기),미니식빵,103824,리치 모카빵,3,6900,20700
2026-08-28,밀도,밀도 광교점,폐기,유통기한초과(폐기),모닝롤,102683,모닝롤,1,3800,3800
2026-08-28,밀도,밀도 광교점,폐기,유통기한초과(폐기),스콘,101119,레몬스콘,1,3800,3800
2026-08-28,밀도,밀도 광교점,폐기,유통기한초과(폐기),스콘,102977,리코타사워크림스콘,3,4200,12600
2026-08-28,밀도,밀도 광교점,폐기,유통기한초과(폐기),소금빵,102778,앙버터소금빵,1,4800,4800
2026-08-28,밀도,밀도 광교점,폐기,유통기한초과(폐기),소금빵,102844,the부드러운소금빵,8,3600,28800
2026-08-28,밀도,밀도 고양점,폐기,유통기한초과(폐기),간식빵,101327,큐브소보로,2,3800,7600
2026-08-28,밀도,밀도 고양점,폐기,유통기한초과(폐기),간식빵,101957,초코허니러스크,1,5800,5800
2026-08-28,밀도,밀도 고양점,폐기,유통기한초과(폐기),간식빵,103704,크림치즈포테이토,1,4200,4200
2026-08-28,밀도,밀도 고양점,폐기,유통기한초과(폐기),간식빵,103766,누텔라로쉐큐브식빵,1,5200,5200
2026-08-28,밀도,밀도 고양점,폐기,유통기한초과(폐기),페이스트리,103768,애플시나몬크림치즈데니쉬,1,4900,4900
2026-08-28,밀도,밀도 고양점,폐기,유통기한초과(폐기),페이스트리,103769,고창고구마데니쉬,7,4600,32200
2026-08-28,밀도,밀도 고양점,폐기,유통기한초과(폐기),시그니처샌드,102272,땅콩크림샌드,3,5800,17400
2026-08-28,밀도,밀도 고양점,폐기,유통기한초과(폐기),식빵,102966,달밤식빵,2,8900,17800
2026-08-28,밀도,밀도 고양점,폐기,유통기한초과(폐기),건강빵,103575,단호박고구마통밀(whole),1,5500,5500
2026-08-28,밀도,밀도 고양점,폐기,유통기한초과(폐기),스콘,102977,리코타사워크림스콘,1,4200,4200
2026-08-28,밀도,밀도 경기점,폐기,유통기한초과(폐기),간식빵,101327,큐브소보로,1,3800,3800
2026-08-28,밀도,밀도 경기점,폐기,유통기한초과(폐기),간식빵,101451,허니러스크,1,5200,5200
2026-08-28,밀도,밀도 경기점,폐기,유통기한초과(폐기),식빵,102338,통팥앙식빵,1,3900,3900
2026-08-28,밀도,밀도 경기점,폐기,유통기한초과(폐기),스콘,101119,레몬스콘,1,3800,3800
2026-08-28,밀도,밀도 경기점,폐기,유통기한초과(폐기),소금빵,102778,앙버터소금빵,1,4800,4800
2026-08-28,밀도,밀도 경기점,폐기,유통기한초과(폐기),소금빵,102844,the부드러운소금빵,4,3600,14400
2026-08-28,밀도,밀도 강남점,폐기,유통기한초과(폐기),간식빵,100625,큐브시나몬,1,3800,3800
2026-08-28,밀도,밀도 강남점,폐기,유통기한초과(폐기),샌드위치,103807,잠봉에멘탈크로와상샌드위치,1,7900,7900
2026-08-28,밀도,밀도 강남점,폐기,유통기한초과(폐기),식빵,102684,튼튼고양식빵,3,6900,20700
2026-08-28,밀도,밀도 강남점,폐기,유통기한초과(폐기),식빵,103814,얼룩 고양 식빵,3,7500,22500
2026-08-28,밀도,밀도 강남점,폐기,유통기한초과(폐기),미니식빵,103663,밤완두바브카,2,7200,14400
2026-08-29,밀도,밀도 한티점,폐기,유통기한초과(폐기),간식빵,100010,큐브커스터드,1,4700,4700
2026-08-29,밀도,밀도 한티점,폐기,유통기한초과(폐기),간식빵,101451,허니러스크,2,5200,10400
2026-08-29,밀도,밀도 한티점,폐기,유통기한초과(폐기),간식빵,103704,크림치즈포테이토,2,4200,8400
2026-08-29,밀도,밀도 한티점,폐기,유통기한초과(폐기),간식빵,103882,저당 쫀득 단팥빵,2,4200,8400
2026-08-29,밀도,밀도 한티점,폐기,유통기한초과(폐기),페이스트리,103768,애플시나몬크림치즈데니쉬,2,4900,9800
2026-08-29,밀도,밀도 한티점,폐기,유통기한초과(폐기),페이스트리,103769,고창고구마데니쉬,3,4600,13800
2026-08-29,밀도,밀도 한티점,폐기,유통기한초과(폐기),샌드위치,103881,상큼 유자새우 샌드위치,1,5500,5500
2026-08-29,밀도,밀도 한티점,폐기,유통기한초과(폐기),스콘,102977,리코타사워크림스콘,1,4200,4200
2026-08-29,밀도,밀도 알토점,폐기,유통기한초과(폐기),간식빵,101957,초코허니러스크,6,5800,34800
2026-08-29,밀도,밀도 알토점,폐기,유통기한초과(폐기),간식빵,102587,밀도맘모스,3,6200,18600
2026-08-29,밀도,밀도 알토점,폐기,유통기한초과(폐기),간식빵,103766,누텔라로쉐큐브식빵,3,5200,15600
2026-08-29,밀도,밀도 알토점,폐기,유통기한초과(폐기),간식빵,103882,저당 쫀득 단팥빵,1,4200,4200
2026-08-29,밀도,밀도 알토점,폐기,유통기한초과(폐기),샌드위치,103286,에그마요 소금빵,5,5200,26000
2026-08-29,밀도,밀도 알토점,폐기,유통기한초과(폐기),샌드위치,103805,아이올리베이컨토마토샌드위치,5,8900,44500
2026-08-29,밀도,밀도 알토점,폐기,유통기한초과(폐기),샌드위치,103881,상큼 유자새우 샌드위치,3,5500,16500
2026-08-29,밀도,밀도 알토점,폐기,유통기한초과(폐기),스콘,102977,리코타사워크림스콘,1,4200,4200
2026-08-29,밀도,밀도 알토점,폐기,유통기한초과(폐기),소금빵,102844,the부드러운소금빵,3,3600,10800
2026-08-29,밀도,밀도 성수점,폐기,유통기한초과(폐기),샌드위치,103807,잠봉에멘탈크로와상샌드위치,2,7900,15800
2026-08-29,밀도,밀도 성수점,폐기,유통기한초과(폐기),소금빵,102844,the부드러운소금빵,2,3600,7200
2026-08-29,밀도,밀도 롯데평촌점,폐기,유통기한초과(폐기),간식빵,103882,저당 쫀득 단팥빵,10,4200,42000
2026-08-29,밀도,밀도 롯데평촌점,폐기,유통기한초과(폐기),파운드,102607,레몬파운드,20,5600,112000
2026-08-29,밀도,밀도 롯데평촌점,폐기,유통기한초과(폐기),샌드위치,103805,아이올리베이컨토마토샌드위치,2,8900,17800
2026-08-29,밀도,밀도 롯데평촌점,폐기,유통기한초과(폐기),샌드위치,103806,바질치폴레닭가슴살샌드위치,6,8900,53400
2026-08-29,밀도,밀도 롯데평촌점,폐기,유통기한초과(폐기),샌드위치,103807,잠봉에멘탈크로와상샌드위치,8,7900,63200
2026-08-29,밀도,밀도 롯데평촌점,폐기,유통기한초과(폐기),샌드위치,103881,상큼 유자새우 샌드위치,8,5500,44000
2026-08-29,밀도,밀도 롯데평촌점,폐기,유통기한초과(폐기),건강빵,103575,단호박고구마통밀(whole),2,5500,11000
2026-08-29,밀도,밀도 롯데평촌점,폐기,유통기한초과(폐기),스콘,102977,리코타사워크림스콘,22,4200,92400
2026-08-29,밀도,밀도 롯데소공점,폐기,유통기한초과(폐기),간식빵,101451,허니러스크,4,5200,20800
2026-08-29,밀도,밀도 롯데소공점,폐기,유통기한초과(폐기),세이보리,103885,전주비빔밥샌드,6,8200,49200
2026-08-29,밀도,밀도 롯데소공점,폐기,유통기한초과(폐기),디저트,103888,호박인절미샌드,11,7800,85800
2026-08-29,밀도,밀도 롯데소공점,폐기,유통기한초과(폐기),식빵,100004,리치식빵,6,8400,50400
2026-08-29,밀도,밀도 롯데소공점,폐기,유통기한초과(폐기),식빵,102684,튼튼고양식빵,13,6900,89700
2026-08-29,밀도,밀도 롯데노원점,폐기,유통기한초과(폐기),간식빵,101327,큐브소보로,3,3800,11400
2026-08-29,밀도,밀도 롯데노원점,폐기,유통기한초과(폐기),간식빵,101858,밀도단팥빵,3,3800,11400
2026-08-29,밀도,밀도 롯데노원점,폐기,유통기한초과(폐기),간식빵,102976,앙버터허니러스크,1,6200,6200
2026-08-29,밀도,밀도 롯데노원점,폐기,유통기한초과(폐기),간식빵,103838,초코말차러스크,1,6500,6500
2026-08-29,밀도,밀도 롯데노원점,폐기,유통기한초과(폐기),쿠키 브라우니,103281,사르르 딸기 머랭,1,4200,4200
2026-08-29,밀도,밀도 롯데노원점,폐기,유통기한초과(폐기),샌드위치,103027,블루베리잼 잠봉뵈르,2,8900,17800
2026-08-29,밀도,밀도 롯데노원점,폐기,유통기한초과(폐기),샌드위치,103286,에그마요 소금빵,1,5200,5200
2026-08-29,밀도,밀도 롯데노원점,폐기,유통기한초과(폐기),샌드위치,103807,잠봉에멘탈크로와상샌드위치,2,7900,15800
2026-08-29,밀도,밀도 롯데노원점,폐기,유통기한초과(폐기),식빵,102966,달밤식빵,3,8900,26700
2026-08-29,밀도,밀도 롯데노원점,폐기,유통기한초과(폐기),식빵,103644,더잡곡식빵리뉴얼,1,12800,12800
2026-08-29,밀도,밀도 롯데노원점,폐기,유통기한초과(폐기),식빵,103814,얼룩 고양 식빵,6,7500,45000
2026-08-29,밀도,밀도 롯데노원점,폐기,유통기한초과(폐기),건강빵,102983,촉촉감자치아바타,2,4800,9600
2026-08-29,밀도,밀도 롯데노원점,폐기,유통기한초과(폐기),스콘,101119,레몬스콘,2,3800,7600
2026-08-29,밀도,밀도 롯데노원점,폐기,유통기한초과(폐기),소금빵,102778,앙버터소금빵,2,4800,9600
2026-08-29,밀도,밀도 롯데노원점,폐기,유통기한초과(폐기),소금빵,102844,the부드러운소금빵,10,3600,36000
2026-08-29,밀도,밀도 롯데김포점,폐기,유통기한초과(폐기),샌드위치,103805,아이올리베이컨토마토샌드위치,5,8900,44500
2026-08-29,밀도,밀도 롯데김포점,폐기,유통기한초과(폐기),샌드위치,103806,바질치폴레닭가슴살샌드위치,2,8900,17800
2026-08-29,밀도,밀도 뉴코아강남점,폐기,파손(폐기),페이스트리,103769,고창고구마데니쉬,1,4600,4600
2026-08-29,밀도,밀도 뉴코아강남점,폐기,유통기한초과(폐기),간식빵,101451,허니러스크,4,5200,20800
2026-08-29,밀도,밀도 뉴코아강남점,폐기,유통기한초과(폐기),간식빵,101957,초코허니러스크,1,5800,5800
2026-08-29,밀도,밀도 뉴코아강남점,폐기,유통기한초과(폐기),간식빵,102976,앙버터허니러스크,1,6200,6200
2026-08-29,밀도,밀도 뉴코아강남점,폐기,유통기한초과(폐기),디저트,103569,상하초콜릿푸딩,1,5500,5500
2026-08-29,밀도,밀도 뉴코아강남점,폐기,유통기한초과(폐기),미니식빵,103824,리치 모카빵,2,6900,13800
2026-08-29,밀도,밀도 광장점,폐기,유통기한초과(폐기),간식빵,100625,큐브시나몬,1,3800,3800
2026-08-29,밀도,밀도 광장점,폐기,유통기한초과(폐기),샌드위치,103807,잠봉에멘탈크로와상샌드위치,4,7900,31600
2026-08-29,밀도,밀도 광장점,폐기,유통기한초과(폐기),샌드위치,103881,상큼 유자새우 샌드위치,1,5500,5500
2026-08-29,밀도,밀도 광교점,폐기,유통기한초과(폐기),파운드,102607,레몬파운드,1,5600,5600
2026-08-29,밀도,밀도 광교점,폐기,유통기한초과(폐기),샌드위치,103805,아이올리베이컨토마토샌드위치,1,8900,8900
2026-08-29,밀도,밀도 광교점,폐기,유통기한초과(폐기),샌드위치,103881,상큼 유자새우 샌드위치,1,5500,5500
2026-08-29,밀도,밀도 광교점,폐기,유통기한초과(폐기),식빵,103814,얼룩 고양 식빵,1,7500,7500
2026-08-29,밀도,밀도 광교점,폐기,유통기한초과(폐기),스콘,101119,레몬스콘,2,3800,7600
2026-08-29,밀도,밀도 고양점,폐기,유통기한초과(폐기),간식빵,101327,큐브소보로,1,3800,3800
2026-08-29,밀도,밀도 고양점,폐기,유통기한초과(폐기),간식빵,101451,허니러스크,4,5200,20800
2026-08-29,밀도,밀도 고양점,폐기,유통기한초과(폐기),간식빵,101957,초코허니러스크,2,5800,11600
2026-08-29,밀도,밀도 고양점,폐기,유통기한초과(폐기),간식빵,103704,크림치즈포테이토,1,4200,4200
2026-08-29,밀도,밀도 고양점,폐기,유통기한초과(폐기),간식빵,103766,누텔라로쉐큐브식빵,2,5200,10400
2026-08-29,밀도,밀도 고양점,폐기,유통기한초과(폐기),페이스트리,103768,애플시나몬크림치즈데니쉬,4,4900,19600
2026-08-29,밀도,밀도 고양점,폐기,유통기한초과(폐기),페이스트리,103769,고창고구마데니쉬,8,4600,36800
2026-08-29,밀도,밀도 고양점,폐기,유통기한초과(폐기),식빵,102966,달밤식빵,1,8900,8900
2026-08-29,밀도,밀도 고양점,폐기,유통기한초과(폐기),미니식빵,103827,촉촉연유브래드,1,6900,6900
2026-08-29,밀도,밀도 고양점,폐기,유통기한초과(폐기),건강빵,103575,단호박고구마통밀(whole),6,5500,33000
2026-08-29,밀도,밀도 고양점,폐기,유통기한초과(폐기),소금빵,102844,the부드러운소금빵,2,3600,7200
2026-08-29,밀도,밀도 경기점,폐기,유통기한초과(폐기),식빵,102338,통팥앙식빵,1,3900,3900
2026-08-29,밀도,밀도 경기점,폐기,유통기한초과(폐기),스콘,102977,리코타사워크림스콘,1,4200,4200
2026-08-30,밀도,밀도 한티점,폐기,유통기한초과(폐기),간식빵,103704,크림치즈포테이토,1,4200,4200
2026-08-30,밀도,밀도 한티점,폐기,유통기한초과(폐기),샌드위치,103881,상큼 유자새우 샌드위치,3,5500,16500
2026-08-30,밀도,밀도 옥수점,폐기,유통기한초과(폐기),간식빵,101858,밀도단팥빵,1,3800,3800
2026-08-30,밀도,밀도 옥수점,폐기,유통기한초과(폐기),간식빵,101957,초코허니러스크,2,5800,11600
2026-08-30,밀도,밀도 옥수점,폐기,유통기한초과(폐기),스콘,102977,리코타사워크림스콘,3,4200,12600
2026-08-30,밀도,밀도 알토점,폐기,유통기한초과(폐기),간식빵,101957,초코허니러스크,1,5800,5800
2026-08-30,밀도,밀도 알토점,폐기,유통기한초과(폐기),간식빵,103704,크림치즈포테이토,1,4200,4200
2026-08-30,밀도,밀도 알토점,폐기,유통기한초과(폐기),페이스트리,103769,고창고구마데니쉬,3,4600,13800
2026-08-30,밀도,밀도 알토점,폐기,유통기한초과(폐기),샌드위치,103286,에그마요 소금빵,1,5200,5200
2026-08-30,밀도,밀도 알토점,폐기,유통기한초과(폐기),샌드위치,103805,아이올리베이컨토마토샌드위치,2,8900,17800
2026-08-30,밀도,밀도 알토점,폐기,유통기한초과(폐기),식빵,102684,튼튼고양식빵,3,6900,20700
2026-08-30,밀도,밀도 알토점,폐기,유통기한초과(폐기),식빵,103814,얼룩 고양 식빵,6,7500,45000
2026-08-30,밀도,밀도 알토점,폐기,유통기한초과(폐기),소금빵,102778,앙버터소금빵,3,4800,14400
2026-08-30,밀도,밀도 알토점,폐기,유통기한초과(폐기),소금빵,102844,the부드러운소금빵,3,3600,10800
2026-08-30,밀도,밀도 성수점,폐기,유통기한초과(폐기),간식빵,100625,큐브시나몬,4,3800,15200
2026-08-30,밀도,밀도 성수점,폐기,유통기한초과(폐기),간식빵,101327,큐브소보로,2,3800,7600
2026-08-30,밀도,밀도 성수점,폐기,유통기한초과(폐기),간식빵,103704,크림치즈포테이토,3,4200,12600
2026-08-30,밀도,밀도 성수점,폐기,유통기한초과(폐기),간식빵,103766,누텔라로쉐큐브식빵,4,5200,20800
2026-08-30,밀도,밀도 성수점,폐기,유통기한초과(폐기),샌드위치,103805,아이올리베이컨토마토샌드위치,3,8900,26700
2026-08-30,밀도,밀도 성수점,폐기,유통기한초과(폐기),미니식빵,103395,게랑드소금식빵,5,7200,36000
2026-08-30,밀도,밀도 성수점,폐기,유통기한초과(폐기),미니식빵,103764,누텔라바브카,2,7800,15600
2026-08-30,밀도,밀도 성수점,폐기,유통기한초과(폐기),미니식빵,103827,촉촉연유브래드,2,6900,13800
2026-08-30,밀도,밀도 성수점,폐기,유통기한초과(폐기),스콘,101119,레몬스콘,2,3800,7600
2026-08-30,밀도,밀도 성수점,폐기,유통기한초과(폐기),소금빵,102778,앙버터소금빵,2,4800,9600
2026-08-30,밀도,밀도 성수점,폐기,유통기한초과(폐기),소금빵,102844,the부드러운소금빵,3,3600,10800
2026-08-30,밀도,밀도 롯데평촌점,폐기,유통기한초과(폐기),샌드위치,103805,아이올리베이컨토마토샌드위치,5,8900,44500
2026-08-30,밀도,밀도 롯데평촌점,폐기,유통기한초과(폐기),샌드위치,103806,바질치폴레닭가슴살샌드위치,6,8900,53400
2026-08-30,밀도,밀도 롯데평촌점,폐기,유통기한초과(폐기),샌드위치,103881,상큼 유자새우 샌드위치,6,5500,33000
2026-08-30,밀도,밀도 롯데평촌점,폐기,유통기한초과(폐기),스콘,102977,리코타사워크림스콘,12,4200,50400
2026-08-30,밀도,밀도 롯데소공점,폐기,유통기한초과(폐기),간식빵,103837,레몬딜러스크,2,6200,12400
2026-08-30,밀도,밀도 롯데소공점,폐기,유통기한초과(폐기),세이보리,103884,불닭샌드,5,8200,41000
2026-08-30,밀도,밀도 롯데소공점,폐기,유통기한초과(폐기),디저트,103889,카라멜크로칸샌드,2,6800,13600
2026-08-30,밀도,밀도 롯데소공점,폐기,유통기한초과(폐기),식빵,100004,리치식빵,1,8400,8400
2026-08-30,밀도,밀도 롯데노원점,폐기,유통기한초과(폐기),간식빵,103838,초코말차러스크,5,6500,32500
2026-08-30,밀도,밀도 롯데노원점,폐기,유통기한초과(폐기),디저트,103616,수제국산생크림롤케이크,1,6200,6200
2026-08-30,밀도,밀도 롯데노원점,폐기,유통기한초과(폐기),샌드위치,103027,블루베리잼 잠봉뵈르,1,8900,8900
2026-08-30,밀도,밀도 롯데노원점,폐기,유통기한초과(폐기),샌드위치,103286,에그마요 소금빵,1,5200,5200
2026-08-30,밀도,밀도 롯데노원점,폐기,유통기한초과(폐기),샌드위치,103805,아이올리베이컨토마토샌드위치,9,8900,80100
2026-08-30,밀도,밀도 롯데노원점,폐기,유통기한초과(폐기),샌드위치,103806,바질치폴레닭가슴살샌드위치,5,8900,44500
2026-08-30,밀도,밀도 롯데노원점,폐기,유통기한초과(폐기),식빵,103814,얼룩 고양 식빵,3,7500,22500
2026-08-30,밀도,밀도 롯데노원점,폐기,유통기한초과(폐기),건강빵,103571,올리브치즈치아바타,2,5200,10400
2026-08-30,밀도,밀도 롯데노원점,폐기,유통기한초과(폐기),건강빵,103574,무화과오트통밀100,1,5500,5500
2026-08-30,밀도,밀도 롯데노원점,폐기,유통기한초과(폐기),건강빵,103575,단호박고구마통밀(whole),3,5500,16500
2026-08-30,밀도,밀도 롯데노원점,폐기,유통기한초과(폐기),건강빵,103622,마르게리따포카치아,4,5500,22000
2026-08-30,밀도,밀도 롯데김포점,폐기,유통기한초과(폐기),샌드위치,103806,바질치폴레닭가슴살샌드위치,2,8900,17800
2026-08-30,밀도,밀도 롯데김포점,폐기,유통기한초과(폐기),식빵,100003,담백식빵,1,7800,7800
2026-08-30,밀도,밀도 뉴코아강남점,폐기,유통기한초과(폐기),간식빵,102587,밀도맘모스,1,6200,6200
2026-08-30,밀도,밀도 뉴코아강남점,폐기,유통기한초과(폐기),시그니처샌드,102272,땅콩크림샌드,13,5800,75400
2026-08-30,밀도,밀도 뉴코아강남점,폐기,유통기한초과(폐기),샌드위치,103286,에그마요 소금빵,1,5200,5200
2026-08-30,밀도,밀도 뉴코아강남점,폐기,유통기한초과(폐기),샌드위치,103805,아이올리베이컨토마토샌드위치,10,8900,89000
2026-08-30,밀도,밀도 뉴코아강남점,폐기,유통기한초과(폐기),샌드위치,103881,상큼 유자새우 샌드위치,6,5500,33000
2026-08-30,밀도,밀도 뉴코아강남점,폐기,유통기한초과(폐기),식빵,102966,달밤식빵,1,8900,8900
2026-08-30,밀도,밀도 뉴코아강남점,폐기,유통기한초과(폐기),소금빵,102844,the부드러운소금빵,8,3600,28800
2026-08-30,밀도,밀도 광장점,폐기,유통기한초과(폐기),샌드위치,103805,아이올리베이컨토마토샌드위치,2,8900,17800
2026-08-30,밀도,밀도 광교점,폐기,유통기한초과(폐기),샌드위치,103806,바질치폴레닭가슴살샌드위치,1,8900,8900
2026-08-30,밀도,밀도 광교점,폐기,유통기한초과(폐기),스콘,102977,리코타사워크림스콘,1,4200,4200
2026-08-30,밀도,밀도 고양점,폐기,유통기한초과(폐기),간식빵,101327,큐브소보로,1,3800,3800
2026-08-30,밀도,밀도 고양점,폐기,유통기한초과(폐기),간식빵,101858,밀도단팥빵,1,3800,3800
2026-08-30,밀도,밀도 고양점,폐기,유통기한초과(폐기),간식빵,101957,초코허니러스크,3,5800,17400
2026-08-30,밀도,밀도 고양점,폐기,유통기한초과(폐기),간식빵,103766,누텔라로쉐큐브식빵,2,5200,10400
2026-08-30,밀도,밀도 고양점,폐기,유통기한초과(폐기),페이스트리,103768,애플시나몬크림치즈데니쉬,2,4900,9800
2026-08-30,밀도,밀도 고양점,폐기,유통기한초과(폐기),페이스트리,103769,고창고구마데니쉬,6,4600,27600
2026-08-30,밀도,밀도 고양점,폐기,유통기한초과(폐기),샌드위치,103805,아이올리베이컨토마토샌드위치,1,8900,8900
2026-08-30,밀도,밀도 고양점,폐기,유통기한초과(폐기),샌드위치,103806,바질치폴레닭가슴살샌드위치,1,8900,8900
2026-08-30,밀도,밀도 고양점,폐기,유통기한초과(폐기),식빵,102966,달밤식빵,2,8900,17800
2026-08-30,밀도,밀도 고양점,폐기,유통기한초과(폐기),미니식빵,103827,촉촉연유브래드,2,6900,13800
2026-08-30,밀도,밀도 고양점,폐기,유통기한초과(폐기),건강빵,103575,단호박고구마통밀(whole),4,5500,22000
2026-08-30,밀도,밀도 고양점,폐기,유통기한초과(폐기),소금빵,102778,앙버터소금빵,5,4800,24000
2026-08-30,밀도,밀도 고양점,폐기,유통기한초과(폐기),소금빵,102844,the부드러운소금빵,15,3600,54000
2026-08-31,밀도,밀도 한티점,폐기,유통기한초과(폐기),간식빵,100625,큐브시나몬,1,3800,3800
2026-08-31,밀도,밀도 한티점,폐기,유통기한초과(폐기),페이스트리,103768,애플시나몬크림치즈데니쉬,2,4900,9800
2026-08-31,밀도,밀도 한티점,폐기,유통기한초과(폐기),샌드위치,103807,잠봉에멘탈크로와상샌드위치,1,7900,7900
2026-08-31,밀도,밀도 한티점,폐기,유통기한초과(폐기),식빵,102338,통팥앙식빵,2,3900,7800
2026-08-31,밀도,밀도 한티점,폐기,유통기한초과(폐기),식빵,102684,튼튼고양식빵,3,6900,20700
2026-08-31,밀도,밀도 한티점,폐기,유통기한초과(폐기),미니식빵,103824,리치 모카빵,2,6900,13800
2026-08-31,밀도,밀도 한티점,폐기,유통기한초과(폐기),모닝롤,103773,모닝롤(6ea),2,5200,10400
2026-08-31,밀도,밀도 잠실점,폐기,유통기한초과(폐기),간식빵,101858,밀도단팥빵,1,3800,3800
2026-08-31,밀도,밀도 잠실점,폐기,유통기한초과(폐기),간식빵,101957,초코허니러스크,5,5800,29000
2026-08-31,밀도,밀도 잠실점,폐기,유통기한초과(폐기),간식빵,102975,석촌호수맘모스,1,6200,6200
2026-08-31,밀도,밀도 옥수점,폐기,유통기한초과(폐기),간식빵,103704,크림치즈포테이토,1,4200,4200
2026-08-31,밀도,밀도 압구정현대점,폐기,유통기한초과(폐기),간식빵,101858,밀도단팥빵,2,3800,7600
2026-08-31,밀도,밀도 압구정현대점,폐기,유통기한초과(폐기),식빵,100003,담백식빵,4,7800,31200
2026-08-31,밀도,밀도 압구정현대점,폐기,유통기한초과(폐기),식빵,100004,리치식빵,6,8400,50400
2026-08-31,밀도,밀도 압구정현대점,폐기,유통기한초과(폐기),식빵,102338,통팥앙식빵,2,3900,7800
2026-08-31,밀도,밀도 압구정현대점,폐기,유통기한초과(폐기),소금빵,102844,the부드러운소금빵,1,3600,3600
2026-08-31,밀도,밀도 알토점,폐기,유통기한초과(폐기),간식빵,100010,큐브커스터드,4,4700,18800
2026-08-31,밀도,밀도 알토점,폐기,유통기한초과(폐기),간식빵,101327,큐브소보로,3,3800,11400
2026-08-31,밀도,밀도 알토점,폐기,유통기한초과(폐기),간식빵,101858,밀도단팥빵,1,3800,3800
2026-08-31,밀도,밀도 알토점,폐기,유통기한초과(폐기),간식빵,101957,초코허니러스크,1,5800,5800
2026-08-31,밀도,밀도 알토점,폐기,유통기한초과(폐기),스콘,101119,레몬스콘,1,3800,3800
2026-08-31,밀도,밀도 알토점,폐기,유통기한초과(폐기),소금빵,102778,앙버터소금빵,2,4800,9600
2026-08-31,밀도,밀도 성수점,폐기,유통기한초과(폐기),간식빵,100010,큐브커스터드,3,4700,14100
2026-08-31,밀도,밀도 성수점,폐기,유통기한초과(폐기),간식빵,100625,큐브시나몬,4,3800,15200
2026-08-31,밀도,밀도 성수점,폐기,유통기한초과(폐기),간식빵,101327,큐브소보로,1,3800,3800
2026-08-31,밀도,밀도 성수점,폐기,유통기한초과(폐기),간식빵,102587,밀도맘모스,2,6200,12400
2026-08-31,밀도,밀도 성수점,폐기,유통기한초과(폐기),간식빵,103704,크림치즈포테이토,1,4200,4200
2026-08-31,밀도,밀도 성수점,폐기,유통기한초과(폐기),간식빵,103766,누텔라로쉐큐브식빵,1,5200,5200
2026-08-31,밀도,밀도 성수점,폐기,유통기한초과(폐기),샌드위치,103027,블루베리잼 잠봉뵈르,1,8900,8900
2026-08-31,밀도,밀도 성수점,폐기,유통기한초과(폐기),식빵,102966,달밤식빵,1,8900,8900
2026-08-31,밀도,밀도 성수점,폐기,유통기한초과(폐기),미니식빵,103395,게랑드소금식빵,4,7200,28800
2026-08-31,밀도,밀도 성수점,폐기,유통기한초과(폐기),미니식빵,103663,밤완두바브카,2,7200,14400
2026-08-31,밀도,밀도 성수점,폐기,유통기한초과(폐기),모닝롤,102683,모닝롤,1,3800,3800
2026-08-31,밀도,밀도 성수점,폐기,유통기한초과(폐기),소금빵,102778,앙버터소금빵,4,4800,19200
2026-08-31,밀도,밀도 롯데평촌점,폐기,유통기한초과(폐기),간식빵,100010,큐브커스터드,4,4700,18800
2026-08-31,밀도,밀도 롯데평촌점,폐기,유통기한초과(폐기),간식빵,101327,큐브소보로,2,3800,7600
2026-08-31,밀도,밀도 롯데평촌점,폐기,유통기한초과(폐기),간식빵,101957,초코허니러스크,2,5800,11600
2026-08-31,밀도,밀도 롯데평촌점,폐기,유통기한초과(폐기),샌드위치,103807,잠봉에멘탈크로와상샌드위치,2,7900,15800
2026-08-31,밀도,밀도 롯데평촌점,폐기,유통기한초과(폐기),미니식빵,103824,리치 모카빵,5,6900,34500
2026-08-31,밀도,밀도 롯데소공점,폐기,유통기한초과(폐기),식빵,102684,튼튼고양식빵,16,6900,110400
2026-08-31,밀도,밀도 롯데노원점,폐기,유통기한초과(폐기),간식빵,100010,큐브커스터드,2,4700,9400
2026-08-31,밀도,밀도 롯데노원점,폐기,유통기한초과(폐기),간식빵,101327,큐브소보로,8,3800,30400
2026-08-31,밀도,밀도 롯데노원점,폐기,유통기한초과(폐기),간식빵,101451,허니러스크,2,5200,10400
2026-08-31,밀도,밀도 롯데노원점,폐기,유통기한초과(폐기),간식빵,101858,밀도단팥빵,9,3800,34200
2026-08-31,밀도,밀도 롯데노원점,폐기,유통기한초과(폐기),간식빵,102587,밀도맘모스,1,6200,6200
2026-08-31,밀도,밀도 롯데노원점,폐기,유통기한초과(폐기),간식빵,103704,크림치즈포테이토,2,4200,8400
2026-08-31,밀도,밀도 롯데노원점,폐기,유통기한초과(폐기),간식빵,103837,레몬딜러스크,3,6200,18600
2026-08-31,밀도,밀도 롯데노원점,폐기,유통기한초과(폐기),간식빵,103838,초코말차러스크,6,6500,39000
2026-08-31,밀도,밀도 롯데노원점,폐기,유통기한초과(폐기),간식빵,103882,저당 쫀득 단팥빵,1,4200,4200
2026-08-31,밀도,밀도 롯데노원점,폐기,유통기한초과(폐기),시그니처샌드,102272,땅콩크림샌드,4,5800,23200
2026-08-31,밀도,밀도 롯데노원점,폐기,유통기한초과(폐기),샌드위치,103027,블루베리잼 잠봉뵈르,3,8900,26700
2026-08-31,밀도,밀도 롯데노원점,폐기,유통기한초과(폐기),샌드위치,103286,에그마요 소금빵,2,5200,10400
2026-08-31,밀도,밀도 롯데노원점,폐기,유통기한초과(폐기),샌드위치,103805,아이올리베이컨토마토샌드위치,1,8900,8900
2026-08-31,밀도,밀도 롯데노원점,폐기,유통기한초과(폐기),샌드위치,103807,잠봉에멘탈크로와상샌드위치,1,7900,7900
2026-08-31,밀도,밀도 롯데노원점,폐기,유통기한초과(폐기),식빵,103814,얼룩 고양 식빵,1,7500,7500
2026-08-31,밀도,밀도 롯데노원점,폐기,유통기한초과(폐기),미니식빵,103824,리치 모카빵,4,6900,27600
2026-08-31,밀도,밀도 롯데노원점,폐기,유통기한초과(폐기),건강빵,102983,촉촉감자치아바타,5,4800,24000
2026-08-31,밀도,밀도 롯데노원점,폐기,유통기한초과(폐기),건강빵,103571,올리브치즈치아바타,1,5200,5200
2026-08-31,밀도,밀도 롯데노원점,폐기,유통기한초과(폐기),건강빵,103574,무화과오트통밀100,4,5500,22000
2026-08-31,밀도,밀도 롯데노원점,폐기,유통기한초과(폐기),건강빵,103578,불고기포카치아,2,5500,11000
2026-08-31,밀도,밀도 롯데노원점,폐기,유통기한초과(폐기),모닝롤,102683,모닝롤,2,3800,7600
2026-08-31,밀도,밀도 롯데노원점,폐기,유통기한초과(폐기),소금빵,102778,앙버터소금빵,7,4800,33600
2026-08-31,밀도,밀도 롯데노원점,폐기,유통기한초과(폐기),소금빵,102844,the부드러운소금빵,3,3600,10800
2026-08-31,밀도,밀도 롯데김포점,폐기,유통기한초과(폐기),간식빵,103882,저당 쫀득 단팥빵,2,4200,8400
2026-08-31,밀도,밀도 롯데김포점,폐기,유통기한초과(폐기),샌드위치,103881,상큼 유자새우 샌드위치,1,5500,5500
2026-08-31,밀도,밀도 롯데김포점,폐기,유통기한초과(폐기),스콘,101119,레몬스콘,7,3800,26600
2026-08-31,밀도,밀도 롯데김포점,폐기,유통기한초과(폐기),스콘,102977,리코타사워크림스콘,8,4200,33600
2026-08-31,밀도,밀도 뉴코아강남점,폐기,유통기한초과(폐기),간식빵,101451,허니러스크,1,5200,5200
2026-08-31,밀도,밀도 뉴코아강남점,폐기,유통기한초과(폐기),간식빵,101957,초코허니러스크,1,5800,5800
2026-08-31,밀도,밀도 뉴코아강남점,폐기,유통기한초과(폐기),간식빵,103704,크림치즈포테이토,1,4200,4200
2026-08-31,밀도,밀도 뉴코아강남점,폐기,유통기한초과(폐기),건강빵,102991,곡물가득로데브,1,8000,8000
2026-08-31,밀도,밀도 뉴코아강남점,폐기,유통기한초과(폐기),건강빵,103574,무화과오트통밀100,1,5500,5500
2026-08-31,밀도,밀도 뉴코아강남점,폐기,유통기한초과(폐기),소금빵,102778,앙버터소금빵,2,4800,9600
2026-08-31,밀도,밀도 뉴코아강남점,폐기,유통기한초과(폐기),소금빵,102844,the부드러운소금빵,3,3600,10800
2026-08-31,밀도,밀도 광장점,폐기,유통기한초과(폐기),간식빵,100625,큐브시나몬,1,3800,3800
2026-08-31,밀도,밀도 광장점,폐기,유통기한초과(폐기),샌드위치,103807,잠봉에멘탈크로와상샌드위치,1,7900,7900
2026-08-31,밀도,밀도 광교점,폐기,유통기한초과(폐기),페이스트리,103769,고창고구마데니쉬,1,4600,4600
2026-08-31,밀도,밀도 광교점,폐기,유통기한초과(폐기),시그니처샌드,102272,땅콩크림샌드,5,5800,29000
2026-08-31,밀도,밀도 광교점,폐기,유통기한초과(폐기),샌드위치,103807,잠봉에멘탈크로와상샌드위치,2,7900,15800
2026-08-31,밀도,밀도 광교점,폐기,유통기한초과(폐기),식빵,100003,담백식빵,3,7800,23400
2026-08-31,밀도,밀도 광교점,폐기,유통기한초과(폐기),식빵,103814,얼룩 고양 식빵,2,7500,15000
2026-08-31,밀도,밀도 광교점,폐기,유통기한초과(폐기),미니식빵,103824,리치 모카빵,1,6900,6900
2026-08-31,밀도,밀도 광교점,폐기,유통기한초과(폐기),미니식빵,103827,촉촉연유브래드,1,6900,6900
2026-08-31,밀도,밀도 광교점,폐기,유통기한초과(폐기),소금빵,102778,앙버터소금빵,5,4800,24000
2026-08-31,밀도,밀도 고양점,폐기,유통기한초과(폐기),샌드위치,103807,잠봉에멘탈크로와상샌드위치,3,7900,23700
2026-08-31,밀도,밀도 고양점,폐기,유통기한초과(폐기),미니식빵,103663,밤완두바브카,4,7200,28800
2026-08-31,밀도,밀도 고양점,폐기,유통기한초과(폐기),미니식빵,103824,리치 모카빵,4,6900,27600
2026-08-31,밀도,밀도 고양점,폐기,유통기한초과(폐기),건강빵,103575,단호박고구마통밀(whole),5,5500,27500
2026-08-31,밀도,밀도 고양점,폐기,유통기한초과(폐기),스콘,102977,리코타사워크림스콘,3,4200,12600
2026-08-31,밀도,밀도 경기점,폐기,유통기한초과(폐기),간식빵,101327,큐브소보로,1,3800,3800
2026-08-31,밀도,밀도 경기점,폐기,유통기한초과(폐기),미니식빵,103824,리치 모카빵,2,6900,13800
2026-08-31,밀도,밀도 경기점,폐기,유통기한초과(폐기),스콘,102977,리코타사워크림스콘,1,4200,4200
2026-08-31,밀도,밀도 경기점,폐기,유통기한초과(폐기),소금빵,102844,the부드러운소금빵,1,3600,3600
2026-08-31,밀도,밀도 강남점,폐기,유통기한초과(폐기),간식빵,102587,밀도맘모스,2,6200,12400
2026-08-31,밀도,밀도 강남점,폐기,유통기한초과(폐기),시그니처샌드,102272,땅콩크림샌드,2,5800,11600
2026-09-01,밀도,밀도 성수점,폐기,유통기한초과(폐기),간식빵,100625,큐브시나몬,1,3800,3800
2026-09-01,밀도,밀도 성수점,폐기,유통기한초과(폐기),간식빵,101327,큐브소보로,4,3800,15200
2026-09-01,밀도,밀도 성수점,폐기,유통기한초과(폐기),간식빵,103704,크림치즈포테이토,1,4200,4200
2026-09-01,밀도,밀도 성수점,폐기,유통기한초과(폐기),간식빵,103766,누텔라로쉐큐브식빵,2,5200,10400
2026-09-01,밀도,밀도 성수점,폐기,유통기한초과(폐기),시그니처샌드,102272,땅콩크림샌드,4,5800,23200
2026-09-01,밀도,밀도 성수점,폐기,유통기한초과(폐기),샌드위치,103027,블루베리잼 잠봉뵈르,1,8900,8900
2026-09-01,밀도,밀도 성수점,폐기,유통기한초과(폐기),소금빵,102778,앙버터소금빵,4,4800,19200
2026-09-01,밀도,밀도 옥수점,폐기,유통기한초과(폐기),간식빵,101858,밀도단팥빵,3,3800,11400
2026-09-01,밀도,밀도 옥수점,폐기,유통기한초과(폐기),식빵,102966,달밤식빵,1,8900,8900
2026-09-01,밀도,밀도 옥수점,폐기,유통기한초과(폐기),소금빵,102844,the부드러운소금빵,1,3600,3600
2026-09-01,밀도,밀도 광장점,폐기,유통기한초과(폐기),샌드위치,103807,잠봉에멘탈크로와상샌드위치,2,7900,15800
2026-09-01,밀도,밀도 광장점,폐기,유통기한초과(폐기),미니식빵,103663,밤완두바브카,2,7200,14400
2026-09-01,밀도,밀도 알토점,폐기,유통기한초과(폐기),간식빵,100010,큐브커스터드,1,4700,4700
2026-09-01,밀도,밀도 알토점,폐기,유통기한초과(폐기),간식빵,101327,큐브소보로,1,3800,3800
2026-09-01,밀도,밀도 알토점,폐기,유통기한초과(폐기),간식빵,101451,허니러스크,5,5200,26000
2026-09-01,밀도,밀도 알토점,폐기,유통기한초과(폐기),간식빵,103704,크림치즈포테이토,1,4200,4200
2026-09-01,밀도,밀도 알토점,폐기,유통기한초과(폐기),간식빵,103766,누텔라로쉐큐브식빵,2,5200,10400
2026-09-01,밀도,밀도 알토점,폐기,유통기한초과(폐기),스콘,101119,레몬스콘,2,3800,7600
2026-09-01,밀도,밀도 알토점,폐기,유통기한초과(폐기),소금빵,102778,앙버터소금빵,3,4800,14400
2026-09-01,밀도,밀도 광교점,폐기,유통기한초과(폐기),페이스트리,103768,애플시나몬크림치즈데니쉬,2,4900,9800
2026-09-01,밀도,밀도 광교점,폐기,유통기한초과(폐기),페이스트리,103769,고창고구마데니쉬,1,4600,4600
2026-09-01,밀도,밀도 광교점,폐기,유통기한초과(폐기),파운드,102607,레몬파운드,4,5600,22400
2026-09-01,밀도,밀도 광교점,폐기,유통기한초과(폐기),파운드,103834,피스타치오휘낭시에리뉴얼,2,3200,6400
2026-09-01,밀도,밀도 광교점,폐기,유통기한초과(폐기),디저트,103616,수제국산생크림롤케이크,1,6200,6200
2026-09-01,밀도,밀도 광교점,폐기,유통기한초과(폐기),샌드위치,103807,잠봉에멘탈크로와상샌드위치,1,7900,7900
2026-09-01,밀도,밀도 광교점,폐기,유통기한초과(폐기),샌드위치,103881,상큼 유자새우 샌드위치,3,5500,16500
2026-09-01,밀도,밀도 광교점,폐기,유통기한초과(폐기),식빵,103814,얼룩 고양 식빵,2,7500,15000
2026-09-01,밀도,밀도 광교점,폐기,유통기한초과(폐기),미니식빵,103827,촉촉연유브래드,1,6900,6900
2026-09-01,밀도,밀도 광교점,폐기,유통기한초과(폐기),소금빵,102778,앙버터소금빵,1,4800,4800
2026-09-01,밀도,밀도 강남점,폐기,유통기한초과(폐기),간식빵,101451,허니러스크,4,5200,20800
2026-09-01,밀도,밀도 강남점,폐기,유통기한초과(폐기),간식빵,101957,초코허니러스크,2,5800,11600
2026-09-01,밀도,밀도 강남점,폐기,유통기한초과(폐기),스콘,101119,레몬스콘,2,3800,7600
2026-09-01,밀도,밀도 고양점,폐기,유통기한초과(폐기),간식빵,103766,누텔라로쉐큐브식빵,4,5200,20800
2026-09-01,밀도,밀도 고양점,폐기,유통기한초과(폐기),샌드위치,103027,블루베리잼 잠봉뵈르,5,8900,44500
2026-09-01,밀도,밀도 고양점,폐기,유통기한초과(폐기),미니식빵,103764,누텔라바브카,1,7800,7800
2026-09-01,밀도,밀도 고양점,폐기,유통기한초과(폐기),스콘,102977,리코타사워크림스콘,2,4200,8400
2026-09-01,밀도,밀도 경기점,폐기,유통기한초과(폐기),간식빵,101451,허니러스크,2,5200,10400
2026-09-01,밀도,밀도 경기점,폐기,유통기한초과(폐기),간식빵,102587,밀도맘모스,1,6200,6200
2026-09-01,밀도,밀도 경기점,폐기,유통기한초과(폐기),미니식빵,103824,리치 모카빵,1,6900,6900
2026-09-01,밀도,밀도 경기점,폐기,유통기한초과(폐기),소금빵,102778,앙버터소금빵,2,4800,9600
2026-09-01,밀도,밀도 경기점,폐기,유통기한초과(폐기),소금빵,102844,the부드러운소금빵,4,3600,14400
2026-09-01,밀도,밀도 압구정현대점,폐기,유통기한초과(폐기),식빵,100004,리치식빵,1,8400,8400
2026-09-01,밀도,밀도 압구정현대점,폐기,유통기한초과(폐기),식빵,102322,리치식빵Half,2,4800,9600
2026-09-01,밀도,밀도 뉴코아강남점,폐기,유통기한초과(폐기),간식빵,100010,큐브커스터드,1,4700,4700
2026-09-01,밀도,밀도 뉴코아강남점,폐기,유통기한초과(폐기),간식빵,101327,큐브소보로,2,3800,7600
2026-09-01,밀도,밀도 뉴코아강남점,폐기,유통기한초과(폐기),간식빵,101451,허니러스크,2,5200,10400
2026-09-01,밀도,밀도 뉴코아강남점,폐기,유통기한초과(폐기),간식빵,101957,초코허니러스크,1,5800,5800
2026-09-01,밀도,밀도 뉴코아강남점,폐기,유통기한초과(폐기),간식빵,103704,크림치즈포테이토,1,4200,4200
2026-09-01,밀도,밀도 뉴코아강남점,폐기,유통기한초과(폐기),시그니처샌드,102272,땅콩크림샌드,7,5800,40600
2026-09-01,밀도,밀도 뉴코아강남점,폐기,유통기한초과(폐기),샌드위치,103286,에그마요 소금빵,2,5200,10400
2026-09-01,밀도,밀도 뉴코아강남점,폐기,유통기한초과(폐기),샌드위치,103881,상큼 유자새우 샌드위치,1,5500,5500
2026-09-01,밀도,밀도 뉴코아강남점,폐기,유통기한초과(폐기),건강빵,102983,촉촉감자치아바타,6,4800,28800
2026-09-01,밀도,밀도 뉴코아강남점,폐기,유통기한초과(폐기),건강빵,102993,프룻로데브,3,7800,23400
2026-09-01,밀도,밀도 뉴코아강남점,폐기,유통기한초과(폐기),건강빵,103574,무화과오트통밀100,4,5500,22000
2026-09-01,밀도,밀도 롯데노원점,폐기,유통기한초과(폐기),간식빵,101327,큐브소보로,1,3800,3800
2026-09-01,밀도,밀도 롯데노원점,폐기,유통기한초과(폐기),간식빵,101451,허니러스크,4,5200,20800
2026-09-01,밀도,밀도 롯데노원점,폐기,유통기한초과(폐기),간식빵,101858,밀도단팥빵,10,3800,38000
2026-09-01,밀도,밀도 롯데노원점,폐기,유통기한초과(폐기),간식빵,101957,초코허니러스크,1,5800,5800
2026-09-01,밀도,밀도 롯데노원점,폐기,유통기한초과(폐기),간식빵,102587,밀도맘모스,5,6200,31000
2026-09-01,밀도,밀도 롯데노원점,폐기,유통기한초과(폐기),간식빵,102976,앙버터허니러스크,5,6200,31000
2026-09-01,밀도,밀도 롯데노원점,폐기,유통기한초과(폐기),간식빵,103704,크림치즈포테이토,3,4200,12600
2026-09-01,밀도,밀도 롯데노원점,폐기,유통기한초과(폐기),간식빵,103838,초코말차러스크,5,6500,32500
2026-09-01,밀도,밀도 롯데노원점,폐기,유통기한초과(폐기),시그니처샌드,102272,땅콩크림샌드,1,5800,5800
2026-09-01,밀도,밀도 롯데노원점,폐기,유통기한초과(폐기),샌드위치,103027,블루베리잼 잠봉뵈르,3,8900,26700
2026-09-01,밀도,밀도 롯데노원점,폐기,유통기한초과(폐기),샌드위치,103286,에그마요 소금빵,7,5200,36400
2026-09-01,밀도,밀도 롯데노원점,폐기,유통기한초과(폐기),샌드위치,103807,잠봉에멘탈크로와상샌드위치,5,7900,39500
2026-09-01,밀도,밀도 롯데노원점,폐기,유통기한초과(폐기),식빵,102966,달밤식빵,3,8900,26700
2026-09-01,밀도,밀도 롯데노원점,폐기,유통기한초과(폐기),식빵,103644,더잡곡식빵리뉴얼,4,12800,51200
2026-09-01,밀도,밀도 롯데노원점,폐기,유통기한초과(폐기),미니식빵,103764,누텔라바브카,7,7800,54600
2026-09-01,밀도,밀도 롯데노원점,폐기,유통기한초과(폐기),미니식빵,103824,리치 모카빵,2,6900,13800
2026-09-01,밀도,밀도 롯데노원점,폐기,유통기한초과(폐기),건강빵,102983,촉촉감자치아바타,7,4800,33600
2026-09-01,밀도,밀도 롯데노원점,폐기,유통기한초과(폐기),건강빵,103571,올리브치즈치아바타,2,5200,10400
2026-09-01,밀도,밀도 롯데노원점,폐기,유통기한초과(폐기),건강빵,103575,단호박고구마통밀(whole),4,5500,22000
2026-09-01,밀도,밀도 롯데노원점,폐기,유통기한초과(폐기),소금빵,102844,the부드러운소금빵,3,3600,10800
2026-09-01,밀도,밀도 롯데평촌점,폐기,유통기한초과(폐기),간식빵,100010,큐브커스터드,7,4700,32900
2026-09-01,밀도,밀도 롯데평촌점,폐기,유통기한초과(폐기),간식빵,101957,초코허니러스크,2,5800,11600
2026-09-01,밀도,밀도 롯데평촌점,폐기,유통기한초과(폐기),간식빵,103882,저당 쫀득 단팥빵,3,4200,12600
2026-09-01,밀도,밀도 롯데평촌점,폐기,유통기한초과(폐기),시그니처샌드,102272,땅콩크림샌드,1,5800,5800
2026-09-01,밀도,밀도 롯데평촌점,폐기,유통기한초과(폐기),샌드위치,103805,아이올리베이컨토마토샌드위치,1,8900,8900
2026-09-01,밀도,밀도 롯데평촌점,폐기,유통기한초과(폐기),식빵,102966,달밤식빵,4,8900,35600
2026-09-01,밀도,밀도 롯데평촌점,폐기,유통기한초과(폐기),미니식빵,103824,리치 모카빵,3,6900,20700
2026-09-01,밀도,밀도 롯데평촌점,폐기,유통기한초과(폐기),건강빵,103575,단호박고구마통밀(whole),4,5500,22000
2026-09-01,밀도,밀도 롯데평촌점,폐기,유통기한초과(폐기),스콘,101119,레몬스콘,2,3800,7600
2026-09-01,밀도,밀도 롯데김포점,폐기,유통기한초과(폐기),간식빵,103882,저당 쫀득 단팥빵,2,4200,8400
2026-09-01,밀도,밀도 롯데김포점,폐기,유통기한초과(폐기),샌드위치,103807,잠봉에멘탈크로와상샌드위치,2,7900,15800
2026-09-01,밀도,밀도 롯데김포점,폐기,유통기한초과(폐기),식빵,102684,튼튼고양식빵,4,6900,27600
2026-09-01,밀도,밀도 롯데김포점,폐기,유통기한초과(폐기),스콘,101119,레몬스콘,1,3800,3800
2026-09-01,밀도,밀도 롯데김포점,폐기,유통기한초과(폐기),스콘,102977,리코타사워크림스콘,11,4200,46200
2026-09-01,밀도,밀도 롯데소공점,폐기,유통기한초과(폐기),간식빵,101451,허니러스크,4,5200,20800
2026-09-01,밀도,밀도 롯데소공점,폐기,유통기한초과(폐기),세이보리,103885,전주비빔밥샌드,4,8200,32800
2026-09-02,밀도,밀도 성수점,폐기,유통기한초과(폐기),간식빵,100625,큐브시나몬,7,3800,26600
2026-09-02,밀도,밀도 성수점,폐기,유통기한초과(폐기),간식빵,101327,큐브소보로,3,3800,11400
2026-09-02,밀도,밀도 성수점,폐기,유통기한초과(폐기),간식빵,101858,밀도단팥빵,4,3800,15200
2026-09-02,밀도,밀도 성수점,폐기,유통기한초과(폐기),간식빵,103766,누텔라로쉐큐브식빵,5,5200,26000
2026-09-02,밀도,밀도 성수점,폐기,유통기한초과(폐기),시그니처샌드,102272,땅콩크림샌드,1,5800,5800
2026-09-02,밀도,밀도 한티점,폐기,유통기한초과(폐기),간식빵,103704,크림치즈포테이토,6,4200,25200
2026-09-02,밀도,밀도 한티점,폐기,유통기한초과(폐기),샌드위치,103807,잠봉에멘탈크로와상샌드위치,1,7900,7900
2026-09-02,밀도,밀도 한티점,폐기,유통기한초과(폐기),식빵,102684,튼튼고양식빵,1,6900,6900
2026-09-02,밀도,밀도 한티점,폐기,유통기한초과(폐기),식빵,102966,달밤식빵,1,8900,8900
2026-09-02,밀도,밀도 한티점,폐기,유통기한초과(폐기),식빵,103814,얼룩 고양 식빵,1,7500,7500
2026-09-02,밀도,밀도 한티점,폐기,유통기한초과(폐기),미니식빵,103663,밤완두바브카,1,7200,7200
2026-09-02,밀도,밀도 한티점,폐기,유통기한초과(폐기),모닝롤,103773,모닝롤(6ea),1,5200,5200
2026-09-02,밀도,밀도 옥수점,폐기,유통기한초과(폐기),간식빵,101451,허니러스크,1,5200,5200
2026-09-02,밀도,밀도 옥수점,폐기,유통기한초과(폐기),식빵,102684,튼튼고양식빵,1,6900,6900
2026-09-02,밀도,밀도 옥수점,폐기,유통기한초과(폐기),스콘,102977,리코타사워크림스콘,2,4200,8400
2026-09-02,밀도,밀도 광장점,폐기,유통기한초과(폐기),간식빵,101327,큐브소보로,1,3800,3800
2026-09-02,밀도,밀도 광장점,폐기,유통기한초과(폐기),간식빵,101858,밀도단팥빵,4,3800,15200
2026-09-02,밀도,밀도 광장점,폐기,유통기한초과(폐기),간식빵,103882,저당 쫀득 단팥빵,3,4200,12600
2026-09-02,밀도,밀도 광장점,폐기,유통기한초과(폐기),샌드위치,103807,잠봉에멘탈크로와상샌드위치,3,7900,23700
2026-09-02,밀도,밀도 광장점,폐기,유통기한초과(폐기),미니식빵,103663,밤완두바브카,2,7200,14400
2026-09-02,밀도,밀도 광장점,폐기,유통기한초과(폐기),모닝롤,103773,모닝롤(6ea),3,5200,15600
2026-09-02,밀도,밀도 알토점,폐기,유통기한초과(폐기),간식빵,100010,큐브커스터드,1,4700,4700
2026-09-02,밀도,밀도 알토점,폐기,유통기한초과(폐기),간식빵,103766,누텔라로쉐큐브식빵,1,5200,5200
2026-09-02,밀도,밀도 알토점,폐기,유통기한초과(폐기),식빵,102684,튼튼고양식빵,4,6900,27600
2026-09-02,밀도,밀도 알토점,폐기,유통기한초과(폐기),식빵,103814,얼룩 고양 식빵,6,7500,45000
2026-09-02,밀도,밀도 알토점,폐기,유통기한초과(폐기),스콘,102977,리코타사워크림스콘,2,4200,8400
2026-09-02,밀도,밀도 알토점,폐기,유통기한초과(폐기),소금빵,102778,앙버터소금빵,4,4800,19200
2026-09-02,밀도,밀도 알토점,폐기,유통기한초과(폐기),소금빵,102844,the부드러운소금빵,4,3600,14400
2026-09-02,밀도,밀도 광교점,폐기,유통기한초과(폐기),파운드,103040,무화과휘낭시에,4,3200,12800
2026-09-02,밀도,밀도 광교점,폐기,유통기한초과(폐기),파운드,103833,아몬드초코휘낭시에리뉴얼,2,3200,6400
2026-09-02,밀도,밀도 광교점,폐기,유통기한초과(폐기),파운드,103834,피스타치오휘낭시에리뉴얼,1,3200,3200
2026-09-02,밀도,밀도 광교점,폐기,유통기한초과(폐기),샌드위치,103881,상큼 유자새우 샌드위치,1,5500,5500
2026-09-02,밀도,밀도 광교점,폐기,유통기한초과(폐기),식빵,100004,리치식빵,1,8400,8400
2026-09-02,밀도,밀도 강남점,폐기,유통기한초과(폐기),간식빵,100010,큐브커스터드,1,4700,4700
2026-09-02,밀도,밀도 강남점,폐기,유통기한초과(폐기),간식빵,101451,허니러스크,4,5200,20800
2026-09-02,밀도,밀도 강남점,폐기,유통기한초과(폐기),샌드위치,103807,잠봉에멘탈크로와상샌드위치,2,7900,15800
2026-09-02,밀도,밀도 고양점,폐기,유통기한초과(폐기),간식빵,103704,크림치즈포테이토,1,4200,4200
2026-09-02,밀도,밀도 고양점,폐기,유통기한초과(폐기),간식빵,103766,누텔라로쉐큐브식빵,1,5200,5200
2026-09-02,밀도,밀도 고양점,폐기,유통기한초과(폐기),페이스트리,103768,애플시나몬크림치즈데니쉬,3,4900,14700
2026-09-02,밀도,밀도 고양점,폐기,유통기한초과(폐기),페이스트리,103769,고창고구마데니쉬,2,4600,9200
2026-09-02,밀도,밀도 고양점,폐기,유통기한초과(폐기),샌드위치,103027,블루베리잼 잠봉뵈르,3,8900,26700
2026-09-02,밀도,밀도 고양점,폐기,유통기한초과(폐기),샌드위치,103286,에그마요 소금빵,4,5200,20800
2026-09-02,밀도,밀도 고양점,폐기,유통기한초과(폐기),샌드위치,103807,잠봉에멘탈크로와상샌드위치,3,7900,23700
2026-09-02,밀도,밀도 고양점,폐기,유통기한초과(폐기),건강빵,103575,단호박고구마통밀(whole),2,5500,11000
2026-09-02,밀도,밀도 고양점,폐기,유통기한초과(폐기),스콘,102977,리코타사워크림스콘,1,4200,4200
2026-09-02,밀도,밀도 경기점,폐기,유통기한초과(폐기),간식빵,101451,허니러스크,5,5200,26000
2026-09-02,밀도,밀도 경기점,폐기,유통기한초과(폐기),간식빵,101858,밀도단팥빵,2,3800,7600
2026-09-02,밀도,밀도 경기점,폐기,유통기한초과(폐기),간식빵,103882,저당 쫀득 단팥빵,2,4200,8400
2026-09-02,밀도,밀도 경기점,폐기,유통기한초과(폐기),시그니처샌드,102272,땅콩크림샌드,1,5800,5800
2026-09-02,밀도,밀도 경기점,폐기,유통기한초과(폐기),식빵,103814,얼룩 고양 식빵,4,7500,30000
2026-09-02,밀도,밀도 경기점,폐기,유통기한초과(폐기),미니식빵,103827,촉촉연유브래드,2,6900,13800
2026-09-02,밀도,밀도 경기점,폐기,유통기한초과(폐기),소금빵,102778,앙버터소금빵,1,4800,4800
2026-09-02,밀도,밀도 잠실점,폐기,불량(폐기),간식빵,101858,밀도단팥빵,4,3800,15200
2026-09-02,밀도,밀도 잠실점,폐기,불량(폐기),소금빵,102844,the부드러운소금빵,6,3600,21600
2026-09-02,밀도,밀도 잠실점,폐기,유통기한초과(폐기),건강빵,103574,무화과오트통밀100,4,5500,22000
2026-09-02,밀도,밀도 잠실점,폐기,유통기한초과(폐기),건강빵,103575,단호박고구마통밀(whole),3,5500,16500
2026-09-02,밀도,밀도 압구정현대점,폐기,유통기한초과(폐기),간식빵,100625,큐브시나몬,2,3800,7600
2026-09-02,밀도,밀도 압구정현대점,폐기,유통기한초과(폐기),간식빵,101327,큐브소보로,3,3800,11400
2026-09-02,밀도,밀도 압구정현대점,폐기,유통기한초과(폐기),식빵,102321,담백식빵Half,2,4500,9000
2026-09-02,밀도,밀도 압구정현대점,폐기,유통기한초과(폐기),식빵,102322,리치식빵Half,1,4800,4800
2026-09-02,밀도,밀도 압구정현대점,폐기,유통기한초과(폐기),스콘,101119,레몬스콘,1,3800,3800
2026-09-02,밀도,밀도 뉴코아강남점,폐기,유통기한초과(폐기),간식빵,100010,큐브커스터드,2,4700,9400
2026-09-02,밀도,밀도 뉴코아강남점,폐기,유통기한초과(폐기),간식빵,100625,큐브시나몬,4,3800,15200
2026-09-02,밀도,밀도 뉴코아강남점,폐기,유통기한초과(폐기),간식빵,101327,큐브소보로,3,3800,11400
2026-09-02,밀도,밀도 뉴코아강남점,폐기,유통기한초과(폐기),간식빵,101957,초코허니러스크,2,5800,11600
2026-09-02,밀도,밀도 뉴코아강남점,폐기,유통기한초과(폐기),간식빵,103882,저당 쫀득 단팥빵,1,4200,4200
2026-09-02,밀도,밀도 뉴코아강남점,폐기,유통기한초과(폐기),샌드위치,103881,상큼 유자새우 샌드위치,1,5500,5500
2026-09-02,밀도,밀도 뉴코아강남점,폐기,유통기한초과(폐기),식빵,102966,달밤식빵,2,8900,17800
2026-09-02,밀도,밀도 뉴코아강남점,폐기,유통기한초과(폐기),건강빵,102991,곡물가득로데브,2,8000,16000
2026-09-02,밀도,밀도 뉴코아강남점,폐기,유통기한초과(폐기),건강빵,102993,프룻로데브,1,7800,7800
2026-09-02,밀도,밀도 뉴코아강남점,폐기,유통기한초과(폐기),소금빵,102778,앙버터소금빵,1,4800,4800
2026-09-02,밀도,밀도 뉴코아강남점,폐기,유통기한초과(폐기),소금빵,102844,the부드러운소금빵,8,3600,28800
2026-09-02,밀도,밀도 롯데노원점,폐기,유통기한초과(폐기),간식빵,101327,큐브소보로,7,3800,26600
2026-09-02,밀도,밀도 롯데노원점,폐기,유통기한초과(폐기),간식빵,101451,허니러스크,3,5200,15600
2026-09-02,밀도,밀도 롯데노원점,폐기,유통기한초과(폐기),간식빵,101858,밀도단팥빵,4,3800,15200
2026-09-02,밀도,밀도 롯데노원점,폐기,유통기한초과(폐기),간식빵,101957,초코허니러스크,3,5800,17400
2026-09-02,밀도,밀도 롯데노원점,폐기,유통기한초과(폐기),간식빵,102976,앙버터허니러스크,1,6200,6200
2026-09-02,밀도,밀도 롯데노원점,폐기,유통기한초과(폐기),간식빵,103704,크림치즈포테이토,4,4200,16800
2026-09-02,밀도,밀도 롯데노원점,폐기,유통기한초과(폐기),간식빵,103838,초코말차러스크,2,6500,13000
2026-09-02,밀도,밀도 롯데노원점,폐기,유통기한초과(폐기),페이스트리,103768,애플시나몬크림치즈데니쉬,2,4900,9800
2026-09-02,밀도,밀도 롯데노원점,폐기,유통기한초과(폐기),디저트,102978,상하카라멜푸딩,1,5200,5200
2026-09-02,밀도,밀도 롯데노원점,폐기,유통기한초과(폐기),디저트,103569,상하초콜릿푸딩,1,5500,5500
2026-09-02,밀도,밀도 롯데노원점,폐기,유통기한초과(폐기),샌드위치,103027,블루베리잼 잠봉뵈르,2,8900,17800
2026-09-02,밀도,밀도 롯데노원점,폐기,유통기한초과(폐기),샌드위치,103286,에그마요 소금빵,1,5200,5200
2026-09-02,밀도,밀도 롯데노원점,폐기,유통기한초과(폐기),샌드위치,103807,잠봉에멘탈크로와상샌드위치,6,7900,47400
2026-09-02,밀도,밀도 롯데노원점,폐기,유통기한초과(폐기),샌드위치,103881,상큼 유자새우 샌드위치,2,5500,11000
2026-09-02,밀도,밀도 롯데노원점,폐기,유통기한초과(폐기),식빵,102966,달밤식빵,1,8900,8900
2026-09-02,밀도,밀도 롯데노원점,폐기,유통기한초과(폐기),미니식빵,103764,누텔라바브카,3,7800,23400
2026-09-02,밀도,밀도 롯데노원점,폐기,유통기한초과(폐기),건강빵,103574,무화과오트통밀100,2,5500,11000
2026-09-02,밀도,밀도 롯데노원점,폐기,유통기한초과(폐기),건강빵,103575,단호박고구마통밀(whole),2,5500,11000
2026-09-02,밀도,밀도 롯데노원점,폐기,유통기한초과(폐기),건강빵,103622,마르게리따포카치아,1,5500,5500
2026-09-02,밀도,밀도 롯데노원점,폐기,유통기한초과(폐기),소금빵,102778,앙버터소금빵,5,4800,24000
2026-09-02,밀도,밀도 롯데노원점,폐기,유통기한초과(폐기),소금빵,102844,the부드러운소금빵,5,3600,18000
2026-09-02,밀도,밀도 롯데평촌점,폐기,유통기한초과(폐기),간식빵,101957,초코허니러스크,12,5800,69600
2026-09-02,밀도,밀도 롯데평촌점,폐기,유통기한초과(폐기),간식빵,103704,크림치즈포테이토,1,4200,4200
2026-09-02,밀도,밀도 롯데평촌점,폐기,유통기한초과(폐기),파운드,102607,레몬파운드,8,5600,44800
2026-09-02,밀도,밀도 롯데평촌점,폐기,유통기한초과(폐기),디저트,103737,허쉬딥초코롤케이크(조각),8,6500,52000
2026-09-02,밀도,밀도 롯데평촌점,폐기,유통기한초과(폐기),샌드위치,103807,잠봉에멘탈크로와상샌드위치,3,7900,23700
2026-09-02,밀도,밀도 롯데김포점,폐기,유통기한초과(폐기),샌드위치,103807,잠봉에멘탈크로와상샌드위치,1,7900,7900
2026-09-02,밀도,밀도 롯데소공점,폐기,유통기한초과(폐기),세이보리,103885,전주비빔밥샌드,3,8200,24600
2026-09-02,밀도,밀도 롯데소공점,폐기,유통기한초과(폐기),식빵,100004,리치식빵,8,8400,67200
2026-09-03,밀도,밀도 성수점,폐기,유통기한초과(폐기),식빵,102966,달밤식빵,1,8900,8900
2026-09-03,밀도,밀도 성수점,폐기,유통기한초과(폐기),미니식빵,103663,밤완두바브카,1,7200,7200
2026-09-03,밀도,밀도 성수점,폐기,유통기한초과(폐기),미니식빵,103764,누텔라바브카,3,7800,23400
2026-09-03,밀도,밀도 성수점,폐기,유통기한초과(폐기),스콘,102977,리코타사워크림스콘,5,4200,21000
2026-09-03,밀도,밀도 성수점,폐기,유통기한초과(폐기),소금빵,102778,앙버터소금빵,2,4800,9600
2026-09-03,밀도,밀도 성수점,폐기,유통기한초과(폐기),소금빵,102844,the부드러운소금빵,1,3600,3600
2026-09-03,밀도,밀도 한티점,폐기,유통기한초과(폐기),간식빵,103704,크림치즈포테이토,3,4200,12600
2026-09-03,밀도,밀도 한티점,폐기,유통기한초과(폐기),간식빵,103882,저당 쫀득 단팥빵,1,4200,4200
2026-09-03,밀도,밀도 한티점,폐기,유통기한초과(폐기),미니식빵,103764,누텔라바브카,1,7800,7800
2026-09-03,밀도,밀도 한티점,폐기,유통기한초과(폐기),미니식빵,103824,리치 모카빵,1,6900,6900
2026-09-03,밀도,밀도 옥수점,폐기,유통기한초과(폐기),스콘,101119,레몬스콘,1,3800,3800
2026-09-03,밀도,밀도 옥수점,폐기,유통기한초과(폐기),스콘,102977,리코타사워크림스콘,1,4200,4200
2026-09-03,밀도,밀도 광장점,폐기,유통기한초과(폐기),간식빵,103882,저당 쫀득 단팥빵,1,4200,4200
2026-09-03,밀도,밀도 광장점,폐기,유통기한초과(폐기),샌드위치,103807,잠봉에멘탈크로와상샌드위치,1,7900,7900
2026-09-03,밀도,밀도 광장점,폐기,유통기한초과(폐기),식빵,102966,달밤식빵,1,8900,8900
2026-09-03,밀도,밀도 알토점,폐기,유통기한초과(폐기),간식빵,100010,큐브커스터드,2,4700,9400
2026-09-03,밀도,밀도 알토점,폐기,유통기한초과(폐기),간식빵,100625,큐브시나몬,2,3800,7600
2026-09-03,밀도,밀도 알토점,폐기,유통기한초과(폐기),간식빵,101957,초코허니러스크,1,5800,5800
2026-09-03,밀도,밀도 알토점,폐기,유통기한초과(폐기),간식빵,103766,누텔라로쉐큐브식빵,1,5200,5200
2026-09-03,밀도,밀도 알토점,폐기,유통기한초과(폐기),쿠키 브라우니,103459,샤브레쿠키(2ea),1,2000,2000
2026-09-03,밀도,밀도 알토점,폐기,유통기한초과(폐기),식빵,102684,튼튼고양식빵,5,6900,34500
2026-09-03,밀도,밀도 알토점,폐기,유통기한초과(폐기),식빵,103814,얼룩 고양 식빵,1,7500,7500
2026-09-03,밀도,밀도 알토점,폐기,유통기한초과(폐기),소금빵,102844,the부드러운소금빵,6,3600,21600
2026-09-03,밀도,밀도 광교점,폐기,유통기한초과(폐기),간식빵,101858,밀도단팥빵,4,3800,15200
2026-09-03,밀도,밀도 광교점,폐기,유통기한초과(폐기),페이스트리,103768,애플시나몬크림치즈데니쉬,1,4900,4900
2026-09-03,밀도,밀도 광교점,폐기,유통기한초과(폐기),페이스트리,103769,고창고구마데니쉬,1,4600,4600
2026-09-03,밀도,밀도 광교점,폐기,유통기한초과(폐기),디저트,103616,수제국산생크림롤케이크,1,6200,6200
2026-09-03,밀도,밀도 광교점,폐기,유통기한초과(폐기),식빵,100003,담백식빵,1,7800,7800
2026-09-03,밀도,밀도 광교점,폐기,유통기한초과(폐기),식빵,100004,리치식빵,1,8400,8400
2026-09-03,밀도,밀도 광교점,폐기,유통기한초과(폐기),스콘,101119,레몬스콘,2,3800,7600
2026-09-03,밀도,밀도 광교점,폐기,유통기한초과(폐기),소금빵,102844,the부드러운소금빵,1,3600,3600
2026-09-03,밀도,밀도 강남점,폐기,유통기한초과(폐기),간식빵,103704,크림치즈포테이토,4,4200,16800
2026-09-03,밀도,밀도 강남점,폐기,유통기한초과(폐기),스콘,101119,레몬스콘,1,3800,3800
2026-09-03,밀도,밀도 고양점,폐기,유통기한초과(폐기),간식빵,100625,큐브시나몬,5,3800,19000
2026-09-03,밀도,밀도 고양점,폐기,유통기한초과(폐기),간식빵,103766,누텔라로쉐큐브식빵,2,5200,10400
2026-09-03,밀도,밀도 고양점,폐기,유통기한초과(폐기),간식빵,103882,저당 쫀득 단팥빵,3,4200,12600
2026-09-03,밀도,밀도 고양점,폐기,유통기한초과(폐기),페이스트리,103768,애플시나몬크림치즈데니쉬,1,4900,4900
2026-09-03,밀도,밀도 고양점,폐기,유통기한초과(폐기),샌드위치,103027,블루베리잼 잠봉뵈르,2,8900,17800
2026-09-03,밀도,밀도 고양점,폐기,유통기한초과(폐기),미니식빵,103824,리치 모카빵,5,6900,34500
2026-09-03,밀도,밀도 고양점,폐기,유통기한초과(폐기),건강빵,102983,촉촉감자치아바타,4,4800,19200
2026-09-03,밀도,밀도 뉴코아강남점,폐기,유통기한초과(폐기),간식빵,100010,큐브커스터드,5,4700,23500
2026-09-03,밀도,밀도 뉴코아강남점,폐기,유통기한초과(폐기),간식빵,101451,허니러스크,4,5200,20800
2026-09-03,밀도,밀도 뉴코아강남점,폐기,유통기한초과(폐기),간식빵,102976,앙버터허니러스크,1,6200,6200
2026-09-03,밀도,밀도 뉴코아강남점,폐기,유통기한초과(폐기),샌드위치,103028,그릴드닭가슴살 당근라페 샌드위치,6,8900,53400
2026-09-03,밀도,밀도 뉴코아강남점,폐기,유통기한초과(폐기),샌드위치,103805,아이올리베이컨토마토샌드위치,1,8900,8900
2026-09-03,밀도,밀도 뉴코아강남점,폐기,유통기한초과(폐기),샌드위치,103807,잠봉에멘탈크로와상샌드위치,1,7900,7900
2026-09-03,밀도,밀도 뉴코아강남점,폐기,유통기한초과(폐기),식빵,102966,달밤식빵,2,8900,17800
2026-09-03,밀도,밀도 뉴코아강남점,폐기,유통기한초과(폐기),미니식빵,103824,리치 모카빵,1,6900,6900
2026-09-03,밀도,밀도 뉴코아강남점,폐기,유통기한초과(폐기),건강빵,102993,프룻로데브,1,7800,7800
2026-09-03,밀도,밀도 뉴코아강남점,폐기,유통기한초과(폐기),스콘,101119,레몬스콘,1,3800,3800
2026-09-03,밀도,밀도 롯데노원점,폐기,유통기한초과(폐기),간식빵,100010,큐브커스터드,3,4700,14100
2026-09-03,밀도,밀도 롯데노원점,폐기,유통기한초과(폐기),간식빵,101327,큐브소보로,2,3800,7600
2026-09-03,밀도,밀도 롯데노원점,폐기,유통기한초과(폐기),간식빵,101451,허니러스크,5,5200,26000
2026-09-03,밀도,밀도 롯데노원점,폐기,유통기한초과(폐기),간식빵,101858,밀도단팥빵,8,3800,30400
2026-09-03,밀도,밀도 롯데노원점,폐기,유통기한초과(폐기),간식빵,101957,초코허니러스크,3,5800,17400
2026-09-03,밀도,밀도 롯데노원점,폐기,유통기한초과(폐기),간식빵,102976,앙버터허니러스크,3,6200,18600
2026-09-03,밀도,밀도 롯데노원점,폐기,유통기한초과(폐기),간식빵,103704,크림치즈포테이토,1,4200,4200
2026-09-03,밀도,밀도 롯데노원점,폐기,유통기한초과(폐기),간식빵,103838,초코말차러스크,3,6500,19500
2026-09-03,밀도,밀도 롯데노원점,폐기,유통기한초과(폐기),간식빵,103882,저당 쫀득 단팥빵,2,4200,8400
2026-09-03,밀도,밀도 롯데노원점,폐기,유통기한초과(폐기),디저트,102978,상하카라멜푸딩,1,5200,5200
2026-09-03,밀도,밀도 롯데노원점,폐기,유통기한초과(폐기),디저트,103569,상하초콜릿푸딩,3,5500,16500
2026-09-03,밀도,밀도 롯데노원점,폐기,유통기한초과(폐기),시그니처샌드,102272,땅콩크림샌드,17,5800,98600
2026-09-03,밀도,밀도 롯데노원점,폐기,유통기한초과(폐기),샌드위치,103807,잠봉에멘탈크로와상샌드위치,2,7900,15800
2026-09-03,밀도,밀도 롯데노원점,폐기,유통기한초과(폐기),샌드위치,103881,상큼 유자새우 샌드위치,1,5500,5500
2026-09-03,밀도,밀도 롯데노원점,폐기,유통기한초과(폐기),식빵,102966,달밤식빵,12,8900,106800
2026-09-03,밀도,밀도 롯데노원점,폐기,유통기한초과(폐기),미니식빵,103824,리치 모카빵,1,6900,6900
2026-09-03,밀도,밀도 롯데노원점,폐기,유통기한초과(폐기),건강빵,103575,단호박고구마통밀(whole),2,5500,11000
2026-09-03,밀도,밀도 롯데노원점,폐기,유통기한초과(폐기),소금빵,102778,앙버터소금빵,6,4800,28800
2026-09-03,밀도,밀도 롯데노원점,폐기,유통기한초과(폐기),소금빵,102844,the부드러운소금빵,7,3600,25200
2026-09-03,밀도,밀도 롯데평촌점,폐기,유통기한초과(폐기),간식빵,100010,큐브커스터드,14,4700,65800
2026-09-03,밀도,밀도 롯데평촌점,폐기,유통기한초과(폐기),샌드위치,103805,아이올리베이컨토마토샌드위치,1,8900,8900
2026-09-03,밀도,밀도 롯데평촌점,폐기,유통기한초과(폐기),식빵,102966,달밤식빵,1,8900,8900
2026-09-03,밀도,밀도 롯데평촌점,폐기,유통기한초과(폐기),미니식빵,103824,리치 모카빵,13,6900,89700
2026-09-03,밀도,밀도 롯데평촌점,폐기,유통기한초과(폐기),미니식빵,103827,촉촉연유브래드,1,6900,6900
2026-09-03,밀도,밀도 롯데평촌점,폐기,유통기한초과(폐기),건강빵,103575,단호박고구마통밀(whole),12,5500,66000
2026-09-03,밀도,밀도 롯데김포점,폐기,유통기한초과(폐기),식빵,100004,리치식빵,2,8400,16800
2026-09-03,밀도,밀도 롯데소공점,폐기,유통기한초과(폐기),식빵,100003,담백식빵,1,7800,7800
