기준일,브랜드,매장명,매출액_원,원본매출_만원
2026-07-01,폴바셋,신세계백화점 광주점,0,0
2026-07-01,폴바셋,롯데백화점 동탄점,0,0
2026-07-01,폴바셋,스타필드 하남 2호점,0,0
2026-07-01,폴바셋,신세계백화점 대구 1호점,0,0
2026-07-01,폴바셋,롯데백화점 노원점,0,0
2026-07-01,폴바셋,스타필드 수원점,0,0
2026-07-01,폴바셋,롯데백화점 대구점,0,0
2026-07-01,폴바셋,롯데백화점 부산본점,0,0
2026-07-01,폴바셋,대전엑스포 스카이점,0,0
2026-07-01,폴바셋,현대모터스튜디오 서울점,0,0
2026-07-01,폴바셋,광화문 디타워점,0,0
2026-07-01,폴바셋,제주 용담 DT점,0,0
2026-07-01,폴바셋,롯데마트 서초점,8091,0.8091
2026-07-01,폴바셋,삼성전자 평택점,0,0
2026-07-01,폴바셋,갤러리아 타임월드점,0,0
2026-07-01,폴바셋,롯데백화점 관악점,0,0
2026-07-01,폴바셋,롯데월드몰점,0,0
2026-07-01,폴바셋,스타필드 안성점,0,0
2026-07-01,폴바셋,롯데아울렛 남악점,0,0
2026-07-01,폴바셋,롯데백화점 평촌점,16182,1.6182
2026-07-01,폴바셋,롯데백화점 광주점,16182,1.6182
2026-07-01,폴바셋,현대백화점 충청점,16182,1.6182
2026-07-01,폴바셋,현대백화점 천호점,24273,2.4273
2026-07-01,폴바셋,신세계백화점 의정부점,23364,2.3364
2026-07-01,폴바셋,신세계백화점 센텀시티점,8091,0.8091
2026-07-01,폴바셋,삼성전자 온양캠퍼스점,7728,0.7728
2026-07-01,폴바셋,현대백화점 울산점,8091,0.8091
2026-07-01,폴바셋,포항 영일대 DT점,23364,2.3364
2026-07-01,폴바셋,롯데백화점 창원점,8091,0.8091
2026-07-01,폴바셋,AK플라자 수원점,8091,0.8091
2026-07-01,폴바셋,더현대 대구점,7182,0.7182
2026-07-01,폴바셋,스타필드시티 위례점,16182,1.6182
2026-07-01,폴바셋,현대아울렛 대전점,22455,2.2455
2026-07-01,폴바셋,스타필드 고양 1호점,30546,3.0546
2026-07-01,폴바셋,롯데아울렛 기흥점,27365,2.7365
2026-07-01,폴바셋,롯데백화점 김포공항점,15273,1.5273
2026-07-01,폴바셋,롯데백화점 대전점,30546,3.0546
2026-07-01,폴바셋,마산 회원 DT점,15273,1.5273
2026-07-01,폴바셋,롯데아울렛 광주수완점,16182,1.6182
2026-07-01,폴바셋,한국경제신문사점,39546,3.9546
2026-07-01,폴바셋,신세계 사우스시티점,47637,4.7637
2026-07-01,폴바셋,삼성 DSR점,46728,4.6728
2026-07-01,폴바셋,신세계백화점 대구 2호점,0,0
2026-07-01,폴바셋,뉴코아 강남점,15273,1.5273
2026-07-01,폴바셋,롯데백화점 울산점,43457,4.3457
2026-07-01,폴바셋,AK플라자 광명점,21546,2.1546
2026-07-01,폴바셋,롯데백화점 강남점,8091,0.8091
2026-07-01,폴바셋,마산 해안대로 DT점,23364,2.3364
2026-07-01,폴바셋,여의도점,32364,3.2364
2026-07-01,폴바셋,구미 봉곡 DT점,39546,3.9546
2026-07-01,폴바셋,스타필드 하남 1호점,31455,3.1455
2026-07-01,폴바셋,롯데백화점 잠실점,30546,3.0546
2026-07-01,폴바셋,종로 G1점,37276,3.7276
2026-07-01,폴바셋,롯데월드 아이스링크점,8091,0.8091
2026-07-01,폴바셋,롯데몰 은평점,45819,4.5819
2026-07-01,폴바셋,롯데몰 수지점,23364,2.3364
2026-07-01,폴바셋,구로 G타워점,0,0
2026-07-01,폴바셋,경산 옥곡 DT점,24273,2.4273
2026-07-01,폴바셋,롯데백화점 광복점,54912,5.4912
2026-07-01,폴바셋,서소문점,53910,5.391
2026-07-01,폴바셋,인스파이어점,14364,1.4364
2026-07-01,폴바셋,롯데백화점 본점,50455,5.0455
2026-07-01,폴바셋,오산대 DT점,47637,4.7637
2026-07-01,폴바셋,교보문고 합정점,71001,7.1001
2026-07-01,폴바셋,NC타워 삼성점,55728,5.5728
2026-07-01,폴바셋,AK플라자 홍대점,31455,3.1455
2026-07-01,폴바셋,부산 전포 DT점,38637,3.8637
2026-07-01,폴바셋,송도 트리플스트리트점,47637,4.7637
2026-07-01,폴바셋,부산 괴정 DT점,53910,5.391
2026-07-01,폴바셋,양산 웅상 DT점,55728,5.5728
2026-07-01,폴바셋,파미에스테이션점,38637,3.8637
2026-07-01,폴바셋,롯데아울렛 이시아폴리스점,0,0
2026-07-01,폴바셋,경주 교동 DT점,46728,4.6728
2026-07-01,폴바셋,김포 구래 DT점,68274,6.8274
2026-07-01,폴바셋,대구 방촌 DT점,39546,3.9546
2026-07-01,폴바셋,광화문 흥국생명점,70092,7.0092
2026-07-01,폴바셋,북수원IC DT점,38637,3.8637
2026-07-01,폴바셋,제주 아라 DT점,46728,4.6728
2026-07-01,폴바셋,경산 임당역 DT점,71001,7.1001
2026-07-01,폴바셋,대구 감삼 DT점,30546,3.0546
2026-07-01,폴바셋,GFC점,72819,7.2819
2026-07-01,폴바셋,MBC몰 파크점,98092,9.8092
2026-07-01,폴바셋,현대아울렛 남양주점,62912,6.2912
2026-07-01,폴바셋,부산 대연 DT점,24273,2.4273
2026-07-01,폴바셋,대구 만촌 DT점,53910,5.391
2026-07-01,폴바셋,천안 구성 DT점,31455,3.1455
2026-07-01,폴바셋,상일동점,31455,3.1455
2026-07-01,폴바셋,광명 철산 DT점,62001,6.2001
2026-07-01,폴바셋,용인시청 DT점,68574,6.8574
2026-07-01,폴바셋,전주 금암 DT점,62001,6.2001
2026-07-01,폴바셋,부산 연산역점,46728,4.6728
2026-07-01,폴바셋,신세계아울렛 시흥점,103369,10.3369
2026-07-01,폴바셋,롯데몰 동부산점,8091,0.8091
2026-07-01,폴바셋,수원 월드컵경기장점,71001,7.1001
2026-07-01,폴바셋,롯데아울렛 김해점,49730,4.973
2026-07-01,폴바셋,고창 선운사점,56277,5.6277
2026-07-01,폴바셋,송도 SK바이오사이언스점,0,0
2026-07-01,폴바셋,강서 마곡 DT점,38637,3.8637
2026-07-01,폴바셋,부산 금곡 강변점,55728,5.5728
2026-07-01,폴바셋,청주 방서 DT점,22091,2.2091
2026-07-01,폴바셋,롯데아울렛 이천점,58185,5.8185
2026-07-01,폴바셋,증미역점,62001,6.2001
2026-07-01,폴바셋,롯데백화점 중동점,81005,8.1005
2026-07-01,폴바셋,평택 소사 DT점,91638,9.1638
2026-07-01,폴바셋,여의도 국회대로점,70092,7.0092
2026-07-01,폴바셋,반포 쌍동빌딩점,38637,3.8637
2026-07-01,폴바셋,혜화역점,108001,10.8001
2026-07-01,폴바셋,송도 센트럴파크점,22455,2.2455
2026-07-01,폴바셋,영등포 타임스퀘어점,68274,6.8274
2026-07-01,폴바셋,수서역점,54819,5.4819
2026-07-01,폴바셋,코엑스몰점,163548,16.3548
2026-07-01,폴바셋,광화문 예금보험공사점,114385,11.4385
2026-07-01,폴바셋,용산 아이파크몰점,125553,12.5553
2026-07-01,폴바셋,해운대 팔라티움점,0,0
2026-07-01,폴바셋,롯데백화점 상인점,0,0
2026-07-01,폴바셋,여의도 현대카드점,167877,16.7877
2026-07-01,폴바셋,연세와병원점,169824,16.9824
2026-07-01,폴바셋,압구정2호점,204191,20.4191
2026-07-01,폴바셋,선릉역 동훈타워점,145189,14.5189
2026-07-01,폴바셋,한남 커피스테이션,138823,13.8823
2026-07-01,폴바셋,강서 부민병원점,133728,13.3728
2026-07-01,폴바셋,현대백화점 미아점,185646,18.5646
2026-07-01,폴바셋,코리아나호텔점,138002,13.8002
2026-07-01,폴바셋,강남삼성타운점,199801,19.9801
2026-07-01,폴바셋,종각역점,283468,28.3468
2026-07-01,폴바셋,청담역점,136551,13.6551
2026-07-01,폴바셋,대구 수성못점,215045,21.5045
2026-07-01,폴바셋,강남역 삼성화재점,290768,29.0768
2026-07-01,폴바셋,신세계 센텀시티몰점,249834,24.9834
2026-07-01,폴바셋,교대역점,216010,21.601
2026-07-01,폴바셋,페럼타워점,299829,29.9829
2026-07-01,폴바셋,스타필드빌리지 운정점,259014,25.9014
2026-07-01,폴바셋,인천 송도 DT점,224468,22.4468
2026-07-01,폴바셋,청량리역점,178190,17.819
2026-07-01,폴바셋,광교엘포트몰점,214096,21.4096
2026-07-01,폴바셋,광화문 G타워점,207739,20.7739
2026-07-01,폴바셋,파르나스몰점,468881,46.8881
2026-07-01,폴바셋,광교 경기도청점,220462,22.0462
2026-07-01,폴바셋,수원컨트리클럽점,198646,19.8646
2026-07-01,폴바셋,갤러리아 광교점,177917,17.7917
2026-07-01,폴바셋,현대아울렛 김포점,244648,24.4648
2026-07-01,폴바셋,대치역점,276380,27.638
2026-07-01,폴바셋,일산 마두점,248198,24.8198
2026-07-01,폴바셋,여의도 부국증권점,338861,33.8861
2026-07-01,폴바셋,교보문고 강남점,329471,32.9471
2026-07-01,폴바셋,을지로 파인에비뉴점,488211,48.8211
2026-07-01,폴바셋,여의도 IFC몰점,417023,41.7023
2026-07-01,폴바셋,산본역점,483850,48.385
2026-07-01,폴바셋,인천공항 T1 입국점,471757,47.1757
2026-07-01,폴바셋,영종도 파라다이스시티점,470105,47.0105
2026-07-01,폴바셋,제주공항 국내선점,472006,47.2006
2026-07-01,폴바셋,연세암병원점,864842,86.4842
2026-07-01,폴바셋,고대구로병원점,966214,96.6214
2026-07-01,폴바셋,강남구청역점,808580,80.858
2026-07-01,폴바셋,강남점,0,0
2026-07-01,폴바셋,인천공항 T2 입국점,860984,86.0984
2026-07-01,폴바셋,사당 파스텔시티점,926662,92.6662
2026-07-01,폴바셋,일원역점,1520152,152.0152
2026-07-01,폴바셋,광화문점,2430114,243.0114
2026-07-02,폴바셋,신세계백화점 광주점,0,0
2026-07-02,폴바셋,롯데백화점 동탄점,0,0
2026-07-02,폴바셋,스타필드 하남 2호점,0,0
2026-07-02,폴바셋,신세계백화점 대구 1호점,0,0
2026-07-02,폴바셋,롯데백화점 노원점,0,0
2026-07-02,폴바셋,스타필드 수원점,0,0
2026-07-02,폴바셋,롯데백화점 대구점,0,0
2026-07-02,폴바셋,롯데백화점 부산본점,0,0
2026-07-02,폴바셋,대전엑스포 스카이점,0,0
2026-07-02,폴바셋,현대모터스튜디오 서울점,0,0
2026-07-02,폴바셋,광화문 디타워점,0,0
2026-07-02,폴바셋,제주 용담 DT점,0,0
2026-07-02,폴바셋,롯데마트 서초점,0,0
2026-07-02,폴바셋,삼성전자 평택점,0,0
2026-07-02,폴바셋,갤러리아 타임월드점,8091,0.8091
2026-07-02,폴바셋,롯데백화점 관악점,8091,0.8091
2026-07-02,폴바셋,롯데월드몰점,0,0
2026-07-02,폴바셋,스타필드 안성점,5909,0.5909
2026-07-02,폴바셋,롯데아울렛 남악점,0,0
2026-07-02,폴바셋,롯데백화점 평촌점,16182,1.6182
2026-07-02,폴바셋,롯데백화점 광주점,16182,1.6182
2026-07-02,폴바셋,현대백화점 충청점,8091,0.8091
2026-07-02,폴바셋,현대백화점 천호점,30546,3.0546
2026-07-02,폴바셋,신세계백화점 의정부점,23364,2.3364
2026-07-02,폴바셋,신세계백화점 센텀시티점,15273,1.5273
2026-07-02,폴바셋,삼성전자 온양캠퍼스점,18728,1.8728
2026-07-02,폴바셋,현대백화점 울산점,31455,3.1455
2026-07-02,폴바셋,포항 영일대 DT점,31455,3.1455
2026-07-02,폴바셋,롯데백화점 창원점,16182,1.6182
2026-07-02,폴바셋,AK플라자 수원점,15273,1.5273
2026-07-02,폴바셋,더현대 대구점,16182,1.6182
2026-07-02,폴바셋,스타필드시티 위례점,15273,1.5273
2026-07-02,폴바셋,현대아울렛 대전점,23364,2.3364
2026-07-02,폴바셋,스타필드 고양 1호점,0,0
2026-07-02,폴바셋,롯데아울렛 기흥점,12728,1.2728
2026-07-02,폴바셋,롯데백화점 김포공항점,8091,0.8091
2026-07-02,폴바셋,롯데백화점 대전점,0,0
2026-07-02,폴바셋,마산 회원 DT점,24273,2.4273
2026-07-02,폴바셋,롯데아울렛 광주수완점,22455,2.2455
2026-07-02,폴바셋,한국경제신문사점,38637,3.8637
2026-07-02,폴바셋,신세계 사우스시티점,54819,5.4819
2026-07-02,폴바셋,삼성 DSR점,0,0
2026-07-02,폴바셋,신세계백화점 대구 2호점,23364,2.3364
2026-07-02,폴바셋,뉴코아 강남점,0,0
2026-07-02,폴바셋,롯데백화점 울산점,21638,2.1638
2026-07-02,폴바셋,AK플라자 광명점,44546,4.4546
2026-07-02,폴바셋,롯데백화점 강남점,23364,2.3364
2026-07-02,폴바셋,마산 해안대로 DT점,31455,3.1455
2026-07-02,폴바셋,여의도점,63819,6.3819
2026-07-02,폴바셋,구미 봉곡 DT점,30546,3.0546
2026-07-02,폴바셋,스타필드 하남 1호점,16182,1.6182
2026-07-02,폴바셋,롯데백화점 잠실점,22455,2.2455
2026-07-02,폴바셋,종로 G1점,23183,2.3183
2026-07-02,폴바셋,롯데월드 아이스링크점,24273,2.4273
2026-07-02,폴바셋,롯데몰 은평점,24273,2.4273
2026-07-02,폴바셋,롯데몰 수지점,38637,3.8637
2026-07-02,폴바셋,구로 G타워점,16182,1.6182
2026-07-02,폴바셋,경산 옥곡 DT점,32364,3.2364
2026-07-02,폴바셋,롯데백화점 광복점,24093,2.4093
2026-07-02,폴바셋,서소문점,22455,2.2455
2026-07-02,폴바셋,인스파이어점,16182,1.6182
2026-07-02,폴바셋,롯데백화점 본점,38637,3.8637
2026-07-02,폴바셋,오산대 DT점,39546,3.9546
2026-07-02,폴바셋,교보문고 합정점,47637,4.7637
2026-07-02,폴바셋,NC타워 삼성점,71001,7.1001
2026-07-02,폴바셋,AK플라자 홍대점,31455,3.1455
2026-07-02,폴바셋,부산 전포 DT점,46728,4.6728
2026-07-02,폴바셋,송도 트리플스트리트점,31455,3.1455
2026-07-02,폴바셋,부산 괴정 DT점,15273,1.5273
2026-07-02,폴바셋,양산 웅상 DT점,55728,5.5728
2026-07-02,폴바셋,파미에스테이션점,21546,2.1546
2026-07-02,폴바셋,롯데아울렛 이시아폴리스점,0,0
2026-07-02,폴바셋,경주 교동 DT점,62001,6.2001
2026-07-02,폴바셋,김포 구래 DT점,40455,4.0455
2026-07-02,폴바셋,대구 방촌 DT점,30546,3.0546
2026-07-02,폴바셋,광화문 흥국생명점,69183,6.9183
2026-07-02,폴바셋,북수원IC DT점,53910,5.391
2026-07-02,폴바셋,제주 아라 DT점,80910,8.091
2026-07-02,폴바셋,경산 임당역 DT점,54819,5.4819
2026-07-02,폴바셋,대구 감삼 DT점,60183,6.0183
2026-07-02,폴바셋,GFC점,78183,7.8183
2026-07-02,폴바셋,MBC몰 파크점,69183,6.9183
2026-07-02,폴바셋,현대아울렛 남양주점,31093,3.1093
2026-07-02,폴바셋,부산 대연 DT점,118638,11.8638
2026-07-02,폴바셋,대구 만촌 DT점,29637,2.9637
2026-07-02,폴바셋,천안 구성 DT점,66637,6.6637
2026-07-02,폴바셋,상일동점,39546,3.9546
2026-07-02,폴바셋,광명 철산 DT점,93456,9.3456
2026-07-02,폴바셋,용인시청 DT점,29637,2.9637
2026-07-02,폴바셋,전주 금암 DT점,23364,2.3364
2026-07-02,폴바셋,부산 연산역점,30546,3.0546
2026-07-02,폴바셋,신세계아울렛 시흥점,37237,3.7237
2026-07-02,폴바셋,롯데몰 동부산점,31455,3.1455
2026-07-02,폴바셋,수원 월드컵경기장점,38637,3.8637
2026-07-02,폴바셋,롯데아울렛 김해점,31183,3.1183
2026-07-02,폴바셋,고창 선운사점,53275,5.3275
2026-07-02,폴바셋,송도 SK바이오사이언스점,54000,5.4
2026-07-02,폴바셋,강서 마곡 DT점,165365,16.5365
2026-07-02,폴바셋,부산 금곡 강변점,54819,5.4819
2026-07-02,폴바셋,청주 방서 DT점,46728,4.6728
2026-07-02,폴바셋,롯데아울렛 이천점,73823,7.3823
2026-07-02,폴바셋,증미역점,77274,7.7274
2026-07-02,폴바셋,롯데백화점 중동점,51731,5.1731
2026-07-02,폴바셋,평택 소사 DT점,114093,11.4093
2026-07-02,폴바셋,여의도 국회대로점,45819,4.5819
2026-07-02,폴바셋,반포 쌍동빌딩점,44546,4.4546
2026-07-02,폴바셋,혜화역점,104001,10.4001
2026-07-02,폴바셋,송도 센트럴파크점,77274,7.7274
2026-07-02,폴바셋,영등포 타임스퀘어점,76365,7.6365
2026-07-02,폴바셋,수서역점,37728,3.7728
2026-07-02,폴바셋,코엑스몰점,186548,18.6548
2026-07-02,폴바셋,광화문 예금보험공사점,158337,15.8337
2026-07-02,폴바셋,용산 아이파크몰점,94512,9.4512
2026-07-02,폴바셋,해운대 팔라티움점,0,0
2026-07-02,폴바셋,롯데백화점 상인점,0,0
2026-07-02,폴바셋,여의도 현대카드점,172114,17.2114
2026-07-02,폴바셋,연세와병원점,219636,21.9636
2026-07-02,폴바셋,압구정2호점,175281,17.5281
2026-07-02,폴바셋,선릉역 동훈타워점,350379,35.0379
2026-07-02,폴바셋,한남 커피스테이션,229918,22.9918
2026-07-02,폴바셋,강서 부민병원점,212276,21.2276
2026-07-02,폴바셋,현대백화점 미아점,204193,20.4193
2026-07-02,폴바셋,코리아나호텔점,212366,21.2366
2026-07-02,폴바셋,강남삼성타운점,194780,19.478
2026-07-02,폴바셋,종각역점,326110,32.611
2026-07-02,폴바셋,청담역점,257375,25.7375
2026-07-02,폴바셋,대구 수성못점,139791,13.9791
2026-07-02,폴바셋,강남역 삼성화재점,204916,20.4916
2026-07-02,폴바셋,신세계 센텀시티몰점,194372,19.4372
2026-07-02,폴바셋,교대역점,309651,30.9651
2026-07-02,폴바셋,페럼타워점,164414,16.4414
2026-07-02,폴바셋,스타필드빌리지 운정점,321907,32.1907
2026-07-02,폴바셋,인천 송도 DT점,235465,23.5465
2026-07-02,폴바셋,청량리역점,180283,18.0283
2026-07-02,폴바셋,광교엘포트몰점,157097,15.7097
2026-07-02,폴바셋,광화문 G타워점,258860,25.886
2026-07-02,폴바셋,파르나스몰점,374529,37.4529
2026-07-02,폴바셋,광교 경기도청점,227825,22.7825
2026-07-02,폴바셋,수원컨트리클럽점,195098,19.5098
2026-07-02,폴바셋,갤러리아 광교점,104460,10.446
2026-07-02,폴바셋,현대아울렛 김포점,224923,22.4923
2026-07-02,폴바셋,대치역점,272102,27.2102
2026-07-02,폴바셋,일산 마두점,285108,28.5108
2026-07-02,폴바셋,여의도 부국증권점,449382,44.9382
2026-07-02,폴바셋,교보문고 강남점,291653,29.1653
2026-07-02,폴바셋,을지로 파인에비뉴점,473208,47.3208
2026-07-02,폴바셋,여의도 IFC몰점,439385,43.9385
2026-07-02,폴바셋,산본역점,422052,42.2052
2026-07-02,폴바셋,인천공항 T1 입국점,530848,53.0848
2026-07-02,폴바셋,영종도 파라다이스시티점,331695,33.1695
2026-07-02,폴바셋,제주공항 국내선점,412279,41.2279
2026-07-02,폴바셋,연세암병원점,897217,89.7217
2026-07-02,폴바셋,고대구로병원점,994258,99.4258
2026-07-02,폴바셋,강남구청역점,846882,84.6882
2026-07-02,폴바셋,강남점,0,0
2026-07-02,폴바셋,인천공항 T2 입국점,921173,92.1173
2026-07-02,폴바셋,사당 파스텔시티점,1074883,107.4883
2026-07-02,폴바셋,일원역점,1683090,168.309
2026-07-02,폴바셋,광화문점,2935208,293.5208
2026-07-03,폴바셋,신세계백화점 광주점,0,0
2026-07-03,폴바셋,롯데백화점 동탄점,0,0
2026-07-03,폴바셋,스타필드 하남 2호점,0,0
2026-07-03,폴바셋,신세계백화점 대구 1호점,0,0
2026-07-03,폴바셋,롯데백화점 노원점,0,0
2026-07-03,폴바셋,스타필드 수원점,0,0
2026-07-03,폴바셋,롯데백화점 대구점,0,0
2026-07-03,폴바셋,롯데백화점 부산본점,0,0
2026-07-03,폴바셋,대전엑스포 스카이점,0,0
2026-07-03,폴바셋,현대모터스튜디오 서울점,0,0
2026-07-03,폴바셋,광화문 디타워점,0,0
2026-07-03,폴바셋,제주 용담 DT점,0,0
2026-07-03,폴바셋,롯데마트 서초점,7182,0.7182
2026-07-03,폴바셋,삼성전자 평택점,0,0
2026-07-03,폴바셋,갤러리아 타임월드점,0,0
2026-07-03,폴바셋,롯데백화점 관악점,0,0
2026-07-03,폴바셋,롯데월드몰점,0,0
2026-07-03,폴바셋,스타필드 안성점,0,0
2026-07-03,폴바셋,롯데아울렛 남악점,15273,1.5273
2026-07-03,폴바셋,롯데백화점 평촌점,7182,0.7182
2026-07-03,폴바셋,롯데백화점 광주점,31455,3.1455
2026-07-03,폴바셋,현대백화점 충청점,8091,0.8091
2026-07-03,폴바셋,현대백화점 천호점,23364,2.3364
2026-07-03,폴바셋,신세계백화점 의정부점,8091,0.8091
2026-07-03,폴바셋,신세계백화점 센텀시티점,0,0
2026-07-03,폴바셋,삼성전자 온양캠퍼스점,27818,2.7818
2026-07-03,폴바셋,현대백화점 울산점,15273,1.5273
2026-07-03,폴바셋,포항 영일대 DT점,15273,1.5273
2026-07-03,폴바셋,롯데백화점 창원점,38637,3.8637
2026-07-03,폴바셋,AK플라자 수원점,30546,3.0546
2026-07-03,폴바셋,더현대 대구점,5664,0.5664
2026-07-03,폴바셋,스타필드시티 위례점,7182,0.7182
2026-07-03,폴바셋,현대아울렛 대전점,38637,3.8637
2026-07-03,폴바셋,스타필드 고양 1호점,31455,3.1455
2026-07-03,폴바셋,롯데아울렛 기흥점,8455,0.8455
2026-07-03,폴바셋,롯데백화점 김포공항점,8091,0.8091
2026-07-03,폴바셋,롯데백화점 대전점,16182,1.6182
2026-07-03,폴바셋,마산 회원 DT점,15273,1.5273
2026-07-03,폴바셋,롯데아울렛 광주수완점,8091,0.8091
2026-07-03,폴바셋,한국경제신문사점,45819,4.5819
2026-07-03,폴바셋,신세계 사우스시티점,39546,3.9546
2026-07-03,폴바셋,삼성 DSR점,7182,0.7182
2026-07-03,폴바셋,신세계백화점 대구 2호점,23364,2.3364
2026-07-03,폴바셋,뉴코아 강남점,30546,3.0546
2026-07-03,폴바셋,롯데백화점 울산점,21638,2.1638
2026-07-03,폴바셋,AK플라자 광명점,7182,0.7182
2026-07-03,폴바셋,롯데백화점 강남점,31455,3.1455
2026-07-03,폴바셋,마산 해안대로 DT점,39546,3.9546
2026-07-03,폴바셋,여의도점,31455,3.1455
2026-07-03,폴바셋,구미 봉곡 DT점,24273,2.4273
2026-07-03,폴바셋,스타필드 하남 1호점,31455,3.1455
2026-07-03,폴바셋,롯데백화점 잠실점,29028,2.9028
2026-07-03,폴바셋,종로 G1점,15637,1.5637
2026-07-03,폴바셋,롯데월드 아이스링크점,47637,4.7637
2026-07-03,폴바셋,롯데몰 은평점,32364,3.2364
2026-07-03,폴바셋,롯데몰 수지점,30546,3.0546
2026-07-03,폴바셋,구로 G타워점,46728,4.6728
2026-07-03,폴바셋,경산 옥곡 DT점,47637,4.7637
2026-07-03,폴바셋,롯데백화점 광복점,24002,2.4002
2026-07-03,폴바셋,서소문점,31455,3.1455
2026-07-03,폴바셋,인스파이어점,16182,1.6182
2026-07-03,폴바셋,롯데백화점 본점,24273,2.4273
2026-07-03,폴바셋,오산대 DT점,24273,2.4273
2026-07-03,폴바셋,교보문고 합정점,62910,6.291
2026-07-03,폴바셋,NC타워 삼성점,38637,3.8637
2026-07-03,폴바셋,AK플라자 홍대점,71001,7.1001
2026-07-03,폴바셋,부산 전포 DT점,39546,3.9546
2026-07-03,폴바셋,송도 트리플스트리트점,24273,2.4273
2026-07-03,폴바셋,부산 괴정 DT점,70092,7.0092
2026-07-03,폴바셋,양산 웅상 DT점,31455,3.1455
2026-07-03,폴바셋,파미에스테이션점,95274,9.5274
2026-07-03,폴바셋,롯데아울렛 이시아폴리스점,0,0
2026-07-03,폴바셋,경주 교동 DT점,53910,5.391
2026-07-03,폴바셋,김포 구래 DT점,55728,5.5728
2026-07-03,폴바셋,대구 방촌 DT점,73938,7.3938
2026-07-03,폴바셋,광화문 흥국생명점,54819,5.4819
2026-07-03,폴바셋,북수원IC DT점,70092,7.0092
2026-07-03,폴바셋,제주 아라 DT점,79092,7.9092
2026-07-03,폴바셋,경산 임당역 DT점,35910,3.591
2026-07-03,폴바셋,대구 감삼 DT점,37728,3.7728
2026-07-03,폴바셋,GFC점,70091,7.0091
2026-07-03,폴바셋,MBC몰 파크점,54819,5.4819
2026-07-03,폴바셋,현대아울렛 남양주점,36094,3.6094
2026-07-03,폴바셋,부산 대연 DT점,70092,7.0092
2026-07-03,폴바셋,대구 만촌 DT점,47637,4.7637
2026-07-03,폴바셋,천안 구성 DT점,91274,9.1274
2026-07-03,폴바셋,상일동점,14364,1.4364
2026-07-03,폴바셋,광명 철산 DT점,53001,5.3001
2026-07-03,폴바셋,용인시청 DT점,53910,5.391
2026-07-03,폴바셋,전주 금암 DT점,53546,5.3546
2026-07-03,폴바셋,부산 연산역점,79092,7.9092
2026-07-03,폴바셋,신세계아울렛 시흥점,83186,8.3186
2026-07-03,폴바셋,롯데몰 동부산점,54819,5.4819
2026-07-03,폴바셋,수원 월드컵경기장점,70092,7.0092
2026-07-03,폴바셋,롯데아울렛 김해점,96732,9.6732
2026-07-03,폴바셋,고창 선운사점,91277,9.1277
2026-07-03,폴바셋,송도 SK바이오사이언스점,33000,3.3
2026-07-03,폴바셋,강서 마곡 DT점,38637,3.8637
2026-07-03,폴바셋,부산 금곡 강변점,48546,4.8546
2026-07-03,폴바셋,청주 방서 DT점,31455,3.1455
2026-07-03,폴바셋,롯데아울렛 이천점,71821,7.1821
2026-07-03,폴바셋,증미역점,107820,10.782
2026-07-03,폴바셋,롯데백화점 중동점,72277,7.2277
2026-07-03,폴바셋,평택 소사 DT점,78183,7.8183
2026-07-03,폴바셋,여의도 국회대로점,71001,7.1001
2026-07-03,폴바셋,반포 쌍동빌딩점,51364,5.1364
2026-07-03,폴바셋,혜화역점,154092,15.4092
2026-07-03,폴바셋,송도 센트럴파크점,53001,5.3001
2026-07-03,폴바셋,영등포 타임스퀘어점,92547,9.2547
2026-07-03,폴바셋,수서역점,78183,7.8183
2026-07-03,폴바셋,코엑스몰점,147911,14.7911
2026-07-03,폴바셋,광화문 예금보험공사점,182612,18.2612
2026-07-03,폴바셋,용산 아이파크몰점,98369,9.8369
2026-07-03,폴바셋,해운대 팔라티움점,0,0
2026-07-03,폴바셋,롯데백화점 상인점,0,0
2026-07-03,폴바셋,여의도 현대카드점,230765,23.0765
2026-07-03,폴바셋,연세와병원점,112003,11.2003
2026-07-03,폴바셋,압구정2호점,141463,14.1463
2026-07-03,폴바셋,선릉역 동훈타워점,126097,12.6097
2026-07-03,폴바셋,한남 커피스테이션,280465,28.0465
2026-07-03,폴바셋,강서 부민병원점,132270,13.227
2026-07-03,폴바셋,현대백화점 미아점,178737,17.8737
2026-07-03,폴바셋,코리아나호텔점,138002,13.8002
2026-07-03,폴바셋,강남삼성타운점,342554,34.2554
2026-07-03,폴바셋,종각역점,213555,21.3555
2026-07-03,폴바셋,청담역점,291197,29.1197
2026-07-03,폴바셋,대구 수성못점,234011,23.4011
2026-07-03,폴바셋,강남역 삼성화재점,326703,32.6703
2026-07-03,폴바셋,신세계 센텀시티몰점,186738,18.6738
2026-07-03,폴바셋,교대역점,203554,20.3554
2026-07-03,폴바셋,페럼타워점,373275,37.3275
2026-07-03,폴바셋,스타필드빌리지 운정점,244767,24.4767
2026-07-03,폴바셋,인천 송도 DT점,232829,23.2829
2026-07-03,폴바셋,청량리역점,268566,26.8566
2026-07-03,폴바셋,광교엘포트몰점,247916,24.7916
2026-07-03,폴바셋,광화문 G타워점,223372,22.3372
2026-07-03,폴바셋,파르나스몰점,352471,35.2471
2026-07-03,폴바셋,광교 경기도청점,240555,24.0555
2026-07-03,폴바셋,수원컨트리클럽점,230055,23.0055
2026-07-03,폴바셋,갤러리아 광교점,270284,27.0284
2026-07-03,폴바셋,현대아울렛 김포점,294829,29.4829
2026-07-03,폴바셋,대치역점,324289,32.4289
2026-07-03,폴바셋,일산 마두점,329110,32.911
2026-07-03,폴바셋,여의도 부국증권점,520286,52.0286
2026-07-03,폴바셋,교보문고 강남점,319657,31.9657
2026-07-03,폴바셋,을지로 파인에비뉴점,637751,63.7751
2026-07-03,폴바셋,여의도 IFC몰점,511388,51.1388
2026-07-03,폴바셋,산본역점,522938,52.2938
2026-07-03,폴바셋,인천공항 T1 입국점,450393,45.0393
2026-07-03,폴바셋,영종도 파라다이스시티점,427473,42.7473
2026-07-03,폴바셋,제주공항 국내선점,695642,69.5642
2026-07-03,폴바셋,연세암병원점,717286,71.7286
2026-07-03,폴바셋,고대구로병원점,704480,70.448
2026-07-03,폴바셋,강남구청역점,781297,78.1297
2026-07-03,폴바셋,강남점,1966609,196.6609
2026-07-03,폴바셋,인천공항 T2 입국점,877627,87.7627
2026-07-03,폴바셋,사당 파스텔시티점,1095567,109.5567
2026-07-03,폴바셋,일원역점,1603836,160.3836
2026-07-03,폴바셋,광화문점,2879305,287.9305
2026-07-04,폴바셋,신세계백화점 광주점,0,0
2026-07-04,폴바셋,롯데백화점 동탄점,0,0
2026-07-04,폴바셋,스타필드 하남 2호점,0,0
2026-07-04,폴바셋,신세계백화점 대구 1호점,0,0
2026-07-04,폴바셋,롯데백화점 노원점,0,0
2026-07-04,폴바셋,스타필드 수원점,0,0
2026-07-04,폴바셋,롯데백화점 대구점,0,0
2026-07-04,폴바셋,롯데백화점 부산본점,0,0
2026-07-04,폴바셋,대전엑스포 스카이점,0,0
2026-07-04,폴바셋,현대모터스튜디오 서울점,0,0
2026-07-04,폴바셋,광화문 디타워점,0,0
2026-07-04,폴바셋,제주 용담 DT점,0,0
2026-07-04,폴바셋,롯데마트 서초점,0,0
2026-07-04,폴바셋,삼성전자 평택점,0,0
2026-07-04,폴바셋,갤러리아 타임월드점,8091,0.8091
2026-07-04,폴바셋,롯데백화점 관악점,0,0
2026-07-04,폴바셋,롯데월드몰점,0,0
2026-07-04,폴바셋,스타필드 안성점,0,0
2026-07-04,폴바셋,롯데아울렛 남악점,24273,2.4273
2026-07-04,폴바셋,롯데백화점 평촌점,31455,3.1455
2026-07-04,폴바셋,롯데백화점 광주점,0,0
2026-07-04,폴바셋,현대백화점 충청점,23364,2.3364
2026-07-04,폴바셋,현대백화점 천호점,15273,1.5273
2026-07-04,폴바셋,신세계백화점 의정부점,7182,0.7182
2026-07-04,폴바셋,신세계백화점 센텀시티점,24273,2.4273
2026-07-04,폴바셋,삼성전자 온양캠퍼스점,0,0
2026-07-04,폴바셋,현대백화점 울산점,15273,1.5273
2026-07-04,폴바셋,포항 영일대 DT점,39546,3.9546
2026-07-04,폴바셋,롯데백화점 창원점,7182,0.7182
2026-07-04,폴바셋,AK플라자 수원점,24273,2.4273
2026-07-04,폴바셋,더현대 대구점,31455,3.1455
2026-07-04,폴바셋,스타필드시티 위례점,39546,3.9546
2026-07-04,폴바셋,현대아울렛 대전점,46728,4.6728
2026-07-04,폴바셋,스타필드 고양 1호점,22455,2.2455
2026-07-04,폴바셋,롯데아울렛 기흥점,22729,2.2729
2026-07-04,폴바셋,롯데백화점 김포공항점,24273,2.4273
2026-07-04,폴바셋,롯데백화점 대전점,32364,3.2364
2026-07-04,폴바셋,마산 회원 DT점,23364,2.3364
2026-07-04,폴바셋,롯데아울렛 광주수완점,70092,7.0092
2026-07-04,폴바셋,한국경제신문사점,8091,0.8091
2026-07-04,폴바셋,신세계 사우스시티점,29637,2.9637
2026-07-04,폴바셋,삼성 DSR점,8091,0.8091
2026-07-04,폴바셋,신세계백화점 대구 2호점,69483,6.9483
2026-07-04,폴바셋,뉴코아 강남점,31455,3.1455
2026-07-04,폴바셋,롯데백화점 울산점,40004,4.0004
2026-07-04,폴바셋,AK플라자 광명점,23364,2.3364
2026-07-04,폴바셋,롯데백화점 강남점,68274,6.8274
2026-07-04,폴바셋,마산 해안대로 DT점,32364,3.2364
2026-07-04,폴바셋,여의도점,0,0
2026-07-04,폴바셋,구미 봉곡 DT점,29637,2.9637
2026-07-04,폴바셋,스타필드 하남 1호점,47637,4.7637
2026-07-04,폴바셋,롯데백화점 잠실점,30546,3.0546
2026-07-04,폴바셋,종로 G1점,4273,0.4273
2026-07-04,폴바셋,롯데월드 아이스링크점,44301,4.4301
2026-07-04,폴바셋,롯데몰 은평점,24273,2.4273
2026-07-04,폴바셋,롯데몰 수지점,16182,1.6182
2026-07-04,폴바셋,구로 G타워점,23364,2.3364
2026-07-04,폴바셋,경산 옥곡 DT점,38637,3.8637
2026-07-04,폴바셋,롯데백화점 광복점,21001,2.1001
2026-07-04,폴바셋,서소문점,39546,3.9546
2026-07-04,폴바셋,인스파이어점,118638,11.8638
2026-07-04,폴바셋,롯데백화점 본점,58546,5.8546
2026-07-04,폴바셋,오산대 DT점,39546,3.9546
2026-07-04,폴바셋,교보문고 합정점,31455,3.1455
2026-07-04,폴바셋,NC타워 삼성점,0,0
2026-07-04,폴바셋,AK플라자 홍대점,62001,6.2001
2026-07-04,폴바셋,부산 전포 DT점,97911,9.7911
2026-07-04,폴바셋,송도 트리플스트리트점,16182,1.6182
2026-07-04,폴바셋,부산 괴정 DT점,46728,4.6728
2026-07-04,폴바셋,양산 웅상 DT점,31455,3.1455
2026-07-04,폴바셋,파미에스테이션점,86274,8.6274
2026-07-04,폴바셋,롯데아울렛 이시아폴리스점,0,0
2026-07-04,폴바셋,경주 교동 DT점,47637,4.7637
2026-07-04,폴바셋,김포 구래 DT점,62910,6.291
2026-07-04,폴바셋,대구 방촌 DT점,39546,3.9546
2026-07-04,폴바셋,광화문 흥국생명점,0,0
2026-07-04,폴바셋,북수원IC DT점,24273,2.4273
2026-07-04,폴바셋,제주 아라 DT점,72819,7.2819
2026-07-04,폴바셋,경산 임당역 DT점,87183,8.7183
2026-07-04,폴바셋,대구 감삼 DT점,79092,7.9092
2026-07-04,폴바셋,GFC점,8091,0.8091
2026-07-04,폴바셋,MBC몰 파크점,36091,3.6091
2026-07-04,폴바셋,현대아울렛 남양주점,64642,6.4642
2026-07-04,폴바셋,부산 대연 DT점,69183,6.9183
2026-07-04,폴바셋,대구 만촌 DT점,56637,5.6637
2026-07-04,폴바셋,천안 구성 DT점,122637,12.2637
2026-07-04,폴바셋,상일동점,46728,4.6728
2026-07-04,폴바셋,광명 철산 DT점,93456,9.3456
2026-07-04,폴바셋,용인시청 DT점,138366,13.8366
2026-07-04,폴바셋,전주 금암 DT점,76910,7.691
2026-07-04,폴바셋,부산 연산역점,0,0
2026-07-04,폴바셋,신세계아울렛 시흥점,140919,14.0919
2026-07-04,폴바셋,롯데몰 동부산점,101547,10.1547
2026-07-04,폴바셋,수원 월드컵경기장점,109638,10.9638
2026-07-04,폴바셋,롯데아울렛 김해점,89550,8.955
2026-07-04,폴바셋,고창 선운사점,160919,16.0919
2026-07-04,폴바셋,송도 SK바이오사이언스점,0,0
2026-07-04,폴바셋,강서 마곡 DT점,139275,13.9275
2026-07-04,폴바셋,부산 금곡 강변점,38637,3.8637
2026-07-04,폴바셋,청주 방서 DT점,59819,5.9819
2026-07-04,폴바셋,롯데아울렛 이천점,140644,14.0644
2026-07-04,폴바셋,증미역점,77274,7.7274
2026-07-04,폴바셋,롯데백화점 중동점,119732,11.9732
2026-07-04,폴바셋,평택 소사 DT점,77274,7.7274
2026-07-04,폴바셋,여의도 국회대로점,61092,6.1092
2026-07-04,폴바셋,반포 쌍동빌딩점,108909,10.8909
2026-07-04,폴바셋,혜화역점,127729,12.7729
2026-07-04,폴바셋,송도 센트럴파크점,62001,6.2001
2026-07-04,폴바셋,영등포 타임스퀘어점,105093,10.5093
2026-07-04,폴바셋,수서역점,78183,7.8183
2026-07-04,폴바셋,코엑스몰점,70092,7.0092
2026-07-04,폴바셋,광화문 예금보험공사점,59912,5.9912
2026-07-04,폴바셋,용산 아이파크몰점,143099,14.3099
2026-07-04,폴바셋,해운대 팔라티움점,0,0
2026-07-04,폴바셋,롯데백화점 상인점,0,0
2026-07-04,폴바셋,여의도 현대카드점,0,0
2026-07-04,폴바셋,연세와병원점,260648,26.0648
2026-07-04,폴바셋,압구정2호점,195463,19.5463
2026-07-04,폴바셋,선릉역 동훈타워점,67820,6.782
2026-07-04,폴바셋,한남 커피스테이션,220736,22.0736
2026-07-04,폴바셋,강서 부민병원점,187546,18.7546
2026-07-04,폴바셋,현대백화점 미아점,373291,37.3291
2026-07-04,폴바셋,코리아나호텔점,90365,9.0365
2026-07-04,폴바셋,강남삼성타운점,89278,8.9278
2026-07-04,폴바셋,종각역점,54265,5.4265
2026-07-04,폴바셋,청담역점,240283,24.0283
2026-07-04,폴바셋,대구 수성못점,276958,27.6958
2026-07-04,폴바셋,강남역 삼성화재점,231010,23.101
2026-07-04,폴바셋,신세계 센텀시티몰점,290291,29.0291
2026-07-04,폴바셋,교대역점,187829,18.7829
2026-07-04,폴바셋,페럼타워점,69638,6.9638
2026-07-04,폴바셋,스타필드빌리지 운정점,289918,28.9918
2026-07-04,폴바셋,인천 송도 DT점,327655,32.7655
2026-07-04,폴바셋,청량리역점,302658,30.2658
2026-07-04,폴바셋,광교엘포트몰점,366738,36.6738
2026-07-04,폴바셋,광화문 G타워점,265834,26.5834
2026-07-04,폴바셋,파르나스몰점,144919,14.4919
2026-07-04,폴바셋,광교 경기도청점,216100,21.61
2026-07-04,폴바셋,수원컨트리클럽점,360288,36.0288
2026-07-04,폴바셋,갤러리아 광교점,383083,38.3083
2026-07-04,폴바셋,현대아울렛 김포점,640760,64.076
2026-07-04,폴바셋,대치역점,320203,32.0203
2026-07-04,폴바셋,일산 마두점,517303,51.7303
2026-07-04,폴바셋,여의도 부국증권점,150464,15.0464
2026-07-04,폴바셋,교보문고 강남점,473750,47.375
2026-07-04,폴바셋,을지로 파인에비뉴점,256014,25.6014
2026-07-04,폴바셋,여의도 IFC몰점,552940,55.294
2026-07-04,폴바셋,산본역점,604666,60.4666
2026-07-04,폴바셋,인천공항 T1 입국점,518396,51.8396
2026-07-04,폴바셋,영종도 파라다이스시티점,800764,80.0764
2026-07-04,폴바셋,제주공항 국내선점,635104,63.5104
2026-07-04,폴바셋,연세암병원점,154890,15.489
2026-07-04,폴바셋,고대구로병원점,417281,41.7281
2026-07-04,폴바셋,강남구청역점,650750,65.075
2026-07-04,폴바셋,강남점,958927,95.8927
2026-07-04,폴바셋,인천공항 T2 입국점,933897,93.3897
2026-07-04,폴바셋,사당 파스텔시티점,1101774,110.1774
2026-07-04,폴바셋,일원역점,1604435,160.4435
2026-07-04,폴바셋,광화문점,1671748,167.1748
2026-07-05,폴바셋,신세계백화점 광주점,0,0
2026-07-05,폴바셋,롯데백화점 동탄점,0,0
2026-07-05,폴바셋,스타필드 하남 2호점,0,0
2026-07-05,폴바셋,신세계백화점 대구 1호점,0,0
2026-07-05,폴바셋,롯데백화점 노원점,0,0
2026-07-05,폴바셋,스타필드 수원점,0,0
2026-07-05,폴바셋,롯데백화점 대구점,0,0
2026-07-05,폴바셋,롯데백화점 부산본점,0,0
2026-07-05,폴바셋,대전엑스포 스카이점,0,0
2026-07-05,폴바셋,현대모터스튜디오 서울점,0,0
2026-07-05,폴바셋,광화문 디타워점,0,0
2026-07-05,폴바셋,제주 용담 DT점,0,0
2026-07-05,폴바셋,롯데마트 서초점,0,0
2026-07-05,폴바셋,삼성전자 평택점,0,0
2026-07-05,폴바셋,갤러리아 타임월드점,0,0
2026-07-05,폴바셋,롯데백화점 관악점,8091,0.8091
2026-07-05,폴바셋,롯데월드몰점,0,0
2026-07-05,폴바셋,스타필드 안성점,17727,1.7727
2026-07-05,폴바셋,롯데아울렛 남악점,24273,2.4273
2026-07-05,폴바셋,롯데백화점 평촌점,8091,0.8091
2026-07-05,폴바셋,롯데백화점 광주점,7182,0.7182
2026-07-05,폴바셋,현대백화점 충청점,0,0
2026-07-05,폴바셋,현대백화점 천호점,16182,1.6182
2026-07-05,폴바셋,신세계백화점 의정부점,31455,3.1455
2026-07-05,폴바셋,신세계백화점 센텀시티점,0,0
2026-07-05,폴바셋,삼성전자 온양캠퍼스점,0,0
2026-07-05,폴바셋,현대백화점 울산점,16182,1.6182
2026-07-05,폴바셋,포항 영일대 DT점,0,0
2026-07-05,폴바셋,롯데백화점 창원점,0,0
2026-07-05,폴바셋,AK플라자 수원점,32364,3.2364
2026-07-05,폴바셋,더현대 대구점,31455,3.1455
2026-07-05,폴바셋,스타필드시티 위례점,8091,0.8091
2026-07-05,폴바셋,현대아울렛 대전점,8091,0.8091
2026-07-05,폴바셋,스타필드 고양 1호점,31455,3.1455
2026-07-05,폴바셋,롯데아울렛 기흥점,38548,3.8548
2026-07-05,폴바셋,롯데백화점 김포공항점,15273,1.5273
2026-07-05,폴바셋,롯데백화점 대전점,8091,0.8091
2026-07-05,폴바셋,마산 회원 DT점,16182,1.6182
2026-07-05,폴바셋,롯데아울렛 광주수완점,0,0
2026-07-05,폴바셋,한국경제신문사점,0,0
2026-07-05,폴바셋,신세계 사우스시티점,24273,2.4273
2026-07-05,폴바셋,삼성 DSR점,0,0
2026-07-05,폴바셋,신세계백화점 대구 2호점,16182,1.6182
2026-07-05,폴바셋,뉴코아 강남점,23364,2.3364
2026-07-05,폴바셋,롯데백화점 울산점,22548,2.2548
2026-07-05,폴바셋,AK플라자 광명점,13091,1.3091
2026-07-05,폴바셋,롯데백화점 강남점,0,0
2026-07-05,폴바셋,마산 해안대로 DT점,46728,4.6728
2026-07-05,폴바셋,여의도점,16182,1.6182
2026-07-05,폴바셋,구미 봉곡 DT점,32364,3.2364
2026-07-05,폴바셋,스타필드 하남 1호점,47637,4.7637
2026-07-05,폴바셋,롯데백화점 잠실점,16182,1.6182
2026-07-05,폴바셋,종로 G1점,26274,2.6274
2026-07-05,폴바셋,롯데월드 아이스링크점,8091,0.8091
2026-07-05,폴바셋,롯데몰 은평점,24273,2.4273
2026-07-05,폴바셋,롯데몰 수지점,15273,1.5273
2026-07-05,폴바셋,구로 G타워점,15273,1.5273
2026-07-05,폴바셋,경산 옥곡 DT점,15273,1.5273
2026-07-05,폴바셋,롯데백화점 광복점,32548,3.2548
2026-07-05,폴바셋,서소문점,16182,1.6182
2026-07-05,폴바셋,인스파이어점,32364,3.2364
2026-07-05,폴바셋,롯데백화점 본점,39818,3.9818
2026-07-05,폴바셋,오산대 DT점,55728,5.5728
2026-07-05,폴바셋,교보문고 합정점,32364,3.2364
2026-07-05,폴바셋,NC타워 삼성점,0,0
2026-07-05,폴바셋,AK플라자 홍대점,24273,2.4273
2026-07-05,폴바셋,부산 전포 DT점,47637,4.7637
2026-07-05,폴바셋,송도 트리플스트리트점,8091,0.8091
2026-07-05,폴바셋,부산 괴정 DT점,55728,5.5728
2026-07-05,폴바셋,양산 웅상 DT점,15273,1.5273
2026-07-05,폴바셋,파미에스테이션점,38637,3.8637
2026-07-05,폴바셋,롯데아울렛 이시아폴리스점,0,0
2026-07-05,폴바셋,경주 교동 DT점,64728,6.4728
2026-07-05,폴바셋,김포 구래 DT점,39546,3.9546
2026-07-05,폴바셋,대구 방촌 DT점,39546,3.9546
2026-07-05,폴바셋,광화문 흥국생명점,0,0
2026-07-05,폴바셋,북수원IC DT점,47637,4.7637
2026-07-05,폴바셋,제주 아라 DT점,32364,3.2364
2026-07-05,폴바셋,경산 임당역 DT점,16182,1.6182
2026-07-05,폴바셋,대구 감삼 DT점,32364,3.2364
2026-07-05,폴바셋,GFC점,16182,1.6182
2026-07-05,폴바셋,MBC몰 파크점,64455,6.4455
2026-07-05,폴바셋,현대아울렛 남양주점,83550,8.355
2026-07-05,폴바셋,부산 대연 DT점,24273,2.4273
2026-07-05,폴바셋,대구 만촌 DT점,39546,3.9546
2026-07-05,폴바셋,천안 구성 DT점,82819,8.2819
2026-07-05,폴바셋,상일동점,8091,0.8091
2026-07-05,폴바셋,광명 철산 DT점,24273,2.4273
2026-07-05,폴바셋,용인시청 DT점,64728,6.4728
2026-07-05,폴바셋,전주 금암 DT점,13091,1.3091
2026-07-05,폴바셋,부산 연산역점,16182,1.6182
2026-07-05,폴바셋,신세계아울렛 시흥점,159098,15.9098
2026-07-05,폴바셋,롯데몰 동부산점,16182,1.6182
2026-07-05,폴바셋,수원 월드컵경기장점,48546,4.8546
2026-07-05,폴바셋,롯데아울렛 김해점,105643,10.5643
2026-07-05,폴바셋,고창 선운사점,189744,18.9744
2026-07-05,폴바셋,송도 SK바이오사이언스점,0,0
2026-07-05,폴바셋,강서 마곡 DT점,32364,3.2364
2026-07-05,폴바셋,부산 금곡 강변점,16182,1.6182
2026-07-05,폴바셋,청주 방서 DT점,42000,4.2
2026-07-05,폴바셋,롯데아울렛 이천점,149920,14.992
2026-07-05,폴바셋,증미역점,83238,8.3238
2026-07-05,폴바셋,롯데백화점 중동점,69731,6.9731
2026-07-05,폴바셋,평택 소사 DT점,100638,10.0638
2026-07-05,폴바셋,여의도 국회대로점,24273,2.4273
2026-07-05,폴바셋,반포 쌍동빌딩점,35182,3.5182
2026-07-05,폴바셋,혜화역점,68227,6.8227
2026-07-05,폴바셋,송도 센트럴파크점,53910,5.391
2026-07-05,폴바셋,영등포 타임스퀘어점,32364,3.2364
2026-07-05,폴바셋,수서역점,40455,4.0455
2026-07-05,폴바셋,코엑스몰점,21182,2.1182
2026-07-05,폴바셋,광화문 예금보험공사점,66283,6.6283
2026-07-05,폴바셋,용산 아이파크몰점,196012,19.6012
2026-07-05,폴바셋,해운대 팔라티움점,0,0
2026-07-05,폴바셋,롯데백화점 상인점,0,0
2026-07-05,폴바셋,여의도 현대카드점,0,0
2026-07-05,폴바셋,연세와병원점,149917,14.9917
2026-07-05,폴바셋,압구정2호점,269554,26.9554
2026-07-05,폴바셋,선릉역 동훈타워점,15364,1.5364
2026-07-05,폴바셋,한남 커피스테이션,151098,15.1098
2026-07-05,폴바셋,강서 부민병원점,16182,1.6182
2026-07-05,폴바셋,현대백화점 미아점,222464,22.2464
2026-07-05,폴바셋,코리아나호텔점,97728,9.7728
2026-07-05,폴바셋,강남삼성타운점,113914,11.3914
2026-07-05,폴바셋,종각역점,34093,3.4093
2026-07-05,폴바셋,청담역점,170007,17.0007
2026-07-05,폴바셋,대구 수성못점,285833,28.5833
2026-07-05,폴바셋,강남역 삼성화재점,137007,13.7007
2026-07-05,폴바셋,신세계 센텀시티몰점,258746,25.8746
2026-07-05,폴바셋,교대역점,97007,9.7007
2026-07-05,폴바셋,페럼타워점,0,0
2026-07-05,폴바셋,스타필드빌리지 운정점,297274,29.7274
2026-07-05,폴바셋,인천 송도 DT점,303297,30.3297
2026-07-05,폴바셋,청량리역점,260099,26.0099
2026-07-05,폴바셋,광교엘포트몰점,241823,24.1823
2026-07-05,폴바셋,광화문 G타워점,201100,20.11
2026-07-05,폴바셋,파르나스몰점,131375,13.1375
2026-07-05,폴바셋,광교 경기도청점,188699,18.8699
2026-07-05,폴바셋,수원컨트리클럽점,299647,29.9647
2026-07-05,폴바셋,갤러리아 광교점,199549,19.9549
2026-07-05,폴바셋,현대아울렛 김포점,591118,59.1118
2026-07-05,폴바셋,대치역점,227832,22.7832
2026-07-05,폴바셋,일산 마두점,212738,21.2738
2026-07-05,폴바셋,여의도 부국증권점,206647,20.6647
2026-07-05,폴바셋,교보문고 강남점,475388,47.5388
2026-07-05,폴바셋,을지로 파인에비뉴점,572942,57.2942
2026-07-05,폴바셋,여의도 IFC몰점,410051,41.0051
2026-07-05,폴바셋,산본역점,507031,50.7031
2026-07-05,폴바셋,인천공항 T1 입국점,532580,53.258
2026-07-05,폴바셋,영종도 파라다이스시티점,571326,57.1326
2026-07-05,폴바셋,제주공항 국내선점,620642,62.0642
2026-07-05,폴바셋,연세암병원점,41203,4.1203
2026-07-05,폴바셋,고대구로병원점,302923,30.2923
2026-07-05,폴바셋,강남구청역점,376016,37.6016
2026-07-05,폴바셋,강남점,678623,67.8623
2026-07-05,폴바셋,인천공항 T2 입국점,1061629,106.1629
2026-07-05,폴바셋,사당 파스텔시티점,976766,97.6766
2026-07-05,폴바셋,일원역점,1546346,154.6346
2026-07-05,폴바셋,광화문점,1566293,156.6293
2026-07-06,폴바셋,신세계백화점 광주점,0,0
2026-07-06,폴바셋,롯데백화점 동탄점,0,0
2026-07-06,폴바셋,스타필드 하남 2호점,0,0
2026-07-06,폴바셋,신세계백화점 대구 1호점,0,0
2026-07-06,폴바셋,롯데백화점 노원점,0,0
2026-07-06,폴바셋,스타필드 수원점,0,0
2026-07-06,폴바셋,롯데백화점 대구점,0,0
2026-07-06,폴바셋,롯데백화점 부산본점,0,0
2026-07-06,폴바셋,대전엑스포 스카이점,0,0
2026-07-06,폴바셋,현대모터스튜디오 서울점,0,0
2026-07-06,폴바셋,광화문 디타워점,0,0
2026-07-06,폴바셋,제주 용담 DT점,0,0
2026-07-06,폴바셋,롯데마트 서초점,15273,1.5273
2026-07-06,폴바셋,삼성전자 평택점,0,0
2026-07-06,폴바셋,갤러리아 타임월드점,0,0
2026-07-06,폴바셋,롯데백화점 관악점,8091,0.8091
2026-07-06,폴바셋,롯데월드몰점,0,0
2026-07-06,폴바셋,스타필드 안성점,0,0
2026-07-06,폴바셋,롯데아울렛 남악점,15273,1.5273
2026-07-06,폴바셋,롯데백화점 평촌점,30546,3.0546
2026-07-06,폴바셋,롯데백화점 광주점,8091,0.8091
2026-07-06,폴바셋,현대백화점 충청점,16182,1.6182
2026-07-06,폴바셋,현대백화점 천호점,8091,0.8091
2026-07-06,폴바셋,신세계백화점 의정부점,16182,1.6182
2026-07-06,폴바셋,신세계백화점 센텀시티점,0,0
2026-07-06,폴바셋,삼성전자 온양캠퍼스점,0,0
2026-07-06,폴바셋,현대백화점 울산점,15273,1.5273
2026-07-06,폴바셋,포항 영일대 DT점,16182,1.6182
2026-07-06,폴바셋,롯데백화점 창원점,7182,0.7182
2026-07-06,폴바셋,AK플라자 수원점,15273,1.5273
2026-07-06,폴바셋,더현대 대구점,0,0
2026-07-06,폴바셋,스타필드시티 위례점,38637,3.8637
2026-07-06,폴바셋,현대아울렛 대전점,0,0
2026-07-06,폴바셋,스타필드 고양 1호점,15273,1.5273
2026-07-06,폴바셋,롯데아울렛 기흥점,10819,1.0819
2026-07-06,폴바셋,롯데백화점 김포공항점,23364,2.3364
2026-07-06,폴바셋,롯데백화점 대전점,24273,2.4273
2026-07-06,폴바셋,마산 회원 DT점,24273,2.4273
2026-07-06,폴바셋,롯데아울렛 광주수완점,15273,1.5273
2026-07-06,폴바셋,한국경제신문사점,0,0
2026-07-06,폴바셋,신세계 사우스시티점,0,0
2026-07-06,폴바셋,삼성 DSR점,38637,3.8637
2026-07-06,폴바셋,신세계백화점 대구 2호점,31455,3.1455
2026-07-06,폴바셋,뉴코아 강남점,38637,3.8637
2026-07-06,폴바셋,롯데백화점 울산점,0,0
2026-07-06,폴바셋,AK플라자 광명점,21182,2.1182
2026-07-06,폴바셋,롯데백화점 강남점,15273,1.5273
2026-07-06,폴바셋,마산 해안대로 DT점,23364,2.3364
2026-07-06,폴바셋,여의도점,31455,3.1455
2026-07-06,폴바셋,구미 봉곡 DT점,38637,3.8637
2026-07-06,폴바셋,스타필드 하남 1호점,39546,3.9546
2026-07-06,폴바셋,롯데백화점 잠실점,30546,3.0546
2026-07-06,폴바셋,종로 G1점,12364,1.2364
2026-07-06,폴바셋,롯데월드 아이스링크점,38637,3.8637
2026-07-06,폴바셋,롯데몰 은평점,24273,2.4273
2026-07-06,폴바셋,롯데몰 수지점,46728,4.6728
2026-07-06,폴바셋,구로 G타워점,29637,2.9637
2026-07-06,폴바셋,경산 옥곡 DT점,15273,1.5273
2026-07-06,폴바셋,롯데백화점 광복점,42138,4.2138
2026-07-06,폴바셋,서소문점,31455,3.1455
2026-07-06,폴바셋,인스파이어점,24273,2.4273
2026-07-06,폴바셋,롯데백화점 본점,41091,4.1091
2026-07-06,폴바셋,오산대 DT점,7182,0.7182
2026-07-06,폴바셋,교보문고 합정점,30546,3.0546
2026-07-06,폴바셋,NC타워 삼성점,54819,5.4819
2026-07-06,폴바셋,AK플라자 홍대점,46728,4.6728
2026-07-06,폴바셋,부산 전포 DT점,15273,1.5273
2026-07-06,폴바셋,송도 트리플스트리트점,38637,3.8637
2026-07-06,폴바셋,부산 괴정 DT점,39546,3.9546
2026-07-06,폴바셋,양산 웅상 DT점,39546,3.9546
2026-07-06,폴바셋,파미에스테이션점,48546,4.8546
2026-07-06,폴바셋,롯데아울렛 이시아폴리스점,0,0
2026-07-06,폴바셋,경주 교동 DT점,46728,4.6728
2026-07-06,폴바셋,김포 구래 DT점,39546,3.9546
2026-07-06,폴바셋,대구 방촌 DT점,47637,4.7637
2026-07-06,폴바셋,광화문 흥국생명점,55728,5.5728
2026-07-06,폴바셋,북수원IC DT점,62001,6.2001
2026-07-06,폴바셋,제주 아라 DT점,32364,3.2364
2026-07-06,폴바셋,경산 임당역 DT점,23364,2.3364
2026-07-06,폴바셋,대구 감삼 DT점,32364,3.2364
2026-07-06,폴바셋,GFC점,91938,9.1938
2026-07-06,폴바셋,MBC몰 파크점,36455,3.6455
2026-07-06,폴바셋,현대아울렛 남양주점,37730,3.773
2026-07-06,폴바셋,부산 대연 DT점,54819,5.4819
2026-07-06,폴바셋,대구 만촌 DT점,54819,5.4819
2026-07-06,폴바셋,천안 구성 DT점,54819,5.4819
2026-07-06,폴바셋,상일동점,15273,1.5273
2026-07-06,폴바셋,광명 철산 DT점,78183,7.8183
2026-07-06,폴바셋,용인시청 DT점,71001,7.1001
2026-07-06,폴바셋,전주 금암 DT점,76001,7.6001
2026-07-06,폴바셋,부산 연산역점,45482,4.5482
2026-07-06,폴바셋,신세계아울렛 시흥점,68912,6.8912
2026-07-06,폴바셋,롯데몰 동부산점,38637,3.8637
2026-07-06,폴바셋,수원 월드컵경기장점,47637,4.7637
2026-07-06,폴바셋,롯데아울렛 김해점,54913,5.4913
2026-07-06,폴바셋,고창 선운사점,25457,2.5457
2026-07-06,폴바셋,송도 SK바이오사이언스점,50456,5.0456
2026-07-06,폴바셋,강서 마곡 DT점,54819,5.4819
2026-07-06,폴바셋,부산 금곡 강변점,46728,4.6728
2026-07-06,폴바셋,청주 방서 DT점,59819,5.9819
2026-07-06,폴바셋,롯데아울렛 이천점,58185,5.8185
2026-07-06,폴바셋,증미역점,54819,5.4819
2026-07-06,폴바셋,롯데백화점 중동점,38094,3.8094
2026-07-06,폴바셋,평택 소사 DT점,71001,7.1001
2026-07-06,폴바셋,여의도 국회대로점,78183,7.8183
2026-07-06,폴바셋,반포 쌍동빌딩점,37364,3.7364
2026-07-06,폴바셋,혜화역점,108637,10.8637
2026-07-06,폴바셋,송도 센트럴파크점,77274,7.7274
2026-07-06,폴바셋,영등포 타임스퀘어점,31455,3.1455
2026-07-06,폴바셋,수서역점,62910,6.291
2026-07-06,폴바셋,코엑스몰점,115547,11.5547
2026-07-06,폴바셋,광화문 예금보험공사점,135530,13.553
2026-07-06,폴바셋,용산 아이파크몰점,132372,13.2372
2026-07-06,폴바셋,해운대 팔라티움점,0,0
2026-07-06,폴바셋,롯데백화점 상인점,0,0
2026-07-06,폴바셋,여의도 현대카드점,211657,21.1657
2026-07-06,폴바셋,연세와병원점,139462,13.9462
2026-07-06,폴바셋,압구정2호점,246283,24.6283
2026-07-06,폴바셋,선릉역 동훈타워점,158033,15.8033
2026-07-06,폴바셋,한남 커피스테이션,253465,25.3465
2026-07-06,폴바셋,강서 부민병원점,95000,9.5
2026-07-06,폴바셋,현대백화점 미아점,190827,19.0827
2026-07-06,폴바셋,코리아나호텔점,149820,14.982
2026-07-06,폴바셋,강남삼성타운점,188555,18.8555
2026-07-06,폴바셋,종각역점,205553,20.5553
2026-07-06,폴바셋,청담역점,249373,24.9373
2026-07-06,폴바셋,대구 수성못점,230284,23.0284
2026-07-06,폴바셋,강남역 삼성화재점,267742,26.7742
2026-07-06,폴바셋,신세계 센텀시티몰점,173192,17.3192
2026-07-06,폴바셋,교대역점,246925,24.6925
2026-07-06,폴바셋,페럼타워점,296191,29.6191
2026-07-06,폴바셋,스타필드빌리지 운정점,160101,16.0101
2026-07-06,폴바셋,인천 송도 DT점,174102,17.4102
2026-07-06,폴바셋,청량리역점,187380,18.738
2026-07-06,폴바셋,광교엘포트몰점,244369,24.4369
2026-07-06,폴바셋,광화문 G타워점,170815,17.0815
2026-07-06,폴바셋,파르나스몰점,192831,19.2831
2026-07-06,폴바셋,광교 경기도청점,156189,15.6189
2026-07-06,폴바셋,수원컨트리클럽점,217378,21.7378
2026-07-06,폴바셋,갤러리아 광교점,134004,13.4004
2026-07-06,폴바셋,현대아울렛 김포점,181285,18.1285
2026-07-06,폴바셋,대치역점,241378,24.1378
2026-07-06,폴바셋,일산 마두점,338383,33.8383
2026-07-06,폴바셋,여의도 부국증권점,290848,29.0848
2026-07-06,폴바셋,교보문고 강남점,383931,38.3931
2026-07-06,폴바셋,을지로 파인에비뉴점,336839,33.6839
2026-07-06,폴바셋,여의도 IFC몰점,354205,35.4205
2026-07-06,폴바셋,산본역점,437207,43.7207
2026-07-06,폴바셋,인천공항 T1 입국점,516481,51.6481
2026-07-06,폴바셋,영종도 파라다이스시티점,328913,32.8913
2026-07-06,폴바셋,제주공항 국내선점,407466,40.7466
2026-07-06,폴바셋,연세암병원점,800092,80.0092
2026-07-06,폴바셋,고대구로병원점,863937,86.3937
2026-07-06,폴바셋,강남구청역점,767584,76.7584
2026-07-06,폴바셋,강남점,971246,97.1246
2026-07-06,폴바셋,인천공항 T2 입국점,1045269,104.5269
2026-07-06,폴바셋,사당 파스텔시티점,871027,87.1027
2026-07-06,폴바셋,일원역점,1420309,142.0309
2026-07-06,폴바셋,광화문점,2464574,246.4574
2026-07-07,폴바셋,신세계백화점 광주점,0,0
2026-07-07,폴바셋,롯데백화점 동탄점,0,0
2026-07-07,폴바셋,스타필드 하남 2호점,0,0
2026-07-07,폴바셋,신세계백화점 대구 1호점,0,0
2026-07-07,폴바셋,롯데백화점 노원점,0,0
2026-07-07,폴바셋,스타필드 수원점,0,0
2026-07-07,폴바셋,롯데백화점 대구점,0,0
2026-07-07,폴바셋,롯데백화점 부산본점,0,0
2026-07-07,폴바셋,대전엑스포 스카이점,0,0
2026-07-07,폴바셋,현대모터스튜디오 서울점,0,0
2026-07-07,폴바셋,광화문 디타워점,0,0
2026-07-07,폴바셋,제주 용담 DT점,0,0
2026-07-07,폴바셋,롯데마트 서초점,8091,0.8091
2026-07-07,폴바셋,삼성전자 평택점,0,0
2026-07-07,폴바셋,갤러리아 타임월드점,15273,1.5273
2026-07-07,폴바셋,롯데백화점 관악점,16182,1.6182
2026-07-07,폴바셋,롯데월드몰점,0,0
2026-07-07,폴바셋,스타필드 안성점,5909,0.5909
2026-07-07,폴바셋,롯데아울렛 남악점,0,0
2026-07-07,폴바셋,롯데백화점 평촌점,16182,1.6182
2026-07-07,폴바셋,롯데백화점 광주점,0,0
2026-07-07,폴바셋,현대백화점 충청점,8091,0.8091
2026-07-07,폴바셋,현대백화점 천호점,8091,0.8091
2026-07-07,폴바셋,신세계백화점 의정부점,23364,2.3364
2026-07-07,폴바셋,신세계백화점 센텀시티점,8091,0.8091
2026-07-07,폴바셋,삼성전자 온양캠퍼스점,23273,2.3273
2026-07-07,폴바셋,현대백화점 울산점,8091,0.8091
2026-07-07,폴바셋,포항 영일대 DT점,16182,1.6182
2026-07-07,폴바셋,롯데백화점 창원점,23364,2.3364
2026-07-07,폴바셋,AK플라자 수원점,8091,0.8091
2026-07-07,폴바셋,더현대 대구점,23364,2.3364
2026-07-07,폴바셋,스타필드시티 위례점,23364,2.3364
2026-07-07,폴바셋,현대아울렛 대전점,7182,0.7182
2026-07-07,폴바셋,스타필드 고양 1호점,23364,2.3364
2026-07-07,폴바셋,롯데아울렛 기흥점,20638,2.0638
2026-07-07,폴바셋,롯데백화점 김포공항점,15273,1.5273
2026-07-07,폴바셋,롯데백화점 대전점,15273,1.5273
2026-07-07,폴바셋,마산 회원 DT점,47637,4.7637
2026-07-07,폴바셋,롯데아울렛 광주수완점,31455,3.1455
2026-07-07,폴바셋,한국경제신문사점,47637,4.7637
2026-07-07,폴바셋,신세계 사우스시티점,8091,0.8091
2026-07-07,폴바셋,삼성 DSR점,30546,3.0546
2026-07-07,폴바셋,신세계백화점 대구 2호점,8091,0.8091
2026-07-07,폴바셋,뉴코아 강남점,0,0
2026-07-07,폴바셋,롯데백화점 울산점,7819,0.7819
2026-07-07,폴바셋,AK플라자 광명점,20273,2.0273
2026-07-07,폴바셋,롯데백화점 강남점,38637,3.8637
2026-07-07,폴바셋,마산 해안대로 DT점,15273,1.5273
2026-07-07,폴바셋,여의도점,63819,6.3819
2026-07-07,폴바셋,구미 봉곡 DT점,24273,2.4273
2026-07-07,폴바셋,스타필드 하남 1호점,20937,2.0937
2026-07-07,폴바셋,롯데백화점 잠실점,46728,4.6728
2026-07-07,폴바셋,종로 G1점,46822,4.6822
2026-07-07,폴바셋,롯데월드 아이스링크점,31455,3.1455
2026-07-07,폴바셋,롯데몰 은평점,15273,1.5273
2026-07-07,폴바셋,롯데몰 수지점,46728,4.6728
2026-07-07,폴바셋,구로 G타워점,30546,3.0546
2026-07-07,폴바셋,경산 옥곡 DT점,47637,4.7637
2026-07-07,폴바셋,롯데백화점 광복점,32639,3.2639
2026-07-07,폴바셋,서소문점,30546,3.0546
2026-07-07,폴바셋,인스파이어점,37728,3.7728
2026-07-07,폴바셋,롯데백화점 본점,43637,4.3637
2026-07-07,폴바셋,오산대 DT점,8091,0.8091
2026-07-07,폴바셋,교보문고 합정점,62910,6.291
2026-07-07,폴바셋,NC타워 삼성점,55728,5.5728
2026-07-07,폴바셋,AK플라자 홍대점,32364,3.2364
2026-07-07,폴바셋,부산 전포 DT점,22455,2.2455
2026-07-07,폴바셋,송도 트리플스트리트점,7182,0.7182
2026-07-07,폴바셋,부산 괴정 DT점,47637,4.7637
2026-07-07,폴바셋,양산 웅상 DT점,55728,5.5728
2026-07-07,폴바셋,파미에스테이션점,22455,2.2455
2026-07-07,폴바셋,롯데아울렛 이시아폴리스점,0,0
2026-07-07,폴바셋,경주 교동 DT점,62910,6.291
2026-07-07,폴바셋,김포 구래 DT점,69183,6.9183
2026-07-07,폴바셋,대구 방촌 DT점,31455,3.1455
2026-07-07,폴바셋,광화문 흥국생명점,70092,7.0092
2026-07-07,폴바셋,북수원IC DT점,62001,6.2001
2026-07-07,폴바셋,제주 아라 DT점,72819,7.2819
2026-07-07,폴바셋,경산 임당역 DT점,55728,5.5728
2026-07-07,폴바셋,대구 감삼 DT점,77274,7.7274
2026-07-07,폴바셋,GFC점,70092,7.0092
2026-07-07,폴바셋,MBC몰 파크점,66273,6.6273
2026-07-07,폴바셋,현대아울렛 남양주점,56458,5.6458
2026-07-07,폴바셋,부산 대연 DT점,46728,4.6728
2026-07-07,폴바셋,대구 만촌 DT점,100638,10.0638
2026-07-07,폴바셋,천안 구성 DT점,50091,5.0091
2026-07-07,폴바셋,상일동점,29637,2.9637
2026-07-07,폴바셋,광명 철산 DT점,45819,4.5819
2026-07-07,폴바셋,용인시청 DT점,100638,10.0638
2026-07-07,폴바셋,전주 금암 DT점,87455,8.7455
2026-07-07,폴바셋,부산 연산역점,63819,6.3819
2026-07-07,폴바셋,신세계아울렛 시흥점,41821,4.1821
2026-07-07,폴바셋,롯데몰 동부산점,23364,2.3364
2026-07-07,폴바셋,수원 월드컵경기장점,85365,8.5365
2026-07-07,폴바셋,롯데아울렛 김해점,86912,8.6912
2026-07-07,폴바셋,고창 선운사점,30638,3.0638
2026-07-07,폴바셋,송도 SK바이오사이언스점,41365,4.1365
2026-07-07,폴바셋,강서 마곡 DT점,99728,9.9728
2026-07-07,폴바셋,부산 금곡 강변점,46728,4.6728
2026-07-07,폴바셋,청주 방서 DT점,58546,5.8546
2026-07-07,폴바셋,롯데아울렛 이천점,47366,4.7366
2026-07-07,폴바셋,증미역점,29637,2.9637
2026-07-07,폴바셋,롯데백화점 중동점,118643,11.8643
2026-07-07,폴바셋,평택 소사 DT점,129366,12.9366
2026-07-07,폴바셋,여의도 국회대로점,62910,6.291
2026-07-07,폴바셋,반포 쌍동빌딩점,76001,7.6001
2026-07-07,폴바셋,혜화역점,110183,11.0183
2026-07-07,폴바셋,송도 센트럴파크점,80001,8.0001
2026-07-07,폴바셋,영등포 타임스퀘어점,37728,3.7728
2026-07-07,폴바셋,수서역점,62910,6.291
2026-07-07,폴바셋,코엑스몰점,108729,10.8729
2026-07-07,폴바셋,광화문 예금보험공사점,143013,14.3013
2026-07-07,폴바셋,용산 아이파크몰점,63457,6.3457
2026-07-07,폴바셋,해운대 팔라티움점,0,0
2026-07-07,폴바셋,롯데백화점 상인점,0,0
2026-07-07,폴바셋,여의도 현대카드점,145323,14.5323
2026-07-07,폴바셋,연세와병원점,143914,14.3914
2026-07-07,폴바셋,압구정2호점,127551,12.7551
2026-07-07,폴바셋,선릉역 동훈타워점,227828,22.7828
2026-07-07,폴바셋,한남 커피스테이션,133915,13.3915
2026-07-07,폴바셋,강서 부민병원점,152456,15.2456
2026-07-07,폴바셋,현대백화점 미아점,203100,20.31
2026-07-07,폴바셋,코리아나호텔점,183729,18.3729
2026-07-07,폴바셋,강남삼성타운점,162461,16.2461
2026-07-07,폴바셋,종각역점,213102,21.3102
2026-07-07,폴바셋,청담역점,229376,22.9376
2026-07-07,폴바셋,대구 수성못점,180919,18.0919
2026-07-07,폴바셋,강남역 삼성화재점,127735,12.7735
2026-07-07,폴바셋,신세계 센텀시티몰점,143010,14.301
2026-07-07,폴바셋,교대역점,244010,24.401
2026-07-07,폴바셋,페럼타워점,275560,27.556
2026-07-07,폴바셋,스타필드빌리지 운정점,233282,23.3282
2026-07-07,폴바셋,인천 송도 DT점,155102,15.5102
2026-07-07,폴바셋,청량리역점,178468,17.8468
2026-07-07,폴바셋,광교엘포트몰점,157825,15.7825
2026-07-07,폴바셋,광화문 G타워점,220827,22.0827
2026-07-07,폴바셋,파르나스몰점,312657,31.2657
2026-07-07,폴바셋,광교 경기도청점,303283,30.3283
2026-07-07,폴바셋,수원컨트리클럽점,264193,26.4193
2026-07-07,폴바셋,갤러리아 광교점,158008,15.8008
2026-07-07,폴바셋,현대아울렛 김포점,171101,17.1101
2026-07-07,폴바셋,대치역점,247561,24.7561
2026-07-07,폴바셋,일산 마두점,309073,30.9073
2026-07-07,폴바셋,여의도 부국증권점,327289,32.7289
2026-07-07,폴바셋,교보문고 강남점,326834,32.6834
2026-07-07,폴바셋,을지로 파인에비뉴점,430841,43.0841
2026-07-07,폴바셋,여의도 IFC몰점,439892,43.9892
2026-07-07,폴바셋,산본역점,502032,50.2032
2026-07-07,폴바셋,인천공항 T1 입국점,444214,44.4214
2026-07-07,폴바셋,영종도 파라다이스시티점,375014,37.5014
2026-07-07,폴바셋,제주공항 국내선점,540009,54.0009
2026-07-07,폴바셋,연세암병원점,832951,83.2951
2026-07-07,폴바셋,고대구로병원점,873855,87.3855
2026-07-07,폴바셋,강남구청역점,827512,82.7512
2026-07-07,폴바셋,강남점,818739,81.8739
2026-07-07,폴바셋,인천공항 T2 입국점,772422,77.2422
2026-07-07,폴바셋,사당 파스텔시티점,1004853,100.4853
2026-07-07,폴바셋,일원역점,1668786,166.8786
2026-07-07,폴바셋,광화문점,2653208,265.3208
2026-07-08,폴바셋,신세계백화점 광주점,0,0
2026-07-08,폴바셋,롯데백화점 동탄점,0,0
2026-07-08,폴바셋,스타필드 하남 2호점,0,0
2026-07-08,폴바셋,신세계백화점 대구 1호점,0,0
2026-07-08,폴바셋,롯데백화점 노원점,0,0
2026-07-08,폴바셋,스타필드 수원점,0,0
2026-07-08,폴바셋,롯데백화점 대구점,0,0
2026-07-08,폴바셋,롯데백화점 부산본점,0,0
2026-07-08,폴바셋,대전엑스포 스카이점,0,0
2026-07-08,폴바셋,현대모터스튜디오 서울점,0,0
2026-07-08,폴바셋,광화문 디타워점,0,0
2026-07-08,폴바셋,제주 용담 DT점,0,0
2026-07-08,폴바셋,롯데마트 서초점,0,0
2026-07-08,폴바셋,삼성전자 평택점,0,0
2026-07-08,폴바셋,갤러리아 타임월드점,0,0
2026-07-08,폴바셋,롯데백화점 관악점,0,0
2026-07-08,폴바셋,롯데월드몰점,0,0
2026-07-08,폴바셋,스타필드 안성점,17727,1.7727
2026-07-08,폴바셋,롯데아울렛 남악점,15273,1.5273
2026-07-08,폴바셋,롯데백화점 평촌점,30546,3.0546
2026-07-08,폴바셋,롯데백화점 광주점,40455,4.0455
2026-07-08,폴바셋,현대백화점 충청점,15273,1.5273
2026-07-08,폴바셋,현대백화점 천호점,0,0
2026-07-08,폴바셋,신세계백화점 의정부점,7182,0.7182
2026-07-08,폴바셋,신세계백화점 센텀시티점,0,0
2026-07-08,폴바셋,삼성전자 온양캠퍼스점,7182,0.7182
2026-07-08,폴바셋,현대백화점 울산점,15273,1.5273
2026-07-08,폴바셋,포항 영일대 DT점,7182,0.7182
2026-07-08,폴바셋,롯데백화점 창원점,31455,3.1455
2026-07-08,폴바셋,AK플라자 수원점,16182,1.6182
2026-07-08,폴바셋,더현대 대구점,24273,2.4273
2026-07-08,폴바셋,스타필드시티 위례점,15273,1.5273
2026-07-08,폴바셋,현대아울렛 대전점,8091,0.8091
2026-07-08,폴바셋,스타필드 고양 1호점,8091,0.8091
2026-07-08,폴바셋,롯데아울렛 기흥점,11819,1.1819
2026-07-08,폴바셋,롯데백화점 김포공항점,31455,3.1455
2026-07-08,폴바셋,롯데백화점 대전점,62001,6.2001
2026-07-08,폴바셋,마산 회원 DT점,16182,1.6182
2026-07-08,폴바셋,롯데아울렛 광주수완점,15273,1.5273
2026-07-08,폴바셋,한국경제신문사점,14364,1.4364
2026-07-08,폴바셋,신세계 사우스시티점,37728,3.7728
2026-07-08,폴바셋,삼성 DSR점,15273,1.5273
2026-07-08,폴바셋,신세계백화점 대구 2호점,24273,2.4273
2026-07-08,폴바셋,뉴코아 강남점,23364,2.3364
2026-07-08,폴바셋,롯데백화점 울산점,20366,2.0366
2026-07-08,폴바셋,AK플라자 광명점,24273,2.4273
2026-07-08,폴바셋,롯데백화점 강남점,30546,3.0546
2026-07-08,폴바셋,마산 해안대로 DT점,0,0
2026-07-08,폴바셋,여의도점,46728,4.6728
2026-07-08,폴바셋,구미 봉곡 DT점,30546,3.0546
2026-07-08,폴바셋,스타필드 하남 1호점,23364,2.3364
2026-07-08,폴바셋,롯데백화점 잠실점,16182,1.6182
2026-07-08,폴바셋,종로 G1점,51549,5.1549
2026-07-08,폴바셋,롯데월드 아이스링크점,24273,2.4273
2026-07-08,폴바셋,롯데몰 은평점,16182,1.6182
2026-07-08,폴바셋,롯데몰 수지점,38637,3.8637
2026-07-08,폴바셋,구로 G타워점,54819,5.4819
2026-07-08,폴바셋,경산 옥곡 DT점,16182,1.6182
2026-07-08,폴바셋,롯데백화점 광복점,31547,3.1547
2026-07-08,폴바셋,서소문점,24273,2.4273
2026-07-08,폴바셋,인스파이어점,7182,0.7182
2026-07-08,폴바셋,롯데백화점 본점,50455,5.0455
2026-07-08,폴바셋,오산대 DT점,45819,4.5819
2026-07-08,폴바셋,교보문고 합정점,48546,4.8546
2026-07-08,폴바셋,NC타워 삼성점,54819,5.4819
2026-07-08,폴바셋,AK플라자 홍대점,61092,6.1092
2026-07-08,폴바셋,부산 전포 DT점,71001,7.1001
2026-07-08,폴바셋,송도 트리플스트리트점,23364,2.3364
2026-07-08,폴바셋,부산 괴정 DT점,46728,4.6728
2026-07-08,폴바셋,양산 웅상 DT점,48546,4.8546
2026-07-08,폴바셋,파미에스테이션점,55728,5.5728
2026-07-08,폴바셋,롯데아울렛 이시아폴리스점,0,0
2026-07-08,폴바셋,경주 교동 DT점,23364,2.3364
2026-07-08,폴바셋,김포 구래 DT점,47637,4.7637
2026-07-08,폴바셋,대구 방촌 DT점,54819,5.4819
2026-07-08,폴바셋,광화문 흥국생명점,70092,7.0092
2026-07-08,폴바셋,북수원IC DT점,31455,3.1455
2026-07-08,폴바셋,제주 아라 DT점,77274,7.7274
2026-07-08,폴바셋,경산 임당역 DT점,70092,7.0092
2026-07-08,폴바셋,대구 감삼 DT점,322728,32.2728
2026-07-08,폴바셋,GFC점,54819,5.4819
2026-07-08,폴바셋,MBC몰 파크점,67546,6.7546
2026-07-08,폴바셋,현대아울렛 남양주점,61369,6.1369
2026-07-08,폴바셋,부산 대연 DT점,79092,7.9092
2026-07-08,폴바셋,대구 만촌 DT점,44910,4.491
2026-07-08,폴바셋,천안 구성 DT점,36455,3.6455
2026-07-08,폴바셋,상일동점,23364,2.3364
2026-07-08,폴바셋,광명 철산 DT점,70092,7.0092
2026-07-08,폴바셋,용인시청 DT점,53910,5.391
2026-07-08,폴바셋,전주 금암 DT점,59455,5.9455
2026-07-08,폴바셋,부산 연산역점,88148,8.8148
2026-07-08,폴바셋,신세계아울렛 시흥점,54550,5.455
2026-07-08,폴바셋,롯데몰 동부산점,31455,3.1455
2026-07-08,폴바셋,수원 월드컵경기장점,0,0
2026-07-08,폴바셋,롯데아울렛 김해점,60731,6.0731
2026-07-08,폴바셋,고창 선운사점,11819,1.1819
2026-07-08,폴바셋,송도 SK바이오사이언스점,38819,3.8819
2026-07-08,폴바셋,강서 마곡 DT점,68274,6.8274
2026-07-08,폴바셋,부산 금곡 강변점,85022,8.5022
2026-07-08,폴바셋,청주 방서 DT점,48546,4.8546
2026-07-08,폴바셋,롯데아울렛 이천점,64822,6.4822
2026-07-08,폴바셋,증미역점,32364,3.2364
2026-07-08,폴바셋,롯데백화점 중동점,54147,5.4147
2026-07-08,폴바셋,평택 소사 DT점,87183,8.7183
2026-07-08,폴바셋,여의도 국회대로점,95274,9.5274
2026-07-08,폴바셋,반포 쌍동빌딩점,56364,5.6364
2026-07-08,폴바셋,혜화역점,89092,8.9092
2026-07-08,폴바셋,송도 센트럴파크점,62910,6.291
2026-07-08,폴바셋,영등포 타임스퀘어점,22455,2.2455
2026-07-08,폴바셋,수서역점,38637,3.8637
2026-07-08,폴바셋,코엑스몰점,91910,9.191
2026-07-08,폴바셋,광화문 예금보험공사점,138851,13.8851
2026-07-08,폴바셋,용산 아이파크몰점,85733,8.5733
2026-07-08,폴바셋,해운대 팔라티움점,0,0
2026-07-08,폴바셋,롯데백화점 상인점,0,0
2026-07-08,폴바셋,여의도 현대카드점,204012,20.4012
2026-07-08,폴바셋,연세와병원점,136551,13.6551
2026-07-08,폴바셋,압구정2호점,208920,20.892
2026-07-08,폴바셋,선릉역 동훈타워점,415871,41.5871
2026-07-08,폴바셋,한남 커피스테이션,223386,22.3386
2026-07-08,폴바셋,강서 부민병원점,257644,25.7644
2026-07-08,폴바셋,현대백화점 미아점,188099,18.8099
2026-07-08,폴바셋,코리아나호텔점,152911,15.2911
2026-07-08,폴바셋,강남삼성타운점,141915,14.1915
2026-07-08,폴바셋,종각역점,248926,24.8926
2026-07-08,폴바셋,청담역점,189647,18.9647
2026-07-08,폴바셋,대구 수성못점,230285,23.0285
2026-07-08,폴바셋,강남역 삼성화재점,206373,20.6373
2026-07-08,폴바셋,신세계 센텀시티몰점,163011,16.3011
2026-07-08,폴바셋,교대역점,321555,32.1555
2026-07-08,폴바셋,페럼타워점,367747,36.7747
2026-07-08,폴바셋,스타필드빌리지 운정점,171918,17.1918
2026-07-08,폴바셋,인천 송도 DT점,173647,17.3647
2026-07-08,폴바셋,청량리역점,211470,21.147
2026-07-08,폴바셋,광교엘포트몰점,224464,22.4464
2026-07-08,폴바셋,광화문 G타워점,240920,24.092
2026-07-08,폴바셋,파르나스몰점,303110,30.311
2026-07-08,폴바셋,광교 경기도청점,253554,25.3554
2026-07-08,폴바셋,수원컨트리클럽점,233644,23.3644
2026-07-08,폴바셋,갤러리아 광교점,264284,26.4284
2026-07-08,폴바셋,현대아울렛 김포점,167554,16.7554
2026-07-08,폴바셋,대치역점,272650,27.265
2026-07-08,폴바셋,일산 마두점,322652,32.2652
2026-07-08,폴바셋,여의도 부국증권점,396745,39.6745
2026-07-08,폴바셋,교보문고 강남점,407838,40.7838
2026-07-08,폴바셋,을지로 파인에비뉴점,460572,46.0572
2026-07-08,폴바셋,여의도 IFC몰점,439210,43.921
2026-07-08,폴바셋,산본역점,416932,41.6932
2026-07-08,폴바셋,인천공항 T1 입국점,477757,47.7757
2026-07-08,폴바셋,영종도 파라다이스시티점,422018,42.2018
2026-07-08,폴바셋,제주공항 국내선점,215189,21.5189
2026-07-08,폴바셋,연세암병원점,861329,86.1329
2026-07-08,폴바셋,고대구로병원점,939853,93.9853
2026-07-08,폴바셋,강남구청역점,851123,85.1123
2026-07-08,폴바셋,강남점,830040,83.004
2026-07-08,폴바셋,인천공항 T2 입국점,630236,63.0236
2026-07-08,폴바셋,사당 파스텔시티점,1014040,101.404
2026-07-08,폴바셋,일원역점,1643228,164.3228
2026-07-08,폴바셋,광화문점,2268034,226.8034
2026-07-09,폴바셋,신세계백화점 광주점,0,0
2026-07-09,폴바셋,롯데백화점 동탄점,0,0
2026-07-09,폴바셋,스타필드 하남 2호점,0,0
2026-07-09,폴바셋,신세계백화점 대구 1호점,0,0
2026-07-09,폴바셋,롯데백화점 노원점,0,0
2026-07-09,폴바셋,스타필드 수원점,0,0
2026-07-09,폴바셋,롯데백화점 대구점,0,0
2026-07-09,폴바셋,롯데백화점 부산본점,0,0
2026-07-09,폴바셋,대전엑스포 스카이점,0,0
2026-07-09,폴바셋,현대모터스튜디오 서울점,0,0
2026-07-09,폴바셋,광화문 디타워점,0,0
2026-07-09,폴바셋,제주 용담 DT점,0,0
2026-07-09,폴바셋,롯데마트 서초점,0,0
2026-07-09,폴바셋,삼성전자 평택점,0,0
2026-07-09,폴바셋,갤러리아 타임월드점,0,0
2026-07-09,폴바셋,롯데백화점 관악점,0,0
2026-07-09,폴바셋,롯데월드몰점,0,0
2026-07-09,폴바셋,스타필드 안성점,0,0
2026-07-09,폴바셋,롯데아울렛 남악점,8091,0.8091
2026-07-09,폴바셋,롯데백화점 평촌점,7182,0.7182
2026-07-09,폴바셋,롯데백화점 광주점,0,0
2026-07-09,폴바셋,현대백화점 충청점,0,0
2026-07-09,폴바셋,현대백화점 천호점,15273,1.5273
2026-07-09,폴바셋,신세계백화점 의정부점,16182,1.6182
2026-07-09,폴바셋,신세계백화점 센텀시티점,0,0
2026-07-09,폴바셋,삼성전자 온양캠퍼스점,24273,2.4273
2026-07-09,폴바셋,현대백화점 울산점,30546,3.0546
2026-07-09,폴바셋,포항 영일대 DT점,8091,0.8091
2026-07-09,폴바셋,롯데백화점 창원점,0,0
2026-07-09,폴바셋,AK플라자 수원점,8091,0.8091
2026-07-09,폴바셋,더현대 대구점,0,0
2026-07-09,폴바셋,스타필드시티 위례점,23364,2.3364
2026-07-09,폴바셋,현대아울렛 대전점,15273,1.5273
2026-07-09,폴바셋,스타필드 고양 1호점,7182,0.7182
2026-07-09,폴바셋,롯데아울렛 기흥점,22728,2.2728
2026-07-09,폴바셋,롯데백화점 김포공항점,31455,3.1455
2026-07-09,폴바셋,롯데백화점 대전점,24273,2.4273
2026-07-09,폴바셋,마산 회원 DT점,7182,0.7182
2026-07-09,폴바셋,롯데아울렛 광주수완점,47637,4.7637
2026-07-09,폴바셋,한국경제신문사점,38637,3.8637
2026-07-09,폴바셋,신세계 사우스시티점,15273,1.5273
2026-07-09,폴바셋,삼성 DSR점,31455,3.1455
2026-07-09,폴바셋,신세계백화점 대구 2호점,0,0
2026-07-09,폴바셋,뉴코아 강남점,7182,0.7182
2026-07-09,폴바셋,롯데백화점 울산점,30276,3.0276
2026-07-09,폴바셋,AK플라자 광명점,16182,1.6182
2026-07-09,폴바셋,롯데백화점 강남점,30546,3.0546
2026-07-09,폴바셋,마산 해안대로 DT점,31455,3.1455
2026-07-09,폴바셋,여의도점,24273,2.4273
2026-07-09,폴바셋,구미 봉곡 DT점,16182,1.6182
2026-07-09,폴바셋,스타필드 하남 1호점,23364,2.3364
2026-07-09,폴바셋,롯데백화점 잠실점,30546,3.0546
2026-07-09,폴바셋,종로 G1점,46093,4.6093
2026-07-09,폴바셋,롯데월드 아이스링크점,23364,2.3364
2026-07-09,폴바셋,롯데몰 은평점,38637,3.8637
2026-07-09,폴바셋,롯데몰 수지점,8091,0.8091
2026-07-09,폴바셋,구로 G타워점,55728,5.5728
2026-07-09,폴바셋,경산 옥곡 DT점,47637,4.7637
2026-07-09,폴바셋,롯데백화점 광복점,22820,2.282
2026-07-09,폴바셋,서소문점,86274,8.6274
2026-07-09,폴바셋,인스파이어점,15273,1.5273
2026-07-09,폴바셋,롯데백화점 본점,57546,5.7546
2026-07-09,폴바셋,오산대 DT점,23364,2.3364
2026-07-09,폴바셋,교보문고 합정점,47637,4.7637
2026-07-09,폴바셋,NC타워 삼성점,71001,7.1001
2026-07-09,폴바셋,AK플라자 홍대점,69183,6.9183
2026-07-09,폴바셋,부산 전포 DT점,45819,4.5819
2026-07-09,폴바셋,송도 트리플스트리트점,15273,1.5273
2026-07-09,폴바셋,부산 괴정 DT점,20300,2.03
2026-07-09,폴바셋,양산 웅상 DT점,47637,4.7637
2026-07-09,폴바셋,파미에스테이션점,24273,2.4273
2026-07-09,폴바셋,롯데아울렛 이시아폴리스점,0,0
2026-07-09,폴바셋,경주 교동 DT점,23364,2.3364
2026-07-09,폴바셋,김포 구래 DT점,40455,4.0455
2026-07-09,폴바셋,대구 방촌 DT점,39546,3.9546
2026-07-09,폴바셋,광화문 흥국생명점,70092,7.0092
2026-07-09,폴바셋,북수원IC DT점,70092,7.0092
2026-07-09,폴바셋,제주 아라 DT점,56637,5.6637
2026-07-09,폴바셋,경산 임당역 DT점,62001,6.2001
2026-07-09,폴바셋,대구 감삼 DT점,30546,3.0546
2026-07-09,폴바셋,GFC점,126729,12.6729
2026-07-09,폴바셋,MBC몰 파크점,86910,8.691
2026-07-09,폴바셋,현대아울렛 남양주점,65824,6.5824
2026-07-09,폴바셋,부산 대연 DT점,53910,5.391
2026-07-09,폴바셋,대구 만촌 DT점,45819,4.5819
2026-07-09,폴바셋,천안 구성 DT점,30182,3.0182
2026-07-09,폴바셋,상일동점,15273,1.5273
2026-07-09,폴바셋,광명 철산 DT점,45819,4.5819
2026-07-09,폴바셋,용인시청 DT점,53001,5.3001
2026-07-09,폴바셋,전주 금암 DT점,104365,10.4365
2026-07-09,폴바셋,부산 연산역점,110550,11.055
2026-07-09,폴바셋,신세계아울렛 시흥점,52729,5.2729
2026-07-09,폴바셋,롯데몰 동부산점,22455,2.2455
2026-07-09,폴바셋,수원 월드컵경기장점,70092,7.0092
2026-07-09,폴바셋,롯데아울렛 김해점,70277,7.0277
2026-07-09,폴바셋,고창 선운사점,17727,1.7727
2026-07-09,폴바셋,송도 SK바이오사이언스점,11000,1.1
2026-07-09,폴바셋,강서 마곡 DT점,128420,12.842
2026-07-09,폴바셋,부산 금곡 강변점,116961,11.6961
2026-07-09,폴바셋,청주 방서 DT점,30182,3.0182
2026-07-09,폴바셋,롯데아울렛 이천점,52368,5.2368
2026-07-09,폴바셋,증미역점,102456,10.2456
2026-07-09,폴바셋,롯데백화점 중동점,63730,6.373
2026-07-09,폴바셋,평택 소사 DT점,98820,9.882
2026-07-09,폴바셋,여의도 국회대로점,47637,4.7637
2026-07-09,폴바셋,반포 쌍동빌딩점,50455,5.0455
2026-07-09,폴바셋,혜화역점,102728,10.2728
2026-07-09,폴바셋,송도 센트럴파크점,62910,6.291
2026-07-09,폴바셋,영등포 타임스퀘어점,44910,4.491
2026-07-09,폴바셋,수서역점,78183,7.8183
2026-07-09,폴바셋,코엑스몰점,163184,16.3184
2026-07-09,폴바셋,광화문 예금보험공사점,243386,24.3386
2026-07-09,폴바셋,용산 아이파크몰점,119169,11.9169
2026-07-09,폴바셋,해운대 팔라티움점,0,0
2026-07-09,폴바셋,롯데백화점 상인점,0,0
2026-07-09,폴바셋,여의도 현대카드점,215285,21.5285
2026-07-09,폴바셋,연세와병원점,140186,14.0186
2026-07-09,폴바셋,압구정2호점,100006,10.0006
2026-07-09,폴바셋,선릉역 동훈타워점,181282,18.1282
2026-07-09,폴바셋,한남 커피스테이션,154190,15.419
2026-07-09,폴바셋,강서 부민병원점,336827,33.6827
2026-07-09,폴바셋,현대백화점 미아점,109188,10.9188
2026-07-09,폴바셋,코리아나호텔점,151093,15.1093
2026-07-09,폴바셋,강남삼성타운점,225463,22.5463
2026-07-09,폴바셋,종각역점,326648,32.6648
2026-07-09,폴바셋,청담역점,215832,21.5832
2026-07-09,폴바셋,대구 수성못점,144098,14.4098
2026-07-09,폴바셋,강남역 삼성화재점,216558,21.6558
2026-07-09,폴바셋,신세계 센텀시티몰점,175829,17.5829
2026-07-09,폴바셋,교대역점,253922,25.3922
2026-07-09,폴바셋,페럼타워점,198373,19.8373
2026-07-09,폴바셋,스타필드빌리지 운정점,221919,22.1919
2026-07-09,폴바셋,인천 송도 DT점,184824,18.4824
2026-07-09,폴바셋,청량리역점,200017,20.0017
2026-07-09,폴바셋,광교엘포트몰점,288462,28.8462
2026-07-09,폴바셋,광화문 G타워점,295470,29.547
2026-07-09,폴바셋,파르나스몰점,366293,36.6293
2026-07-09,폴바셋,광교 경기도청점,293467,29.3467
2026-07-09,폴바셋,수원컨트리클럽점,299468,29.9468
2026-07-09,폴바셋,갤러리아 광교점,148372,14.8372
2026-07-09,폴바셋,현대아울렛 김포점,125371,12.5371
2026-07-09,폴바셋,대치역점,300105,30.0105
2026-07-09,폴바셋,일산 마두점,274196,27.4196
2026-07-09,폴바셋,여의도 부국증권점,465107,46.5107
2026-07-09,폴바셋,교보문고 강남점,373782,37.3782
2026-07-09,폴바셋,을지로 파인에비뉴점,463928,46.3928
2026-07-09,폴바셋,여의도 IFC몰점,542941,54.2941
2026-07-09,폴바셋,산본역점,393117,39.3117
2026-07-09,폴바셋,인천공항 T1 입국점,474026,47.4026
2026-07-09,폴바셋,영종도 파라다이스시티점,407200,40.72
2026-07-09,폴바셋,제주공항 국내선점,363462,36.3462
2026-07-09,폴바셋,연세암병원점,871225,87.1225
2026-07-09,폴바셋,고대구로병원점,757492,75.7492
2026-07-09,폴바셋,강남구청역점,885962,88.5962
2026-07-09,폴바셋,강남점,864989,86.4989
2026-07-09,폴바셋,인천공항 T2 입국점,942073,94.2073
2026-07-09,폴바셋,사당 파스텔시티점,1031404,103.1404
2026-07-09,폴바셋,일원역점,1661889,166.1889
2026-07-09,폴바셋,광화문점,2957297,295.7297
2026-07-10,폴바셋,신세계백화점 광주점,0,0
2026-07-10,폴바셋,롯데백화점 동탄점,0,0
2026-07-10,폴바셋,스타필드 하남 2호점,0,0
2026-07-10,폴바셋,신세계백화점 대구 1호점,0,0
2026-07-10,폴바셋,롯데백화점 노원점,0,0
2026-07-10,폴바셋,스타필드 수원점,0,0
2026-07-10,폴바셋,롯데백화점 대구점,0,0
2026-07-10,폴바셋,롯데백화점 부산본점,0,0
2026-07-10,폴바셋,대전엑스포 스카이점,0,0
2026-07-10,폴바셋,현대모터스튜디오 서울점,0,0
2026-07-10,폴바셋,광화문 디타워점,0,0
2026-07-10,폴바셋,제주 용담 DT점,0,0
2026-07-10,폴바셋,롯데마트 서초점,0,0
2026-07-10,폴바셋,삼성전자 평택점,0,0
2026-07-10,폴바셋,갤러리아 타임월드점,16182,1.6182
2026-07-10,폴바셋,롯데백화점 관악점,0,0
2026-07-10,폴바셋,롯데월드몰점,0,0
2026-07-10,폴바셋,스타필드 안성점,0,0
2026-07-10,폴바셋,롯데아울렛 남악점,0,0
2026-07-10,폴바셋,롯데백화점 평촌점,30546,3.0546
2026-07-10,폴바셋,롯데백화점 광주점,0,0
2026-07-10,폴바셋,현대백화점 충청점,0,0
2026-07-10,폴바셋,현대백화점 천호점,22455,2.2455
2026-07-10,폴바셋,신세계백화점 의정부점,22455,2.2455
2026-07-10,폴바셋,신세계백화점 센텀시티점,15273,1.5273
2026-07-10,폴바셋,삼성전자 온양캠퍼스점,5818,0.5818
2026-07-10,폴바셋,현대백화점 울산점,39546,3.9546
2026-07-10,폴바셋,포항 영일대 DT점,23364,2.3364
2026-07-10,폴바셋,롯데백화점 창원점,16182,1.6182
2026-07-10,폴바셋,AK플라자 수원점,40455,4.0455
2026-07-10,폴바셋,더현대 대구점,31455,3.1455
2026-07-10,폴바셋,스타필드시티 위례점,7182,0.7182
2026-07-10,폴바셋,현대아울렛 대전점,23364,2.3364
2026-07-10,폴바셋,스타필드 고양 1호점,23364,2.3364
2026-07-10,폴바셋,롯데아울렛 기흥점,15091,1.5091
2026-07-10,폴바셋,롯데백화점 김포공항점,30546,3.0546
2026-07-10,폴바셋,롯데백화점 대전점,0,0
2026-07-10,폴바셋,마산 회원 DT점,0,0
2026-07-10,폴바셋,롯데아울렛 광주수완점,23364,2.3364
2026-07-10,폴바셋,한국경제신문사점,45819,4.5819
2026-07-10,폴바셋,신세계 사우스시티점,22455,2.2455
2026-07-10,폴바셋,삼성 DSR점,15273,1.5273
2026-07-10,폴바셋,신세계백화점 대구 2호점,32364,3.2364
2026-07-10,폴바셋,뉴코아 강남점,47637,4.7637
2026-07-10,폴바셋,롯데백화점 울산점,25275,2.5275
2026-07-10,폴바셋,AK플라자 광명점,36455,3.6455
2026-07-10,폴바셋,롯데백화점 강남점,30546,3.0546
2026-07-10,폴바셋,마산 해안대로 DT점,31455,3.1455
2026-07-10,폴바셋,여의도점,15273,1.5273
2026-07-10,폴바셋,구미 봉곡 DT점,31455,3.1455
2026-07-10,폴바셋,스타필드 하남 1호점,48546,4.8546
2026-07-10,폴바셋,롯데백화점 잠실점,38637,3.8637
2026-07-10,폴바셋,종로 G1점,36185,3.6185
2026-07-10,폴바셋,롯데월드 아이스링크점,16182,1.6182
2026-07-10,폴바셋,롯데몰 은평점,22455,2.2455
2026-07-10,폴바셋,롯데몰 수지점,55728,5.5728
2026-07-10,폴바셋,구로 G타워점,31455,3.1455
2026-07-10,폴바셋,경산 옥곡 DT점,47637,4.7637
2026-07-10,폴바셋,롯데백화점 광복점,36093,3.6093
2026-07-10,폴바셋,서소문점,22455,2.2455
2026-07-10,폴바셋,인스파이어점,23364,2.3364
2026-07-10,폴바셋,롯데백화점 본점,52909,5.2909
2026-07-10,폴바셋,오산대 DT점,48546,4.8546
2026-07-10,폴바셋,교보문고 합정점,30546,3.0546
2026-07-10,폴바셋,NC타워 삼성점,38637,3.8637
2026-07-10,폴바셋,AK플라자 홍대점,46728,4.6728
2026-07-10,폴바셋,부산 전포 DT점,39546,3.9546
2026-07-10,폴바셋,송도 트리플스트리트점,47637,4.7637
2026-07-10,폴바셋,부산 괴정 DT점,30546,3.0546
2026-07-10,폴바셋,양산 웅상 DT점,48546,4.8546
2026-07-10,폴바셋,파미에스테이션점,69183,6.9183
2026-07-10,폴바셋,롯데아울렛 이시아폴리스점,123279,12.3279
2026-07-10,폴바셋,경주 교동 DT점,47637,4.7637
2026-07-10,폴바셋,김포 구래 DT점,47637,4.7637
2026-07-10,폴바셋,대구 방촌 DT점,37728,3.7728
2026-07-10,폴바셋,광화문 흥국생명점,79092,7.9092
2026-07-10,폴바셋,북수원IC DT점,47637,4.7637
2026-07-10,폴바셋,제주 아라 DT점,24273,2.4273
2026-07-10,폴바셋,경산 임당역 DT점,24273,2.4273
2026-07-10,폴바셋,대구 감삼 DT점,53910,5.391
2026-07-10,폴바셋,GFC점,23364,2.3364
2026-07-10,폴바셋,MBC몰 파크점,67001,6.7001
2026-07-10,폴바셋,현대아울렛 남양주점,58640,5.864
2026-07-10,폴바셋,부산 대연 DT점,102456,10.2456
2026-07-10,폴바셋,대구 만촌 DT점,54819,5.4819
2026-07-10,폴바셋,천안 구성 DT점,53910,5.391
2026-07-10,폴바셋,상일동점,15273,1.5273
2026-07-10,폴바셋,광명 철산 DT점,90729,9.0729
2026-07-10,폴바셋,용인시청 DT점,29637,2.9637
2026-07-10,폴바셋,전주 금암 DT점,54819,5.4819
2026-07-10,폴바셋,부산 연산역점,66093,6.6093
2026-07-10,폴바셋,신세계아울렛 시흥점,62822,6.2822
2026-07-10,폴바셋,롯데몰 동부산점,37728,3.7728
2026-07-10,폴바셋,수원 월드컵경기장점,31455,3.1455
2026-07-10,폴바셋,롯데아울렛 김해점,58639,5.8639
2026-07-10,폴바셋,고창 선운사점,38275,3.8275
2026-07-10,폴바셋,송도 SK바이오사이언스점,338365,33.8365
2026-07-10,폴바셋,강서 마곡 DT점,79092,7.9092
2026-07-10,폴바셋,부산 금곡 강변점,96604,9.6604
2026-07-10,폴바셋,청주 방서 DT점,44546,4.4546
2026-07-10,폴바셋,롯데아울렛 이천점,96004,9.6004
2026-07-10,폴바셋,증미역점,76365,7.6365
2026-07-10,폴바셋,롯데백화점 중동점,119914,11.9914
2026-07-10,폴바셋,평택 소사 DT점,101547,10.1547
2026-07-10,폴바셋,여의도 국회대로점,79092,7.9092
2026-07-10,폴바셋,반포 쌍동빌딩점,29273,2.9273
2026-07-10,폴바셋,혜화역점,121728,12.1728
2026-07-10,폴바셋,송도 센트럴파크점,84456,8.4456
2026-07-10,폴바셋,영등포 타임스퀘어점,86274,8.6274
2026-07-10,폴바셋,수서역점,70092,7.0092
2026-07-10,폴바셋,코엑스몰점,157911,15.7911
2026-07-10,폴바셋,광화문 예금보험공사점,109769,10.9769
2026-07-10,폴바셋,용산 아이파크몰점,82642,8.2642
2026-07-10,폴바셋,해운대 팔라티움점,0,0
2026-07-10,폴바셋,롯데백화점 상인점,372795,37.2795
2026-07-10,폴바셋,여의도 현대카드점,175175,17.5175
2026-07-10,폴바셋,연세와병원점,113459,11.3459
2026-07-10,폴바셋,압구정2호점,175280,17.528
2026-07-10,폴바셋,선릉역 동훈타워점,130094,13.0094
2026-07-10,폴바셋,한남 커피스테이션,200553,20.0553
2026-07-10,폴바셋,강서 부민병원점,170729,17.0729
2026-07-10,폴바셋,현대백화점 미아점,215645,21.5645
2026-07-10,폴바셋,코리아나호텔점,199366,19.9366
2026-07-10,폴바셋,강남삼성타운점,261187,26.1187
2026-07-10,폴바셋,종각역점,192738,19.2738
2026-07-10,폴바셋,청담역점,248736,24.8736
2026-07-10,폴바셋,대구 수성못점,200492,20.0492
2026-07-10,폴바셋,강남역 삼성화재점,220738,22.0738
2026-07-10,폴바셋,신세계 센텀시티몰점,224376,22.4376
2026-07-10,폴바셋,교대역점,357651,35.7651
2026-07-10,폴바셋,페럼타워점,290922,29.0922
2026-07-10,폴바셋,스타필드빌리지 운정점,260376,26.0376
2026-07-10,폴바셋,인천 송도 DT점,202103,20.2103
2026-07-10,폴바셋,청량리역점,272320,27.232
2026-07-10,폴바셋,광교엘포트몰점,251317,25.1317
2026-07-10,폴바셋,광화문 G타워점,312016,31.2016
2026-07-10,폴바셋,파르나스몰점,280742,28.0742
2026-07-10,폴바셋,광교 경기도청점,305195,30.5195
2026-07-10,폴바셋,수원컨트리클럽점,257194,25.7194
2026-07-10,폴바셋,갤러리아 광교점,192808,19.2808
2026-07-10,폴바셋,현대아울렛 김포점,163100,16.31
2026-07-10,폴바셋,대치역점,373108,37.3108
2026-07-10,폴바셋,일산 마두점,335833,33.5833
2026-07-10,폴바셋,여의도 부국증권점,392558,39.2558
2026-07-10,폴바셋,교보문고 강남점,342475,34.2475
2026-07-10,폴바셋,을지로 파인에비뉴점,549510,54.951
2026-07-10,폴바셋,여의도 IFC몰점,564031,56.4031
2026-07-10,폴바셋,산본역점,455464,45.5464
2026-07-10,폴바셋,인천공항 T1 입국점,618036,61.8036
2026-07-10,폴바셋,영종도 파라다이스시티점,334374,33.4374
2026-07-10,폴바셋,제주공항 국내선점,673643,67.3643
2026-07-10,폴바셋,연세암병원점,573183,57.3183
2026-07-10,폴바셋,고대구로병원점,792173,79.2173
2026-07-10,폴바셋,강남구청역점,932173,93.2173
2026-07-10,폴바셋,강남점,974180,97.418
2026-07-10,폴바셋,인천공항 T2 입국점,719796,71.9796
2026-07-10,폴바셋,사당 파스텔시티점,1127492,112.7492
2026-07-10,폴바셋,일원역점,1791422,179.1422
2026-07-10,폴바셋,광화문점,3483324,348.3324
2026-07-11,폴바셋,신세계백화점 광주점,0,0
2026-07-11,폴바셋,롯데백화점 동탄점,0,0
2026-07-11,폴바셋,스타필드 하남 2호점,0,0
2026-07-11,폴바셋,신세계백화점 대구 1호점,0,0
2026-07-11,폴바셋,롯데백화점 노원점,0,0
2026-07-11,폴바셋,스타필드 수원점,0,0
2026-07-11,폴바셋,롯데백화점 대구점,0,0
2026-07-11,폴바셋,롯데백화점 부산본점,0,0
2026-07-11,폴바셋,대전엑스포 스카이점,0,0
2026-07-11,폴바셋,현대모터스튜디오 서울점,0,0
2026-07-11,폴바셋,광화문 디타워점,0,0
2026-07-11,폴바셋,제주 용담 DT점,0,0
2026-07-11,폴바셋,롯데마트 서초점,0,0
2026-07-11,폴바셋,삼성전자 평택점,0,0
2026-07-11,폴바셋,갤러리아 타임월드점,7182,0.7182
2026-07-11,폴바셋,롯데백화점 관악점,16182,1.6182
2026-07-11,폴바셋,롯데월드몰점,0,0
2026-07-11,폴바셋,스타필드 안성점,0,0
2026-07-11,폴바셋,롯데아울렛 남악점,8091,0.8091
2026-07-11,폴바셋,롯데백화점 평촌점,31455,3.1455
2026-07-11,폴바셋,롯데백화점 광주점,0,0
2026-07-11,폴바셋,현대백화점 충청점,15273,1.5273
2026-07-11,폴바셋,현대백화점 천호점,0,0
2026-07-11,폴바셋,신세계백화점 의정부점,31455,3.1455
2026-07-11,폴바셋,신세계백화점 센텀시티점,16182,1.6182
2026-07-11,폴바셋,삼성전자 온양캠퍼스점,0,0
2026-07-11,폴바셋,현대백화점 울산점,15273,1.5273
2026-07-11,폴바셋,포항 영일대 DT점,30546,3.0546
2026-07-11,폴바셋,롯데백화점 창원점,39546,3.9546
2026-07-11,폴바셋,AK플라자 수원점,24273,2.4273
2026-07-11,폴바셋,더현대 대구점,0,0
2026-07-11,폴바셋,스타필드시티 위례점,22455,2.2455
2026-07-11,폴바셋,현대아울렛 대전점,14364,1.4364
2026-07-11,폴바셋,스타필드 고양 1호점,0,0
2026-07-11,폴바셋,롯데아울렛 기흥점,32546,3.2546
2026-07-11,폴바셋,롯데백화점 김포공항점,29028,2.9028
2026-07-11,폴바셋,롯데백화점 대전점,31455,3.1455
2026-07-11,폴바셋,마산 회원 DT점,48546,4.8546
2026-07-11,폴바셋,롯데아울렛 광주수완점,23364,2.3364
2026-07-11,폴바셋,한국경제신문사점,23364,2.3364
2026-07-11,폴바셋,신세계 사우스시티점,40455,4.0455
2026-07-11,폴바셋,삼성 DSR점,16182,1.6182
2026-07-11,폴바셋,신세계백화점 대구 2호점,62910,6.291
2026-07-11,폴바셋,뉴코아 강남점,69183,6.9183
2026-07-11,폴바셋,롯데백화점 울산점,34548,3.4548
2026-07-11,폴바셋,AK플라자 광명점,59819,5.9819
2026-07-11,폴바셋,롯데백화점 강남점,61092,6.1092
2026-07-11,폴바셋,마산 해안대로 DT점,16182,1.6182
2026-07-11,폴바셋,여의도점,16182,1.6182
2026-07-11,폴바셋,구미 봉곡 DT점,53910,5.391
2026-07-11,폴바셋,스타필드 하남 1호점,23364,2.3364
2026-07-11,폴바셋,롯데백화점 잠실점,46728,4.6728
2026-07-11,폴바셋,종로 G1점,30729,3.0729
2026-07-11,폴바셋,롯데월드 아이스링크점,47637,4.7637
2026-07-11,폴바셋,롯데몰 은평점,32364,3.2364
2026-07-11,폴바셋,롯데몰 수지점,31455,3.1455
2026-07-11,폴바셋,구로 G타워점,39546,3.9546
2026-07-11,폴바셋,경산 옥곡 DT점,23364,2.3364
2026-07-11,폴바셋,롯데백화점 광복점,56820,5.682
2026-07-11,폴바셋,서소문점,54819,5.4819
2026-07-11,폴바셋,인스파이어점,71001,7.1001
2026-07-11,폴바셋,롯데백화점 본점,63182,6.3182
2026-07-11,폴바셋,오산대 DT점,39546,3.9546
2026-07-11,폴바셋,교보문고 합정점,47637,4.7637
2026-07-11,폴바셋,NC타워 삼성점,0,0
2026-07-11,폴바셋,AK플라자 홍대점,79092,7.9092
2026-07-11,폴바셋,부산 전포 DT점,68274,6.8274
2026-07-11,폴바셋,송도 트리플스트리트점,39546,3.9546
2026-07-11,폴바셋,부산 괴정 DT점,62910,6.291
2026-07-11,폴바셋,양산 웅상 DT점,38637,3.8637
2026-07-11,폴바셋,파미에스테이션점,68274,6.8274
2026-07-11,폴바셋,롯데아울렛 이시아폴리스점,95549,9.5549
2026-07-11,폴바셋,경주 교동 DT점,15273,1.5273
2026-07-11,폴바셋,김포 구래 DT점,44001,4.4001
2026-07-11,폴바셋,대구 방촌 DT점,30546,3.0546
2026-07-11,폴바셋,광화문 흥국생명점,0,0
2026-07-11,폴바셋,북수원IC DT점,69183,6.9183
2026-07-11,폴바셋,제주 아라 DT점,24273,2.4273
2026-07-11,폴바셋,경산 임당역 DT점,78183,7.8183
2026-07-11,폴바셋,대구 감삼 DT점,63819,6.3819
2026-07-11,폴바셋,GFC점,24273,2.4273
2026-07-11,폴바셋,MBC몰 파크점,47000,4.7
2026-07-11,폴바셋,현대아울렛 남양주점,101825,10.1825
2026-07-11,폴바셋,부산 대연 DT점,70092,7.0092
2026-07-11,폴바셋,대구 만촌 DT점,46728,4.6728
2026-07-11,폴바셋,천안 구성 DT점,99365,9.9365
2026-07-11,폴바셋,상일동점,38637,3.8637
2026-07-11,폴바셋,광명 철산 DT점,93456,9.3456
2026-07-11,폴바셋,용인시청 DT점,69183,6.9183
2026-07-11,폴바셋,전주 금암 DT점,101274,10.1274
2026-07-11,폴바셋,부산 연산역점,54305,5.4305
2026-07-11,폴바셋,신세계아울렛 시흥점,122189,12.2189
2026-07-11,폴바셋,롯데몰 동부산점,23364,2.3364
2026-07-11,폴바셋,수원 월드컵경기장점,151002,15.1002
2026-07-11,폴바셋,롯데아울렛 김해점,90278,9.0278
2026-07-11,폴바셋,고창 선운사점,116097,11.6097
2026-07-11,폴바셋,송도 SK바이오사이언스점,0,0
2026-07-11,폴바셋,강서 마곡 DT점,62001,6.2001
2026-07-11,폴바셋,부산 금곡 강변점,113712,11.3712
2026-07-11,폴바셋,청주 방서 DT점,33909,3.3909
2026-07-11,폴바셋,롯데아울렛 이천점,152096,15.2096
2026-07-11,폴바셋,증미역점,106911,10.6911
2026-07-11,폴바셋,롯데백화점 중동점,115641,11.5641
2026-07-11,폴바셋,평택 소사 DT점,107820,10.782
2026-07-11,폴바셋,여의도 국회대로점,54819,5.4819
2026-07-11,폴바셋,반포 쌍동빌딩점,86910,8.691
2026-07-11,폴바셋,혜화역점,104546,10.4546
2026-07-11,폴바셋,송도 센트럴파크점,165366,16.5366
2026-07-11,폴바셋,영등포 타임스퀘어점,53910,5.391
2026-07-11,폴바셋,수서역점,16182,1.6182
2026-07-11,폴바셋,코엑스몰점,58910,5.891
2026-07-11,폴바셋,광화문 예금보험공사점,159475,15.9475
2026-07-11,폴바셋,용산 아이파크몰점,163373,16.3373
2026-07-11,폴바셋,해운대 팔라티움점,0,0
2026-07-11,폴바셋,롯데백화점 상인점,417377,41.7377
2026-07-11,폴바셋,여의도 현대카드점,0,0
2026-07-11,폴바셋,연세와병원점,279645,27.9645
2026-07-11,폴바셋,압구정2호점,113187,11.3187
2026-07-11,폴바셋,선릉역 동훈타워점,35456,3.5456
2026-07-11,폴바셋,한남 커피스테이션,283196,28.3196
2026-07-11,폴바셋,강서 부민병원점,206554,20.6554
2026-07-11,폴바셋,현대백화점 미아점,255287,25.5287
2026-07-11,폴바셋,코리아나호텔점,154184,15.4184
2026-07-11,폴바셋,강남삼성타운점,133960,13.396
2026-07-11,폴바셋,종각역점,51303,5.1303
2026-07-11,폴바셋,청담역점,193917,19.3917
2026-07-11,폴바셋,대구 수성못점,307108,30.7108
2026-07-11,폴바셋,강남역 삼성화재점,185646,18.5646
2026-07-11,폴바셋,신세계 센텀시티몰점,321476,32.1476
2026-07-11,폴바셋,교대역점,120007,12.0007
2026-07-11,폴바셋,페럼타워점,104001,10.4001
2026-07-11,폴바셋,스타필드빌리지 운정점,272287,27.2287
2026-07-11,폴바셋,인천 송도 DT점,326558,32.6558
2026-07-11,폴바셋,청량리역점,334846,33.4846
2026-07-11,폴바셋,광교엘포트몰점,297920,29.792
2026-07-11,폴바셋,광화문 G타워점,260925,26.0925
2026-07-11,폴바셋,파르나스몰점,208922,20.8922
2026-07-11,폴바셋,광교 경기도청점,318372,31.8372
2026-07-11,폴바셋,수원컨트리클럽점,421826,42.1826
2026-07-11,폴바셋,갤러리아 광교점,394832,39.4832
2026-07-11,폴바셋,현대아울렛 김포점,481199,48.1199
2026-07-11,폴바셋,대치역점,464656,46.4656
2026-07-11,폴바셋,일산 마두점,363292,36.3292
2026-07-11,폴바셋,여의도 부국증권점,169738,16.9738
2026-07-11,폴바셋,교보문고 강남점,411476,41.1476
2026-07-11,폴바셋,을지로 파인에비뉴점,257378,25.7378
2026-07-11,폴바셋,여의도 IFC몰점,621122,62.1122
2026-07-11,폴바셋,산본역점,713299,71.3299
2026-07-11,폴바셋,인천공항 T1 입국점,514943,51.4943
2026-07-11,폴바셋,영종도 파라다이스시티점,462040,46.204
2026-07-11,폴바셋,제주공항 국내선점,434191,43.4191
2026-07-11,폴바셋,연세암병원점,145679,14.5679
2026-07-11,폴바셋,고대구로병원점,365559,36.5559
2026-07-11,폴바셋,강남구청역점,624709,62.4709
2026-07-11,폴바셋,강남점,920188,92.0188
2026-07-11,폴바셋,인천공항 T2 입국점,867168,86.7168
2026-07-11,폴바셋,사당 파스텔시티점,1087764,108.7764
2026-07-11,폴바셋,일원역점,1513121,151.3121
2026-07-11,폴바셋,광화문점,1638727,163.8727
2026-07-12,폴바셋,신세계백화점 광주점,0,0
2026-07-12,폴바셋,롯데백화점 동탄점,0,0
2026-07-12,폴바셋,스타필드 하남 2호점,0,0
2026-07-12,폴바셋,신세계백화점 대구 1호점,0,0
2026-07-12,폴바셋,롯데백화점 노원점,0,0
2026-07-12,폴바셋,스타필드 수원점,0,0
2026-07-12,폴바셋,롯데백화점 대구점,0,0
2026-07-12,폴바셋,롯데백화점 부산본점,0,0
2026-07-12,폴바셋,대전엑스포 스카이점,0,0
2026-07-12,폴바셋,현대모터스튜디오 서울점,0,0
2026-07-12,폴바셋,광화문 디타워점,0,0
2026-07-12,폴바셋,제주 용담 DT점,0,0
2026-07-12,폴바셋,롯데마트 서초점,0,0
2026-07-12,폴바셋,삼성전자 평택점,0,0
2026-07-12,폴바셋,갤러리아 타임월드점,0,0
2026-07-12,폴바셋,롯데백화점 관악점,8091,0.8091
2026-07-12,폴바셋,롯데월드몰점,0,0
2026-07-12,폴바셋,스타필드 안성점,11818,1.1818
2026-07-12,폴바셋,롯데아울렛 남악점,0,0
2026-07-12,폴바셋,롯데백화점 평촌점,0,0
2026-07-12,폴바셋,롯데백화점 광주점,24273,2.4273
2026-07-12,폴바셋,현대백화점 충청점,16182,1.6182
2026-07-12,폴바셋,현대백화점 천호점,16182,1.6182
2026-07-12,폴바셋,신세계백화점 의정부점,0,0
2026-07-12,폴바셋,신세계백화점 센텀시티점,8091,0.8091
2026-07-12,폴바셋,삼성전자 온양캠퍼스점,0,0
2026-07-12,폴바셋,현대백화점 울산점,0,0
2026-07-12,폴바셋,포항 영일대 DT점,8091,0.8091
2026-07-12,폴바셋,롯데백화점 창원점,0,0
2026-07-12,폴바셋,AK플라자 수원점,8091,0.8091
2026-07-12,폴바셋,더현대 대구점,23364,2.3364
2026-07-12,폴바셋,스타필드시티 위례점,32364,3.2364
2026-07-12,폴바셋,현대아울렛 대전점,55728,5.5728
2026-07-12,폴바셋,스타필드 고양 1호점,32364,3.2364
2026-07-12,폴바셋,롯데아울렛 기흥점,30548,3.0548
2026-07-12,폴바셋,롯데백화점 김포공항점,8091,0.8091
2026-07-12,폴바셋,롯데백화점 대전점,16182,1.6182
2026-07-12,폴바셋,마산 회원 DT점,31455,3.1455
2026-07-12,폴바셋,롯데아울렛 광주수완점,24273,2.4273
2026-07-12,폴바셋,한국경제신문사점,8091,0.8091
2026-07-12,폴바셋,신세계 사우스시티점,24273,2.4273
2026-07-12,폴바셋,삼성 DSR점,0,0
2026-07-12,폴바셋,신세계백화점 대구 2호점,35600,3.56
2026-07-12,폴바셋,뉴코아 강남점,32364,3.2364
2026-07-12,폴바셋,롯데백화점 울산점,56550,5.655
2026-07-12,폴바셋,AK플라자 광명점,24909,2.4909
2026-07-12,폴바셋,롯데백화점 강남점,0,0
2026-07-12,폴바셋,마산 해안대로 DT점,23364,2.3364
2026-07-12,폴바셋,여의도점,8091,0.8091
2026-07-12,폴바셋,구미 봉곡 DT점,24273,2.4273
2026-07-12,폴바셋,스타필드 하남 1호점,32364,3.2364
2026-07-12,폴바셋,롯데백화점 잠실점,39546,3.9546
2026-07-12,폴바셋,종로 G1점,19546,1.9546
2026-07-12,폴바셋,롯데월드 아이스링크점,32364,3.2364
2026-07-12,폴바셋,롯데몰 은평점,16182,1.6182
2026-07-12,폴바셋,롯데몰 수지점,16182,1.6182
2026-07-12,폴바셋,구로 G타워점,31455,3.1455
2026-07-12,폴바셋,경산 옥곡 DT점,8091,0.8091
2026-07-12,폴바셋,롯데백화점 광복점,39002,3.9002
2026-07-12,폴바셋,서소문점,39546,3.9546
2026-07-12,폴바셋,인스파이어점,79092,7.9092
2026-07-12,폴바셋,롯데백화점 본점,25818,2.5818
2026-07-12,폴바셋,오산대 DT점,48546,4.8546
2026-07-12,폴바셋,교보문고 합정점,40455,4.0455
2026-07-12,폴바셋,NC타워 삼성점,0,0
2026-07-12,폴바셋,AK플라자 홍대점,15273,1.5273
2026-07-12,폴바셋,부산 전포 DT점,59846,5.9846
2026-07-12,폴바셋,송도 트리플스트리트점,32364,3.2364
2026-07-12,폴바셋,부산 괴정 DT점,32364,3.2364
2026-07-12,폴바셋,양산 웅상 DT점,48546,4.8546
2026-07-12,폴바셋,파미에스테이션점,16182,1.6182
2026-07-12,폴바셋,롯데아울렛 이시아폴리스점,73093,7.3093
2026-07-12,폴바셋,경주 교동 DT점,64728,6.4728
2026-07-12,폴바셋,김포 구래 DT점,36482,3.6482
2026-07-12,폴바셋,대구 방촌 DT점,71910,7.191
2026-07-12,폴바셋,광화문 흥국생명점,0,0
2026-07-12,폴바셋,북수원IC DT점,40455,4.0455
2026-07-12,폴바셋,제주 아라 DT점,32364,3.2364
2026-07-12,폴바셋,경산 임당역 DT점,32364,3.2364
2026-07-12,폴바셋,대구 감삼 DT점,32364,3.2364
2026-07-12,폴바셋,GFC점,8091,0.8091
2026-07-12,폴바셋,MBC몰 파크점,67546,6.7546
2026-07-12,폴바셋,현대아울렛 남양주점,82005,8.2005
2026-07-12,폴바셋,부산 대연 DT점,24273,2.4273
2026-07-12,폴바셋,대구 만촌 DT점,102456,10.2456
2026-07-12,폴바셋,천안 구성 DT점,60728,6.0728
2026-07-12,폴바셋,상일동점,0,0
2026-07-12,폴바셋,광명 철산 DT점,56637,5.6637
2026-07-12,폴바셋,용인시청 DT점,48546,4.8546
2026-07-12,폴바셋,전주 금암 DT점,46364,4.6364
2026-07-12,폴바셋,부산 연산역점,36001,3.6001
2026-07-12,폴바셋,신세계아울렛 시흥점,64277,6.4277
2026-07-12,폴바셋,롯데몰 동부산점,46728,4.6728
2026-07-12,폴바셋,수원 월드컵경기장점,40455,4.0455
2026-07-12,폴바셋,롯데아울렛 김해점,147371,14.7371
2026-07-12,폴바셋,고창 선운사점,75278,7.5278
2026-07-12,폴바셋,송도 SK바이오사이언스점,0,0
2026-07-12,폴바셋,강서 마곡 DT점,48546,4.8546
2026-07-12,폴바셋,부산 금곡 강변점,136479,13.6479
2026-07-12,폴바셋,청주 방서 DT점,69455,6.9455
2026-07-12,폴바셋,롯데아울렛 이천점,91461,9.1461
2026-07-12,폴바셋,증미역점,67665,6.7665
2026-07-12,폴바셋,롯데백화점 중동점,135641,13.5641
2026-07-12,폴바셋,평택 소사 DT점,54819,5.4819
2026-07-12,폴바셋,여의도 국회대로점,32364,3.2364
2026-07-12,폴바셋,반포 쌍동빌딩점,33909,3.3909
2026-07-12,폴바셋,혜화역점,106728,10.6728
2026-07-12,폴바셋,송도 센트럴파크점,142002,14.2002
2026-07-12,폴바셋,영등포 타임스퀘어점,48546,4.8546
2026-07-12,폴바셋,수서역점,30546,3.0546
2026-07-12,폴바셋,코엑스몰점,44182,4.4182
2026-07-12,폴바셋,광화문 예금보험공사점,44546,4.4546
2026-07-12,폴바셋,용산 아이파크몰점,128187,12.8187
2026-07-12,폴바셋,해운대 팔라티움점,0,0
2026-07-12,폴바셋,롯데백화점 상인점,533928,53.3928
2026-07-12,폴바셋,여의도 현대카드점,0,0
2026-07-12,폴바셋,연세와병원점,145462,14.5462
2026-07-12,폴바셋,압구정2호점,235281,23.5281
2026-07-12,폴바셋,선릉역 동훈타워점,10182,1.0182
2026-07-12,폴바셋,한남 커피스테이션,157374,15.7374
2026-07-12,폴바셋,강서 부민병원점,107188,10.7188
2026-07-12,폴바셋,현대백화점 미아점,191557,19.1557
2026-07-12,폴바셋,코리아나호텔점,53546,5.3546
2026-07-12,폴바셋,강남삼성타운점,78551,7.8551
2026-07-12,폴바셋,종각역점,63547,6.3547
2026-07-12,폴바셋,청담역점,147095,14.7095
2026-07-12,폴바셋,대구 수성못점,288742,28.8742
2026-07-12,폴바셋,강남역 삼성화재점,140644,14.0644
2026-07-12,폴바셋,신세계 센텀시티몰점,297745,29.7745
2026-07-12,폴바셋,교대역점,114462,11.4462
2026-07-12,폴바셋,페럼타워점,34273,3.4273
2026-07-12,폴바셋,스타필드빌리지 운정점,250286,25.0286
2026-07-12,폴바셋,인천 송도 DT점,286345,28.6345
2026-07-12,폴바셋,청량리역점,259929,25.9929
2026-07-12,폴바셋,광교엘포트몰점,236095,23.6095
2026-07-12,폴바셋,광화문 G타워점,225191,22.5191
2026-07-12,폴바셋,파르나스몰점,132283,13.2283
2026-07-12,폴바셋,광교 경기도청점,192278,19.2278
2026-07-12,폴바셋,수원컨트리클럽점,324831,32.4831
2026-07-12,폴바셋,갤러리아 광교점,341026,34.1026
2026-07-12,폴바셋,현대아울렛 김포점,416657,41.6657
2026-07-12,폴바셋,대치역점,329834,32.9834
2026-07-12,폴바셋,일산 마두점,258016,25.8016
2026-07-12,폴바셋,여의도 부국증권점,150648,15.0648
2026-07-12,폴바셋,교보문고 강남점,437567,43.7567
2026-07-12,폴바셋,을지로 파인에비뉴점,465302,46.5302
2026-07-12,폴바셋,여의도 IFC몰점,243194,24.3194
2026-07-12,폴바셋,산본역점,486486,48.6486
2026-07-12,폴바셋,인천공항 T1 입국점,531403,53.1403
2026-07-12,폴바셋,영종도 파라다이스시티점,529297,52.9297
2026-07-12,폴바셋,제주공항 국내선점,440186,44.0186
2026-07-12,폴바셋,연세암병원점,85222,8.5222
2026-07-12,폴바셋,고대구로병원점,230737,23.0737
2026-07-12,폴바셋,강남구청역점,442926,44.2926
2026-07-12,폴바셋,강남점,658242,65.8242
2026-07-12,폴바셋,인천공항 T2 입국점,987912,98.7912
2026-07-12,폴바셋,사당 파스텔시티점,977238,97.7238
2026-07-12,폴바셋,일원역점,1586608,158.6608
2026-07-12,폴바셋,광화문점,1449742,144.9742
2026-07-13,폴바셋,신세계백화점 광주점,0,0
2026-07-13,폴바셋,롯데백화점 동탄점,0,0
2026-07-13,폴바셋,스타필드 하남 2호점,0,0
2026-07-13,폴바셋,신세계백화점 대구 1호점,0,0
2026-07-13,폴바셋,롯데백화점 노원점,0,0
2026-07-13,폴바셋,스타필드 수원점,0,0
2026-07-13,폴바셋,롯데백화점 대구점,0,0
2026-07-13,폴바셋,롯데백화점 부산본점,0,0
2026-07-13,폴바셋,대전엑스포 스카이점,0,0
2026-07-13,폴바셋,현대모터스튜디오 서울점,0,0
2026-07-13,폴바셋,광화문 디타워점,0,0
2026-07-13,폴바셋,제주 용담 DT점,0,0
2026-07-13,폴바셋,롯데마트 서초점,0,0
2026-07-13,폴바셋,삼성전자 평택점,0,0
2026-07-13,폴바셋,갤러리아 타임월드점,0,0
2026-07-13,폴바셋,롯데백화점 관악점,0,0
2026-07-13,폴바셋,롯데월드몰점,0,0
2026-07-13,폴바셋,스타필드 안성점,11818,1.1818
2026-07-13,폴바셋,롯데아울렛 남악점,0,0
2026-07-13,폴바셋,롯데백화점 평촌점,0,0
2026-07-13,폴바셋,롯데백화점 광주점,0,0
2026-07-13,폴바셋,현대백화점 충청점,16182,1.6182
2026-07-13,폴바셋,현대백화점 천호점,0,0
2026-07-13,폴바셋,신세계백화점 의정부점,23364,2.3364
2026-07-13,폴바셋,신세계백화점 센텀시티점,0,0
2026-07-13,폴바셋,삼성전자 온양캠퍼스점,0,0
2026-07-13,폴바셋,현대백화점 울산점,16182,1.6182
2026-07-13,폴바셋,포항 영일대 DT점,24273,2.4273
2026-07-13,폴바셋,롯데백화점 창원점,0,0
2026-07-13,폴바셋,AK플라자 수원점,0,0
2026-07-13,폴바셋,더현대 대구점,0,0
2026-07-13,폴바셋,스타필드시티 위례점,15273,1.5273
2026-07-13,폴바셋,현대아울렛 대전점,7182,0.7182
2026-07-13,폴바셋,스타필드 고양 1호점,15273,1.5273
2026-07-13,폴바셋,롯데아울렛 기흥점,7728,0.7728
2026-07-13,폴바셋,롯데백화점 김포공항점,0,0
2026-07-13,폴바셋,롯데백화점 대전점,0,0
2026-07-13,폴바셋,마산 회원 DT점,24273,2.4273
2026-07-13,폴바셋,롯데아울렛 광주수완점,0,0
2026-07-13,폴바셋,한국경제신문사점,8091,0.8091
2026-07-13,폴바셋,신세계 사우스시티점,23364,2.3364
2026-07-13,폴바셋,삼성 DSR점,29637,2.9637
2026-07-13,폴바셋,신세계백화점 대구 2호점,23364,2.3364
2026-07-13,폴바셋,뉴코아 강남점,47637,4.7637
2026-07-13,폴바셋,롯데백화점 울산점,0,0
2026-07-13,폴바셋,AK플라자 광명점,16182,1.6182
2026-07-13,폴바셋,롯데백화점 강남점,0,0
2026-07-13,폴바셋,마산 해안대로 DT점,8091,0.8091
2026-07-13,폴바셋,여의도점,16182,1.6182
2026-07-13,폴바셋,구미 봉곡 DT점,16182,1.6182
2026-07-13,폴바셋,스타필드 하남 1호점,23364,2.3364
2026-07-13,폴바셋,롯데백화점 잠실점,0,0
2026-07-13,폴바셋,종로 G1점,42458,4.2458
2026-07-13,폴바셋,롯데월드 아이스링크점,31455,3.1455
2026-07-13,폴바셋,롯데몰 은평점,32364,3.2364
2026-07-13,폴바셋,롯데몰 수지점,24273,2.4273
2026-07-13,폴바셋,구로 G타워점,47637,4.7637
2026-07-13,폴바셋,경산 옥곡 DT점,16182,1.6182
2026-07-13,폴바셋,롯데백화점 광복점,0,0
2026-07-13,폴바셋,서소문점,54819,5.4819
2026-07-13,폴바셋,인스파이어점,23364,2.3364
2026-07-13,폴바셋,롯데백화점 본점,0,0
2026-07-13,폴바셋,오산대 DT점,24273,2.4273
2026-07-13,폴바셋,교보문고 합정점,8091,0.8091
2026-07-13,폴바셋,NC타워 삼성점,40455,4.0455
2026-07-13,폴바셋,AK플라자 홍대점,23364,2.3364
2026-07-13,폴바셋,부산 전포 DT점,15273,1.5273
2026-07-13,폴바셋,송도 트리플스트리트점,46728,4.6728
2026-07-13,폴바셋,부산 괴정 DT점,31455,3.1455
2026-07-13,폴바셋,양산 웅상 DT점,8091,0.8091
2026-07-13,폴바셋,파미에스테이션점,54819,5.4819
2026-07-13,폴바셋,롯데아울렛 이시아폴리스점,64967,6.4967
2026-07-13,폴바셋,경주 교동 DT점,47637,4.7637
2026-07-13,폴바셋,김포 구래 DT점,39546,3.9546
2026-07-13,폴바셋,대구 방촌 DT점,61092,6.1092
2026-07-13,폴바셋,광화문 흥국생명점,69183,6.9183
2026-07-13,폴바셋,북수원IC DT점,46728,4.6728
2026-07-13,폴바셋,제주 아라 DT점,40455,4.0455
2026-07-13,폴바셋,경산 임당역 DT점,40455,4.0455
2026-07-13,폴바셋,대구 감삼 DT점,46728,4.6728
2026-07-13,폴바셋,GFC점,38637,3.8637
2026-07-13,폴바셋,MBC몰 파크점,54819,5.4819
2026-07-13,폴바셋,현대아울렛 남양주점,62004,6.2004
2026-07-13,폴바셋,부산 대연 DT점,70092,7.0092
2026-07-13,폴바셋,대구 만촌 DT점,62001,6.2001
2026-07-13,폴바셋,천안 구성 DT점,31455,3.1455
2026-07-13,폴바셋,상일동점,22455,2.2455
2026-07-13,폴바셋,광명 철산 DT점,85365,8.5365
2026-07-13,폴바셋,용인시청 DT점,37728,3.7728
2026-07-13,폴바셋,전주 금암 DT점,71392,7.1392
2026-07-13,폴바셋,부산 연산역점,59002,5.9002
2026-07-13,폴바셋,신세계아울렛 시흥점,29729,2.9729
2026-07-13,폴바셋,롯데몰 동부산점,16182,1.6182
2026-07-13,폴바셋,수원 월드컵경기장점,55728,5.5728
2026-07-13,폴바셋,롯데아울렛 김해점,68640,6.864
2026-07-13,폴바셋,고창 선운사점,43277,4.3277
2026-07-13,폴바셋,송도 SK바이오사이언스점,668274,66.8274
2026-07-13,폴바셋,강서 마곡 DT점,85365,8.5365
2026-07-13,폴바셋,부산 금곡 강변점,81459,8.1459
2026-07-13,폴바셋,청주 방서 DT점,48546,4.8546
2026-07-13,폴바셋,롯데아울렛 이천점,41093,4.1093
2026-07-13,폴바셋,증미역점,78183,7.8183
2026-07-13,폴바셋,롯데백화점 중동점,0,0
2026-07-13,폴바셋,평택 소사 DT점,87183,8.7183
2026-07-13,폴바셋,여의도 국회대로점,31455,3.1455
2026-07-13,폴바셋,반포 쌍동빌딩점,66637,6.6637
2026-07-13,폴바셋,혜화역점,38000,3.8
2026-07-13,폴바셋,송도 센트럴파크점,79092,7.9092
2026-07-13,폴바셋,영등포 타임스퀘어점,39546,3.9546
2026-07-13,폴바셋,수서역점,62910,6.291
2026-07-13,폴바셋,코엑스몰점,98456,9.8456
2026-07-13,폴바셋,광화문 예금보험공사점,183234,18.3234
2026-07-13,폴바셋,용산 아이파크몰점,105280,10.528
2026-07-13,폴바셋,해운대 팔라티움점,0,0
2026-07-13,폴바셋,롯데백화점 상인점,0,0
2026-07-13,폴바셋,여의도 현대카드점,134088,13.4088
2026-07-13,폴바셋,연세와병원점,104456,10.4456
2026-07-13,폴바셋,압구정2호점,169915,16.9915
2026-07-13,폴바셋,선릉역 동훈타워점,144734,14.4734
2026-07-13,폴바셋,한남 커피스테이션,197847,19.7847
2026-07-13,폴바셋,강서 부민병원점,151731,15.1731
2026-07-13,폴바셋,현대백화점 미아점,0,0
2026-07-13,폴바셋,코리아나호텔점,134911,13.4911
2026-07-13,폴바셋,강남삼성타운점,187190,18.719
2026-07-13,폴바셋,종각역점,208466,20.8466
2026-07-13,폴바셋,청담역점,205556,20.5556
2026-07-13,폴바셋,대구 수성못점,142372,14.2372
2026-07-13,폴바셋,강남역 삼성화재점,232355,23.2355
2026-07-13,폴바셋,신세계 센텀시티몰점,0,0
2026-07-13,폴바셋,교대역점,219192,21.9192
2026-07-13,폴바셋,페럼타워점,242742,24.2742
2026-07-13,폴바셋,스타필드빌리지 운정점,170646,17.0646
2026-07-13,폴바셋,인천 송도 DT점,196010,19.601
2026-07-13,폴바셋,청량리역점,205014,20.5014
2026-07-13,폴바셋,광교엘포트몰점,150094,15.0094
2026-07-13,폴바셋,광화문 G타워점,220829,22.0829
2026-07-13,폴바셋,파르나스몰점,266469,26.6469
2026-07-13,폴바셋,광교 경기도청점,195824,19.5824
2026-07-13,폴바셋,수원컨트리클럽점,193189,19.3189
2026-07-13,폴바셋,갤러리아 광교점,255737,25.5737
2026-07-13,폴바셋,현대아울렛 김포점,199229,19.9229
2026-07-13,폴바셋,대치역점,245102,24.5102
2026-07-13,폴바셋,일산 마두점,351565,35.1565
2026-07-13,폴바셋,여의도 부국증권점,416470,41.647
2026-07-13,폴바셋,교보문고 강남점,383933,38.3933
2026-07-13,폴바셋,을지로 파인에비뉴점,476504,47.6504
2026-07-13,폴바셋,여의도 IFC몰점,569763,56.9763
2026-07-13,폴바셋,산본역점,583942,58.3942
2026-07-13,폴바셋,인천공항 T1 입국점,439575,43.9575
2026-07-13,폴바셋,영종도 파라다이스시티점,431292,43.1292
2026-07-13,폴바셋,제주공항 국내선점,576007,57.6007
2026-07-13,폴바셋,연세암병원점,838267,83.8267
2026-07-13,폴바셋,고대구로병원점,914394,91.4394
2026-07-13,폴바셋,강남구청역점,803894,80.3894
2026-07-13,폴바셋,강남점,1102900,110.29
2026-07-13,폴바셋,인천공항 T2 입국점,899716,89.9716
2026-07-13,폴바셋,사당 파스텔시티점,908850,90.885
2026-07-13,폴바셋,일원역점,1499685,149.9685
2026-07-13,폴바셋,광화문점,2267214,226.7214
2026-07-14,폴바셋,신세계백화점 광주점,0,0
2026-07-14,폴바셋,롯데백화점 동탄점,0,0
2026-07-14,폴바셋,스타필드 하남 2호점,0,0
2026-07-14,폴바셋,신세계백화점 대구 1호점,0,0
2026-07-14,폴바셋,롯데백화점 노원점,0,0
2026-07-14,폴바셋,스타필드 수원점,0,0
2026-07-14,폴바셋,롯데백화점 대구점,0,0
2026-07-14,폴바셋,롯데백화점 부산본점,0,0
2026-07-14,폴바셋,대전엑스포 스카이점,0,0
2026-07-14,폴바셋,현대모터스튜디오 서울점,0,0
2026-07-14,폴바셋,광화문 디타워점,0,0
2026-07-14,폴바셋,제주 용담 DT점,0,0
2026-07-14,폴바셋,롯데마트 서초점,0,0
2026-07-14,폴바셋,삼성전자 평택점,0,0
2026-07-14,폴바셋,갤러리아 타임월드점,0,0
2026-07-14,폴바셋,롯데백화점 관악점,8091,0.8091
2026-07-14,폴바셋,롯데월드몰점,0,0
2026-07-14,폴바셋,스타필드 안성점,5909,0.5909
2026-07-14,폴바셋,롯데아울렛 남악점,0,0
2026-07-14,폴바셋,롯데백화점 평촌점,0,0
2026-07-14,폴바셋,롯데백화점 광주점,8091,0.8091
2026-07-14,폴바셋,현대백화점 충청점,8091,0.8091
2026-07-14,폴바셋,현대백화점 천호점,7182,0.7182
2026-07-14,폴바셋,신세계백화점 의정부점,0,0
2026-07-14,폴바셋,신세계백화점 센텀시티점,16182,1.6182
2026-07-14,폴바셋,삼성전자 온양캠퍼스점,0,0
2026-07-14,폴바셋,현대백화점 울산점,15273,1.5273
2026-07-14,폴바셋,포항 영일대 DT점,7182,0.7182
2026-07-14,폴바셋,롯데백화점 창원점,14364,1.4364
2026-07-14,폴바셋,AK플라자 수원점,7182,0.7182
2026-07-14,폴바셋,더현대 대구점,24273,2.4273
2026-07-14,폴바셋,스타필드시티 위례점,23364,2.3364
2026-07-14,폴바셋,현대아울렛 대전점,15273,1.5273
2026-07-14,폴바셋,스타필드 고양 1호점,0,0
2026-07-14,폴바셋,롯데아울렛 기흥점,6546,0.6546
2026-07-14,폴바셋,롯데백화점 김포공항점,14364,1.4364
2026-07-14,폴바셋,롯데백화점 대전점,32364,3.2364
2026-07-14,폴바셋,마산 회원 DT점,22455,2.2455
2026-07-14,폴바셋,롯데아울렛 광주수완점,30546,3.0546
2026-07-14,폴바셋,한국경제신문사점,22455,2.2455
2026-07-14,폴바셋,신세계 사우스시티점,22455,2.2455
2026-07-14,폴바셋,삼성 DSR점,62910,6.291
2026-07-14,폴바셋,신세계백화점 대구 2호점,16182,1.6182
2026-07-14,폴바셋,뉴코아 강남점,22455,2.2455
2026-07-14,폴바셋,롯데백화점 울산점,9819,0.9819
2026-07-14,폴바셋,AK플라자 광명점,31455,3.1455
2026-07-14,폴바셋,롯데백화점 강남점,30546,3.0546
2026-07-14,폴바셋,마산 해안대로 DT점,22455,2.2455
2026-07-14,폴바셋,여의도점,32364,3.2364
2026-07-14,폴바셋,구미 봉곡 DT점,30546,3.0546
2026-07-14,폴바셋,스타필드 하남 1호점,16182,1.6182
2026-07-14,폴바셋,롯데백화점 잠실점,29937,2.9937
2026-07-14,폴바셋,종로 G1점,40457,4.0457
2026-07-14,폴바셋,롯데월드 아이스링크점,31455,3.1455
2026-07-14,폴바셋,롯데몰 은평점,32364,3.2364
2026-07-14,폴바셋,롯데몰 수지점,38637,3.8637
2026-07-14,폴바셋,구로 G타워점,24273,2.4273
2026-07-14,폴바셋,경산 옥곡 DT점,62001,6.2001
2026-07-14,폴바셋,롯데백화점 광복점,22820,2.282
2026-07-14,폴바셋,서소문점,54819,5.4819
2026-07-14,폴바셋,인스파이어점,46728,4.6728
2026-07-14,폴바셋,롯데백화점 본점,36455,3.6455
2026-07-14,폴바셋,오산대 DT점,53910,5.391
2026-07-14,폴바셋,교보문고 합정점,63819,6.3819
2026-07-14,폴바셋,NC타워 삼성점,55728,5.5728
2026-07-14,폴바셋,AK플라자 홍대점,78183,7.8183
2026-07-14,폴바셋,부산 전포 DT점,47637,4.7637
2026-07-14,폴바셋,송도 트리플스트리트점,31455,3.1455
2026-07-14,폴바셋,부산 괴정 DT점,7182,0.7182
2026-07-14,폴바셋,양산 웅상 DT점,38637,3.8637
2026-07-14,폴바셋,파미에스테이션점,46728,4.6728
2026-07-14,폴바셋,롯데아울렛 이시아폴리스점,8546,0.8546
2026-07-14,폴바셋,경주 교동 DT점,54819,5.4819
2026-07-14,폴바셋,김포 구래 DT점,39546,3.9546
2026-07-14,폴바셋,대구 방촌 DT점,53910,5.391
2026-07-14,폴바셋,광화문 흥국생명점,31455,3.1455
2026-07-14,폴바셋,북수원IC DT점,38637,3.8637
2026-07-14,폴바셋,제주 아라 DT점,72819,7.2819
2026-07-14,폴바셋,경산 임당역 DT점,71910,7.191
2026-07-14,폴바셋,대구 감삼 DT점,70092,7.0092
2026-07-14,폴바셋,GFC점,100638,10.0638
2026-07-14,폴바셋,MBC몰 파크점,31455,3.1455
2026-07-14,폴바셋,현대아울렛 남양주점,33183,3.3183
2026-07-14,폴바셋,부산 대연 DT점,78183,7.8183
2026-07-14,폴바셋,대구 만촌 DT점,39273,3.9273
2026-07-14,폴바셋,천안 구성 DT점,39546,3.9546
2026-07-14,폴바셋,상일동점,15273,1.5273
2026-07-14,폴바셋,광명 철산 DT점,44910,4.491
2026-07-14,폴바셋,용인시청 DT점,53910,5.391
2026-07-14,폴바셋,전주 금암 DT점,63546,6.3546
2026-07-14,폴바셋,부산 연산역점,88113,8.8113
2026-07-14,폴바셋,신세계아울렛 시흥점,20638,2.0638
2026-07-14,폴바셋,롯데몰 동부산점,39546,3.9546
2026-07-14,폴바셋,수원 월드컵경기장점,92547,9.2547
2026-07-14,폴바셋,롯데아울렛 김해점,33547,3.3547
2026-07-14,폴바셋,고창 선운사점,47820,4.782
2026-07-14,폴바셋,송도 SK바이오사이언스점,3273,0.3273
2026-07-14,폴바셋,강서 마곡 DT점,93456,9.3456
2026-07-14,폴바셋,부산 금곡 강변점,99369,9.9369
2026-07-14,폴바셋,청주 방서 DT점,42000,4.2
2026-07-14,폴바셋,롯데아울렛 이천점,24820,2.482
2026-07-14,폴바셋,증미역점,24273,2.4273
2026-07-14,폴바셋,롯데백화점 중동점,83820,8.382
2026-07-14,폴바셋,평택 소사 DT점,68274,6.8274
2026-07-14,폴바셋,여의도 국회대로점,46728,4.6728
2026-07-14,폴바셋,반포 쌍동빌딩점,58546,5.8546
2026-07-14,폴바셋,혜화역점,78183,7.8183
2026-07-14,폴바셋,송도 센트럴파크점,40455,4.0455
2026-07-14,폴바셋,영등포 타임스퀘어점,92547,9.2547
2026-07-14,폴바셋,수서역점,62001,6.2001
2026-07-14,폴바셋,코엑스몰점,110274,11.0274
2026-07-14,폴바셋,광화문 예금보험공사점,155312,15.5312
2026-07-14,폴바셋,용산 아이파크몰점,104734,10.4734
2026-07-14,폴바셋,해운대 팔라티움점,0,0
2026-07-14,폴바셋,롯데백화점 상인점,238377,23.8377
2026-07-14,폴바셋,여의도 현대카드점,177304,17.7304
2026-07-14,폴바셋,연세와병원점,120368,12.0368
2026-07-14,폴바셋,압구정2호점,131644,13.1644
2026-07-14,폴바셋,선릉역 동훈타워점,361644,36.1644
2026-07-14,폴바셋,한남 커피스테이션,133827,13.3827
2026-07-14,폴바셋,강서 부민병원점,253829,25.3829
2026-07-14,폴바셋,현대백화점 미아점,146099,14.6099
2026-07-14,폴바셋,코리아나호텔점,133665,13.3665
2026-07-14,폴바셋,강남삼성타운점,191188,19.1188
2026-07-14,폴바셋,종각역점,321289,32.1289
2026-07-14,폴바셋,청담역점,227190,22.719
2026-07-14,폴바셋,대구 수성못점,155602,15.5602
2026-07-14,폴바셋,강남역 삼성화재점,250466,25.0466
2026-07-14,폴바셋,신세계 센텀시티몰점,198466,19.8466
2026-07-14,폴바셋,교대역점,139610,13.961
2026-07-14,폴바셋,페럼타워점,353374,35.3374
2026-07-14,폴바셋,스타필드빌리지 운정점,208374,20.8374
2026-07-14,폴바셋,인천 송도 DT점,249193,24.9193
2026-07-14,폴바셋,청량리역점,190832,19.0832
2026-07-14,폴바셋,광교엘포트몰점,212557,21.2557
2026-07-14,폴바셋,광화문 G타워점,314585,31.4585
2026-07-14,폴바셋,파르나스몰점,311836,31.1836
2026-07-14,폴바셋,광교 경기도청점,301463,30.1463
2026-07-14,폴바셋,수원컨트리클럽점,283467,28.3467
2026-07-14,폴바셋,갤러리아 광교점,189913,18.9913
2026-07-14,폴바셋,현대아울렛 김포점,115918,11.5918
2026-07-14,폴바셋,대치역점,351105,35.1105
2026-07-14,폴바셋,일산 마두점,371289,37.1289
2026-07-14,폴바셋,여의도 부국증권점,263101,26.3101
2026-07-14,폴바셋,교보문고 강남점,376292,37.6292
2026-07-14,폴바셋,을지로 파인에비뉴점,442929,44.2929
2026-07-14,폴바셋,여의도 IFC몰점,481569,48.1569
2026-07-14,폴바셋,산본역점,444223,44.4223
2026-07-14,폴바셋,인천공항 T1 입국점,472765,47.2765
2026-07-14,폴바셋,영종도 파라다이스시티점,532485,53.2485
2026-07-14,폴바셋,제주공항 국내선점,578731,57.8731
2026-07-14,폴바셋,연세암병원점,694300,69.43
2026-07-14,폴바셋,고대구로병원점,1071308,107.1308
2026-07-14,폴바셋,강남구청역점,725263,72.5263
2026-07-14,폴바셋,강남점,711932,71.1932
2026-07-14,폴바셋,인천공항 T2 입국점,807981,80.7981
2026-07-14,폴바셋,사당 파스텔시티점,1008724,100.8724
2026-07-14,폴바셋,일원역점,1673790,167.379
2026-07-14,폴바셋,광화문점,2272486,227.2486
2026-07-15,폴바셋,신세계백화점 광주점,0,0
2026-07-15,폴바셋,롯데백화점 동탄점,0,0
2026-07-15,폴바셋,스타필드 하남 2호점,0,0
2026-07-15,폴바셋,신세계백화점 대구 1호점,0,0
2026-07-15,폴바셋,롯데백화점 노원점,0,0
2026-07-15,폴바셋,스타필드 수원점,0,0
2026-07-15,폴바셋,롯데백화점 대구점,0,0
2026-07-15,폴바셋,롯데백화점 부산본점,0,0
2026-07-15,폴바셋,대전엑스포 스카이점,0,0
2026-07-15,폴바셋,현대모터스튜디오 서울점,0,0
2026-07-15,폴바셋,광화문 디타워점,0,0
2026-07-15,폴바셋,제주 용담 DT점,0,0
2026-07-15,폴바셋,롯데마트 서초점,0,0
2026-07-15,폴바셋,삼성전자 평택점,0,0
2026-07-15,폴바셋,갤러리아 타임월드점,0,0
2026-07-15,폴바셋,롯데백화점 관악점,8091,0.8091
2026-07-15,폴바셋,롯데월드몰점,0,0
2026-07-15,폴바셋,스타필드 안성점,0,0
2026-07-15,폴바셋,롯데아울렛 남악점,8091,0.8091
2026-07-15,폴바셋,롯데백화점 평촌점,0,0
2026-07-15,폴바셋,롯데백화점 광주점,8091,0.8091
2026-07-15,폴바셋,현대백화점 충청점,13755,1.3755
2026-07-15,폴바셋,현대백화점 천호점,23364,2.3364
2026-07-15,폴바셋,신세계백화점 의정부점,16182,1.6182
2026-07-15,폴바셋,신세계백화점 센텀시티점,15273,1.5273
2026-07-15,폴바셋,삼성전자 온양캠퍼스점,24182,2.4182
2026-07-15,폴바셋,현대백화점 울산점,39546,3.9546
2026-07-15,폴바셋,포항 영일대 DT점,15273,1.5273
2026-07-15,폴바셋,롯데백화점 창원점,31455,3.1455
2026-07-15,폴바셋,AK플라자 수원점,31455,3.1455
2026-07-15,폴바셋,더현대 대구점,16182,1.6182
2026-07-15,폴바셋,스타필드시티 위례점,15273,1.5273
2026-07-15,폴바셋,현대아울렛 대전점,15273,1.5273
2026-07-15,폴바셋,스타필드 고양 1호점,22455,2.2455
2026-07-15,폴바셋,롯데아울렛 기흥점,30002,3.0002
2026-07-15,폴바셋,롯데백화점 김포공항점,15273,1.5273
2026-07-15,폴바셋,롯데백화점 대전점,31455,3.1455
2026-07-15,폴바셋,마산 회원 DT점,31455,3.1455
2026-07-15,폴바셋,롯데아울렛 광주수완점,22455,2.2455
2026-07-15,폴바셋,한국경제신문사점,24273,2.4273
2026-07-15,폴바셋,신세계 사우스시티점,24273,2.4273
2026-07-15,폴바셋,삼성 DSR점,22455,2.2455
2026-07-15,폴바셋,신세계백화점 대구 2호점,24273,2.4273
2026-07-15,폴바셋,뉴코아 강남점,14364,1.4364
2026-07-15,폴바셋,롯데백화점 울산점,24456,2.4456
2026-07-15,폴바셋,AK플라자 광명점,21182,2.1182
2026-07-15,폴바셋,롯데백화점 강남점,30546,3.0546
2026-07-15,폴바셋,마산 해안대로 DT점,40455,4.0455
2026-07-15,폴바셋,여의도점,32364,3.2364
2026-07-15,폴바셋,구미 봉곡 DT점,31455,3.1455
2026-07-15,폴바셋,스타필드 하남 1호점,47637,4.7637
2026-07-15,폴바셋,롯데백화점 잠실점,29300,2.93
2026-07-15,폴바셋,종로 G1점,26002,2.6002
2026-07-15,폴바셋,롯데월드 아이스링크점,23364,2.3364
2026-07-15,폴바셋,롯데몰 은평점,47637,4.7637
2026-07-15,폴바셋,롯데몰 수지점,23364,2.3364
2026-07-15,폴바셋,구로 G타워점,16182,1.6182
2026-07-15,폴바셋,경산 옥곡 DT점,30546,3.0546
2026-07-15,폴바셋,롯데백화점 광복점,32457,3.2457
2026-07-15,폴바셋,서소문점,47637,4.7637
2026-07-15,폴바셋,인스파이어점,37728,3.7728
2026-07-15,폴바셋,롯데백화점 본점,38909,3.8909
2026-07-15,폴바셋,오산대 DT점,60483,6.0483
2026-07-15,폴바셋,교보문고 합정점,32364,3.2364
2026-07-15,폴바셋,NC타워 삼성점,62910,6.291
2026-07-15,폴바셋,AK플라자 홍대점,30546,3.0546
2026-07-15,폴바셋,부산 전포 DT점,45819,4.5819
2026-07-15,폴바셋,송도 트리플스트리트점,54819,5.4819
2026-07-15,폴바셋,부산 괴정 DT점,62910,6.291
2026-07-15,폴바셋,양산 웅상 DT점,95274,9.5274
2026-07-15,폴바셋,파미에스테이션점,55728,5.5728
2026-07-15,폴바셋,롯데아울렛 이시아폴리스점,75174,7.5174
2026-07-15,폴바셋,경주 교동 DT점,8091,0.8091
2026-07-15,폴바셋,김포 구래 DT점,8091,0.8091
2026-07-15,폴바셋,대구 방촌 DT점,78183,7.8183
2026-07-15,폴바셋,광화문 흥국생명점,68274,6.8274
2026-07-15,폴바셋,북수원IC DT점,45819,4.5819
2026-07-15,폴바셋,제주 아라 DT점,40455,4.0455
2026-07-15,폴바셋,경산 임당역 DT점,53910,5.391
2026-07-15,폴바셋,대구 감삼 DT점,22455,2.2455
2026-07-15,폴바셋,GFC점,75119,7.5119
2026-07-15,폴바셋,MBC몰 파크점,73819,7.3819
2026-07-15,폴바셋,현대아울렛 남양주점,53547,5.3547
2026-07-15,폴바셋,부산 대연 DT점,55728,5.5728
2026-07-15,폴바셋,대구 만촌 DT점,90729,9.0729
2026-07-15,폴바셋,천안 구성 DT점,36455,3.6455
2026-07-15,폴바셋,상일동점,8091,0.8091
2026-07-15,폴바셋,광명 철산 DT점,78183,7.8183
2026-07-15,폴바셋,용인시청 DT점,69183,6.9183
2026-07-15,폴바셋,전주 금암 DT점,54819,5.4819
2026-07-15,폴바셋,부산 연산역점,69093,6.9093
2026-07-15,폴바셋,신세계아울렛 시흥점,34821,3.4821
2026-07-15,폴바셋,롯데몰 동부산점,45819,4.5819
2026-07-15,폴바셋,수원 월드컵경기장점,40455,4.0455
2026-07-15,폴바셋,롯데아울렛 김해점,62731,6.2731
2026-07-15,폴바셋,고창 선운사점,19002,1.9002
2026-07-15,폴바셋,송도 SK바이오사이언스점,18274,1.8274
2026-07-15,폴바셋,강서 마곡 DT점,79092,7.9092
2026-07-15,폴바셋,부산 금곡 강변점,105097,10.5097
2026-07-15,폴바셋,청주 방서 DT점,35546,3.5546
2026-07-15,폴바셋,롯데아울렛 이천점,98004,9.8004
2026-07-15,폴바셋,증미역점,107820,10.782
2026-07-15,폴바셋,롯데백화점 중동점,68821,6.8821
2026-07-15,폴바셋,평택 소사 DT점,53001,5.3001
2026-07-15,폴바셋,여의도 국회대로점,55728,5.5728
2026-07-15,폴바셋,반포 쌍동빌딩점,75909,7.5909
2026-07-15,폴바셋,혜화역점,42364,4.2364
2026-07-15,폴바셋,송도 센트럴파크점,54819,5.4819
2026-07-15,폴바셋,영등포 타임스퀘어점,62001,6.2001
2026-07-15,폴바셋,수서역점,47637,4.7637
2026-07-15,폴바셋,코엑스몰점,159820,15.982
2026-07-15,폴바셋,광화문 예금보험공사점,94103,9.4103
2026-07-15,폴바셋,용산 아이파크몰점,109916,10.9916
2026-07-15,폴바셋,해운대 팔라티움점,0,0
2026-07-15,폴바셋,롯데백화점 상인점,191092,19.1092
2026-07-15,폴바셋,여의도 현대카드점,179938,17.9938
2026-07-15,폴바셋,연세와병원점,116821,11.6821
2026-07-15,폴바셋,압구정2호점,157460,15.746
2026-07-15,폴바셋,선릉역 동훈타워점,278830,27.883
2026-07-15,폴바셋,한남 커피스테이션,236118,23.6118
2026-07-15,폴바셋,강서 부민병원점,209645,20.9645
2026-07-15,폴바셋,현대백화점 미아점,199281,19.9281
2026-07-15,폴바셋,코리아나호텔점,142002,14.2002
2026-07-15,폴바셋,강남삼성타운점,199102,19.9102
2026-07-15,폴바셋,종각역점,335560,33.556
2026-07-15,폴바셋,청담역점,258101,25.8101
2026-07-15,폴바셋,대구 수성못점,208217,20.8217
2026-07-15,폴바셋,강남역 삼성화재점,283648,28.3648
2026-07-15,폴바셋,신세계 센텀시티몰점,196198,19.6198
2026-07-15,폴바셋,교대역점,293283,29.3283
2026-07-15,폴바셋,페럼타워점,254923,25.4923
2026-07-15,폴바셋,스타필드빌리지 운정점,186557,18.6557
2026-07-15,폴바셋,인천 송도 DT점,244095,24.4095
2026-07-15,폴바셋,청량리역점,189649,18.9649
2026-07-15,폴바셋,광교엘포트몰점,262557,26.2557
2026-07-15,폴바셋,광화문 G타워점,291287,29.1287
2026-07-15,폴바셋,파르나스몰점,267743,26.7743
2026-07-15,폴바셋,광교 경기도청점,261281,26.1281
2026-07-15,폴바셋,수원컨트리클럽점,295831,29.5831
2026-07-15,폴바셋,갤러리아 광교점,257557,25.7557
2026-07-15,폴바셋,현대아울렛 김포점,153010,15.301
2026-07-15,폴바셋,대치역점,309193,30.9193
2026-07-15,폴바셋,일산 마두점,308698,30.8698
2026-07-15,폴바셋,여의도 부국증권점,307737,30.7737
2026-07-15,폴바셋,교보문고 강남점,336745,33.6745
2026-07-15,폴바셋,을지로 파인에비뉴점,401864,40.1864
2026-07-15,폴바셋,여의도 IFC몰점,466666,46.6666
2026-07-15,폴바셋,산본역점,491484,49.1484
2026-07-15,폴바셋,인천공항 T1 입국점,457586,45.7586
2026-07-15,폴바셋,영종도 파라다이스시티점,418292,41.8292
2026-07-15,폴바셋,제주공항 국내선점,680182,68.0182
2026-07-15,폴바셋,연세암병원점,938790,93.879
2026-07-15,폴바셋,고대구로병원점,1068583,106.8583
2026-07-15,폴바셋,강남구청역점,774148,77.4148
2026-07-15,폴바셋,강남점,903409,90.3409
2026-07-15,폴바셋,인천공항 T2 입국점,939269,93.9269
2026-07-15,폴바셋,사당 파스텔시티점,1071219,107.1219
2026-07-15,폴바셋,일원역점,1535125,153.5125
2026-07-15,폴바셋,광화문점,2240034,224.0034
2026-07-16,폴바셋,신세계백화점 광주점,0,0
2026-07-16,폴바셋,롯데백화점 동탄점,0,0
2026-07-16,폴바셋,스타필드 하남 2호점,0,0
2026-07-16,폴바셋,신세계백화점 대구 1호점,0,0
2026-07-16,폴바셋,롯데백화점 노원점,0,0
2026-07-16,폴바셋,스타필드 수원점,0,0
2026-07-16,폴바셋,롯데백화점 대구점,0,0
2026-07-16,폴바셋,롯데백화점 부산본점,0,0
2026-07-16,폴바셋,대전엑스포 스카이점,0,0
2026-07-16,폴바셋,현대모터스튜디오 서울점,0,0
2026-07-16,폴바셋,광화문 디타워점,0,0
2026-07-16,폴바셋,제주 용담 DT점,0,0
2026-07-16,폴바셋,롯데마트 서초점,0,0
2026-07-16,폴바셋,삼성전자 평택점,0,0
2026-07-16,폴바셋,갤러리아 타임월드점,0,0
2026-07-16,폴바셋,롯데백화점 관악점,0,0
2026-07-16,폴바셋,롯데월드몰점,0,0
2026-07-16,폴바셋,스타필드 안성점,5909,0.5909
2026-07-16,폴바셋,롯데아울렛 남악점,0,0
2026-07-16,폴바셋,롯데백화점 평촌점,0,0
2026-07-16,폴바셋,롯데백화점 광주점,22455,2.2455
2026-07-16,폴바셋,현대백화점 충청점,23364,2.3364
2026-07-16,폴바셋,현대백화점 천호점,0,0
2026-07-16,폴바셋,신세계백화점 의정부점,23364,2.3364
2026-07-16,폴바셋,신세계백화점 센텀시티점,23364,2.3364
2026-07-16,폴바셋,삼성전자 온양캠퍼스점,16182,1.6182
2026-07-16,폴바셋,현대백화점 울산점,16182,1.6182
2026-07-16,폴바셋,포항 영일대 DT점,0,0
2026-07-16,폴바셋,롯데백화점 창원점,30546,3.0546
2026-07-16,폴바셋,AK플라자 수원점,24273,2.4273
2026-07-16,폴바셋,더현대 대구점,15273,1.5273
2026-07-16,폴바셋,스타필드시티 위례점,23364,2.3364
2026-07-16,폴바셋,현대아울렛 대전점,8091,0.8091
2026-07-16,폴바셋,스타필드 고양 1호점,21846,2.1846
2026-07-16,폴바셋,롯데아울렛 기흥점,12183,1.2183
2026-07-16,폴바셋,롯데백화점 김포공항점,16182,1.6182
2026-07-16,폴바셋,롯데백화점 대전점,30546,3.0546
2026-07-16,폴바셋,마산 회원 DT점,23364,2.3364
2026-07-16,폴바셋,롯데아울렛 광주수완점,23364,2.3364
2026-07-16,폴바셋,한국경제신문사점,30546,3.0546
2026-07-16,폴바셋,신세계 사우스시티점,70092,7.0092
2026-07-16,폴바셋,삼성 DSR점,30546,3.0546
2026-07-16,폴바셋,신세계백화점 대구 2호점,8091,0.8091
2026-07-16,폴바셋,뉴코아 강남점,15273,1.5273
2026-07-16,폴바셋,롯데백화점 울산점,9273,0.9273
2026-07-16,폴바셋,AK플라자 광명점,22455,2.2455
2026-07-16,폴바셋,롯데백화점 강남점,23364,2.3364
2026-07-16,폴바셋,마산 해안대로 DT점,30546,3.0546
2026-07-16,폴바셋,여의도점,30546,3.0546
2026-07-16,폴바셋,구미 봉곡 DT점,31455,3.1455
2026-07-16,폴바셋,스타필드 하남 1호점,23364,2.3364
2026-07-16,폴바셋,롯데백화점 잠실점,23364,2.3364
2026-07-16,폴바셋,종로 G1점,34638,3.4638
2026-07-16,폴바셋,롯데월드 아이스링크점,31455,3.1455
2026-07-16,폴바셋,롯데몰 은평점,32364,3.2364
2026-07-16,폴바셋,롯데몰 수지점,62910,6.291
2026-07-16,폴바셋,구로 G타워점,69183,6.9183
2026-07-16,폴바셋,경산 옥곡 DT점,54819,5.4819
2026-07-16,폴바셋,롯데백화점 광복점,56366,5.6366
2026-07-16,폴바셋,서소문점,62910,6.291
2026-07-16,폴바셋,인스파이어점,40455,4.0455
2026-07-16,폴바셋,롯데백화점 본점,48273,4.8273
2026-07-16,폴바셋,오산대 DT점,24273,2.4273
2026-07-16,폴바셋,교보문고 합정점,63819,6.3819
2026-07-16,폴바셋,NC타워 삼성점,62910,6.291
2026-07-16,폴바셋,AK플라자 홍대점,24273,2.4273
2026-07-16,폴바셋,부산 전포 DT점,32364,3.2364
2026-07-16,폴바셋,송도 트리플스트리트점,5664,0.5664
2026-07-16,폴바셋,부산 괴정 DT점,63819,6.3819
2026-07-16,폴바셋,양산 웅상 DT점,62910,6.291
2026-07-16,폴바셋,파미에스테이션점,30546,3.0546
2026-07-16,폴바셋,롯데아울렛 이시아폴리스점,55503,5.5503
2026-07-16,폴바셋,경주 교동 DT점,39546,3.9546
2026-07-16,폴바셋,김포 구래 DT점,47637,4.7637
2026-07-16,폴바셋,대구 방촌 DT점,53910,5.391
2026-07-16,폴바셋,광화문 흥국생명점,62001,6.2001
2026-07-16,폴바셋,북수원IC DT점,54819,5.4819
2026-07-16,폴바셋,제주 아라 DT점,24273,2.4273
2026-07-16,폴바셋,경산 임당역 DT점,104274,10.4274
2026-07-16,폴바셋,대구 감삼 DT점,7182,0.7182
2026-07-16,폴바셋,GFC점,54819,5.4819
2026-07-16,폴바셋,MBC몰 파크점,47000,4.7
2026-07-16,폴바셋,현대아울렛 남양주점,37183,3.7183
2026-07-16,폴바셋,부산 대연 DT점,78183,7.8183
2026-07-16,폴바셋,대구 만촌 DT점,93456,9.3456
2026-07-16,폴바셋,천안 구성 DT점,39546,3.9546
2026-07-16,폴바셋,상일동점,8091,0.8091
2026-07-16,폴바셋,광명 철산 DT점,100638,10.0638
2026-07-16,폴바셋,용인시청 DT점,93456,9.3456
2026-07-16,폴바셋,전주 금암 DT점,120183,12.0183
2026-07-16,폴바셋,부산 연산역점,77275,7.7275
2026-07-16,폴바셋,신세계아울렛 시흥점,40820,4.082
2026-07-16,폴바셋,롯데몰 동부산점,39546,3.9546
2026-07-16,폴바셋,수원 월드컵경기장점,23364,2.3364
2026-07-16,폴바셋,롯데아울렛 김해점,70367,7.0367
2026-07-16,폴바셋,고창 선운사점,45731,4.5731
2026-07-16,폴바셋,송도 SK바이오사이언스점,71547,7.1547
2026-07-16,폴바셋,강서 마곡 DT점,76365,7.6365
2026-07-16,폴바셋,부산 금곡 강변점,43731,4.3731
2026-07-16,폴바셋,청주 방서 DT점,52637,5.2637
2026-07-16,폴바셋,롯데아울렛 이천점,52820,5.282
2026-07-16,폴바셋,증미역점,54819,5.4819
2026-07-16,폴바셋,롯데백화점 중동점,199012,19.9012
2026-07-16,폴바셋,평택 소사 DT점,108729,10.8729
2026-07-16,폴바셋,여의도 국회대로점,71001,7.1001
2026-07-16,폴바셋,반포 쌍동빌딩점,39546,3.9546
2026-07-16,폴바셋,혜화역점,101819,10.1819
2026-07-16,폴바셋,송도 센트럴파크점,31455,3.1455
2026-07-16,폴바셋,영등포 타임스퀘어점,78183,7.8183
2026-07-16,폴바셋,수서역점,84456,8.4456
2026-07-16,폴바셋,코엑스몰점,158274,15.8274
2026-07-16,폴바셋,광화문 예금보험공사점,148459,14.8459
2026-07-16,폴바셋,용산 아이파크몰점,76915,7.6915
2026-07-16,폴바셋,해운대 팔라티움점,398161,39.8161
2026-07-16,폴바셋,롯데백화점 상인점,180116,18.0116
2026-07-16,폴바셋,여의도 현대카드점,191013,19.1013
2026-07-16,폴바셋,연세와병원점,219916,21.9916
2026-07-16,폴바셋,압구정2호점,214373,21.4373
2026-07-16,폴바셋,선릉역 동훈타워점,219646,21.9646
2026-07-16,폴바셋,한남 커피스테이션,198102,19.8102
2026-07-16,폴바셋,강서 부민병원점,194096,19.4096
2026-07-16,폴바셋,현대백화점 미아점,168097,16.8097
2026-07-16,폴바셋,코리아나호텔점,132638,13.2638
2026-07-16,폴바셋,강남삼성타운점,194005,19.4005
2026-07-16,폴바셋,종각역점,255376,25.5376
2026-07-16,폴바셋,청담역점,266465,26.6465
2026-07-16,폴바셋,대구 수성못점,186556,18.6556
2026-07-16,폴바셋,강남역 삼성화재점,181225,18.1225
2026-07-16,폴바셋,신세계 센텀시티몰점,190919,19.0919
2026-07-16,폴바셋,교대역점,291285,29.1285
2026-07-16,폴바셋,페럼타워점,238921,23.8921
2026-07-16,폴바셋,스타필드빌리지 운정점,173191,17.3191
2026-07-16,폴바셋,인천 송도 DT점,238923,23.8923
2026-07-16,폴바셋,청량리역점,167557,16.7557
2026-07-16,폴바셋,광교엘포트몰점,242188,24.2188
2026-07-16,폴바셋,광화문 G타워점,274741,27.4741
2026-07-16,폴바셋,파르나스몰점,246565,24.6565
2026-07-16,폴바셋,광교 경기도청점,266191,26.6191
2026-07-16,폴바셋,수원컨트리클럽점,260554,26.0554
2026-07-16,폴바셋,갤러리아 광교점,217828,21.7828
2026-07-16,폴바셋,현대아울렛 김포점,176644,17.6644
2026-07-16,폴바셋,대치역점,282195,28.2195
2026-07-16,폴바셋,일산 마두점,381839,38.1839
2026-07-16,폴바셋,여의도 부국증권점,444562,44.4562
2026-07-16,폴바셋,교보문고 강남점,385106,38.5106
2026-07-16,폴바셋,을지로 파인에비뉴점,678756,67.8756
2026-07-16,폴바셋,여의도 IFC몰점,528668,52.8668
2026-07-16,폴바셋,산본역점,446300,44.63
2026-07-16,폴바셋,인천공항 T1 입국점,530672,53.0672
2026-07-16,폴바셋,영종도 파라다이스시티점,458564,45.8564
2026-07-16,폴바셋,제주공항 국내선점,403369,40.3369
2026-07-16,폴바셋,연세암병원점,993553,99.3553
2026-07-16,폴바셋,고대구로병원점,1080946,108.0946
2026-07-16,폴바셋,강남구청역점,872639,87.2639
2026-07-16,폴바셋,강남점,943131,94.3131
2026-07-16,폴바셋,인천공항 T2 입국점,888092,88.8092
2026-07-16,폴바셋,사당 파스텔시티점,1077332,107.7332
2026-07-16,폴바셋,일원역점,1567421,156.7421
2026-07-16,폴바셋,광화문점,3527326,352.7326
2026-07-17,폴바셋,신세계백화점 광주점,0,0
2026-07-17,폴바셋,롯데백화점 동탄점,0,0
2026-07-17,폴바셋,스타필드 하남 2호점,0,0
2026-07-17,폴바셋,신세계백화점 대구 1호점,0,0
2026-07-17,폴바셋,롯데백화점 노원점,0,0
2026-07-17,폴바셋,스타필드 수원점,0,0
2026-07-17,폴바셋,롯데백화점 대구점,0,0
2026-07-17,폴바셋,롯데백화점 부산본점,0,0
2026-07-17,폴바셋,대전엑스포 스카이점,0,0
2026-07-17,폴바셋,현대모터스튜디오 서울점,0,0
2026-07-17,폴바셋,광화문 디타워점,0,0
2026-07-17,폴바셋,제주 용담 DT점,0,0
2026-07-17,폴바셋,롯데마트 서초점,0,0
2026-07-17,폴바셋,삼성전자 평택점,0,0
2026-07-17,폴바셋,갤러리아 타임월드점,0,0
2026-07-17,폴바셋,롯데백화점 관악점,0,0
2026-07-17,폴바셋,롯데월드몰점,0,0
2026-07-17,폴바셋,스타필드 안성점,5909,0.5909
2026-07-17,폴바셋,롯데아울렛 남악점,8091,0.8091
2026-07-17,폴바셋,롯데백화점 평촌점,0,0
2026-07-17,폴바셋,롯데백화점 광주점,8091,0.8091
2026-07-17,폴바셋,현대백화점 충청점,0,0
2026-07-17,폴바셋,현대백화점 천호점,15273,1.5273
2026-07-17,폴바셋,신세계백화점 의정부점,7182,0.7182
2026-07-17,폴바셋,신세계백화점 센텀시티점,23364,2.3364
2026-07-17,폴바셋,삼성전자 온양캠퍼스점,0,0
2026-07-17,폴바셋,현대백화점 울산점,7182,0.7182
2026-07-17,폴바셋,포항 영일대 DT점,16182,1.6182
2026-07-17,폴바셋,롯데백화점 창원점,23364,2.3364
2026-07-17,폴바셋,AK플라자 수원점,7182,0.7182
2026-07-17,폴바셋,더현대 대구점,39546,3.9546
2026-07-17,폴바셋,스타필드시티 위례점,8091,0.8091
2026-07-17,폴바셋,현대아울렛 대전점,45819,4.5819
2026-07-17,폴바셋,스타필드 고양 1호점,54819,5.4819
2026-07-17,폴바셋,롯데아울렛 기흥점,22364,2.2364
2026-07-17,폴바셋,롯데백화점 김포공항점,37728,3.7728
2026-07-17,폴바셋,롯데백화점 대전점,31455,3.1455
2026-07-17,폴바셋,마산 회원 DT점,15273,1.5273
2026-07-17,폴바셋,롯데아울렛 광주수완점,16182,1.6182
2026-07-17,폴바셋,한국경제신문사점,0,0
2026-07-17,폴바셋,신세계 사우스시티점,23364,2.3364
2026-07-17,폴바셋,삼성 DSR점,0,0
2026-07-17,폴바셋,신세계백화점 대구 2호점,47637,4.7637
2026-07-17,폴바셋,뉴코아 강남점,24273,2.4273
2026-07-17,폴바셋,롯데백화점 울산점,12638,1.2638
2026-07-17,폴바셋,AK플라자 광명점,22000,2.2
2026-07-17,폴바셋,롯데백화점 강남점,23364,2.3364
2026-07-17,폴바셋,마산 해안대로 DT점,31455,3.1455
2026-07-17,폴바셋,여의도점,0,0
2026-07-17,폴바셋,구미 봉곡 DT점,47637,4.7637
2026-07-17,폴바셋,스타필드 하남 1호점,23364,2.3364
2026-07-17,폴바셋,롯데백화점 잠실점,16182,1.6182
2026-07-17,폴바셋,종로 G1점,30910,3.091
2026-07-17,폴바셋,롯데월드 아이스링크점,31455,3.1455
2026-07-17,폴바셋,롯데몰 은평점,20937,2.0937
2026-07-17,폴바셋,롯데몰 수지점,24273,2.4273
2026-07-17,폴바셋,구로 G타워점,15273,1.5273
2026-07-17,폴바셋,경산 옥곡 DT점,30546,3.0546
2026-07-17,폴바셋,롯데백화점 광복점,23911,2.3911
2026-07-17,폴바셋,서소문점,16182,1.6182
2026-07-17,폴바셋,인스파이어점,62001,6.2001
2026-07-17,폴바셋,롯데백화점 본점,36637,3.6637
2026-07-17,폴바셋,오산대 DT점,47637,4.7637
2026-07-17,폴바셋,교보문고 합정점,23364,2.3364
2026-07-17,폴바셋,NC타워 삼성점,0,0
2026-07-17,폴바셋,AK플라자 홍대점,31455,3.1455
2026-07-17,폴바셋,부산 전포 DT점,35910,3.591
2026-07-17,폴바셋,송도 트리플스트리트점,70092,7.0092
2026-07-17,폴바셋,부산 괴정 DT점,54819,5.4819
2026-07-17,폴바셋,양산 웅상 DT점,45210,4.521
2026-07-17,폴바셋,파미에스테이션점,38637,3.8637
2026-07-17,폴바셋,롯데아울렛 이시아폴리스점,35729,3.5729
2026-07-17,폴바셋,경주 교동 DT점,39546,3.9546
2026-07-17,폴바셋,김포 구래 DT점,41846,4.1846
2026-07-17,폴바셋,대구 방촌 DT점,53910,5.391
2026-07-17,폴바셋,광화문 흥국생명점,0,0
2026-07-17,폴바셋,북수원IC DT점,39546,3.9546
2026-07-17,폴바셋,제주 아라 DT점,32364,3.2364
2026-07-17,폴바셋,경산 임당역 DT점,70092,7.0092
2026-07-17,폴바셋,대구 감삼 DT점,67365,6.7365
2026-07-17,폴바셋,GFC점,37728,3.7728
2026-07-17,폴바셋,MBC몰 파크점,28000,2.8
2026-07-17,폴바셋,현대아울렛 남양주점,51186,5.1186
2026-07-17,폴바셋,부산 대연 DT점,46728,4.6728
2026-07-17,폴바셋,대구 만촌 DT점,84456,8.4456
2026-07-17,폴바셋,천안 구성 DT점,101274,10.1274
2026-07-17,폴바셋,상일동점,16182,1.6182
2026-07-17,폴바셋,광명 철산 DT점,100638,10.0638
2026-07-17,폴바셋,용인시청 DT점,99729,9.9729
2026-07-17,폴바셋,전주 금암 DT점,36455,3.6455
2026-07-17,폴바셋,부산 연산역점,93476,9.3476
2026-07-17,폴바셋,신세계아울렛 시흥점,86815,8.6815
2026-07-17,폴바셋,롯데몰 동부산점,46728,4.6728
2026-07-17,폴바셋,수원 월드컵경기장점,141093,14.1093
2026-07-17,폴바셋,롯데아울렛 김해점,79730,7.973
2026-07-17,폴바셋,고창 선운사점,97460,9.746
2026-07-17,폴바셋,송도 SK바이오사이언스점,0,0
2026-07-17,폴바셋,강서 마곡 DT점,109638,10.9638
2026-07-17,폴바셋,부산 금곡 강변점,182189,18.2189
2026-07-17,폴바셋,청주 방서 DT점,75364,7.5364
2026-07-17,폴바셋,롯데아울렛 이천점,132095,13.2095
2026-07-17,폴바셋,증미역점,115911,11.5911
2026-07-17,폴바셋,롯데백화점 중동점,70276,7.0276
2026-07-17,폴바셋,평택 소사 DT점,118638,11.8638
2026-07-17,폴바셋,여의도 국회대로점,15273,1.5273
2026-07-17,폴바셋,반포 쌍동빌딩점,54819,5.4819
2026-07-17,폴바셋,혜화역점,129547,12.9547
2026-07-17,폴바셋,송도 센트럴파크점,44910,4.491
2026-07-17,폴바셋,영등포 타임스퀘어점,85365,8.5365
2026-07-17,폴바셋,수서역점,46728,4.6728
2026-07-17,폴바셋,코엑스몰점,99729,9.9729
2026-07-17,폴바셋,광화문 예금보험공사점,60730,6.073
2026-07-17,폴바셋,용산 아이파크몰점,198740,19.874
2026-07-17,폴바셋,해운대 팔라티움점,369198,36.9198
2026-07-17,폴바셋,롯데백화점 상인점,219987,21.9987
2026-07-17,폴바셋,여의도 현대카드점,0,0
2026-07-17,폴바셋,연세와병원점,144827,14.4827
2026-07-17,폴바셋,압구정2호점,107823,10.7823
2026-07-17,폴바셋,선릉역 동훈타워점,49455,4.9455
2026-07-17,폴바셋,한남 커피스테이션,133373,13.3373
2026-07-17,폴바셋,강서 부민병원점,179367,17.9367
2026-07-17,폴바셋,현대백화점 미아점,283651,28.3651
2026-07-17,폴바셋,코리아나호텔점,88728,8.8728
2026-07-17,폴바셋,강남삼성타운점,118367,11.8367
2026-07-17,폴바셋,종각역점,70639,7.0639
2026-07-17,폴바셋,청담역점,156733,15.6733
2026-07-17,폴바셋,대구 수성못점,242416,24.2416
2026-07-17,폴바셋,강남역 삼성화재점,121788,12.1788
2026-07-17,폴바셋,신세계 센텀시티몰점,237466,23.7466
2026-07-17,폴바셋,교대역점,186737,18.6737
2026-07-17,폴바셋,페럼타워점,19000,1.9
2026-07-17,폴바셋,스타필드빌리지 운정점,275739,27.5739
2026-07-17,폴바셋,인천 송도 DT점,250378,25.0378
2026-07-17,폴바셋,청량리역점,350442,35.0442
2026-07-17,폴바셋,광교엘포트몰점,245914,24.5914
2026-07-17,폴바셋,광화문 G타워점,219647,21.9647
2026-07-17,폴바셋,파르나스몰점,250649,25.0649
2026-07-17,폴바셋,광교 경기도청점,281372,28.1372
2026-07-17,폴바셋,수원컨트리클럽점,331631,33.1631
2026-07-17,폴바셋,갤러리아 광교점,390474,39.0474
2026-07-17,폴바셋,현대아울렛 김포점,533941,53.3941
2026-07-17,폴바셋,대치역점,404113,40.4113
2026-07-17,폴바셋,일산 마두점,237102,23.7102
2026-07-17,폴바셋,여의도 부국증권점,203645,20.3645
2026-07-17,폴바셋,교보문고 강남점,448030,44.803
2026-07-17,폴바셋,을지로 파인에비뉴점,285829,28.5829
2026-07-17,폴바셋,여의도 IFC몰점,356836,35.6836
2026-07-17,폴바셋,산본역점,717220,71.722
2026-07-17,폴바셋,인천공항 T1 입국점,791042,79.1042
2026-07-17,폴바셋,영종도 파라다이스시티점,901226,90.1226
2026-07-17,폴바셋,제주공항 국내선점,660734,66.0734
2026-07-17,폴바셋,연세암병원점,267714,26.7714
2026-07-17,폴바셋,고대구로병원점,373924,37.3924
2026-07-17,폴바셋,강남구청역점,555623,55.5623
2026-07-17,폴바셋,강남점,684060,68.406
2026-07-17,폴바셋,인천공항 T2 입국점,1099285,109.9285
2026-07-17,폴바셋,사당 파스텔시티점,916210,91.621
2026-07-17,폴바셋,일원역점,1463121,146.3121
2026-07-17,폴바셋,광화문점,2022660,202.266
2026-07-18,폴바셋,신세계백화점 광주점,0,0
2026-07-18,폴바셋,롯데백화점 동탄점,0,0
2026-07-18,폴바셋,스타필드 하남 2호점,0,0
2026-07-18,폴바셋,신세계백화점 대구 1호점,0,0
2026-07-18,폴바셋,롯데백화점 노원점,0,0
2026-07-18,폴바셋,스타필드 수원점,0,0
2026-07-18,폴바셋,롯데백화점 대구점,0,0
2026-07-18,폴바셋,롯데백화점 부산본점,0,0
2026-07-18,폴바셋,대전엑스포 스카이점,0,0
2026-07-18,폴바셋,현대모터스튜디오 서울점,0,0
2026-07-18,폴바셋,광화문 디타워점,0,0
2026-07-18,폴바셋,제주 용담 DT점,0,0
2026-07-18,폴바셋,롯데마트 서초점,0,0
2026-07-18,폴바셋,삼성전자 평택점,0,0
2026-07-18,폴바셋,갤러리아 타임월드점,15273,1.5273
2026-07-18,폴바셋,롯데백화점 관악점,8091,0.8091
2026-07-18,폴바셋,롯데월드몰점,0,0
2026-07-18,폴바셋,스타필드 안성점,11818,1.1818
2026-07-18,폴바셋,롯데아울렛 남악점,8091,0.8091
2026-07-18,폴바셋,롯데백화점 평촌점,0,0
2026-07-18,폴바셋,롯데백화점 광주점,24273,2.4273
2026-07-18,폴바셋,현대백화점 충청점,8091,0.8091
2026-07-18,폴바셋,현대백화점 천호점,22455,2.2455
2026-07-18,폴바셋,신세계백화점 의정부점,7182,0.7182
2026-07-18,폴바셋,신세계백화점 센텀시티점,31455,3.1455
2026-07-18,폴바셋,삼성전자 온양캠퍼스점,0,0
2026-07-18,폴바셋,현대백화점 울산점,24273,2.4273
2026-07-18,폴바셋,포항 영일대 DT점,16182,1.6182
2026-07-18,폴바셋,롯데백화점 창원점,30546,3.0546
2026-07-18,폴바셋,AK플라자 수원점,16182,1.6182
2026-07-18,폴바셋,더현대 대구점,31455,3.1455
2026-07-18,폴바셋,스타필드시티 위례점,24273,2.4273
2026-07-18,폴바셋,현대아울렛 대전점,32364,3.2364
2026-07-18,폴바셋,스타필드 고양 1호점,24273,2.4273
2026-07-18,폴바셋,롯데아울렛 기흥점,29367,2.9367
2026-07-18,폴바셋,롯데백화점 김포공항점,62910,6.291
2026-07-18,폴바셋,롯데백화점 대전점,47637,4.7637
2026-07-18,폴바셋,마산 회원 DT점,31455,3.1455
2026-07-18,폴바셋,롯데아울렛 광주수완점,31455,3.1455
2026-07-18,폴바셋,한국경제신문사점,15273,1.5273
2026-07-18,폴바셋,신세계 사우스시티점,22455,2.2455
2026-07-18,폴바셋,삼성 DSR점,0,0
2026-07-18,폴바셋,신세계백화점 대구 2호점,24273,2.4273
2026-07-18,폴바셋,뉴코아 강남점,40455,4.0455
2026-07-18,폴바셋,롯데백화점 울산점,30730,3.073
2026-07-18,폴바셋,AK플라자 광명점,30455,3.0455
2026-07-18,폴바셋,롯데백화점 강남점,61092,6.1092
2026-07-18,폴바셋,마산 해안대로 DT점,47637,4.7637
2026-07-18,폴바셋,여의도점,15273,1.5273
2026-07-18,폴바셋,구미 봉곡 DT점,39546,3.9546
2026-07-18,폴바셋,스타필드 하남 1호점,39546,3.9546
2026-07-18,폴바셋,롯데백화점 잠실점,45819,4.5819
2026-07-18,폴바셋,종로 G1점,0,0
2026-07-18,폴바셋,롯데월드 아이스링크점,79092,7.9092
2026-07-18,폴바셋,롯데몰 은평점,48546,4.8546
2026-07-18,폴바셋,롯데몰 수지점,53910,5.391
2026-07-18,폴바셋,구로 G타워점,21546,2.1546
2026-07-18,폴바셋,경산 옥곡 DT점,39546,3.9546
2026-07-18,폴바셋,롯데백화점 광복점,55548,5.5548
2026-07-18,폴바셋,서소문점,8091,0.8091
2026-07-18,폴바셋,인스파이어점,139275,13.9275
2026-07-18,폴바셋,롯데백화점 본점,41091,4.1091
2026-07-18,폴바셋,오산대 DT점,44573,4.4573
2026-07-18,폴바셋,교보문고 합정점,45482,4.5482
2026-07-18,폴바셋,NC타워 삼성점,0,0
2026-07-18,폴바셋,AK플라자 홍대점,31455,3.1455
2026-07-18,폴바셋,부산 전포 DT점,23364,2.3364
2026-07-18,폴바셋,송도 트리플스트리트점,38637,3.8637
2026-07-18,폴바셋,부산 괴정 DT점,22455,2.2455
2026-07-18,폴바셋,양산 웅상 DT점,47637,4.7637
2026-07-18,폴바셋,파미에스테이션점,45819,4.5819
2026-07-18,폴바셋,롯데아울렛 이시아폴리스점,57548,5.7548
2026-07-18,폴바셋,경주 교동 DT점,88092,8.8092
2026-07-18,폴바셋,김포 구래 DT점,0,0
2026-07-18,폴바셋,대구 방촌 DT점,53910,5.391
2026-07-18,폴바셋,광화문 흥국생명점,0,0
2026-07-18,폴바셋,북수원IC DT점,79092,7.9092
2026-07-18,폴바셋,제주 아라 DT점,61092,6.1092
2026-07-18,폴바셋,경산 임당역 DT점,59574,5.9574
2026-07-18,폴바셋,대구 감삼 DT점,53001,5.3001
2026-07-18,폴바셋,GFC점,16182,1.6182
2026-07-18,폴바셋,MBC몰 파크점,65728,6.5728
2026-07-18,폴바셋,현대아울렛 남양주점,73731,7.3731
2026-07-18,폴바셋,부산 대연 DT점,69183,6.9183
2026-07-18,폴바셋,대구 만촌 DT점,62001,6.2001
2026-07-18,폴바셋,천안 구성 DT점,84092,8.4092
2026-07-18,폴바셋,상일동점,7182,0.7182
2026-07-18,폴바셋,광명 철산 DT점,69183,6.9183
2026-07-18,폴바셋,용인시청 DT점,109638,10.9638
2026-07-18,폴바셋,전주 금암 DT점,42773,4.2773
2026-07-18,폴바셋,부산 연산역점,54730,5.473
2026-07-18,폴바셋,신세계아울렛 시흥점,113187,11.3187
2026-07-18,폴바셋,롯데몰 동부산점,56637,5.6637
2026-07-18,폴바셋,수원 월드컵경기장점,86274,8.6274
2026-07-18,폴바셋,롯데아울렛 김해점,93641,9.3641
2026-07-18,폴바셋,고창 선운사점,296491,29.6491
2026-07-18,폴바셋,송도 SK바이오사이언스점,0,0
2026-07-18,폴바셋,강서 마곡 DT점,86274,8.6274
2026-07-18,폴바셋,부산 금곡 강변점,83369,8.3369
2026-07-18,폴바셋,청주 방서 DT점,72546,7.2546
2026-07-18,폴바셋,롯데아울렛 이천점,138279,13.8279
2026-07-18,폴바셋,증미역점,40455,4.0455
2026-07-18,폴바셋,롯데백화점 중동점,83551,8.3551
2026-07-18,폴바셋,평택 소사 DT점,78183,7.8183
2026-07-18,폴바셋,여의도 국회대로점,24273,2.4273
2026-07-18,폴바셋,반포 쌍동빌딩점,61092,6.1092
2026-07-18,폴바셋,혜화역점,155729,15.5729
2026-07-18,폴바셋,송도 센트럴파크점,53910,5.391
2026-07-18,폴바셋,영등포 타임스퀘어점,70092,7.0092
2026-07-18,폴바셋,수서역점,23364,2.3364
2026-07-18,폴바셋,코엑스몰점,64455,6.4455
2026-07-18,폴바셋,광화문 예금보험공사점,21910,2.191
2026-07-18,폴바셋,용산 아이파크몰점,132091,13.2091
2026-07-18,폴바셋,해운대 팔라티움점,256050,25.605
2026-07-18,폴바셋,롯데백화점 상인점,167420,16.742
2026-07-18,폴바셋,여의도 현대카드점,0,0
2026-07-18,폴바셋,연세와병원점,170099,17.0099
2026-07-18,폴바셋,압구정2호점,110279,11.0279
2026-07-18,폴바셋,선릉역 동훈타워점,48366,4.8366
2026-07-18,폴바셋,한남 커피스테이션,193610,19.361
2026-07-18,폴바셋,강서 부민병원점,215462,21.5462
2026-07-18,폴바셋,현대백화점 미아점,259375,25.9375
2026-07-18,폴바셋,코리아나호텔점,73819,7.3819
2026-07-18,폴바셋,강남삼성타운점,165008,16.5008
2026-07-18,폴바셋,종각역점,69549,6.9549
2026-07-18,폴바셋,청담역점,143188,14.3188
2026-07-18,폴바셋,대구 수성못점,282507,28.2507
2026-07-18,폴바셋,강남역 삼성화재점,173278,17.3278
2026-07-18,폴바셋,신세계 센텀시티몰점,303837,30.3837
2026-07-18,폴바셋,교대역점,168375,16.8375
2026-07-18,폴바셋,페럼타워점,46274,4.6274
2026-07-18,폴바셋,스타필드빌리지 운정점,217374,21.7374
2026-07-18,폴바셋,인천 송도 DT점,180469,18.0469
2026-07-18,폴바셋,청량리역점,343479,34.3479
2026-07-18,폴바셋,광교엘포트몰점,296375,29.6375
2026-07-18,폴바셋,광화문 G타워점,306390,30.639
2026-07-18,폴바셋,파르나스몰점,164281,16.4281
2026-07-18,폴바셋,광교 경기도청점,181188,18.1188
2026-07-18,폴바셋,수원컨트리클럽점,334832,33.4832
2026-07-18,폴바셋,갤러리아 광교점,342012,34.2012
2026-07-18,폴바셋,현대아울렛 김포점,574661,57.4661
2026-07-18,폴바셋,대치역점,461295,46.1295
2026-07-18,폴바셋,일산 마두점,342201,34.2201
2026-07-18,폴바셋,여의도 부국증권점,169462,16.9462
2026-07-18,폴바셋,교보문고 강남점,569485,56.9485
2026-07-18,폴바셋,을지로 파인에비뉴점,256376,25.6376
2026-07-18,폴바셋,여의도 IFC몰점,458264,45.8264
2026-07-18,폴바셋,산본역점,654763,65.4763
2026-07-18,폴바셋,인천공항 T1 입국점,707681,70.7681
2026-07-18,폴바셋,영종도 파라다이스시티점,874616,87.4616
2026-07-18,폴바셋,제주공항 국내선점,561369,56.1369
2026-07-18,폴바셋,연세암병원점,153404,15.3404
2026-07-18,폴바셋,고대구로병원점,306194,30.6194
2026-07-18,폴바셋,강남구청역점,498293,49.8293
2026-07-18,폴바셋,강남점,868297,86.8297
2026-07-18,폴바셋,인천공항 T2 입국점,911717,91.1717
2026-07-18,폴바셋,사당 파스텔시티점,1027065,102.7065
2026-07-18,폴바셋,일원역점,1452605,145.2605
2026-07-18,폴바셋,광화문점,1563563,156.3563
2026-07-19,폴바셋,신세계백화점 광주점,0,0
2026-07-19,폴바셋,롯데백화점 동탄점,0,0
2026-07-19,폴바셋,스타필드 하남 2호점,0,0
2026-07-19,폴바셋,신세계백화점 대구 1호점,0,0
2026-07-19,폴바셋,롯데백화점 노원점,0,0
2026-07-19,폴바셋,스타필드 수원점,0,0
2026-07-19,폴바셋,롯데백화점 대구점,0,0
2026-07-19,폴바셋,롯데백화점 부산본점,0,0
2026-07-19,폴바셋,대전엑스포 스카이점,0,0
2026-07-19,폴바셋,현대모터스튜디오 서울점,0,0
2026-07-19,폴바셋,광화문 디타워점,0,0
2026-07-19,폴바셋,제주 용담 DT점,0,0
2026-07-19,폴바셋,롯데마트 서초점,0,0
2026-07-19,폴바셋,삼성전자 평택점,0,0
2026-07-19,폴바셋,갤러리아 타임월드점,0,0
2026-07-19,폴바셋,롯데백화점 관악점,8091,0.8091
2026-07-19,폴바셋,롯데월드몰점,0,0
2026-07-19,폴바셋,스타필드 안성점,0,0
2026-07-19,폴바셋,롯데아울렛 남악점,0,0
2026-07-19,폴바셋,롯데백화점 평촌점,0,0
2026-07-19,폴바셋,롯데백화점 광주점,0,0
2026-07-19,폴바셋,현대백화점 충청점,16182,1.6182
2026-07-19,폴바셋,현대백화점 천호점,16182,1.6182
2026-07-19,폴바셋,신세계백화점 의정부점,8091,0.8091
2026-07-19,폴바셋,신세계백화점 센텀시티점,7182,0.7182
2026-07-19,폴바셋,삼성전자 온양캠퍼스점,0,0
2026-07-19,폴바셋,현대백화점 울산점,8091,0.8091
2026-07-19,폴바셋,포항 영일대 DT점,8091,0.8091
2026-07-19,폴바셋,롯데백화점 창원점,0,0
2026-07-19,폴바셋,AK플라자 수원점,7182,0.7182
2026-07-19,폴바셋,더현대 대구점,0,0
2026-07-19,폴바셋,스타필드시티 위례점,16182,1.6182
2026-07-19,폴바셋,현대아울렛 대전점,16182,1.6182
2026-07-19,폴바셋,스타필드 고양 1호점,31455,3.1455
2026-07-19,폴바셋,롯데아울렛 기흥점,34457,3.4457
2026-07-19,폴바셋,롯데백화점 김포공항점,0,0
2026-07-19,폴바셋,롯데백화점 대전점,0,0
2026-07-19,폴바셋,마산 회원 DT점,8091,0.8091
2026-07-19,폴바셋,롯데아울렛 광주수완점,22455,2.2455
2026-07-19,폴바셋,한국경제신문사점,0,0
2026-07-19,폴바셋,신세계 사우스시티점,24273,2.4273
2026-07-19,폴바셋,삼성 DSR점,0,0
2026-07-19,폴바셋,신세계백화점 대구 2호점,24273,2.4273
2026-07-19,폴바셋,뉴코아 강남점,15273,1.5273
2026-07-19,폴바셋,롯데백화점 울산점,15183,1.5183
2026-07-19,폴바셋,AK플라자 광명점,28000,2.8
2026-07-19,폴바셋,롯데백화점 강남점,16182,1.6182
2026-07-19,폴바셋,마산 해안대로 DT점,40455,4.0455
2026-07-19,폴바셋,여의도점,8091,0.8091
2026-07-19,폴바셋,구미 봉곡 DT점,31455,3.1455
2026-07-19,폴바셋,스타필드 하남 1호점,24273,2.4273
2026-07-19,폴바셋,롯데백화점 잠실점,24273,2.4273
2026-07-19,폴바셋,종로 G1점,23820,2.382
2026-07-19,폴바셋,롯데월드 아이스링크점,16182,1.6182
2026-07-19,폴바셋,롯데몰 은평점,8091,0.8091
2026-07-19,폴바셋,롯데몰 수지점,8091,0.8091
2026-07-19,폴바셋,구로 G타워점,8091,0.8091
2026-07-19,폴바셋,경산 옥곡 DT점,16182,1.6182
2026-07-19,폴바셋,롯데백화점 광복점,41637,4.1637
2026-07-19,폴바셋,서소문점,31455,3.1455
2026-07-19,폴바셋,인스파이어점,32364,3.2364
2026-07-19,폴바셋,롯데백화점 본점,25818,2.5818
2026-07-19,폴바셋,오산대 DT점,64728,6.4728
2026-07-19,폴바셋,교보문고 합정점,16182,1.6182
2026-07-19,폴바셋,NC타워 삼성점,0,0
2026-07-19,폴바셋,AK플라자 홍대점,0,0
2026-07-19,폴바셋,부산 전포 DT점,31455,3.1455
2026-07-19,폴바셋,송도 트리플스트리트점,0,0
2026-07-19,폴바셋,부산 괴정 DT점,24273,2.4273
2026-07-19,폴바셋,양산 웅상 DT점,16182,1.6182
2026-07-19,폴바셋,파미에스테이션점,16182,1.6182
2026-07-19,폴바셋,롯데아울렛 이시아폴리스점,93807,9.3807
2026-07-19,폴바셋,경주 교동 DT점,55728,5.5728
2026-07-19,폴바셋,김포 구래 DT점,71001,7.1001
2026-07-19,폴바셋,대구 방촌 DT점,16182,1.6182
2026-07-19,폴바셋,광화문 흥국생명점,0,0
2026-07-19,폴바셋,북수원IC DT점,54819,5.4819
2026-07-19,폴바셋,제주 아라 DT점,32364,3.2364
2026-07-19,폴바셋,경산 임당역 DT점,31455,3.1455
2026-07-19,폴바셋,대구 감삼 DT점,56637,5.6637
2026-07-19,폴바셋,GFC점,24273,2.4273
2026-07-19,폴바셋,MBC몰 파크점,38273,3.8273
2026-07-19,폴바셋,현대아울렛 남양주점,88734,8.8734
2026-07-19,폴바셋,부산 대연 DT점,63819,6.3819
2026-07-19,폴바셋,대구 만촌 DT점,24273,2.4273
2026-07-19,폴바셋,천안 구성 DT점,22091,2.2091
2026-07-19,폴바셋,상일동점,15273,1.5273
2026-07-19,폴바셋,광명 철산 DT점,16182,1.6182
2026-07-19,폴바셋,용인시청 DT점,54819,5.4819
2026-07-19,폴바셋,전주 금암 DT점,89637,8.9637
2026-07-19,폴바셋,부산 연산역점,38002,3.8002
2026-07-19,폴바셋,신세계아울렛 시흥점,100279,10.0279
2026-07-19,폴바셋,롯데몰 동부산점,15273,1.5273
2026-07-19,폴바셋,수원 월드컵경기장점,96183,9.6183
2026-07-19,폴바셋,롯데아울렛 김해점,109096,10.9096
2026-07-19,폴바셋,고창 선운사점,147735,14.7735
2026-07-19,폴바셋,송도 SK바이오사이언스점,0,0
2026-07-19,폴바셋,강서 마곡 DT점,24273,2.4273
2026-07-19,폴바셋,부산 금곡 강변점,122462,12.2462
2026-07-19,폴바셋,청주 방서 DT점,45727,4.5727
2026-07-19,폴바셋,롯데아울렛 이천점,90823,9.0823
2026-07-19,폴바셋,증미역점,71910,7.191
2026-07-19,폴바셋,롯데백화점 중동점,92188,9.2188
2026-07-19,폴바셋,평택 소사 DT점,143056,14.3056
2026-07-19,폴바셋,여의도 국회대로점,63819,6.3819
2026-07-19,폴바셋,반포 쌍동빌딩점,24273,2.4273
2026-07-19,폴바셋,혜화역점,78728,7.8728
2026-07-19,폴바셋,송도 센트럴파크점,79092,7.9092
2026-07-19,폴바셋,영등포 타임스퀘어점,64728,6.4728
2026-07-19,폴바셋,수서역점,23364,2.3364
2026-07-19,폴바셋,코엑스몰점,54455,5.4455
2026-07-19,폴바셋,광화문 예금보험공사점,18728,1.8728
2026-07-19,폴바셋,용산 아이파크몰점,180922,18.0922
2026-07-19,폴바셋,해운대 팔라티움점,266915,26.6915
2026-07-19,폴바셋,롯데백화점 상인점,157964,15.7964
2026-07-19,폴바셋,여의도 현대카드점,0,0
2026-07-19,폴바셋,연세와병원점,84240,8.424
2026-07-19,폴바셋,압구정2호점,136460,13.646
2026-07-19,폴바셋,선릉역 동훈타워점,21182,2.1182
2026-07-19,폴바셋,한남 커피스테이션,146281,14.6281
2026-07-19,폴바셋,강서 부민병원점,45459,4.5459
2026-07-19,폴바셋,현대백화점 미아점,174181,17.4181
2026-07-19,폴바셋,코리아나호텔점,38637,3.8637
2026-07-19,폴바셋,강남삼성타운점,135914,13.5914
2026-07-19,폴바셋,종각역점,34546,3.4546
2026-07-19,폴바셋,청담역점,140825,14.0825
2026-07-19,폴바셋,대구 수성못점,265378,26.5378
2026-07-19,폴바셋,강남역 삼성화재점,140646,14.0646
2026-07-19,폴바셋,신세계 센텀시티몰점,214558,21.4558
2026-07-19,폴바셋,교대역점,84368,8.4368
2026-07-19,폴바셋,페럼타워점,31183,3.1183
2026-07-19,폴바셋,스타필드빌리지 운정점,213831,21.3831
2026-07-19,폴바셋,인천 송도 DT점,179104,17.9104
2026-07-19,폴바셋,청량리역점,300030,30.003
2026-07-19,폴바셋,광교엘포트몰점,249861,24.9861
2026-07-19,폴바셋,광화문 G타워점,150789,15.0789
2026-07-19,폴바셋,파르나스몰점,170827,17.0827
2026-07-19,폴바셋,광교 경기도청점,238580,23.858
2026-07-19,폴바셋,수원컨트리클럽점,247646,24.7646
2026-07-19,폴바셋,갤러리아 광교점,340648,34.0648
2026-07-19,폴바셋,현대아울렛 김포점,396115,39.6115
2026-07-19,폴바셋,대치역점,203281,20.3281
2026-07-19,폴바셋,일산 마두점,249284,24.9284
2026-07-19,폴바셋,여의도 부국증권점,180918,18.0918
2026-07-19,폴바셋,교보문고 강남점,416481,41.6481
2026-07-19,폴바셋,을지로 파인에비뉴점,439299,43.9299
2026-07-19,폴바셋,여의도 IFC몰점,500666,50.0666
2026-07-19,폴바셋,산본역점,402569,40.2569
2026-07-19,폴바셋,인천공항 T1 입국점,502848,50.2848
2026-07-19,폴바셋,영종도 파라다이스시티점,444420,44.442
2026-07-19,폴바셋,제주공항 국내선점,933823,93.3823
2026-07-19,폴바셋,연세암병원점,52282,5.2282
2026-07-19,폴바셋,고대구로병원점,246556,24.6556
2026-07-19,폴바셋,강남구청역점,399220,39.922
2026-07-19,폴바셋,강남점,631522,63.1522
2026-07-19,폴바셋,인천공항 T2 입국점,977366,97.7366
2026-07-19,폴바셋,사당 파스텔시티점,773125,77.3125
2026-07-19,폴바셋,일원역점,1364518,136.4518
2026-07-19,폴바셋,광화문점,1753110,175.311
2026-07-20,폴바셋,신세계백화점 광주점,0,0
2026-07-20,폴바셋,롯데백화점 동탄점,0,0
2026-07-20,폴바셋,스타필드 하남 2호점,0,0
2026-07-20,폴바셋,신세계백화점 대구 1호점,0,0
2026-07-20,폴바셋,롯데백화점 노원점,0,0
2026-07-20,폴바셋,스타필드 수원점,0,0
2026-07-20,폴바셋,롯데백화점 대구점,0,0
2026-07-20,폴바셋,롯데백화점 부산본점,0,0
2026-07-20,폴바셋,대전엑스포 스카이점,0,0
2026-07-20,폴바셋,현대모터스튜디오 서울점,0,0
2026-07-20,폴바셋,광화문 디타워점,0,0
2026-07-20,폴바셋,제주 용담 DT점,0,0
2026-07-20,폴바셋,롯데마트 서초점,0,0
2026-07-20,폴바셋,삼성전자 평택점,0,0
2026-07-20,폴바셋,갤러리아 타임월드점,0,0
2026-07-20,폴바셋,롯데백화점 관악점,0,0
2026-07-20,폴바셋,롯데월드몰점,0,0
2026-07-20,폴바셋,스타필드 안성점,17727,1.7727
2026-07-20,폴바셋,롯데아울렛 남악점,15273,1.5273
2026-07-20,폴바셋,롯데백화점 평촌점,0,0
2026-07-20,폴바셋,롯데백화점 광주점,0,0
2026-07-20,폴바셋,현대백화점 충청점,0,0
2026-07-20,폴바셋,현대백화점 천호점,0,0
2026-07-20,폴바셋,신세계백화점 의정부점,0,0
2026-07-20,폴바셋,신세계백화점 센텀시티점,0,0
2026-07-20,폴바셋,삼성전자 온양캠퍼스점,10182,1.0182
2026-07-20,폴바셋,현대백화점 울산점,15273,1.5273
2026-07-20,폴바셋,포항 영일대 DT점,23364,2.3364
2026-07-20,폴바셋,롯데백화점 창원점,14364,1.4364
2026-07-20,폴바셋,AK플라자 수원점,22455,2.2455
2026-07-20,폴바셋,더현대 대구점,31455,3.1455
2026-07-20,폴바셋,스타필드시티 위례점,0,0
2026-07-20,폴바셋,현대아울렛 대전점,7182,0.7182
2026-07-20,폴바셋,스타필드 고양 1호점,8091,0.8091
2026-07-20,폴바셋,롯데아울렛 기흥점,9001,0.9001
2026-07-20,폴바셋,롯데백화점 김포공항점,14364,1.4364
2026-07-20,폴바셋,롯데백화점 대전점,0,0
2026-07-20,폴바셋,마산 회원 DT점,31455,3.1455
2026-07-20,폴바셋,롯데아울렛 광주수완점,23364,2.3364
2026-07-20,폴바셋,한국경제신문사점,30546,3.0546
2026-07-20,폴바셋,신세계 사우스시티점,0,0
2026-07-20,폴바셋,삼성 DSR점,39546,3.9546
2026-07-20,폴바셋,신세계백화점 대구 2호점,0,0
2026-07-20,폴바셋,뉴코아 강남점,46728,4.6728
2026-07-20,폴바셋,롯데백화점 울산점,26821,2.6821
2026-07-20,폴바셋,AK플라자 광명점,24409,2.4409
2026-07-20,폴바셋,롯데백화점 강남점,23364,2.3364
2026-07-20,폴바셋,마산 해안대로 DT점,29636,2.9636
2026-07-20,폴바셋,여의도점,23364,2.3364
2026-07-20,폴바셋,구미 봉곡 DT점,15273,1.5273
2026-07-20,폴바셋,스타필드 하남 1호점,23364,2.3364
2026-07-20,폴바셋,롯데백화점 잠실점,38637,3.8637
2026-07-20,폴바셋,종로 G1점,25728,2.5728
2026-07-20,폴바셋,롯데월드 아이스링크점,16182,1.6182
2026-07-20,폴바셋,롯데몰 은평점,31455,3.1455
2026-07-20,폴바셋,롯데몰 수지점,38637,3.8637
2026-07-20,폴바셋,구로 G타워점,31455,3.1455
2026-07-20,폴바셋,경산 옥곡 DT점,15273,1.5273
2026-07-20,폴바셋,롯데백화점 광복점,32548,3.2548
2026-07-20,폴바셋,서소문점,46728,4.6728
2026-07-20,폴바셋,인스파이어점,0,0
2026-07-20,폴바셋,롯데백화점 본점,28364,2.8364
2026-07-20,폴바셋,오산대 DT점,53910,5.391
2026-07-20,폴바셋,교보문고 합정점,31455,3.1455
2026-07-20,폴바셋,NC타워 삼성점,67937,6.7937
2026-07-20,폴바셋,AK플라자 홍대점,53910,5.391
2026-07-20,폴바셋,부산 전포 DT점,45819,4.5819
2026-07-20,폴바셋,송도 트리플스트리트점,14364,1.4364
2026-07-20,폴바셋,부산 괴정 DT점,24273,2.4273
2026-07-20,폴바셋,양산 웅상 DT점,80001,8.0001
2026-07-20,폴바셋,파미에스테이션점,32364,3.2364
2026-07-20,폴바셋,롯데아울렛 이시아폴리스점,61094,6.1094
2026-07-20,폴바셋,경주 교동 DT점,30546,3.0546
2026-07-20,폴바셋,김포 구래 DT점,38637,3.8637
2026-07-20,폴바셋,대구 방촌 DT점,62910,6.291
2026-07-20,폴바셋,광화문 흥국생명점,78183,7.8183
2026-07-20,폴바셋,북수원IC DT점,55728,5.5728
2026-07-20,폴바셋,제주 아라 DT점,31455,3.1455
2026-07-20,폴바셋,경산 임당역 DT점,49964,4.9964
2026-07-20,폴바셋,대구 감삼 DT점,8091,0.8091
2026-07-20,폴바셋,GFC점,61092,6.1092
2026-07-20,폴바셋,MBC몰 파크점,43273,4.3273
2026-07-20,폴바셋,현대아울렛 남양주점,36456,3.6456
2026-07-20,폴바셋,부산 대연 DT점,71001,7.1001
2026-07-20,폴바셋,대구 만촌 DT점,70092,7.0092
2026-07-20,폴바셋,천안 구성 DT점,11818,1.1818
2026-07-20,폴바셋,상일동점,24273,2.4273
2026-07-20,폴바셋,광명 철산 DT점,62001,6.2001
2026-07-20,폴바셋,용인시청 DT점,54819,5.4819
2026-07-20,폴바셋,전주 금암 DT점,90001,9.0001
2026-07-20,폴바셋,부산 연산역점,86823,8.6823
2026-07-20,폴바셋,신세계아울렛 시흥점,57912,5.7912
2026-07-20,폴바셋,롯데몰 동부산점,16182,1.6182
2026-07-20,폴바셋,수원 월드컵경기장점,79092,7.9092
2026-07-20,폴바셋,롯데아울렛 김해점,82459,8.2459
2026-07-20,폴바셋,고창 선운사점,27821,2.7821
2026-07-20,폴바셋,송도 SK바이오사이언스점,61639,6.1639
2026-07-20,폴바셋,강서 마곡 DT점,109638,10.9638
2026-07-20,폴바셋,부산 금곡 강변점,109096,10.9096
2026-07-20,폴바셋,청주 방서 DT점,28364,2.8364
2026-07-20,폴바셋,롯데아울렛 이천점,38637,3.8637
2026-07-20,폴바셋,증미역점,108186,10.8186
2026-07-20,폴바셋,롯데백화점 중동점,58004,5.8004
2026-07-20,폴바셋,평택 소사 DT점,63819,6.3819
2026-07-20,폴바셋,여의도 국회대로점,39546,3.9546
2026-07-20,폴바셋,반포 쌍동빌딩점,57273,5.7273
2026-07-20,폴바셋,혜화역점,14364,1.4364
2026-07-20,폴바셋,송도 센트럴파크점,117729,11.7729
2026-07-20,폴바셋,영등포 타임스퀘어점,29637,2.9637
2026-07-20,폴바셋,수서역점,54819,5.4819
2026-07-20,폴바셋,코엑스몰점,58910,5.891
2026-07-20,폴바셋,광화문 예금보험공사점,108592,10.8592
2026-07-20,폴바셋,용산 아이파크몰점,140643,14.0643
2026-07-20,폴바셋,해운대 팔라티움점,179280,17.928
2026-07-20,폴바셋,롯데백화점 상인점,151191,15.1191
2026-07-20,폴바셋,여의도 현대카드점,179932,17.9932
2026-07-20,폴바셋,연세와병원점,180915,18.0915
2026-07-20,폴바셋,압구정2호점,147369,14.7369
2026-07-20,폴바셋,선릉역 동훈타워점,130189,13.0189
2026-07-20,폴바셋,한남 커피스테이션,162335,16.2335
2026-07-20,폴바셋,강서 부민병원점,224461,22.4461
2026-07-20,폴바셋,현대백화점 미아점,155370,15.537
2026-07-20,폴바셋,코리아나호텔점,114183,11.4183
2026-07-20,폴바셋,강남삼성타운점,338214,33.8214
2026-07-20,폴바셋,종각역점,263287,26.3287
2026-07-20,폴바셋,청담역점,200556,20.0556
2026-07-20,폴바셋,대구 수성못점,166009,16.6009
2026-07-20,폴바셋,강남역 삼성화재점,251740,25.174
2026-07-20,폴바셋,신세계 센텀시티몰점,314925,31.4925
2026-07-20,폴바셋,교대역점,209559,20.9559
2026-07-20,폴바셋,페럼타워점,243196,24.3196
2026-07-20,폴바셋,스타필드빌리지 운정점,196464,19.6464
2026-07-20,폴바셋,인천 송도 DT점,218575,21.8575
2026-07-20,폴바셋,청량리역점,176106,17.6106
2026-07-20,폴바셋,광교엘포트몰점,234915,23.4915
2026-07-20,폴바셋,광화문 G타워점,244921,24.4921
2026-07-20,폴바셋,파르나스몰점,268286,26.8286
2026-07-20,폴바셋,광교 경기도청점,335913,33.5913
2026-07-20,폴바셋,수원컨트리클럽점,213173,21.3173
2026-07-20,폴바셋,갤러리아 광교점,0,0
2026-07-20,폴바셋,현대아울렛 김포점,179919,17.9919
2026-07-20,폴바셋,대치역점,340196,34.0196
2026-07-20,폴바셋,일산 마두점,251468,25.1468
2026-07-20,폴바셋,여의도 부국증권점,453014,45.3014
2026-07-20,폴바셋,교보문고 강남점,396110,39.611
2026-07-20,폴바셋,을지로 파인에비뉴점,417449,41.7449
2026-07-20,폴바셋,여의도 IFC몰점,438751,43.8751
2026-07-20,폴바셋,산본역점,391663,39.1663
2026-07-20,폴바셋,인천공항 T1 입국점,489579,48.9579
2026-07-20,폴바셋,영종도 파라다이스시티점,473546,47.3546
2026-07-20,폴바셋,제주공항 국내선점,1346006,134.6006
2026-07-20,폴바셋,연세암병원점,888390,88.839
2026-07-20,폴바셋,고대구로병원점,941218,94.1218
2026-07-20,폴바셋,강남구청역점,846211,84.6211
2026-07-20,폴바셋,강남점,885824,88.5824
2026-07-20,폴바셋,인천공항 T2 입국점,940174,94.0174
2026-07-20,폴바셋,사당 파스텔시티점,1021140,102.114
2026-07-20,폴바셋,일원역점,1240589,124.0589
2026-07-20,폴바셋,광화문점,2477985,247.7985
2026-07-21,폴바셋,신세계백화점 광주점,0,0
2026-07-21,폴바셋,롯데백화점 동탄점,0,0
2026-07-21,폴바셋,스타필드 하남 2호점,0,0
2026-07-21,폴바셋,신세계백화점 대구 1호점,0,0
2026-07-21,폴바셋,롯데백화점 노원점,0,0
2026-07-21,폴바셋,스타필드 수원점,0,0
2026-07-21,폴바셋,롯데백화점 대구점,0,0
2026-07-21,폴바셋,롯데백화점 부산본점,0,0
2026-07-21,폴바셋,대전엑스포 스카이점,0,0
2026-07-21,폴바셋,현대모터스튜디오 서울점,0,0
2026-07-21,폴바셋,광화문 디타워점,0,0
2026-07-21,폴바셋,제주 용담 DT점,0,0
2026-07-21,폴바셋,롯데마트 서초점,0,0
2026-07-21,폴바셋,삼성전자 평택점,0,0
2026-07-21,폴바셋,갤러리아 타임월드점,0,0
2026-07-21,폴바셋,롯데백화점 관악점,0,0
2026-07-21,폴바셋,롯데월드몰점,0,0
2026-07-21,폴바셋,스타필드 안성점,11818,1.1818
2026-07-21,폴바셋,롯데아울렛 남악점,8091,0.8091
2026-07-21,폴바셋,롯데백화점 평촌점,0,0
2026-07-21,폴바셋,롯데백화점 광주점,7182,0.7182
2026-07-21,폴바셋,현대백화점 충청점,23364,2.3364
2026-07-21,폴바셋,현대백화점 천호점,0,0
2026-07-21,폴바셋,신세계백화점 의정부점,7182,0.7182
2026-07-21,폴바셋,신세계백화점 센텀시티점,7182,0.7182
2026-07-21,폴바셋,삼성전자 온양캠퍼스점,23547,2.3547
2026-07-21,폴바셋,현대백화점 울산점,16182,1.6182
2026-07-21,폴바셋,포항 영일대 DT점,16182,1.6182
2026-07-21,폴바셋,롯데백화점 창원점,22455,2.2455
2026-07-21,폴바셋,AK플라자 수원점,15273,1.5273
2026-07-21,폴바셋,더현대 대구점,16182,1.6182
2026-07-21,폴바셋,스타필드시티 위례점,8091,0.8091
2026-07-21,폴바셋,현대아울렛 대전점,8091,0.8091
2026-07-21,폴바셋,스타필드 고양 1호점,16182,1.6182
2026-07-21,폴바셋,롯데아울렛 기흥점,22729,2.2729
2026-07-21,폴바셋,롯데백화점 김포공항점,14364,1.4364
2026-07-21,폴바셋,롯데백화점 대전점,71001,7.1001
2026-07-21,폴바셋,마산 회원 DT점,16182,1.6182
2026-07-21,폴바셋,롯데아울렛 광주수완점,31455,3.1455
2026-07-21,폴바셋,한국경제신문사점,46728,4.6728
2026-07-21,폴바셋,신세계 사우스시티점,7182,0.7182
2026-07-21,폴바셋,삼성 DSR점,47637,4.7637
2026-07-21,폴바셋,신세계백화점 대구 2호점,16182,1.6182
2026-07-21,폴바셋,뉴코아 강남점,23364,2.3364
2026-07-21,폴바셋,롯데백화점 울산점,16547,1.6547
2026-07-21,폴바셋,AK플라자 광명점,14364,1.4364
2026-07-21,폴바셋,롯데백화점 강남점,30546,3.0546
2026-07-21,폴바셋,마산 해안대로 DT점,30546,3.0546
2026-07-21,폴바셋,여의도점,7182,0.7182
2026-07-21,폴바셋,구미 봉곡 DT점,23364,2.3364
2026-07-21,폴바셋,스타필드 하남 1호점,40455,4.0455
2026-07-21,폴바셋,롯데백화점 잠실점,56637,5.6637
2026-07-21,폴바셋,종로 G1점,22819,2.2819
2026-07-21,폴바셋,롯데월드 아이스링크점,24273,2.4273
2026-07-21,폴바셋,롯데몰 은평점,54819,5.4819
2026-07-21,폴바셋,롯데몰 수지점,54819,5.4819
2026-07-21,폴바셋,구로 G타워점,15273,1.5273
2026-07-21,폴바셋,경산 옥곡 DT점,47637,4.7637
2026-07-21,폴바셋,롯데백화점 광복점,33547,3.3547
2026-07-21,폴바셋,서소문점,16182,1.6182
2026-07-21,폴바셋,인스파이어점,-9000,-0.9
2026-07-21,폴바셋,롯데백화점 본점,41091,4.1091
2026-07-21,폴바셋,오산대 DT점,14364,1.4364
2026-07-21,폴바셋,교보문고 합정점,62910,6.291
2026-07-21,폴바셋,NC타워 삼성점,62910,6.291
2026-07-21,폴바셋,AK플라자 홍대점,46728,4.6728
2026-07-21,폴바셋,부산 전포 DT점,30546,3.0546
2026-07-21,폴바셋,송도 트리플스트리트점,23364,2.3364
2026-07-21,폴바셋,부산 괴정 DT점,53910,5.391
2026-07-21,폴바셋,양산 웅상 DT점,23364,2.3364
2026-07-21,폴바셋,파미에스테이션점,55728,5.5728
2026-07-21,폴바셋,롯데아울렛 이시아폴리스점,69095,6.9095
2026-07-21,폴바셋,경주 교동 DT점,38637,3.8637
2026-07-21,폴바셋,김포 구래 DT점,24273,2.4273
2026-07-21,폴바셋,대구 방촌 DT점,53910,5.391
2026-07-21,폴바셋,광화문 흥국생명점,78183,7.8183
2026-07-21,폴바셋,북수원IC DT점,70092,7.0092
2026-07-21,폴바셋,제주 아라 DT점,63819,6.3819
2026-07-21,폴바셋,경산 임당역 DT점,47637,4.7637
2026-07-21,폴바셋,대구 감삼 DT점,39546,3.9546
2026-07-21,폴바셋,GFC점,102456,10.2456
2026-07-21,폴바셋,MBC몰 파크점,46728,4.6728
2026-07-21,폴바셋,현대아울렛 남양주점,49731,4.9731
2026-07-21,폴바셋,부산 대연 DT점,46728,4.6728
2026-07-21,폴바셋,대구 만촌 DT점,53910,5.391
2026-07-21,폴바셋,천안 구성 DT점,38637,3.8637
2026-07-21,폴바셋,상일동점,174100,17.41
2026-07-21,폴바셋,광명 철산 DT점,32364,3.2364
2026-07-21,폴바셋,용인시청 DT점,46728,4.6728
2026-07-21,폴바셋,전주 금암 DT점,36091,3.6091
2026-07-21,폴바셋,부산 연산역점,118549,11.8549
2026-07-21,폴바셋,신세계아울렛 시흥점,70913,7.0913
2026-07-21,폴바셋,롯데몰 동부산점,38637,3.8637
2026-07-21,폴바셋,수원 월드컵경기장점,46728,4.6728
2026-07-21,폴바셋,롯데아울렛 김해점,53094,5.3094
2026-07-21,폴바셋,고창 선운사점,11274,1.1274
2026-07-21,폴바셋,송도 SK바이오사이언스점,15092,1.5092
2026-07-21,폴바셋,강서 마곡 DT점,85365,8.5365
2026-07-21,폴바셋,부산 금곡 강변점,60547,6.0547
2026-07-21,폴바셋,청주 방서 DT점,64482,6.4482
2026-07-21,폴바셋,롯데아울렛 이천점,28275,2.8275
2026-07-21,폴바셋,증미역점,115366,11.5366
2026-07-21,폴바셋,롯데백화점 중동점,120189,12.0189
2026-07-21,폴바셋,평택 소사 DT점,92547,9.2547
2026-07-21,폴바셋,여의도 국회대로점,144835,14.4835
2026-07-21,폴바셋,반포 쌍동빌딩점,198374,19.8374
2026-07-21,폴바셋,혜화역점,96591,9.6591
2026-07-21,폴바셋,송도 센트럴파크점,77274,7.7274
2026-07-21,폴바셋,영등포 타임스퀘어점,46728,4.6728
2026-07-21,폴바셋,수서역점,211148,21.1148
2026-07-21,폴바셋,코엑스몰점,81001,8.1001
2026-07-21,폴바셋,광화문 예금보험공사점,128434,12.8434
2026-07-21,폴바셋,용산 아이파크몰점,109187,10.9187
2026-07-21,폴바셋,해운대 팔라티움점,174165,17.4165
2026-07-21,폴바셋,롯데백화점 상인점,182462,18.2462
2026-07-21,폴바셋,여의도 현대카드점,167994,16.7994
2026-07-21,폴바셋,연세와병원점,67821,6.7821
2026-07-21,폴바셋,압구정2호점,183277,18.3277
2026-07-21,폴바셋,선릉역 동훈타워점,208463,20.8463
2026-07-21,폴바셋,한남 커피스테이션,150463,15.0463
2026-07-21,폴바셋,강서 부민병원점,243738,24.3738
2026-07-21,폴바셋,현대백화점 미아점,182462,18.2462
2026-07-21,폴바셋,코리아나호텔점,265995,26.5995
2026-07-21,폴바셋,강남삼성타운점,280375,28.0375
2026-07-21,폴바셋,종각역점,232159,23.2159
2026-07-21,폴바셋,청담역점,272959,27.2959
2026-07-21,폴바셋,대구 수성못점,195645,19.5645
2026-07-21,폴바셋,강남역 삼성화재점,183191,18.3191
2026-07-21,폴바셋,신세계 센텀시티몰점,177466,17.7466
2026-07-21,폴바셋,교대역점,302557,30.2557
2026-07-21,폴바셋,페럼타워점,406280,40.628
2026-07-21,폴바셋,스타필드빌리지 운정점,236342,23.6342
2026-07-21,폴바셋,인천 송도 DT점,238017,23.8017
2026-07-21,폴바셋,청량리역점,233838,23.3838
2026-07-21,폴바셋,광교엘포트몰점,278191,27.8191
2026-07-21,폴바셋,광화문 G타워점,198282,19.8282
2026-07-21,폴바셋,파르나스몰점,254613,25.4613
2026-07-21,폴바셋,광교 경기도청점,259375,25.9375
2026-07-21,폴바셋,수원컨트리클럽점,284283,28.4283
2026-07-21,폴바셋,갤러리아 광교점,237377,23.7377
2026-07-21,폴바셋,현대아울렛 김포점,157915,15.7915
2026-07-21,폴바셋,대치역점,317833,31.7833
2026-07-21,폴바셋,일산 마두점,421738,42.1738
2026-07-21,폴바셋,여의도 부국증권점,448027,44.8027
2026-07-21,폴바셋,교보문고 강남점,331740,33.174
2026-07-21,폴바셋,을지로 파인에비뉴점,499036,49.9036
2026-07-21,폴바셋,여의도 IFC몰점,542846,54.2846
2026-07-21,폴바셋,산본역점,431937,43.1937
2026-07-21,폴바셋,인천공항 T1 입국점,535585,53.5585
2026-07-21,폴바셋,영종도 파라다이스시티점,397378,39.7378
2026-07-21,폴바셋,제주공항 국내선점,478278,47.8278
2026-07-21,폴바셋,연세암병원점,1038643,103.8643
2026-07-21,폴바셋,고대구로병원점,903214,90.3214
2026-07-21,폴바셋,강남구청역점,953492,95.3492
2026-07-21,폴바셋,강남점,817055,81.7055
2026-07-21,폴바셋,인천공항 T2 입국점,966840,96.684
2026-07-21,폴바셋,사당 파스텔시티점,1090514,109.0514
2026-07-21,폴바셋,일원역점,1497507,149.7507
2026-07-21,폴바셋,광화문점,2505573,250.5573
2026-07-22,폴바셋,신세계백화점 광주점,0,0
2026-07-22,폴바셋,롯데백화점 동탄점,0,0
2026-07-22,폴바셋,스타필드 하남 2호점,0,0
2026-07-22,폴바셋,신세계백화점 대구 1호점,0,0
2026-07-22,폴바셋,롯데백화점 노원점,0,0
2026-07-22,폴바셋,스타필드 수원점,0,0
2026-07-22,폴바셋,롯데백화점 대구점,0,0
2026-07-22,폴바셋,롯데백화점 부산본점,0,0
2026-07-22,폴바셋,대전엑스포 스카이점,0,0
2026-07-22,폴바셋,현대모터스튜디오 서울점,0,0
2026-07-22,폴바셋,광화문 디타워점,0,0
2026-07-22,폴바셋,제주 용담 DT점,0,0
2026-07-22,폴바셋,롯데마트 서초점,0,0
2026-07-22,폴바셋,삼성전자 평택점,0,0
2026-07-22,폴바셋,갤러리아 타임월드점,0,0
2026-07-22,폴바셋,롯데백화점 관악점,0,0
2026-07-22,폴바셋,롯데월드몰점,0,0
2026-07-22,폴바셋,스타필드 안성점,0,0
2026-07-22,폴바셋,롯데아울렛 남악점,0,0
2026-07-22,폴바셋,롯데백화점 평촌점,0,0
2026-07-22,폴바셋,롯데백화점 광주점,15273,1.5273
2026-07-22,폴바셋,현대백화점 충청점,8091,0.8091
2026-07-22,폴바셋,현대백화점 천호점,7182,0.7182
2026-07-22,폴바셋,신세계백화점 의정부점,8091,0.8091
2026-07-22,폴바셋,신세계백화점 센텀시티점,77273,7.7273
2026-07-22,폴바셋,삼성전자 온양캠퍼스점,31909,3.1909
2026-07-22,폴바셋,현대백화점 울산점,7182,0.7182
2026-07-22,폴바셋,포항 영일대 DT점,23364,2.3364
2026-07-22,폴바셋,롯데백화점 창원점,31455,3.1455
2026-07-22,폴바셋,AK플라자 수원점,8091,0.8091
2026-07-22,폴바셋,더현대 대구점,16182,1.6182
2026-07-22,폴바셋,스타필드시티 위례점,8091,0.8091
2026-07-22,폴바셋,현대아울렛 대전점,15273,1.5273
2026-07-22,폴바셋,스타필드 고양 1호점,16182,1.6182
2026-07-22,폴바셋,롯데아울렛 기흥점,11182,1.1182
2026-07-22,폴바셋,롯데백화점 김포공항점,16182,1.6182
2026-07-22,폴바셋,롯데백화점 대전점,8091,0.8091
2026-07-22,폴바셋,마산 회원 DT점,16182,1.6182
2026-07-22,폴바셋,롯데아울렛 광주수완점,15273,1.5273
2026-07-22,폴바셋,한국경제신문사점,15273,1.5273
2026-07-22,폴바셋,신세계 사우스시티점,30546,3.0546
2026-07-22,폴바셋,삼성 DSR점,31455,3.1455
2026-07-22,폴바셋,신세계백화점 대구 2호점,40455,4.0455
2026-07-22,폴바셋,뉴코아 강남점,14364,1.4364
2026-07-22,폴바셋,롯데백화점 울산점,20001,2.0001
2026-07-22,폴바셋,AK플라자 광명점,26182,2.6182
2026-07-22,폴바셋,롯데백화점 강남점,30546,3.0546
2026-07-22,폴바셋,마산 해안대로 DT점,31455,3.1455
2026-07-22,폴바셋,여의도점,16182,1.6182
2026-07-22,폴바셋,구미 봉곡 DT점,15273,1.5273
2026-07-22,폴바셋,스타필드 하남 1호점,23364,2.3364
2026-07-22,폴바셋,롯데백화점 잠실점,53910,5.391
2026-07-22,폴바셋,종로 G1점,34366,3.4366
2026-07-22,폴바셋,롯데월드 아이스링크점,31455,3.1455
2026-07-22,폴바셋,롯데몰 은평점,16182,1.6182
2026-07-22,폴바셋,롯데몰 수지점,39546,3.9546
2026-07-22,폴바셋,구로 G타워점,39546,3.9546
2026-07-22,폴바셋,경산 옥곡 DT점,32364,3.2364
2026-07-22,폴바셋,롯데백화점 광복점,51639,5.1639
2026-07-22,폴바셋,서소문점,62001,6.2001
2026-07-22,폴바셋,인스파이어점,38637,3.8637
2026-07-22,폴바셋,롯데백화점 본점,21182,2.1182
2026-07-22,폴바셋,오산대 DT점,22455,2.2455
2026-07-22,폴바셋,교보문고 합정점,46728,4.6728
2026-07-22,폴바셋,NC타워 삼성점,70092,7.0092
2026-07-22,폴바셋,AK플라자 홍대점,37728,3.7728
2026-07-22,폴바셋,부산 전포 DT점,52664,5.2664
2026-07-22,폴바셋,송도 트리플스트리트점,39546,3.9546
2026-07-22,폴바셋,부산 괴정 DT점,54110,5.411
2026-07-22,폴바셋,양산 웅상 DT점,24273,2.4273
2026-07-22,폴바셋,파미에스테이션점,55728,5.5728
2026-07-22,폴바셋,롯데아울렛 이시아폴리스점,20547,2.0547
2026-07-22,폴바셋,경주 교동 DT점,56637,5.6637
2026-07-22,폴바셋,김포 구래 DT점,53001,5.3001
2026-07-22,폴바셋,대구 방촌 DT점,46728,4.6728
2026-07-22,폴바셋,광화문 흥국생명점,85365,8.5365
2026-07-22,폴바셋,북수원IC DT점,8091,0.8091
2026-07-22,폴바셋,제주 아라 DT점,24273,2.4273
2026-07-22,폴바셋,경산 임당역 DT점,70092,7.0092
2026-07-22,폴바셋,대구 감삼 DT점,63819,6.3819
2026-07-22,폴바셋,GFC점,94365,9.4365
2026-07-22,폴바셋,MBC몰 파크점,67000,6.7
2026-07-22,폴바셋,현대아울렛 남양주점,48276,4.8276
2026-07-22,폴바셋,부산 대연 DT점,54819,5.4819
2026-07-22,폴바셋,대구 만촌 DT점,62001,6.2001
2026-07-22,폴바셋,천안 구성 DT점,98456,9.8456
2026-07-22,폴바셋,상일동점,101824,10.1824
2026-07-22,폴바셋,광명 철산 DT점,8091,0.8091
2026-07-22,폴바셋,용인시청 DT점,61092,6.1092
2026-07-22,폴바셋,전주 금암 DT점,40455,4.0455
2026-07-22,폴바셋,부산 연산역점,47093,4.7093
2026-07-22,폴바셋,신세계아울렛 시흥점,43549,4.3549
2026-07-22,폴바셋,롯데몰 동부산점,22455,2.2455
2026-07-22,폴바셋,수원 월드컵경기장점,85665,8.5665
2026-07-22,폴바셋,롯데아울렛 김해점,33456,3.3456
2026-07-22,폴바셋,고창 선운사점,41457,4.1457
2026-07-22,폴바셋,송도 SK바이오사이언스점,23000,2.3
2026-07-22,폴바셋,강서 마곡 DT점,70092,7.0092
2026-07-22,폴바셋,부산 금곡 강변점,69730,6.973
2026-07-22,폴바셋,청주 방서 DT점,78455,7.8455
2026-07-22,폴바셋,롯데아울렛 이천점,58911,5.8911
2026-07-22,폴바셋,증미역점,143914,14.3914
2026-07-22,폴바셋,롯데백화점 중동점,43547,4.3547
2026-07-22,폴바셋,평택 소사 DT점,91638,9.1638
2026-07-22,폴바셋,여의도 국회대로점,101006,10.1006
2026-07-22,폴바셋,반포 쌍동빌딩점,155825,15.5825
2026-07-22,폴바셋,혜화역점,154820,15.482
2026-07-22,폴바셋,송도 센트럴파크점,77274,7.7274
2026-07-22,폴바셋,영등포 타임스퀘어점,88092,8.8092
2026-07-22,폴바셋,수서역점,196125,19.6125
2026-07-22,폴바셋,코엑스몰점,145548,14.5548
2026-07-22,폴바셋,광화문 예금보험공사점,102778,10.2778
2026-07-22,폴바셋,용산 아이파크몰점,95914,9.5914
2026-07-22,폴바셋,해운대 팔라티움점,162571,16.2571
2026-07-22,폴바셋,롯데백화점 상인점,107915,10.7915
2026-07-22,폴바셋,여의도 현대카드점,260800,26.08
2026-07-22,폴바셋,연세와병원점,207733,20.7733
2026-07-22,폴바셋,압구정2호점,86733,8.6733
2026-07-22,폴바셋,선릉역 동훈타워점,170919,17.0919
2026-07-22,폴바셋,한남 커피스테이션,184391,18.4391
2026-07-22,폴바셋,강서 부민병원점,232370,23.237
2026-07-22,폴바셋,현대백화점 미아점,123188,12.3188
2026-07-22,폴바셋,코리아나호텔점,382105,38.2105
2026-07-22,폴바셋,강남삼성타운점,185641,18.5641
2026-07-22,폴바셋,종각역점,307559,30.7559
2026-07-22,폴바셋,청담역점,194645,19.4645
2026-07-22,폴바셋,대구 수성못점,179647,17.9647
2026-07-22,폴바셋,강남역 삼성화재점,241830,24.183
2026-07-22,폴바셋,신세계 센텀시티몰점,113371,11.3371
2026-07-22,폴바셋,교대역점,280279,28.0279
2026-07-22,폴바셋,페럼타워점,331198,33.1198
2026-07-22,폴바셋,스타필드빌리지 운정점,152825,15.2825
2026-07-22,폴바셋,인천 송도 DT점,195194,19.5194
2026-07-22,폴바셋,청량리역점,180010,18.001
2026-07-22,폴바셋,광교엘포트몰점,201552,20.1552
2026-07-22,폴바셋,광화문 G타워점,204098,20.4098
2026-07-22,폴바셋,파르나스몰점,264014,26.4014
2026-07-22,폴바셋,광교 경기도청점,291645,29.1645
2026-07-22,폴바셋,수원컨트리클럽점,252284,25.2284
2026-07-22,폴바셋,갤러리아 광교점,259522,25.9522
2026-07-22,폴바셋,현대아울렛 김포점,234830,23.483
2026-07-22,폴바셋,대치역점,394924,39.4924
2026-07-22,폴바셋,일산 마두점,340473,34.0473
2026-07-22,폴바셋,여의도 부국증권점,621748,62.1748
2026-07-22,폴바셋,교보문고 강남점,421565,42.1565
2026-07-22,폴바셋,을지로 파인에비뉴점,547756,54.7756
2026-07-22,폴바셋,여의도 IFC몰점,495209,49.5209
2026-07-22,폴바셋,산본역점,464298,46.4298
2026-07-22,폴바셋,인천공항 T1 입국점,569941,56.9941
2026-07-22,폴바셋,영종도 파라다이스시티점,459294,45.9294
2026-07-22,폴바셋,제주공항 국내선점,691368,69.1368
2026-07-22,폴바셋,연세암병원점,1018778,101.8778
2026-07-22,폴바셋,고대구로병원점,1115486,111.5486
2026-07-22,폴바셋,강남구청역점,850502,85.0502
2026-07-22,폴바셋,강남점,915529,91.5529
2026-07-22,폴바셋,인천공항 T2 입국점,985827,98.5827
2026-07-22,폴바셋,사당 파스텔시티점,1066678,106.6678
2026-07-22,폴바셋,일원역점,1631959,163.1959
2026-07-22,폴바셋,광화문점,2508212,250.8212
2026-07-23,폴바셋,신세계백화점 광주점,0,0
2026-07-23,폴바셋,롯데백화점 동탄점,0,0
2026-07-23,폴바셋,스타필드 하남 2호점,0,0
2026-07-23,폴바셋,신세계백화점 대구 1호점,0,0
2026-07-23,폴바셋,롯데백화점 노원점,0,0
2026-07-23,폴바셋,스타필드 수원점,0,0
2026-07-23,폴바셋,롯데백화점 대구점,0,0
2026-07-23,폴바셋,롯데백화점 부산본점,0,0
2026-07-23,폴바셋,대전엑스포 스카이점,0,0
2026-07-23,폴바셋,현대모터스튜디오 서울점,0,0
2026-07-23,폴바셋,광화문 디타워점,0,0
2026-07-23,폴바셋,제주 용담 DT점,0,0
2026-07-23,폴바셋,롯데마트 서초점,0,0
2026-07-23,폴바셋,삼성전자 평택점,0,0
2026-07-23,폴바셋,갤러리아 타임월드점,8091,0.8091
2026-07-23,폴바셋,롯데백화점 관악점,8091,0.8091
2026-07-23,폴바셋,롯데월드몰점,0,0
2026-07-23,폴바셋,스타필드 안성점,17727,1.7727
2026-07-23,폴바셋,롯데아울렛 남악점,15273,1.5273
2026-07-23,폴바셋,롯데백화점 평촌점,0,0
2026-07-23,폴바셋,롯데백화점 광주점,7182,0.7182
2026-07-23,폴바셋,현대백화점 충청점,0,0
2026-07-23,폴바셋,현대백화점 천호점,15273,1.5273
2026-07-23,폴바셋,신세계백화점 의정부점,7182,0.7182
2026-07-23,폴바셋,신세계백화점 센텀시티점,15273,1.5273
2026-07-23,폴바셋,삼성전자 온양캠퍼스점,7728,0.7728
2026-07-23,폴바셋,현대백화점 울산점,32364,3.2364
2026-07-23,폴바셋,포항 영일대 DT점,8091,0.8091
2026-07-23,폴바셋,롯데백화점 창원점,7182,0.7182
2026-07-23,폴바셋,AK플라자 수원점,8091,0.8091
2026-07-23,폴바셋,더현대 대구점,8091,0.8091
2026-07-23,폴바셋,스타필드시티 위례점,31455,3.1455
2026-07-23,폴바셋,현대아울렛 대전점,22455,2.2455
2026-07-23,폴바셋,스타필드 고양 1호점,15273,1.5273
2026-07-23,폴바셋,롯데아울렛 기흥점,8455,0.8455
2026-07-23,폴바셋,롯데백화점 김포공항점,8091,0.8091
2026-07-23,폴바셋,롯데백화점 대전점,23364,2.3364
2026-07-23,폴바셋,마산 회원 DT점,38637,3.8637
2026-07-23,폴바셋,롯데아울렛 광주수완점,23364,2.3364
2026-07-23,폴바셋,한국경제신문사점,45819,4.5819
2026-07-23,폴바셋,신세계 사우스시티점,15273,1.5273
2026-07-23,폴바셋,삼성 DSR점,29637,2.9637
2026-07-23,폴바셋,신세계백화점 대구 2호점,32364,3.2364
2026-07-23,폴바셋,뉴코아 강남점,30546,3.0546
2026-07-23,폴바셋,롯데백화점 울산점,57058,5.7058
2026-07-23,폴바셋,AK플라자 광명점,71719,7.1719
2026-07-23,폴바셋,롯데백화점 강남점,36819,3.6819
2026-07-23,폴바셋,마산 해안대로 DT점,23364,2.3364
2026-07-23,폴바셋,여의도점,38637,3.8637
2026-07-23,폴바셋,구미 봉곡 DT점,30546,3.0546
2026-07-23,폴바셋,스타필드 하남 1호점,16182,1.6182
2026-07-23,폴바셋,롯데백화점 잠실점,23364,2.3364
2026-07-23,폴바셋,종로 G1점,48640,4.864
2026-07-23,폴바셋,롯데월드 아이스링크점,31455,3.1455
2026-07-23,폴바셋,롯데몰 은평점,30546,3.0546
2026-07-23,폴바셋,롯데몰 수지점,37728,3.7728
2026-07-23,폴바셋,구로 G타워점,39546,3.9546
2026-07-23,폴바셋,경산 옥곡 DT점,39546,3.9546
2026-07-23,폴바셋,롯데백화점 광복점,52638,5.2638
2026-07-23,폴바셋,서소문점,39546,3.9546
2026-07-23,폴바셋,인스파이어점,30546,3.0546
2026-07-23,폴바셋,롯데백화점 본점,29273,2.9273
2026-07-23,폴바셋,오산대 DT점,62910,6.291
2026-07-23,폴바셋,교보문고 합정점,24273,2.4273
2026-07-23,폴바셋,NC타워 삼성점,70092,7.0092
2026-07-23,폴바셋,AK플라자 홍대점,46728,4.6728
2026-07-23,폴바셋,부산 전포 DT점,23364,2.3364
2026-07-23,폴바셋,송도 트리플스트리트점,24273,2.4273
2026-07-23,폴바셋,부산 괴정 DT점,55728,5.5728
2026-07-23,폴바셋,양산 웅상 DT점,47637,4.7637
2026-07-23,폴바셋,파미에스테이션점,31455,3.1455
2026-07-23,폴바셋,롯데아울렛 이시아폴리스점,115186,11.5186
2026-07-23,폴바셋,경주 교동 DT점,71001,7.1001
2026-07-23,폴바셋,김포 구래 DT점,40455,4.0455
2026-07-23,폴바셋,대구 방촌 DT점,16182,1.6182
2026-07-23,폴바셋,광화문 흥국생명점,63819,6.3819
2026-07-23,폴바셋,북수원IC DT점,45819,4.5819
2026-07-23,폴바셋,제주 아라 DT점,94365,9.4365
2026-07-23,폴바셋,경산 임당역 DT점,23364,2.3364
2026-07-23,폴바셋,대구 감삼 DT점,37728,3.7728
2026-07-23,폴바셋,GFC점,62910,6.291
2026-07-23,폴바셋,MBC몰 파크점,116456,11.6456
2026-07-23,폴바셋,현대아울렛 남양주점,51274,5.1274
2026-07-23,폴바셋,부산 대연 DT점,37728,3.7728
2026-07-23,폴바셋,대구 만촌 DT점,86274,8.6274
2026-07-23,폴바셋,천안 구성 DT점,37364,3.7364
2026-07-23,폴바셋,상일동점,165644,16.5644
2026-07-23,폴바셋,광명 철산 DT점,62910,6.291
2026-07-23,폴바셋,용인시청 DT점,68274,6.8274
2026-07-23,폴바셋,전주 금암 DT점,108729,10.8729
2026-07-23,폴바셋,부산 연산역점,103368,10.3368
2026-07-23,폴바셋,신세계아울렛 시흥점,63732,6.3732
2026-07-23,폴바셋,롯데몰 동부산점,16182,1.6182
2026-07-23,폴바셋,수원 월드컵경기장점,62910,6.291
2026-07-23,폴바셋,롯데아울렛 김해점,66731,6.6731
2026-07-23,폴바셋,고창 선운사점,38732,3.8732
2026-07-23,폴바셋,송도 SK바이오사이언스점,45638,4.5638
2026-07-23,폴바셋,강서 마곡 DT점,93456,9.3456
2026-07-23,폴바셋,부산 금곡 강변점,47365,4.7365
2026-07-23,폴바셋,청주 방서 DT점,41091,4.1091
2026-07-23,폴바셋,롯데아울렛 이천점,88823,8.8823
2026-07-23,폴바셋,증미역점,84694,8.4694
2026-07-23,폴바셋,롯데백화점 중동점,70820,7.082
2026-07-23,폴바셋,평택 소사 DT점,124911,12.4911
2026-07-23,폴바셋,여의도 국회대로점,144915,14.4915
2026-07-23,폴바셋,반포 쌍동빌딩점,196100,19.61
2026-07-23,폴바셋,혜화역점,96274,9.6274
2026-07-23,폴바셋,송도 센트럴파크점,53910,5.391
2026-07-23,폴바셋,영등포 타임스퀘어점,53910,5.391
2026-07-23,폴바셋,수서역점,242283,24.2283
2026-07-23,폴바셋,코엑스몰점,118910,11.891
2026-07-23,폴바셋,광화문 예금보험공사점,143741,14.3741
2026-07-23,폴바셋,용산 아이파크몰점,117914,11.7914
2026-07-23,폴바셋,해운대 팔라티움점,218827,21.8827
2026-07-23,폴바셋,롯데백화점 상인점,154373,15.4373
2026-07-23,폴바셋,여의도 현대카드점,183137,18.3137
2026-07-23,폴바셋,연세와병원점,48458,4.8458
2026-07-23,폴바셋,압구정2호점,151099,15.1099
2026-07-23,폴바셋,선릉역 동훈타워점,253644,25.3644
2026-07-23,폴바셋,한남 커피스테이션,219374,21.9374
2026-07-23,폴바셋,강서 부민병원점,193735,19.3735
2026-07-23,폴바셋,현대백화점 미아점,161735,16.1735
2026-07-23,폴바셋,코리아나호텔점,403316,40.3316
2026-07-23,폴바셋,강남삼성타운점,216737,21.6737
2026-07-23,폴바셋,종각역점,279924,27.9924
2026-07-23,폴바셋,청담역점,153283,15.3283
2026-07-23,폴바셋,대구 수성못점,109826,10.9826
2026-07-23,폴바셋,강남역 삼성화재점,228553,22.8553
2026-07-23,폴바셋,신세계 센텀시티몰점,186828,18.6828
2026-07-23,폴바셋,교대역점,211311,21.1311
2026-07-23,폴바셋,페럼타워점,284562,28.4562
2026-07-23,폴바셋,스타필드빌리지 운정점,219555,21.9555
2026-07-23,폴바셋,인천 송도 DT점,222380,22.238
2026-07-23,폴바셋,청량리역점,204740,20.474
2026-07-23,폴바셋,광교엘포트몰점,289831,28.9831
2026-07-23,폴바셋,광화문 G타워점,258283,25.8283
2026-07-23,폴바셋,파르나스몰점,243651,24.3651
2026-07-23,폴바셋,광교 경기도청점,355556,35.5556
2026-07-23,폴바셋,수원컨트리클럽점,273105,27.3105
2026-07-23,폴바셋,갤러리아 광교점,125911,12.5911
2026-07-23,폴바셋,현대아울렛 김포점,260553,26.0553
2026-07-23,폴바셋,대치역점,281649,28.1649
2026-07-23,폴바셋,일산 마두점,376381,37.6381
2026-07-23,폴바셋,여의도 부국증권점,405834,40.5834
2026-07-23,폴바셋,교보문고 강남점,359285,35.9285
2026-07-23,폴바셋,을지로 파인에비뉴점,530388,53.0388
2026-07-23,폴바셋,여의도 IFC몰점,457301,45.7301
2026-07-23,폴바셋,산본역점,422204,42.2204
2026-07-23,폴바셋,인천공항 T1 입국점,484668,48.4668
2026-07-23,폴바셋,영종도 파라다이스시티점,567298,56.7298
2026-07-23,폴바셋,제주공항 국내선점,533920,53.392
2026-07-23,폴바셋,연세암병원점,883706,88.3706
2026-07-23,폴바셋,고대구로병원점,1044581,104.4581
2026-07-23,폴바셋,강남구청역점,772807,77.2807
2026-07-23,폴바셋,강남점,922393,92.2393
2026-07-23,폴바셋,인천공항 T2 입국점,916542,91.6542
2026-07-23,폴바셋,사당 파스텔시티점,994325,99.4325
2026-07-23,폴바셋,일원역점,1480681,148.0681
2026-07-23,폴바셋,광화문점,2673222,267.3222
2026-07-24,폴바셋,신세계백화점 광주점,0,0
2026-07-24,폴바셋,롯데백화점 동탄점,0,0
2026-07-24,폴바셋,스타필드 하남 2호점,0,0
2026-07-24,폴바셋,신세계백화점 대구 1호점,0,0
2026-07-24,폴바셋,롯데백화점 노원점,0,0
2026-07-24,폴바셋,스타필드 수원점,0,0
2026-07-24,폴바셋,롯데백화점 대구점,0,0
2026-07-24,폴바셋,롯데백화점 부산본점,0,0
2026-07-24,폴바셋,대전엑스포 스카이점,0,0
2026-07-24,폴바셋,현대모터스튜디오 서울점,0,0
2026-07-24,폴바셋,광화문 디타워점,0,0
2026-07-24,폴바셋,제주 용담 DT점,0,0
2026-07-24,폴바셋,롯데마트 서초점,0,0
2026-07-24,폴바셋,삼성전자 평택점,0,0
2026-07-24,폴바셋,갤러리아 타임월드점,0,0
2026-07-24,폴바셋,롯데백화점 관악점,8091,0.8091
2026-07-24,폴바셋,롯데월드몰점,0,0
2026-07-24,폴바셋,스타필드 안성점,5909,0.5909
2026-07-24,폴바셋,롯데아울렛 남악점,0,0
2026-07-24,폴바셋,롯데백화점 평촌점,0,0
2026-07-24,폴바셋,롯데백화점 광주점,15273,1.5273
2026-07-24,폴바셋,현대백화점 충청점,31455,3.1455
2026-07-24,폴바셋,현대백화점 천호점,7182,0.7182
2026-07-24,폴바셋,신세계백화점 의정부점,8091,0.8091
2026-07-24,폴바셋,신세계백화점 센텀시티점,24273,2.4273
2026-07-24,폴바셋,삼성전자 온양캠퍼스점,41819,4.1819
2026-07-24,폴바셋,현대백화점 울산점,15273,1.5273
2026-07-24,폴바셋,포항 영일대 DT점,24273,2.4273
2026-07-24,폴바셋,롯데백화점 창원점,0,0
2026-07-24,폴바셋,AK플라자 수원점,16182,1.6182
2026-07-24,폴바셋,더현대 대구점,16182,1.6182
2026-07-24,폴바셋,스타필드시티 위례점,15273,1.5273
2026-07-24,폴바셋,현대아울렛 대전점,8091,0.8091
2026-07-24,폴바셋,스타필드 고양 1호점,24273,2.4273
2026-07-24,폴바셋,롯데아울렛 기흥점,17728,1.7728
2026-07-24,폴바셋,롯데백화점 김포공항점,30546,3.0546
2026-07-24,폴바셋,롯데백화점 대전점,8091,0.8091
2026-07-24,폴바셋,마산 회원 DT점,30546,3.0546
2026-07-24,폴바셋,롯데아울렛 광주수완점,23364,2.3364
2026-07-24,폴바셋,한국경제신문사점,0,0
2026-07-24,폴바셋,신세계 사우스시티점,38637,3.8637
2026-07-24,폴바셋,삼성 DSR점,22455,2.2455
2026-07-24,폴바셋,신세계백화점 대구 2호점,0,0
2026-07-24,폴바셋,뉴코아 강남점,16182,1.6182
2026-07-24,폴바셋,롯데백화점 울산점,31730,3.173
2026-07-24,폴바셋,AK플라자 광명점,28364,2.8364
2026-07-24,폴바셋,롯데백화점 강남점,24273,2.4273
2026-07-24,폴바셋,마산 해안대로 DT점,47637,4.7637
2026-07-24,폴바셋,여의도점,22455,2.2455
2026-07-24,폴바셋,구미 봉곡 DT점,39546,3.9546
2026-07-24,폴바셋,스타필드 하남 1호점,32364,3.2364
2026-07-24,폴바셋,롯데백화점 잠실점,22728,2.2728
2026-07-24,폴바셋,종로 G1점,48004,4.8004
2026-07-24,폴바셋,롯데월드 아이스링크점,39546,3.9546
2026-07-24,폴바셋,롯데몰 은평점,79092,7.9092
2026-07-24,폴바셋,롯데몰 수지점,54819,5.4819
2026-07-24,폴바셋,구로 G타워점,30546,3.0546
2026-07-24,폴바셋,경산 옥곡 DT점,60183,6.0183
2026-07-24,폴바셋,롯데백화점 광복점,35820,3.582
2026-07-24,폴바셋,서소문점,39546,3.9546
2026-07-24,폴바셋,인스파이어점,30546,3.0546
2026-07-24,폴바셋,롯데백화점 본점,21182,2.1182
2026-07-24,폴바셋,오산대 DT점,69183,6.9183
2026-07-24,폴바셋,교보문고 합정점,48546,4.8546
2026-07-24,폴바셋,NC타워 삼성점,54819,5.4819
2026-07-24,폴바셋,AK플라자 홍대점,36819,3.6819
2026-07-24,폴바셋,부산 전포 DT점,44001,4.4001
2026-07-24,폴바셋,송도 트리플스트리트점,38637,3.8637
2026-07-24,폴바셋,부산 괴정 DT점,38637,3.8637
2026-07-24,폴바셋,양산 웅상 DT점,40455,4.0455
2026-07-24,폴바셋,파미에스테이션점,54819,5.4819
2026-07-24,폴바셋,롯데아울렛 이시아폴리스점,70822,7.0822
2026-07-24,폴바셋,경주 교동 DT점,15273,1.5273
2026-07-24,폴바셋,김포 구래 DT점,51755,5.1755
2026-07-24,폴바셋,대구 방촌 DT점,47637,4.7637
2026-07-24,폴바셋,광화문 흥국생명점,47637,4.7637
2026-07-24,폴바셋,북수원IC DT점,45819,4.5819
2026-07-24,폴바셋,제주 아라 DT점,40455,4.0455
2026-07-24,폴바셋,경산 임당역 DT점,39546,3.9546
2026-07-24,폴바셋,대구 감삼 DT점,46728,4.6728
2026-07-24,폴바셋,GFC점,77274,7.7274
2026-07-24,폴바셋,MBC몰 파크점,38637,3.8637
2026-07-24,폴바셋,현대아울렛 남양주점,53459,5.3459
2026-07-24,폴바셋,부산 대연 DT점,63819,6.3819
2026-07-24,폴바셋,대구 만촌 DT점,46728,4.6728
2026-07-24,폴바셋,천안 구성 DT점,84092,8.4092
2026-07-24,폴바셋,상일동점,176007,17.6007
2026-07-24,폴바셋,광명 철산 DT점,52092,5.2092
2026-07-24,폴바셋,용인시청 DT점,87183,8.7183
2026-07-24,폴바셋,전주 금암 DT점,70092,7.0092
2026-07-24,폴바셋,부산 연산역점,74458,7.4458
2026-07-24,폴바셋,신세계아울렛 시흥점,52095,5.2095
2026-07-24,폴바셋,롯데몰 동부산점,197921,19.7921
2026-07-24,폴바셋,수원 월드컵경기장점,40455,4.0455
2026-07-24,폴바셋,롯데아울렛 김해점,51821,5.1821
2026-07-24,폴바셋,고창 선운사점,61940,6.194
2026-07-24,폴바셋,송도 SK바이오사이언스점,488364,48.8364
2026-07-24,폴바셋,강서 마곡 DT점,86274,8.6274
2026-07-24,폴바셋,부산 금곡 강변점,120267,12.0267
2026-07-24,폴바셋,청주 방서 DT점,190921,19.0921
2026-07-24,폴바셋,롯데아울렛 이천점,111731,11.1731
2026-07-24,폴바셋,증미역점,93639,9.3639
2026-07-24,폴바셋,롯데백화점 중동점,101366,10.1366
2026-07-24,폴바셋,평택 소사 DT점,48546,4.8546
2026-07-24,폴바셋,여의도 국회대로점,255831,25.5831
2026-07-24,폴바셋,반포 쌍동빌딩점,271554,27.1554
2026-07-24,폴바셋,혜화역점,99637,9.9637
2026-07-24,폴바셋,송도 센트럴파크점,104006,10.4006
2026-07-24,폴바셋,영등포 타임스퀘어점,181009,18.1009
2026-07-24,폴바셋,수서역점,202700,20.27
2026-07-24,폴바셋,코엑스몰점,115002,11.5002
2026-07-24,폴바셋,광화문 예금보험공사점,150962,15.0962
2026-07-24,폴바셋,용산 아이파크몰점,63729,6.3729
2026-07-24,폴바셋,해운대 팔라티움점,211866,21.1866
2026-07-24,폴바셋,롯데백화점 상인점,166373,16.6373
2026-07-24,폴바셋,여의도 현대카드점,138749,13.8749
2026-07-24,폴바셋,연세와병원점,127187,12.7187
2026-07-24,폴바셋,압구정2호점,105279,10.5279
2026-07-24,폴바셋,선릉역 동훈타워점,210482,21.0482
2026-07-24,폴바셋,한남 커피스테이션,171373,17.1373
2026-07-24,폴바셋,강서 부민병원점,253551,25.3551
2026-07-24,폴바셋,현대백화점 미아점,222828,22.2828
2026-07-24,폴바셋,코리아나호텔점,274648,27.4648
2026-07-24,폴바셋,강남삼성타운점,206006,20.6006
2026-07-24,폴바셋,종각역점,302105,30.2105
2026-07-24,폴바셋,청담역점,235649,23.5649
2026-07-24,폴바셋,대구 수성못점,246648,24.6648
2026-07-24,폴바셋,강남역 삼성화재점,245010,24.501
2026-07-24,폴바셋,신세계 센텀시티몰점,209287,20.9287
2026-07-24,폴바셋,교대역점,261831,26.1831
2026-07-24,폴바셋,페럼타워점,288014,28.8014
2026-07-24,폴바셋,스타필드빌리지 운정점,185012,18.5012
2026-07-24,폴바셋,인천 송도 DT점,206830,20.683
2026-07-24,폴바셋,청량리역점,262832,26.2832
2026-07-24,폴바셋,광교엘포트몰점,195004,19.5004
2026-07-24,폴바셋,광화문 G타워점,212738,21.2738
2026-07-24,폴바셋,파르나스몰점,299561,29.9561
2026-07-24,폴바셋,광교 경기도청점,297375,29.7375
2026-07-24,폴바셋,수원컨트리클럽점,272374,27.2374
2026-07-24,폴바셋,갤러리아 광교점,266884,26.6884
2026-07-24,폴바셋,현대아울렛 김포점,178101,17.8101
2026-07-24,폴바셋,대치역점,298465,29.8465
2026-07-24,폴바셋,일산 마두점,381930,38.193
2026-07-24,폴바셋,여의도 부국증권점,602682,60.2682
2026-07-24,폴바셋,교보문고 강남점,453752,45.3752
2026-07-24,폴바셋,을지로 파인에비뉴점,464165,46.4165
2026-07-24,폴바셋,여의도 IFC몰점,510028,51.0028
2026-07-24,폴바셋,산본역점,466301,46.6301
2026-07-24,폴바셋,인천공항 T1 입국점,657588,65.7588
2026-07-24,폴바셋,영종도 파라다이스시티점,517386,51.7386
2026-07-24,폴바셋,제주공항 국내선점,114824,11.4824
2026-07-24,폴바셋,연세암병원점,791100,79.11
2026-07-24,폴바셋,고대구로병원점,757118,75.7118
2026-07-24,폴바셋,강남구청역점,850209,85.0209
2026-07-24,폴바셋,강남점,918294,91.8294
2026-07-24,폴바셋,인천공항 T2 입국점,852623,85.2623
2026-07-24,폴바셋,사당 파스텔시티점,922301,92.2301
2026-07-24,폴바셋,일원역점,1923869,192.3869
2026-07-24,폴바셋,광화문점,3512857,351.2857
2026-07-25,폴바셋,신세계백화점 광주점,0,0
2026-07-25,폴바셋,롯데백화점 동탄점,0,0
2026-07-25,폴바셋,스타필드 하남 2호점,0,0
2026-07-25,폴바셋,신세계백화점 대구 1호점,0,0
2026-07-25,폴바셋,롯데백화점 노원점,0,0
2026-07-25,폴바셋,스타필드 수원점,0,0
2026-07-25,폴바셋,롯데백화점 대구점,0,0
2026-07-25,폴바셋,롯데백화점 부산본점,0,0
2026-07-25,폴바셋,대전엑스포 스카이점,0,0
2026-07-25,폴바셋,현대모터스튜디오 서울점,0,0
2026-07-25,폴바셋,광화문 디타워점,0,0
2026-07-25,폴바셋,제주 용담 DT점,0,0
2026-07-25,폴바셋,롯데마트 서초점,0,0
2026-07-25,폴바셋,삼성전자 평택점,0,0
2026-07-25,폴바셋,갤러리아 타임월드점,8091,0.8091
2026-07-25,폴바셋,롯데백화점 관악점,0,0
2026-07-25,폴바셋,롯데월드몰점,0,0
2026-07-25,폴바셋,스타필드 안성점,0,0
2026-07-25,폴바셋,롯데아울렛 남악점,8091,0.8091
2026-07-25,폴바셋,롯데백화점 평촌점,0,0
2026-07-25,폴바셋,롯데백화점 광주점,0,0
2026-07-25,폴바셋,현대백화점 충청점,15273,1.5273
2026-07-25,폴바셋,현대백화점 천호점,7182,0.7182
2026-07-25,폴바셋,신세계백화점 의정부점,38637,3.8637
2026-07-25,폴바셋,신세계백화점 센텀시티점,23364,2.3364
2026-07-25,폴바셋,삼성전자 온양캠퍼스점,0,0
2026-07-25,폴바셋,현대백화점 울산점,7182,0.7182
2026-07-25,폴바셋,포항 영일대 DT점,16182,1.6182
2026-07-25,폴바셋,롯데백화점 창원점,15273,1.5273
2026-07-25,폴바셋,AK플라자 수원점,39546,3.9546
2026-07-25,폴바셋,더현대 대구점,23364,2.3364
2026-07-25,폴바셋,스타필드시티 위례점,16182,1.6182
2026-07-25,폴바셋,현대아울렛 대전점,16182,1.6182
2026-07-25,폴바셋,스타필드 고양 1호점,7182,0.7182
2026-07-25,폴바셋,롯데아울렛 기흥점,36366,3.6366
2026-07-25,폴바셋,롯데백화점 김포공항점,8091,0.8091
2026-07-25,폴바셋,롯데백화점 대전점,47637,4.7637
2026-07-25,폴바셋,마산 회원 DT점,47637,4.7637
2026-07-25,폴바셋,롯데아울렛 광주수완점,32364,3.2364
2026-07-25,폴바셋,한국경제신문사점,0,0
2026-07-25,폴바셋,신세계 사우스시티점,8091,0.8091
2026-07-25,폴바셋,삼성 DSR점,0,0
2026-07-25,폴바셋,신세계백화점 대구 2호점,24273,2.4273
2026-07-25,폴바셋,뉴코아 강남점,53001,5.3001
2026-07-25,폴바셋,롯데백화점 울산점,62150,6.215
2026-07-25,폴바셋,AK플라자 광명점,51500,5.15
2026-07-25,폴바셋,롯데백화점 강남점,60183,6.0183
2026-07-25,폴바셋,마산 해안대로 DT점,39546,3.9546
2026-07-25,폴바셋,여의도점,0,0
2026-07-25,폴바셋,구미 봉곡 DT점,20937,2.0937
2026-07-25,폴바셋,스타필드 하남 1호점,31455,3.1455
2026-07-25,폴바셋,롯데백화점 잠실점,14364,1.4364
2026-07-25,폴바셋,종로 G1점,18548,1.8548
2026-07-25,폴바셋,롯데월드 아이스링크점,54819,5.4819
2026-07-25,폴바셋,롯데몰 은평점,24273,2.4273
2026-07-25,폴바셋,롯데몰 수지점,16182,1.6182
2026-07-25,폴바셋,구로 G타워점,16182,1.6182
2026-07-25,폴바셋,경산 옥곡 DT점,55728,5.5728
2026-07-25,폴바셋,롯데백화점 광복점,26546,2.6546
2026-07-25,폴바셋,서소문점,15273,1.5273
2026-07-25,폴바셋,인스파이어점,15273,1.5273
2026-07-25,폴바셋,롯데백화점 본점,29545,2.9545
2026-07-25,폴바셋,오산대 DT점,79092,7.9092
2026-07-25,폴바셋,교보문고 합정점,16182,1.6182
2026-07-25,폴바셋,NC타워 삼성점,0,0
2026-07-25,폴바셋,AK플라자 홍대점,8091,0.8091
2026-07-25,폴바셋,부산 전포 DT점,40455,4.0455
2026-07-25,폴바셋,송도 트리플스트리트점,31455,3.1455
2026-07-25,폴바셋,부산 괴정 DT점,67665,6.7665
2026-07-25,폴바셋,양산 웅상 DT점,62910,6.291
2026-07-25,폴바셋,파미에스테이션점,45819,4.5819
2026-07-25,폴바셋,롯데아울렛 이시아폴리스점,60548,6.0548
2026-07-25,폴바셋,경주 교동 DT점,46728,4.6728
2026-07-25,폴바셋,김포 구래 DT점,86274,8.6274
2026-07-25,폴바셋,대구 방촌 DT점,63819,6.3819
2026-07-25,폴바셋,광화문 흥국생명점,0,0
2026-07-25,폴바셋,북수원IC DT점,38637,3.8637
2026-07-25,폴바셋,제주 아라 DT점,71001,7.1001
2026-07-25,폴바셋,경산 임당역 DT점,61092,6.1092
2026-07-25,폴바셋,대구 감삼 DT점,84456,8.4456
2026-07-25,폴바셋,GFC점,15273,1.5273
2026-07-25,폴바셋,MBC몰 파크점,43637,4.3637
2026-07-25,폴바셋,현대아울렛 남양주점,112192,11.2192
2026-07-25,폴바셋,부산 대연 DT점,71001,7.1001
2026-07-25,폴바셋,대구 만촌 DT점,77274,7.7274
2026-07-25,폴바셋,천안 구성 DT점,121728,12.1728
2026-07-25,폴바셋,상일동점,112460,11.246
2026-07-25,폴바셋,광명 철산 DT점,108729,10.8729
2026-07-25,폴바셋,용인시청 DT점,85365,8.5365
2026-07-25,폴바셋,전주 금암 DT점,95910,9.591
2026-07-25,폴바셋,부산 연산역점,77822,7.7822
2026-07-25,폴바셋,신세계아울렛 시흥점,71732,7.1732
2026-07-25,폴바셋,롯데몰 동부산점,196104,19.6104
2026-07-25,폴바셋,수원 월드컵경기장점,139275,13.9275
2026-07-25,폴바셋,롯데아울렛 김해점,100369,10.0369
2026-07-25,폴바셋,고창 선운사점,54331,5.4331
2026-07-25,폴바셋,송도 SK바이오사이언스점,0,0
2026-07-25,폴바셋,강서 마곡 DT점,79092,7.9092
2026-07-25,폴바셋,부산 금곡 강변점,69549,6.9549
2026-07-25,폴바셋,청주 방서 DT점,188374,18.8374
2026-07-25,폴바셋,롯데아울렛 이천점,117006,11.7006
2026-07-25,폴바셋,증미역점,153732,15.3732
2026-07-25,폴바셋,롯데백화점 중동점,138095,13.8095
2026-07-25,폴바셋,평택 소사 DT점,168912,16.8912
2026-07-25,폴바셋,여의도 국회대로점,201193,20.1193
2026-07-25,폴바셋,반포 쌍동빌딩점,263195,26.3195
2026-07-25,폴바셋,혜화역점,123638,12.3638
2026-07-25,폴바셋,송도 센트럴파크점,203918,20.3918
2026-07-25,폴바셋,영등포 타임스퀘어점,290835,29.0835
2026-07-25,폴바셋,수서역점,201274,20.1274
2026-07-25,폴바셋,코엑스몰점,103456,10.3456
2026-07-25,폴바셋,광화문 예금보험공사점,24637,2.4637
2026-07-25,폴바셋,용산 아이파크몰점,161010,16.101
2026-07-25,폴바셋,해운대 팔라티움점,304849,30.4849
2026-07-25,폴바셋,롯데백화점 상인점,156736,15.6736
2026-07-25,폴바셋,여의도 현대카드점,0,0
2026-07-25,폴바셋,연세와병원점,209188,20.9188
2026-07-25,폴바셋,압구정2호점,172552,17.2552
2026-07-25,폴바셋,선릉역 동훈타워점,35184,3.5184
2026-07-25,폴바셋,한남 커피스테이션,159155,15.9155
2026-07-25,폴바셋,강서 부민병원점,237827,23.7827
2026-07-25,폴바셋,현대백화점 미아점,306925,30.6925
2026-07-25,폴바셋,코리아나호텔점,141916,14.1916
2026-07-25,폴바셋,강남삼성타운점,156006,15.6006
2026-07-25,폴바셋,종각역점,88183,8.8183
2026-07-25,폴바셋,청담역점,178280,17.828
2026-07-25,폴바셋,대구 수성못점,322985,32.2985
2026-07-25,폴바셋,강남역 삼성화재점,220103,22.0103
2026-07-25,폴바셋,신세계 센텀시티몰점,319320,31.932
2026-07-25,폴바셋,교대역점,187732,18.7732
2026-07-25,폴바셋,페럼타워점,18546,1.8546
2026-07-25,폴바셋,스타필드빌리지 운정점,281377,28.1377
2026-07-25,폴바셋,인천 송도 DT점,326638,32.6638
2026-07-25,폴바셋,청량리역점,311323,31.1323
2026-07-25,폴바셋,광교엘포트몰점,319376,31.9376
2026-07-25,폴바셋,광화문 G타워점,227283,22.7283
2026-07-25,폴바셋,파르나스몰점,191102,19.1102
2026-07-25,폴바셋,광교 경기도청점,264374,26.4374
2026-07-25,폴바셋,수원컨트리클럽점,361200,36.12
2026-07-25,폴바셋,갤러리아 광교점,369794,36.9794
2026-07-25,폴바셋,현대아울렛 김포점,438478,43.8478
2026-07-25,폴바셋,대치역점,560391,56.0391
2026-07-25,폴바셋,일산 마두점,469202,46.9202
2026-07-25,폴바셋,여의도 부국증권점,111009,11.1009
2026-07-25,폴바셋,교보문고 강남점,528210,52.821
2026-07-25,폴바셋,을지로 파인에비뉴점,287560,28.756
2026-07-25,폴바셋,여의도 IFC몰점,464481,46.4481
2026-07-25,폴바셋,산본역점,630814,63.0814
2026-07-25,폴바셋,인천공항 T1 입국점,638765,63.8765
2026-07-25,폴바셋,영종도 파라다이스시티점,923584,92.3584
2026-07-25,폴바셋,제주공항 국내선점,676917,67.6917
2026-07-25,폴바셋,연세암병원점,203586,20.3586
2026-07-25,폴바셋,고대구로병원점,307919,30.7919
2026-07-25,폴바셋,강남구청역점,582657,58.2657
2026-07-25,폴바셋,강남점,920430,92.043
2026-07-25,폴바셋,인천공항 T2 입국점,1302490,130.249
2026-07-25,폴바셋,사당 파스텔시티점,937218,93.7218
2026-07-25,폴바셋,일원역점,1532566,153.2566
2026-07-25,폴바셋,광화문점,1759381,175.9381
2026-07-26,폴바셋,신세계백화점 광주점,0,0
2026-07-26,폴바셋,롯데백화점 동탄점,0,0
2026-07-26,폴바셋,스타필드 하남 2호점,0,0
2026-07-26,폴바셋,신세계백화점 대구 1호점,0,0
2026-07-26,폴바셋,롯데백화점 노원점,0,0
2026-07-26,폴바셋,스타필드 수원점,0,0
2026-07-26,폴바셋,롯데백화점 대구점,0,0
2026-07-26,폴바셋,롯데백화점 부산본점,0,0
2026-07-26,폴바셋,대전엑스포 스카이점,0,0
2026-07-26,폴바셋,현대모터스튜디오 서울점,0,0
2026-07-26,폴바셋,광화문 디타워점,0,0
2026-07-26,폴바셋,제주 용담 DT점,0,0
2026-07-26,폴바셋,롯데마트 서초점,0,0
2026-07-26,폴바셋,삼성전자 평택점,0,0
2026-07-26,폴바셋,갤러리아 타임월드점,16182,1.6182
2026-07-26,폴바셋,롯데백화점 관악점,0,0
2026-07-26,폴바셋,롯데월드몰점,0,0
2026-07-26,폴바셋,스타필드 안성점,0,0
2026-07-26,폴바셋,롯데아울렛 남악점,8091,0.8091
2026-07-26,폴바셋,롯데백화점 평촌점,0,0
2026-07-26,폴바셋,롯데백화점 광주점,8091,0.8091
2026-07-26,폴바셋,현대백화점 충청점,16182,1.6182
2026-07-26,폴바셋,현대백화점 천호점,22455,2.2455
2026-07-26,폴바셋,신세계백화점 의정부점,8091,0.8091
2026-07-26,폴바셋,신세계백화점 센텀시티점,8091,0.8091
2026-07-26,폴바셋,삼성전자 온양캠퍼스점,0,0
2026-07-26,폴바셋,현대백화점 울산점,15273,1.5273
2026-07-26,폴바셋,포항 영일대 DT점,0,0
2026-07-26,폴바셋,롯데백화점 창원점,16182,1.6182
2026-07-26,폴바셋,AK플라자 수원점,15273,1.5273
2026-07-26,폴바셋,더현대 대구점,23364,2.3364
2026-07-26,폴바셋,스타필드시티 위례점,23364,2.3364
2026-07-26,폴바셋,현대아울렛 대전점,16182,1.6182
2026-07-26,폴바셋,스타필드 고양 1호점,24273,2.4273
2026-07-26,폴바셋,롯데아울렛 기흥점,16911,1.6911
2026-07-26,폴바셋,롯데백화점 김포공항점,18510,1.851
2026-07-26,폴바셋,롯데백화점 대전점,15273,1.5273
2026-07-26,폴바셋,마산 회원 DT점,8091,0.8091
2026-07-26,폴바셋,롯데아울렛 광주수완점,40455,4.0455
2026-07-26,폴바셋,한국경제신문사점,0,0
2026-07-26,폴바셋,신세계 사우스시티점,8091,0.8091
2026-07-26,폴바셋,삼성 DSR점,0,0
2026-07-26,폴바셋,신세계백화점 대구 2호점,32364,3.2364
2026-07-26,폴바셋,뉴코아 강남점,24273,2.4273
2026-07-26,폴바셋,롯데백화점 울산점,36094,3.6094
2026-07-26,폴바셋,AK플라자 광명점,24273,2.4273
2026-07-26,폴바셋,롯데백화점 강남점,7182,0.7182
2026-07-26,폴바셋,마산 해안대로 DT점,8091,0.8091
2026-07-26,폴바셋,여의도점,0,0
2026-07-26,폴바셋,구미 봉곡 DT점,24273,2.4273
2026-07-26,폴바셋,스타필드 하남 1호점,38637,3.8637
2026-07-26,폴바셋,롯데백화점 잠실점,8091,0.8091
2026-07-26,폴바셋,종로 G1점,20546,2.0546
2026-07-26,폴바셋,롯데월드 아이스링크점,24273,2.4273
2026-07-26,폴바셋,롯데몰 은평점,16182,1.6182
2026-07-26,폴바셋,롯데몰 수지점,23364,2.3364
2026-07-26,폴바셋,구로 G타워점,38637,3.8637
2026-07-26,폴바셋,경산 옥곡 DT점,23364,2.3364
2026-07-26,폴바셋,롯데백화점 광복점,62686,6.2686
2026-07-26,폴바셋,서소문점,32364,3.2364
2026-07-26,폴바셋,인스파이어점,16182,1.6182
2026-07-26,폴바셋,롯데백화점 본점,51364,5.1364
2026-07-26,폴바셋,오산대 DT점,48546,4.8546
2026-07-26,폴바셋,교보문고 합정점,32364,3.2364
2026-07-26,폴바셋,NC타워 삼성점,0,0
2026-07-26,폴바셋,AK플라자 홍대점,55728,5.5728
2026-07-26,폴바셋,부산 전포 DT점,54819,5.4819
2026-07-26,폴바셋,송도 트리플스트리트점,55728,5.5728
2026-07-26,폴바셋,부산 괴정 DT점,16182,1.6182
2026-07-26,폴바셋,양산 웅상 DT점,23364,2.3364
2026-07-26,폴바셋,파미에스테이션점,48546,4.8546
2026-07-26,폴바셋,롯데아울렛 이시아폴리스점,64821,6.4821
2026-07-26,폴바셋,경주 교동 DT점,78183,7.8183
2026-07-26,폴바셋,김포 구래 DT점,55728,5.5728
2026-07-26,폴바셋,대구 방촌 DT점,71910,7.191
2026-07-26,폴바셋,광화문 흥국생명점,0,0
2026-07-26,폴바셋,북수원IC DT점,22455,2.2455
2026-07-26,폴바셋,제주 아라 DT점,32364,3.2364
2026-07-26,폴바셋,경산 임당역 DT점,39546,3.9546
2026-07-26,폴바셋,대구 감삼 DT점,40455,4.0455
2026-07-26,폴바셋,GFC점,16182,1.6182
2026-07-26,폴바셋,MBC몰 파크점,36091,3.6091
2026-07-26,폴바셋,현대아울렛 남양주점,79734,7.9734
2026-07-26,폴바셋,부산 대연 DT점,46728,4.6728
2026-07-26,폴바셋,대구 만촌 DT점,16182,1.6182
2026-07-26,폴바셋,천안 구성 DT점,95546,9.5546
2026-07-26,폴바셋,상일동점,95006,9.5006
2026-07-26,폴바셋,광명 철산 DT점,32364,3.2364
2026-07-26,폴바셋,용인시청 DT점,78183,7.8183
2026-07-26,폴바셋,전주 금암 DT점,58182,5.8182
2026-07-26,폴바셋,부산 연산역점,20819,2.0819
2026-07-26,폴바셋,신세계아울렛 시흥점,88280,8.828
2026-07-26,폴바셋,롯데몰 동부산점,194467,19.4467
2026-07-26,폴바셋,수원 월드컵경기장점,88092,8.8092
2026-07-26,폴바셋,롯데아울렛 김해점,80459,8.0459
2026-07-26,폴바셋,고창 선운사점,199575,19.9575
2026-07-26,폴바셋,송도 SK바이오사이언스점,0,0
2026-07-26,폴바셋,강서 마곡 DT점,91938,9.1938
2026-07-26,폴바셋,부산 금곡 강변점,92732,9.2732
2026-07-26,폴바셋,청주 방서 DT점,259857,25.9857
2026-07-26,폴바셋,롯데아울렛 이천점,102821,10.2821
2026-07-26,폴바셋,증미역점,115114,11.5114
2026-07-26,폴바셋,롯데백화점 중동점,115735,11.5735
2026-07-26,폴바셋,평택 소사 DT점,56637,5.6637
2026-07-26,폴바셋,여의도 국회대로점,146279,14.6279
2026-07-26,폴바셋,반포 쌍동빌딩점,86913,8.6913
2026-07-26,폴바셋,혜화역점,80273,8.0273
2026-07-26,폴바셋,송도 센트럴파크점,299281,29.9281
2026-07-26,폴바셋,영등포 타임스퀘어점,239834,23.9834
2026-07-26,폴바셋,수서역점,265464,26.5464
2026-07-26,폴바셋,코엑스몰점,80910,8.091
2026-07-26,폴바셋,광화문 예금보험공사점,0,0
2026-07-26,폴바셋,용산 아이파크몰점,102460,10.246
2026-07-26,폴바셋,해운대 팔라티움점,320208,32.0208
2026-07-26,폴바셋,롯데백화점 상인점,123829,12.3829
2026-07-26,폴바셋,여의도 현대카드점,0,0
2026-07-26,폴바셋,연세와병원점,152825,15.2825
2026-07-26,폴바셋,압구정2호점,101822,10.1822
2026-07-26,폴바셋,선릉역 동훈타워점,19546,1.9546
2026-07-26,폴바셋,한남 커피스테이션,178518,17.8518
2026-07-26,폴바셋,강서 부민병원점,67002,6.7002
2026-07-26,폴바셋,현대백화점 미아점,218284,21.8284
2026-07-26,폴바셋,코리아나호텔점,201374,20.1374
2026-07-26,폴바셋,강남삼성타운점,99279,9.9279
2026-07-26,폴바셋,종각역점,56456,5.6456
2026-07-26,폴바셋,청담역점,129735,12.9735
2026-07-26,폴바셋,대구 수성못점,263196,26.3196
2026-07-26,폴바셋,강남역 삼성화재점,173372,17.3372
2026-07-26,폴바셋,신세계 센텀시티몰점,329562,32.9562
2026-07-26,폴바셋,교대역점,121962,12.1962
2026-07-26,폴바셋,페럼타워점,17455,1.7455
2026-07-26,폴바셋,스타필드빌리지 운정점,180783,18.0783
2026-07-26,폴바셋,인천 송도 DT점,276383,27.6383
2026-07-26,폴바셋,청량리역점,310678,31.0678
2026-07-26,폴바셋,광교엘포트몰점,303846,30.3846
2026-07-26,폴바셋,광화문 G타워점,231095,23.1095
2026-07-26,폴바셋,파르나스몰점,173100,17.31
2026-07-26,폴바셋,광교 경기도청점,237375,23.7375
2026-07-26,폴바셋,수원컨트리클럽점,365290,36.529
2026-07-26,폴바셋,갤러리아 광교점,1430831,143.0831
2026-07-26,폴바셋,현대아울렛 김포점,423021,42.3021
2026-07-26,폴바셋,대치역점,292194,29.2194
2026-07-26,폴바셋,일산 마두점,252014,25.2014
2026-07-26,폴바셋,여의도 부국증권점,111917,11.1917
2026-07-26,폴바셋,교보문고 강남점,315927,31.5927
2026-07-26,폴바셋,을지로 파인에비뉴점,336203,33.6203
2026-07-26,폴바셋,여의도 IFC몰점,505570,50.557
2026-07-26,폴바셋,산본역점,570759,57.0759
2026-07-26,폴바셋,인천공항 T1 입국점,590679,59.0679
2026-07-26,폴바셋,영종도 파라다이스시티점,753675,75.3675
2026-07-26,폴바셋,제주공항 국내선점,724457,72.4457
2026-07-26,폴바셋,연세암병원점,131085,13.1085
2026-07-26,폴바셋,고대구로병원점,324834,32.4834
2026-07-26,폴바셋,강남구청역점,486567,48.6567
2026-07-26,폴바셋,강남점,485378,48.5378
2026-07-26,폴바셋,인천공항 T2 입국점,975808,97.5808
2026-07-26,폴바셋,사당 파스텔시티점,889303,88.9303
2026-07-26,폴바셋,일원역점,1321328,132.1328
2026-07-26,폴바셋,광화문점,1629479,162.9479
2026-07-27,폴바셋,신세계백화점 광주점,0,0
2026-07-27,폴바셋,롯데백화점 동탄점,0,0
2026-07-27,폴바셋,스타필드 하남 2호점,0,0
2026-07-27,폴바셋,신세계백화점 대구 1호점,0,0
2026-07-27,폴바셋,롯데백화점 노원점,0,0
2026-07-27,폴바셋,스타필드 수원점,0,0
2026-07-27,폴바셋,롯데백화점 대구점,0,0
2026-07-27,폴바셋,롯데백화점 부산본점,0,0
2026-07-27,폴바셋,대전엑스포 스카이점,0,0
2026-07-27,폴바셋,현대모터스튜디오 서울점,0,0
2026-07-27,폴바셋,광화문 디타워점,0,0
2026-07-27,폴바셋,제주 용담 DT점,0,0
2026-07-27,폴바셋,롯데마트 서초점,0,0
2026-07-27,폴바셋,삼성전자 평택점,0,0
2026-07-27,폴바셋,갤러리아 타임월드점,8091,0.8091
2026-07-27,폴바셋,롯데백화점 관악점,0,0
2026-07-27,폴바셋,롯데월드몰점,0,0
2026-07-27,폴바셋,스타필드 안성점,5909,0.5909
2026-07-27,폴바셋,롯데아울렛 남악점,0,0
2026-07-27,폴바셋,롯데백화점 평촌점,0,0
2026-07-27,폴바셋,롯데백화점 광주점,0,0
2026-07-27,폴바셋,현대백화점 충청점,23364,2.3364
2026-07-27,폴바셋,현대백화점 천호점,15273,1.5273
2026-07-27,폴바셋,신세계백화점 의정부점,0,0
2026-07-27,폴바셋,신세계백화점 센텀시티점,7182,0.7182
2026-07-27,폴바셋,삼성전자 온양캠퍼스점,24182,2.4182
2026-07-27,폴바셋,현대백화점 울산점,15273,1.5273
2026-07-27,폴바셋,포항 영일대 DT점,23364,2.3364
2026-07-27,폴바셋,롯데백화점 창원점,8091,0.8091
2026-07-27,폴바셋,AK플라자 수원점,15273,1.5273
2026-07-27,폴바셋,더현대 대구점,0,0
2026-07-27,폴바셋,스타필드시티 위례점,15273,1.5273
2026-07-27,폴바셋,현대아울렛 대전점,8091,0.8091
2026-07-27,폴바셋,스타필드 고양 1호점,7182,0.7182
2026-07-27,폴바셋,롯데아울렛 기흥점,31820,3.182
2026-07-27,폴바셋,롯데백화점 김포공항점,39546,3.9546
2026-07-27,폴바셋,롯데백화점 대전점,24273,2.4273
2026-07-27,폴바셋,마산 회원 DT점,8091,0.8091
2026-07-27,폴바셋,롯데아울렛 광주수완점,8091,0.8091
2026-07-27,폴바셋,한국경제신문사점,30546,3.0546
2026-07-27,폴바셋,신세계 사우스시티점,7182,0.7182
2026-07-27,폴바셋,삼성 DSR점,31455,3.1455
2026-07-27,폴바셋,신세계백화점 대구 2호점,24273,2.4273
2026-07-27,폴바셋,뉴코아 강남점,0,0
2026-07-27,폴바셋,롯데백화점 울산점,39622,3.9622
2026-07-27,폴바셋,AK플라자 광명점,29273,2.9273
2026-07-27,폴바셋,롯데백화점 강남점,29637,2.9637
2026-07-27,폴바셋,마산 해안대로 DT점,31455,3.1455
2026-07-27,폴바셋,여의도점,24273,2.4273
2026-07-27,폴바셋,구미 봉곡 DT점,23364,2.3364
2026-07-27,폴바셋,스타필드 하남 1호점,39546,3.9546
2026-07-27,폴바셋,롯데백화점 잠실점,46728,4.6728
2026-07-27,폴바셋,종로 G1점,98915,9.8915
2026-07-27,폴바셋,롯데월드 아이스링크점,32364,3.2364
2026-07-27,폴바셋,롯데몰 은평점,32364,3.2364
2026-07-27,폴바셋,롯데몰 수지점,53910,5.391
2026-07-27,폴바셋,구로 G타워점,47637,4.7637
2026-07-27,폴바셋,경산 옥곡 DT점,53910,5.391
2026-07-27,폴바셋,롯데백화점 광복점,60548,6.0548
2026-07-27,폴바셋,서소문점,16182,1.6182
2026-07-27,폴바셋,인스파이어점,46728,4.6728
2026-07-27,폴바셋,롯데백화점 본점,19909,1.9909
2026-07-27,폴바셋,오산대 DT점,39546,3.9546
2026-07-27,폴바셋,교보문고 합정점,40455,4.0455
2026-07-27,폴바셋,NC타워 삼성점,70092,7.0092
2026-07-27,폴바셋,AK플라자 홍대점,62001,6.2001
2026-07-27,폴바셋,부산 전포 DT점,53910,5.391
2026-07-27,폴바셋,송도 트리플스트리트점,23364,2.3364
2026-07-27,폴바셋,부산 괴정 DT점,32364,3.2364
2026-07-27,폴바셋,양산 웅상 DT점,46728,4.6728
2026-07-27,폴바셋,파미에스테이션점,39546,3.9546
2026-07-27,폴바셋,롯데아울렛 이시아폴리스점,36457,3.6457
2026-07-27,폴바셋,경주 교동 DT점,31455,3.1455
2026-07-27,폴바셋,김포 구래 DT점,38637,3.8637
2026-07-27,폴바셋,대구 방촌 DT점,22455,2.2455
2026-07-27,폴바셋,광화문 흥국생명점,71001,7.1001
2026-07-27,폴바셋,북수원IC DT점,46728,4.6728
2026-07-27,폴바셋,제주 아라 DT점,46728,4.6728
2026-07-27,폴바셋,경산 임당역 DT점,40455,4.0455
2026-07-27,폴바셋,대구 감삼 DT점,39546,3.9546
2026-07-27,폴바셋,GFC점,76028,7.6028
2026-07-27,폴바셋,MBC몰 파크점,51728,5.1728
2026-07-27,폴바셋,현대아울렛 남양주점,44548,4.4548
2026-07-27,폴바셋,부산 대연 DT점,63819,6.3819
2026-07-27,폴바셋,대구 만촌 DT점,70092,7.0092
2026-07-27,폴바셋,천안 구성 DT점,64455,6.4455
2026-07-27,폴바셋,상일동점,117733,11.7733
2026-07-27,폴바셋,광명 철산 DT점,78183,7.8183
2026-07-27,폴바셋,용인시청 DT점,45819,4.5819
2026-07-27,폴바셋,전주 금암 DT점,99000,9.9
2026-07-27,폴바셋,부산 연산역점,72640,7.264
2026-07-27,폴바셋,신세계아울렛 시흥점,62731,6.2731
2026-07-27,폴바셋,롯데몰 동부산점,113551,11.3551
2026-07-27,폴바셋,수원 월드컵경기장점,71001,7.1001
2026-07-27,폴바셋,롯데아울렛 김해점,72551,7.2551
2026-07-27,폴바셋,고창 선운사점,58461,5.8461
2026-07-27,폴바셋,송도 SK바이오사이언스점,176819,17.6819
2026-07-27,폴바셋,강서 마곡 DT점,62001,6.2001
2026-07-27,폴바셋,부산 금곡 강변점,82005,8.2005
2026-07-27,폴바셋,청주 방서 DT점,118333,11.8333
2026-07-27,폴바셋,롯데아울렛 이천점,35092,3.5092
2026-07-27,폴바셋,증미역점,65548,6.5548
2026-07-27,폴바셋,롯데백화점 중동점,91458,9.1458
2026-07-27,폴바셋,평택 소사 DT점,30546,3.0546
2026-07-27,폴바셋,여의도 국회대로점,164824,16.4824
2026-07-27,폴바셋,반포 쌍동빌딩점,100460,10.046
2026-07-27,폴바셋,혜화역점,47637,4.7637
2026-07-27,폴바셋,송도 센트럴파크점,178823,17.8823
2026-07-27,폴바셋,영등포 타임스퀘어점,247739,24.7739
2026-07-27,폴바셋,수서역점,213649,21.3649
2026-07-27,폴바셋,코엑스몰점,97547,9.7547
2026-07-27,폴바셋,광화문 예금보험공사점,102183,10.2183
2026-07-27,폴바셋,용산 아이파크몰점,126464,12.6464
2026-07-27,폴바셋,해운대 팔라티움점,217009,21.7009
2026-07-27,폴바셋,롯데백화점 상인점,83187,8.3187
2026-07-27,폴바셋,여의도 현대카드점,169265,16.9265
2026-07-27,폴바셋,연세와병원점,104096,10.4096
2026-07-27,폴바셋,압구정2호점,157825,15.7825
2026-07-27,폴바셋,선릉역 동훈타워점,91004,9.1004
2026-07-27,폴바셋,한남 커피스테이션,134625,13.4625
2026-07-27,폴바셋,강서 부민병원점,204914,20.4914
2026-07-27,폴바셋,현대백화점 미아점,162100,16.21
2026-07-27,폴바셋,코리아나호텔점,294974,29.4974
2026-07-27,폴바셋,강남삼성타운점,234922,23.4922
2026-07-27,폴바셋,종각역점,207430,20.743
2026-07-27,폴바셋,청담역점,151283,15.1283
2026-07-27,폴바셋,대구 수성못점,174571,17.4571
2026-07-27,폴바셋,강남역 삼성화재점,239462,23.9462
2026-07-27,폴바셋,신세계 센텀시티몰점,170738,17.0738
2026-07-27,폴바셋,교대역점,215648,21.5648
2026-07-27,폴바셋,페럼타워점,259192,25.9192
2026-07-27,폴바셋,스타필드빌리지 운정점,180375,18.0375
2026-07-27,폴바셋,인천 송도 DT점,170007,17.0007
2026-07-27,폴바셋,청량리역점,224561,22.4561
2026-07-27,폴바셋,광교엘포트몰점,214032,21.4032
2026-07-27,폴바셋,광화문 G타워점,238650,23.865
2026-07-27,폴바셋,파르나스몰점,233922,23.3922
2026-07-27,폴바셋,광교 경기도청점,262914,26.2914
2026-07-27,폴바셋,수원컨트리클럽점,210244,21.0244
2026-07-27,폴바셋,갤러리아 광교점,193371,19.3371
2026-07-27,폴바셋,현대아울렛 김포점,210829,21.0829
2026-07-27,폴바셋,대치역점,369108,36.9108
2026-07-27,폴바셋,일산 마두점,311195,31.1195
2026-07-27,폴바셋,여의도 부국증권점,458915,45.8915
2026-07-27,폴바셋,교보문고 강남점,406753,40.6753
2026-07-27,폴바셋,을지로 파인에비뉴점,434660,43.466
2026-07-27,폴바셋,여의도 IFC몰점,460388,46.0388
2026-07-27,폴바셋,산본역점,550182,55.0182
2026-07-27,폴바셋,인천공항 T1 입국점,500038,50.0038
2026-07-27,폴바셋,영종도 파라다이스시티점,637661,63.7661
2026-07-27,폴바셋,제주공항 국내선점,550276,55.0276
2026-07-27,폴바셋,연세암병원점,993210,99.321
2026-07-27,폴바셋,고대구로병원점,822117,82.2117
2026-07-27,폴바셋,강남구청역점,796595,79.6595
2026-07-27,폴바셋,강남점,727181,72.7181
2026-07-27,폴바셋,인천공항 T2 입국점,959445,95.9445
2026-07-27,폴바셋,사당 파스텔시티점,738111,73.8111
2026-07-27,폴바셋,일원역점,1418958,141.8958
2026-07-27,폴바셋,광화문점,2424649,242.4649
2026-07-28,폴바셋,신세계백화점 광주점,0,0
2026-07-28,폴바셋,롯데백화점 동탄점,0,0
2026-07-28,폴바셋,스타필드 하남 2호점,0,0
2026-07-28,폴바셋,신세계백화점 대구 1호점,0,0
2026-07-28,폴바셋,롯데백화점 노원점,0,0
2026-07-28,폴바셋,스타필드 수원점,0,0
2026-07-28,폴바셋,롯데백화점 대구점,0,0
2026-07-28,폴바셋,롯데백화점 부산본점,0,0
2026-07-28,폴바셋,대전엑스포 스카이점,0,0
2026-07-28,폴바셋,현대모터스튜디오 서울점,0,0
2026-07-28,폴바셋,광화문 디타워점,0,0
2026-07-28,폴바셋,제주 용담 DT점,0,0
2026-07-28,폴바셋,롯데마트 서초점,0,0
2026-07-28,폴바셋,삼성전자 평택점,0,0
2026-07-28,폴바셋,갤러리아 타임월드점,22455,2.2455
2026-07-28,폴바셋,롯데백화점 관악점,0,0
2026-07-28,폴바셋,롯데월드몰점,0,0
2026-07-28,폴바셋,스타필드 안성점,5909,0.5909
2026-07-28,폴바셋,롯데아울렛 남악점,0,0
2026-07-28,폴바셋,롯데백화점 평촌점,0,0
2026-07-28,폴바셋,롯데백화점 광주점,0,0
2026-07-28,폴바셋,현대백화점 충청점,24273,2.4273
2026-07-28,폴바셋,현대백화점 천호점,15273,1.5273
2026-07-28,폴바셋,신세계백화점 의정부점,22455,2.2455
2026-07-28,폴바셋,신세계백화점 센텀시티점,24273,2.4273
2026-07-28,폴바셋,삼성전자 온양캠퍼스점,20728,2.0728
2026-07-28,폴바셋,현대백화점 울산점,8091,0.8091
2026-07-28,폴바셋,포항 영일대 DT점,15273,1.5273
2026-07-28,폴바셋,롯데백화점 창원점,29028,2.9028
2026-07-28,폴바셋,AK플라자 수원점,7182,0.7182
2026-07-28,폴바셋,더현대 대구점,16182,1.6182
2026-07-28,폴바셋,스타필드시티 위례점,16182,1.6182
2026-07-28,폴바셋,현대아울렛 대전점,8091,0.8091
2026-07-28,폴바셋,스타필드 고양 1호점,39546,3.9546
2026-07-28,폴바셋,롯데아울렛 기흥점,27184,2.7184
2026-07-28,폴바셋,롯데백화점 김포공항점,7182,0.7182
2026-07-28,폴바셋,롯데백화점 대전점,8091,0.8091
2026-07-28,폴바셋,마산 회원 DT점,16182,1.6182
2026-07-28,폴바셋,롯데아울렛 광주수완점,23364,2.3364
2026-07-28,폴바셋,한국경제신문사점,30546,3.0546
2026-07-28,폴바셋,신세계 사우스시티점,23364,2.3364
2026-07-28,폴바셋,삼성 DSR점,29637,2.9637
2026-07-28,폴바셋,신세계백화점 대구 2호점,31455,3.1455
2026-07-28,폴바셋,뉴코아 강남점,15273,1.5273
2026-07-28,폴바셋,롯데백화점 울산점,26002,2.6002
2026-07-28,폴바셋,AK플라자 광명점,0,0
2026-07-28,폴바셋,롯데백화점 강남점,14364,1.4364
2026-07-28,폴바셋,마산 해안대로 DT점,30273,3.0273
2026-07-28,폴바셋,여의도점,61092,6.1092
2026-07-28,폴바셋,구미 봉곡 DT점,23364,2.3364
2026-07-28,폴바셋,스타필드 하남 1호점,31455,3.1455
2026-07-28,폴바셋,롯데백화점 잠실점,30546,3.0546
2026-07-28,폴바셋,종로 G1점,29822,2.9822
2026-07-28,폴바셋,롯데월드 아이스링크점,23364,2.3364
2026-07-28,폴바셋,롯데몰 은평점,38637,3.8637
2026-07-28,폴바셋,롯데몰 수지점,0,0
2026-07-28,폴바셋,구로 G타워점,45546,4.5546
2026-07-28,폴바셋,경산 옥곡 DT점,39546,3.9546
2026-07-28,폴바셋,롯데백화점 광복점,21456,2.1456
2026-07-28,폴바셋,서소문점,0,0
2026-07-28,폴바셋,인스파이어점,46728,4.6728
2026-07-28,폴바셋,롯데백화점 본점,42000,4.2
2026-07-28,폴바셋,오산대 DT점,22455,2.2455
2026-07-28,폴바셋,교보문고 합정점,39273,3.9273
2026-07-28,폴바셋,NC타워 삼성점,54819,5.4819
2026-07-28,폴바셋,AK플라자 홍대점,62910,6.291
2026-07-28,폴바셋,부산 전포 DT점,38637,3.8637
2026-07-28,폴바셋,송도 트리플스트리트점,24273,2.4273
2026-07-28,폴바셋,부산 괴정 DT점,61092,6.1092
2026-07-28,폴바셋,양산 웅상 DT점,48546,4.8546
2026-07-28,폴바셋,파미에스테이션점,39546,3.9546
2026-07-28,폴바셋,롯데아울렛 이시아폴리스점,47093,4.7093
2026-07-28,폴바셋,경주 교동 DT점,38637,3.8637
2026-07-28,폴바셋,김포 구래 DT점,38637,3.8637
2026-07-28,폴바셋,대구 방촌 DT점,31455,3.1455
2026-07-28,폴바셋,광화문 흥국생명점,38637,3.8637
2026-07-28,폴바셋,북수원IC DT점,47637,4.7637
2026-07-28,폴바셋,제주 아라 DT점,88092,8.8092
2026-07-28,폴바셋,경산 임당역 DT점,54546,5.4546
2026-07-28,폴바셋,대구 감삼 DT점,42483,4.2483
2026-07-28,폴바셋,GFC점,76092,7.6092
2026-07-28,폴바셋,MBC몰 파크점,93091,9.3091
2026-07-28,폴바셋,현대아울렛 남양주점,70279,7.0279
2026-07-28,폴바셋,부산 대연 DT점,36546,3.6546
2026-07-28,폴바셋,대구 만촌 DT점,74910,7.491
2026-07-28,폴바셋,천안 구성 DT점,54819,5.4819
2026-07-28,폴바셋,상일동점,133188,13.3188
2026-07-28,폴바셋,광명 철산 DT점,53001,5.3001
2026-07-28,폴바셋,용인시청 DT점,37728,3.7728
2026-07-28,폴바셋,전주 금암 DT점,68819,6.8819
2026-07-28,폴바셋,부산 연산역점,81731,8.1731
2026-07-28,폴바셋,신세계아울렛 시흥점,72823,7.2823
2026-07-28,폴바셋,롯데몰 동부산점,154737,15.4737
2026-07-28,폴바셋,수원 월드컵경기장점,93456,9.3456
2026-07-28,폴바셋,롯데아울렛 김해점,56457,5.6457
2026-07-28,폴바셋,고창 선운사점,57552,5.7552
2026-07-28,폴바셋,송도 SK바이오사이언스점,43728,4.3728
2026-07-28,폴바셋,강서 마곡 DT점,61728,6.1728
2026-07-28,폴바셋,부산 금곡 강변점,83368,8.3368
2026-07-28,폴바셋,청주 방서 DT점,131269,13.1269
2026-07-28,폴바셋,롯데아울렛 이천점,54186,5.4186
2026-07-28,폴바셋,증미역점,98548,9.8548
2026-07-28,폴바셋,롯데백화점 중동점,58912,5.8912
2026-07-28,폴바셋,평택 소사 DT점,83547,8.3547
2026-07-28,폴바셋,여의도 국회대로점,159371,15.9371
2026-07-28,폴바셋,반포 쌍동빌딩점,192281,19.2281
2026-07-28,폴바셋,혜화역점,113484,11.3484
2026-07-28,폴바셋,송도 센트럴파크점,156553,15.6553
2026-07-28,폴바셋,영등포 타임스퀘어점,179645,17.9645
2026-07-28,폴바셋,수서역점,191734,19.1734
2026-07-28,폴바셋,코엑스몰점,144183,14.4183
2026-07-28,폴바셋,광화문 예금보험공사점,107795,10.7795
2026-07-28,폴바셋,용산 아이파크몰점,105187,10.5187
2026-07-28,폴바셋,해운대 팔라티움점,188487,18.8487
2026-07-28,폴바셋,롯데백화점 상인점,86913,8.6913
2026-07-28,폴바셋,여의도 현대카드점,215084,21.5084
2026-07-28,폴바셋,연세와병원점,113367,11.3367
2026-07-28,폴바셋,압구정2호점,144642,14.4642
2026-07-28,폴바셋,선릉역 동훈타워점,167101,16.7101
2026-07-28,폴바셋,한남 커피스테이션,187829,18.7829
2026-07-28,폴바셋,강서 부민병원점,212916,21.2916
2026-07-28,폴바셋,현대백화점 미아점,137235,13.7235
2026-07-28,폴바셋,코리아나호텔점,381835,38.1835
2026-07-28,폴바셋,강남삼성타운점,247102,24.7102
2026-07-28,폴바셋,종각역점,186284,18.6284
2026-07-28,폴바셋,청담역점,271650,27.165
2026-07-28,폴바셋,대구 수성못점,165282,16.5282
2026-07-28,폴바셋,강남역 삼성화재점,179283,17.9283
2026-07-28,폴바셋,신세계 센텀시티몰점,151917,15.1917
2026-07-28,폴바셋,교대역점,173735,17.3735
2026-07-28,폴바셋,페럼타워점,213192,21.3192
2026-07-28,폴바셋,스타필드빌리지 운정점,160642,16.0642
2026-07-28,폴바셋,인천 송도 DT점,205467,20.5467
2026-07-28,폴바셋,청량리역점,219832,21.9832
2026-07-28,폴바셋,광교엘포트몰점,209279,20.9279
2026-07-28,폴바셋,광화문 G타워점,309468,30.9468
2026-07-28,폴바셋,파르나스몰점,191192,19.1192
2026-07-28,폴바셋,광교 경기도청점,248460,24.846
2026-07-28,폴바셋,수원컨트리클럽점,223736,22.3736
2026-07-28,폴바셋,갤러리아 광교점,229010,22.901
2026-07-28,폴바셋,현대아울렛 김포점,129733,12.9733
2026-07-28,폴바셋,대치역점,307289,30.7289
2026-07-28,폴바셋,일산 마두점,328071,32.8071
2026-07-28,폴바셋,여의도 부국증권점,372141,37.2141
2026-07-28,폴바셋,교보문고 강남점,431294,43.1294
2026-07-28,폴바셋,을지로 파인에비뉴점,515028,51.5028
2026-07-28,폴바셋,여의도 IFC몰점,501299,50.1299
2026-07-28,폴바셋,산본역점,504761,50.4761
2026-07-28,폴바셋,인천공항 T1 입국점,528307,52.8307
2026-07-28,폴바셋,영종도 파라다이스시티점,733944,73.3944
2026-07-28,폴바셋,제주공항 국내선점,816462,81.6462
2026-07-28,폴바셋,연세암병원점,953939,95.3939
2026-07-28,폴바셋,고대구로병원점,929403,92.9403
2026-07-28,폴바셋,강남구청역점,884576,88.4576
2026-07-28,폴바셋,강남점,781362,78.1362
2026-07-28,폴바셋,인천공항 T2 입국점,1032737,103.2737
2026-07-28,폴바셋,사당 파스텔시티점,872215,87.2215
2026-07-28,폴바셋,일원역점,1439121,143.9121
2026-07-28,폴바셋,광화문점,2544387,254.4387
2026-07-29,폴바셋,신세계백화점 광주점,0,0
2026-07-29,폴바셋,롯데백화점 동탄점,0,0
2026-07-29,폴바셋,스타필드 하남 2호점,0,0
2026-07-29,폴바셋,신세계백화점 대구 1호점,0,0
2026-07-29,폴바셋,롯데백화점 노원점,0,0
2026-07-29,폴바셋,스타필드 수원점,0,0
2026-07-29,폴바셋,롯데백화점 대구점,0,0
2026-07-29,폴바셋,롯데백화점 부산본점,0,0
2026-07-29,폴바셋,대전엑스포 스카이점,0,0
2026-07-29,폴바셋,현대모터스튜디오 서울점,0,0
2026-07-29,폴바셋,광화문 디타워점,0,0
2026-07-29,폴바셋,제주 용담 DT점,0,0
2026-07-29,폴바셋,롯데마트 서초점,0,0
2026-07-29,폴바셋,삼성전자 평택점,0,0
2026-07-29,폴바셋,갤러리아 타임월드점,8091,0.8091
2026-07-29,폴바셋,롯데백화점 관악점,0,0
2026-07-29,폴바셋,롯데월드몰점,0,0
2026-07-29,폴바셋,스타필드 안성점,5909,0.5909
2026-07-29,폴바셋,롯데아울렛 남악점,8091,0.8091
2026-07-29,폴바셋,롯데백화점 평촌점,0,0
2026-07-29,폴바셋,롯데백화점 광주점,8091,0.8091
2026-07-29,폴바셋,현대백화점 충청점,15273,1.5273
2026-07-29,폴바셋,현대백화점 천호점,19728,1.9728
2026-07-29,폴바셋,신세계백화점 의정부점,16182,1.6182
2026-07-29,폴바셋,신세계백화점 센텀시티점,15273,1.5273
2026-07-29,폴바셋,삼성전자 온양캠퍼스점,55001,5.5001
2026-07-29,폴바셋,현대백화점 울산점,24273,2.4273
2026-07-29,폴바셋,포항 영일대 DT점,31455,3.1455
2026-07-29,폴바셋,롯데백화점 창원점,8091,0.8091
2026-07-29,폴바셋,AK플라자 수원점,8091,0.8091
2026-07-29,폴바셋,더현대 대구점,16182,1.6182
2026-07-29,폴바셋,스타필드시티 위례점,8091,0.8091
2026-07-29,폴바셋,현대아울렛 대전점,38637,3.8637
2026-07-29,폴바셋,스타필드 고양 1호점,46728,4.6728
2026-07-29,폴바셋,롯데아울렛 기흥점,15818,1.5818
2026-07-29,폴바셋,롯데백화점 김포공항점,30546,3.0546
2026-07-29,폴바셋,롯데백화점 대전점,31455,3.1455
2026-07-29,폴바셋,마산 회원 DT점,24273,2.4273
2026-07-29,폴바셋,롯데아울렛 광주수완점,7182,0.7182
2026-07-29,폴바셋,한국경제신문사점,30546,3.0546
2026-07-29,폴바셋,신세계 사우스시티점,0,0
2026-07-29,폴바셋,삼성 DSR점,66455,6.6455
2026-07-29,폴바셋,신세계백화점 대구 2호점,8091,0.8091
2026-07-29,폴바셋,뉴코아 강남점,54819,5.4819
2026-07-29,폴바셋,롯데백화점 울산점,23638,2.3638
2026-07-29,폴바셋,AK플라자 광명점,14364,1.4364
2026-07-29,폴바셋,롯데백화점 강남점,14364,1.4364
2026-07-29,폴바셋,마산 해안대로 DT점,31455,3.1455
2026-07-29,폴바셋,여의도점,53910,5.391
2026-07-29,폴바셋,구미 봉곡 DT점,15273,1.5273
2026-07-29,폴바셋,스타필드 하남 1호점,24273,2.4273
2026-07-29,폴바셋,롯데백화점 잠실점,23364,2.3364
2026-07-29,폴바셋,종로 G1점,20729,2.0729
2026-07-29,폴바셋,롯데월드 아이스링크점,38637,3.8637
2026-07-29,폴바셋,롯데몰 은평점,32364,3.2364
2026-07-29,폴바셋,롯데몰 수지점,22455,2.2455
2026-07-29,폴바셋,구로 G타워점,62001,6.2001
2026-07-29,폴바셋,경산 옥곡 DT점,24273,2.4273
2026-07-29,폴바셋,롯데백화점 광복점,26274,2.6274
2026-07-29,폴바셋,서소문점,85365,8.5365
2026-07-29,폴바셋,인스파이어점,46728,4.6728
2026-07-29,폴바셋,롯데백화점 본점,35546,3.5546
2026-07-29,폴바셋,오산대 DT점,48546,4.8546
2026-07-29,폴바셋,교보문고 합정점,40455,4.0455
2026-07-29,폴바셋,NC타워 삼성점,70092,7.0092
2026-07-29,폴바셋,AK플라자 홍대점,37728,3.7728
2026-07-29,폴바셋,부산 전포 DT점,38637,3.8637
2026-07-29,폴바셋,송도 트리플스트리트점,151670,15.167
2026-07-29,폴바셋,부산 괴정 DT점,39546,3.9546
2026-07-29,폴바셋,양산 웅상 DT점,38637,3.8637
2026-07-29,폴바셋,파미에스테이션점,39546,3.9546
2026-07-29,폴바셋,롯데아울렛 이시아폴리스점,49184,4.9184
2026-07-29,폴바셋,경주 교동 DT점,71001,7.1001
2026-07-29,폴바셋,김포 구래 DT점,62001,6.2001
2026-07-29,폴바셋,대구 방촌 DT점,62001,6.2001
2026-07-29,폴바셋,광화문 흥국생명점,101547,10.1547
2026-07-29,폴바셋,북수원IC DT점,70092,7.0092
2026-07-29,폴바셋,제주 아라 DT점,79092,7.9092
2026-07-29,폴바셋,경산 임당역 DT점,71001,7.1001
2026-07-29,폴바셋,대구 감삼 DT점,29028,2.9028
2026-07-29,폴바셋,GFC점,62001,6.2001
2026-07-29,폴바셋,MBC몰 파크점,38909,3.8909
2026-07-29,폴바셋,현대아울렛 남양주점,52823,5.2823
2026-07-29,폴바셋,부산 대연 DT점,46728,4.6728
2026-07-29,폴바셋,대구 만촌 DT점,62910,6.291
2026-07-29,폴바셋,천안 구성 DT점,36091,3.6091
2026-07-29,폴바셋,상일동점,159555,15.9555
2026-07-29,폴바셋,광명 철산 DT점,53910,5.391
2026-07-29,폴바셋,용인시청 DT점,76365,7.6365
2026-07-29,폴바셋,전주 금암 DT점,81910,8.191
2026-07-29,폴바셋,부산 연산역점,94822,9.4822
2026-07-29,폴바셋,신세계아울렛 시흥점,42911,4.2911
2026-07-29,폴바셋,롯데몰 동부산점,186650,18.665
2026-07-29,폴바셋,수원 월드컵경기장점,94365,9.4365
2026-07-29,폴바셋,롯데아울렛 김해점,98914,9.8914
2026-07-29,폴바셋,고창 선운사점,75186,7.5186
2026-07-29,폴바셋,송도 SK바이오사이언스점,53002,5.3002
2026-07-29,폴바셋,강서 마곡 DT점,55728,5.5728
2026-07-29,폴바셋,부산 금곡 강변점,38911,3.8911
2026-07-29,폴바셋,청주 방서 DT점,140552,14.0552
2026-07-29,폴바셋,롯데아울렛 이천점,79367,7.9367
2026-07-29,폴바셋,증미역점,76365,7.6365
2026-07-29,폴바셋,롯데백화점 중동점,122553,12.2553
2026-07-29,폴바셋,평택 소사 DT점,101547,10.1547
2026-07-29,폴바셋,여의도 국회대로점,197824,19.7824
2026-07-29,폴바셋,반포 쌍동빌딩점,131187,13.1187
2026-07-29,폴바셋,혜화역점,102728,10.2728
2026-07-29,폴바셋,송도 센트럴파크점,134458,13.4458
2026-07-29,폴바셋,영등포 타임스퀘어점,232736,23.2736
2026-07-29,폴바셋,수서역점,175464,17.5464
2026-07-29,폴바셋,코엑스몰점,85910,8.591
2026-07-29,폴바셋,광화문 예금보험공사점,132529,13.2529
2026-07-29,폴바셋,용산 아이파크몰점,145190,14.519
2026-07-29,폴바셋,해운대 팔라티움점,229010,22.901
2026-07-29,폴바셋,롯데백화점 상인점,131596,13.1596
2026-07-29,폴바셋,여의도 현대카드점,158404,15.8404
2026-07-29,폴바셋,연세와병원점,163554,16.3554
2026-07-29,폴바셋,압구정2호점,156096,15.6096
2026-07-29,폴바셋,선릉역 동훈타워점,215464,21.5464
2026-07-29,폴바셋,한남 커피스테이션,156825,15.6825
2026-07-29,폴바셋,강서 부민병원점,263643,26.3643
2026-07-29,폴바셋,현대백화점 미아점,157370,15.737
2026-07-29,폴바셋,코리아나호텔점,288013,28.8013
2026-07-29,폴바셋,강남삼성타운점,249012,24.9012
2026-07-29,폴바셋,종각역점,186282,18.6282
2026-07-29,폴바셋,청담역점,161917,16.1917
2026-07-29,폴바셋,대구 수성못점,203919,20.3919
2026-07-29,폴바셋,강남역 삼성화재점,263648,26.3648
2026-07-29,폴바셋,신세계 센텀시티몰점,206193,20.6193
2026-07-29,폴바셋,교대역점,234737,23.4737
2026-07-29,폴바셋,페럼타워점,278191,27.8191
2026-07-29,폴바셋,스타필드빌리지 운정점,227924,22.7924
2026-07-29,폴바셋,인천 송도 DT점,221650,22.165
2026-07-29,폴바셋,청량리역점,189377,18.9377
2026-07-29,폴바셋,광교엘포트몰점,251649,25.1649
2026-07-29,폴바셋,광화문 G타워점,325556,32.5556
2026-07-29,폴바셋,파르나스몰점,264472,26.4472
2026-07-29,폴바셋,광교 경기도청점,326758,32.6758
2026-07-29,폴바셋,수원컨트리클럽점,237193,23.7193
2026-07-29,폴바셋,갤러리아 광교점,197919,19.7919
2026-07-29,폴바셋,현대아울렛 김포점,238465,23.8465
2026-07-29,폴바셋,대치역점,300375,30.0375
2026-07-29,폴바셋,일산 마두점,357475,35.7475
2026-07-29,폴바셋,여의도 부국증권점,390376,39.0376
2026-07-29,폴바셋,교보문고 강남점,414385,41.4385
2026-07-29,폴바셋,을지로 파인에비뉴점,507754,50.7754
2026-07-29,폴바셋,여의도 IFC몰점,443296,44.3296
2026-07-29,폴바셋,산본역점,410657,41.0657
2026-07-29,폴바셋,인천공항 T1 입국점,516582,51.6582
2026-07-29,폴바셋,영종도 파라다이스시티점,711492,71.1492
2026-07-29,폴바셋,제주공항 국내선점,440596,44.0596
2026-07-29,폴바셋,연세암병원점,959502,95.9502
2026-07-29,폴바셋,고대구로병원점,958883,95.8883
2026-07-29,폴바셋,강남구청역점,801936,80.1936
2026-07-29,폴바셋,강남점,825037,82.5037
2026-07-29,폴바셋,인천공항 T2 입국점,984091,98.4091
2026-07-29,폴바셋,사당 파스텔시티점,1069795,106.9795
2026-07-29,폴바셋,일원역점,1558908,155.8908
2026-07-29,폴바셋,광화문점,2373853,237.3853
2026-07-30,폴바셋,신세계백화점 광주점,2091,0.2091
2026-07-30,폴바셋,롯데백화점 동탄점,2091,0.2091
2026-07-30,폴바셋,스타필드 하남 2호점,2000,0.2
2026-07-30,폴바셋,신세계백화점 대구 1호점,4091,0.4091
2026-07-30,폴바셋,롯데백화점 노원점,0,0
2026-07-30,폴바셋,스타필드 수원점,2091,0.2091
2026-07-30,폴바셋,롯데백화점 대구점,6182,0.6182
2026-07-30,폴바셋,롯데백화점 부산본점,10182,1.0182
2026-07-30,폴바셋,대전엑스포 스카이점,12273,1.2273
2026-07-30,폴바셋,현대모터스튜디오 서울점,6955,0.6955
2026-07-30,폴바셋,광화문 디타워점,10091,1.0091
2026-07-30,폴바셋,제주 용담 DT점,16364,1.6364
2026-07-30,폴바셋,롯데마트 서초점,0,0
2026-07-30,폴바셋,삼성전자 평택점,45273,4.5273
2026-07-30,폴바셋,갤러리아 타임월드점,2864,0.2864
2026-07-30,폴바셋,롯데백화점 관악점,36546,3.6546
2026-07-30,폴바셋,롯데월드몰점,0,0
2026-07-30,폴바셋,스타필드 안성점,18591,1.8591
2026-07-30,폴바셋,롯데아울렛 남악점,21137,2.1137
2026-07-30,폴바셋,롯데백화점 평촌점,10364,1.0364
2026-07-30,폴바셋,롯데백화점 광주점,28455,2.8455
2026-07-30,폴바셋,현대백화점 충청점,8091,0.8091
2026-07-30,폴바셋,현대백화점 천호점,16273,1.6273
2026-07-30,폴바셋,신세계백화점 의정부점,4091,0.4091
2026-07-30,폴바셋,신세계백화점 센텀시티점,45819,4.5819
2026-07-30,폴바셋,삼성전자 온양캠퍼스점,51728,5.1728
2026-07-30,폴바셋,현대백화점 울산점,19364,1.9364
2026-07-30,폴바셋,포항 영일대 DT점,8091,0.8091
2026-07-30,폴바셋,롯데백화점 창원점,53001,5.3001
2026-07-30,폴바셋,AK플라자 수원점,44819,4.4819
2026-07-30,폴바셋,더현대 대구점,35637,3.5637
2026-07-30,폴바셋,스타필드시티 위례점,41910,4.191
2026-07-30,폴바셋,현대아울렛 대전점,14182,1.4182
2026-07-30,폴바셋,스타필드 고양 1호점,27546,2.7546
2026-07-30,폴바셋,롯데아울렛 기흥점,42728,4.2728
2026-07-30,폴바셋,롯데백화점 김포공항점,33728,3.3728
2026-07-30,폴바셋,롯데백화점 대전점,38546,3.8546
2026-07-30,폴바셋,마산 회원 DT점,19364,1.9364
2026-07-30,폴바셋,롯데아울렛 광주수완점,19364,1.9364
2026-07-30,폴바셋,한국경제신문사점,46728,4.6728
2026-07-30,폴바셋,신세계 사우스시티점,41728,4.1728
2026-07-30,폴바셋,삼성 DSR점,85910,8.591
2026-07-30,폴바셋,신세계백화점 대구 2호점,46683,4.6683
2026-07-30,폴바셋,뉴코아 강남점,34546,3.4546
2026-07-30,폴바셋,롯데백화점 울산점,19728,1.9728
2026-07-30,폴바셋,AK플라자 광명점,37319,3.7319
2026-07-30,폴바셋,롯데백화점 강남점,42728,4.2728
2026-07-30,폴바셋,마산 해안대로 DT점,18137,1.8137
2026-07-30,폴바셋,여의도점,102365,10.2365
2026-07-30,폴바셋,구미 봉곡 DT점,58865,5.8865
2026-07-30,폴바셋,스타필드 하남 1호점,38637,3.8637
2026-07-30,폴바셋,롯데백화점 잠실점,29637,2.9637
2026-07-30,폴바셋,종로 G1점,29819,2.9819
2026-07-30,폴바셋,롯데월드 아이스링크점,39637,3.9637
2026-07-30,폴바셋,롯데몰 은평점,51910,5.191
2026-07-30,폴바셋,롯데몰 수지점,18273,1.8273
2026-07-30,폴바셋,구로 G타워점,56819,5.6819
2026-07-30,폴바셋,경산 옥곡 DT점,37728,3.7728
2026-07-30,폴바셋,롯데백화점 광복점,20364,2.0364
2026-07-30,폴바셋,서소문점,27637,2.7637
2026-07-30,폴바셋,인스파이어점,27546,2.7546
2026-07-30,폴바셋,롯데백화점 본점,57364,5.7364
2026-07-30,폴바셋,오산대 DT점,26546,2.6546
2026-07-30,폴바셋,교보문고 합정점,52637,5.2637
2026-07-30,폴바셋,NC타워 삼성점,67001,6.7001
2026-07-30,폴바셋,AK플라자 홍대점,47001,4.7001
2026-07-30,폴바셋,부산 전포 DT점,64092,6.4092
2026-07-30,폴바셋,송도 트리플스트리트점,172915,17.2915
2026-07-30,폴바셋,부산 괴정 DT점,80274,8.0274
2026-07-30,폴바셋,양산 웅상 DT점,63092,6.3092
2026-07-30,폴바셋,파미에스테이션점,67092,6.7092
2026-07-30,폴바셋,롯데아울렛 이시아폴리스점,83911,8.3911
2026-07-30,폴바셋,경주 교동 DT점,61910,6.191
2026-07-30,폴바셋,김포 구래 DT점,79365,7.9365
2026-07-30,폴바셋,대구 방촌 DT점,75183,7.5183
2026-07-30,폴바셋,광화문 흥국생명점,104366,10.4366
2026-07-30,폴바셋,북수원IC DT점,60956,6.0956
2026-07-30,폴바셋,제주 아라 DT점,29455,2.9455
2026-07-30,폴바셋,경산 임당역 DT점,71001,7.1001
2026-07-30,폴바셋,대구 감삼 DT점,61274,6.1274
2026-07-30,폴바셋,GFC점,70092,7.0092
2026-07-30,폴바셋,MBC몰 파크점,65001,6.5001
2026-07-30,폴바셋,현대아울렛 남양주점,54639,5.4639
2026-07-30,폴바셋,부산 대연 DT점,87820,8.782
2026-07-30,폴바셋,대구 만촌 DT점,92274,9.2274
2026-07-30,폴바셋,천안 구성 DT점,71092,7.1092
2026-07-30,폴바셋,상일동점,96825,9.6825
2026-07-30,폴바셋,광명 철산 DT점,99729,9.9729
2026-07-30,폴바셋,용인시청 DT점,53592,5.3592
2026-07-30,폴바셋,전주 금암 DT점,54637,5.4637
2026-07-30,폴바셋,부산 연산역점,128641,12.8641
2026-07-30,폴바셋,신세계아울렛 시흥점,78458,7.8458
2026-07-30,폴바셋,롯데몰 동부산점,195740,19.574
2026-07-30,폴바셋,수원 월드컵경기장점,47728,4.7728
2026-07-30,폴바셋,롯데아울렛 김해점,64641,6.4641
2026-07-30,폴바셋,고창 선운사점,30093,3.0093
2026-07-30,폴바셋,송도 SK바이오사이언스점,39819,3.9819
2026-07-30,폴바셋,강서 마곡 DT점,47819,4.7819
2026-07-30,폴바셋,부산 금곡 강변점,27274,2.7274
2026-07-30,폴바셋,청주 방서 DT점,115713,11.5713
2026-07-30,폴바셋,롯데아울렛 이천점,101366,10.1366
2026-07-30,폴바셋,증미역점,111548,11.1548
2026-07-30,폴바셋,롯데백화점 중동점,159735,15.9735
2026-07-30,폴바셋,평택 소사 DT점,79366,7.9366
2026-07-30,폴바셋,여의도 국회대로점,217962,21.7962
2026-07-30,폴바셋,반포 쌍동빌딩점,180465,18.0465
2026-07-30,폴바셋,혜화역점,100274,10.0274
2026-07-30,폴바셋,송도 센트럴파크점,176098,17.6098
2026-07-30,폴바셋,영등포 타임스퀘어점,217465,21.7465
2026-07-30,폴바셋,수서역점,219012,21.9012
2026-07-30,폴바셋,코엑스몰점,231549,23.1549
2026-07-30,폴바셋,광화문 예금보험공사점,167240,16.724
2026-07-30,폴바셋,용산 아이파크몰점,131644,13.1644
2026-07-30,폴바셋,해운대 팔라티움점,254288,25.4288
2026-07-30,폴바셋,롯데백화점 상인점,97640,9.764
2026-07-30,폴바셋,여의도 현대카드점,208613,20.8613
2026-07-30,폴바셋,연세와병원점,159486,15.9486
2026-07-30,폴바셋,압구정2호점,133825,13.3825
2026-07-30,폴바셋,선릉역 동훈타워점,176825,17.6825
2026-07-30,폴바셋,한남 커피스테이션,228010,22.801
2026-07-30,폴바셋,강서 부민병원점,216278,21.6278
2026-07-30,폴바셋,현대백화점 미아점,202828,20.2828
2026-07-30,폴바셋,코리아나호텔점,375650,37.565
2026-07-30,폴바셋,강남삼성타운점,391425,39.1425
2026-07-30,폴바셋,종각역점,240334,24.0334
2026-07-30,폴바셋,청담역점,258007,25.8007
2026-07-30,폴바셋,대구 수성못점,205109,20.5109
2026-07-30,폴바셋,강남역 삼성화재점,300515,30.0515
2026-07-30,폴바셋,신세계 센텀시티몰점,209013,20.9013
2026-07-30,폴바셋,교대역점,201584,20.1584
2026-07-30,폴바셋,페럼타워점,333833,33.3833
2026-07-30,폴바셋,스타필드빌리지 운정점,221510,22.151
2026-07-30,폴바셋,인천 송도 DT점,237741,23.7741
2026-07-30,폴바셋,청량리역점,207106,20.7106
2026-07-30,폴바셋,광교엘포트몰점,173459,17.3459
2026-07-30,폴바셋,광화문 G타워점,213286,21.3286
2026-07-30,폴바셋,파르나스몰점,337837,33.7837
2026-07-30,폴바셋,광교 경기도청점,291645,29.1645
2026-07-30,폴바셋,수원컨트리클럽점,264920,26.492
2026-07-30,폴바셋,갤러리아 광교점,217102,21.7102
2026-07-30,폴바셋,현대아울렛 김포점,176552,17.6552
2026-07-30,폴바셋,대치역점,270834,27.0834
2026-07-30,폴바셋,일산 마두점,322562,32.2562
2026-07-30,폴바셋,여의도 부국증권점,338560,33.856
2026-07-30,폴바셋,교보문고 강남점,397929,39.7929
2026-07-30,폴바셋,을지로 파인에비뉴점,464472,46.4472
2026-07-30,폴바셋,여의도 IFC몰점,665846,66.5846
2026-07-30,폴바셋,산본역점,522805,52.2805
2026-07-30,폴바셋,인천공항 T1 입국점,479124,47.9124
2026-07-30,폴바셋,영종도 파라다이스시티점,828950,82.895
2026-07-30,폴바셋,제주공항 국내선점,705023,70.5023
2026-07-30,폴바셋,연세암병원점,1112242,111.2242
2026-07-30,폴바셋,고대구로병원점,843943,84.3943
2026-07-30,폴바셋,강남구청역점,933932,93.3932
2026-07-30,폴바셋,강남점,879027,87.9027
2026-07-30,폴바셋,인천공항 T2 입국점,1027198,102.7198
2026-07-30,폴바셋,사당 파스텔시티점,855485,85.5485
2026-07-30,폴바셋,일원역점,1604062,160.4062
2026-07-30,폴바셋,광화문점,2792997,279.2997
2026-07-31,폴바셋,신세계백화점 광주점,0,0
2026-07-31,폴바셋,롯데백화점 동탄점,4000,0.4
2026-07-31,폴바셋,스타필드 하남 2호점,4091,0.4091
2026-07-31,폴바셋,신세계백화점 대구 1호점,2000,0.2
2026-07-31,폴바셋,롯데백화점 노원점,6182,0.6182
2026-07-31,폴바셋,스타필드 수원점,6091,0.6091
2026-07-31,폴바셋,롯데백화점 대구점,2091,0.2091
2026-07-31,폴바셋,롯데백화점 부산본점,12182,1.2182
2026-07-31,폴바셋,대전엑스포 스카이점,10273,1.0273
2026-07-31,폴바셋,현대모터스튜디오 서울점,15673,1.5673
2026-07-31,폴바셋,광화문 디타워점,20001,2.0001
2026-07-31,폴바셋,제주 용담 DT점,16273,1.6273
2026-07-31,폴바셋,롯데마트 서초점,2091,0.2091
2026-07-31,폴바셋,삼성전자 평택점,52728,5.2728
2026-07-31,폴바셋,갤러리아 타임월드점,9182,0.9182
2026-07-31,폴바셋,롯데백화점 관악점,20455,2.0455
2026-07-31,폴바셋,롯데월드몰점,173138,17.3138
2026-07-31,폴바셋,스타필드 안성점,26091,2.6091
2026-07-31,폴바셋,롯데아울렛 남악점,2091,0.2091
2026-07-31,폴바셋,롯데백화점 평촌점,8273,0.8273
2026-07-31,폴바셋,롯데백화점 광주점,15273,1.5273
2026-07-31,폴바셋,현대백화점 충청점,19909,1.9909
2026-07-31,폴바셋,현대백화점 천호점,24273,2.4273
2026-07-31,폴바셋,신세계백화점 의정부점,61001,6.1001
2026-07-31,폴바셋,신세계백화점 센텀시티점,31455,3.1455
2026-07-31,폴바셋,삼성전자 온양캠퍼스점,98181,9.8181
2026-07-31,폴바셋,현대백화점 울산점,19364,1.9364
2026-07-31,폴바셋,포항 영일대 DT점,39728,3.9728
2026-07-31,폴바셋,롯데백화점 창원점,22273,2.2273
2026-07-31,폴바셋,AK플라자 수원점,39728,3.9728
2026-07-31,폴바셋,더현대 대구점,61001,6.1001
2026-07-31,폴바셋,스타필드시티 위례점,28455,2.8455
2026-07-31,폴바셋,현대아울렛 대전점,29455,2.9455
2026-07-31,폴바셋,스타필드 고양 1호점,8182,0.8182
2026-07-31,폴바셋,롯데아울렛 기흥점,24684,2.4684
2026-07-31,폴바셋,롯데백화점 김포공항점,65092,6.5092
2026-07-31,폴바셋,롯데백화점 대전점,6182,0.6182
2026-07-31,폴바셋,마산 회원 DT점,35546,3.5546
2026-07-31,폴바셋,롯데아울렛 광주수완점,32364,3.2364
2026-07-31,폴바셋,한국경제신문사점,51910,5.191
2026-07-31,폴바셋,신세계 사우스시티점,20273,2.0273
2026-07-31,폴바셋,삼성 DSR점,25137,2.5137
2026-07-31,폴바셋,신세계백화점 대구 2호점,29637,2.9637
2026-07-31,폴바셋,뉴코아 강남점,10182,1.0182
2026-07-31,폴바셋,롯데백화점 울산점,47457,4.7457
2026-07-31,폴바셋,AK플라자 광명점,40546,4.0546
2026-07-31,폴바셋,롯데백화점 강남점,30546,3.0546
2026-07-31,폴바셋,마산 해안대로 DT점,28273,2.8273
2026-07-31,폴바셋,여의도점,75910,7.591
2026-07-31,폴바셋,구미 봉곡 DT점,38410,3.841
2026-07-31,폴바셋,스타필드 하남 1호점,33637,3.3637
2026-07-31,폴바셋,롯데백화점 잠실점,80456,8.0456
2026-07-31,폴바셋,종로 G1점,36910,3.691
2026-07-31,폴바셋,롯데월드 아이스링크점,57820,5.782
2026-07-31,폴바셋,롯데몰 은평점,72620,7.262
2026-07-31,폴바셋,롯데몰 수지점,61819,6.1819
2026-07-31,폴바셋,구로 G타워점,35455,3.5455
2026-07-31,폴바셋,경산 옥곡 DT점,69183,6.9183
2026-07-31,폴바셋,롯데백화점 광복점,69276,6.9276
2026-07-31,폴바셋,서소문점,52728,5.2728
2026-07-31,폴바셋,인스파이어점,49728,4.9728
2026-07-31,폴바셋,롯데백화점 본점,81819,8.1819
2026-07-31,폴바셋,오산대 DT점,15273,1.5273
2026-07-31,폴바셋,교보문고 합정점,62910,6.291
2026-07-31,폴바셋,NC타워 삼성점,71183,7.1183
2026-07-31,폴바셋,AK플라자 홍대점,69183,6.9183
2026-07-31,폴바셋,부산 전포 DT점,48637,4.8637
2026-07-31,폴바셋,송도 트리플스트리트점,186461,18.6461
2026-07-31,폴바셋,부산 괴정 DT점,61819,6.1819
2026-07-31,폴바셋,양산 웅상 DT점,47728,4.7728
2026-07-31,폴바셋,파미에스테이션점,35501,3.5501
2026-07-31,폴바셋,롯데아울렛 이시아폴리스점,70184,7.0184
2026-07-31,폴바셋,경주 교동 DT점,36728,3.6728
2026-07-31,폴바셋,김포 구래 DT점,69092,6.9092
2026-07-31,폴바셋,대구 방촌 DT점,35546,3.5546
2026-07-31,폴바셋,광화문 흥국생명점,69556,6.9556
2026-07-31,폴바셋,북수원IC DT점,76092,7.6092
2026-07-31,폴바셋,제주 아라 DT점,55092,5.5092
2026-07-31,폴바셋,경산 임당역 DT점,44637,4.4637
2026-07-31,폴바셋,대구 감삼 DT점,90547,9.0547
2026-07-31,폴바셋,GFC점,61183,6.1183
2026-07-31,폴바셋,MBC몰 파크점,115274,11.5274
2026-07-31,폴바셋,현대아울렛 남양주점,74914,7.4914
2026-07-31,폴바셋,부산 대연 DT점,93456,9.3456
2026-07-31,폴바셋,대구 만촌 DT점,86547,8.6547
2026-07-31,폴바셋,천안 구성 DT점,89547,8.9547
2026-07-31,폴바셋,상일동점,216739,21.6739
2026-07-31,폴바셋,광명 철산 DT점,54683,5.4683
2026-07-31,폴바셋,용인시청 DT점,107046,10.7046
2026-07-31,폴바셋,전주 금암 DT점,60546,6.0546
2026-07-31,폴바셋,부산 연산역점,104640,10.464
2026-07-31,폴바셋,신세계아울렛 시흥점,59230,5.923
2026-07-31,폴바셋,롯데몰 동부산점,177736,17.7736
2026-07-31,폴바셋,수원 월드컵경기장점,75092,7.5092
2026-07-31,폴바셋,롯데아울렛 김해점,77639,7.7639
2026-07-31,폴바셋,고창 선운사점,99694,9.9694
2026-07-31,폴바셋,송도 SK바이오사이언스점,59728,5.9728
2026-07-31,폴바셋,강서 마곡 DT점,122002,12.2002
2026-07-31,폴바셋,부산 금곡 강변점,112914,11.2914
2026-07-31,폴바셋,청주 방서 DT점,226117,22.6117
2026-07-31,폴바셋,롯데아울렛 이천점,84550,8.455
2026-07-31,폴바셋,증미역점,145548,14.5548
2026-07-31,폴바셋,롯데백화점 중동점,99005,9.9005
2026-07-31,폴바셋,평택 소사 DT점,120002,12.0002
2026-07-31,폴바셋,여의도 국회대로점,205008,20.5008
2026-07-31,폴바셋,반포 쌍동빌딩점,179917,17.9917
2026-07-31,폴바셋,혜화역점,120638,12.0638
2026-07-31,폴바셋,송도 센트럴파크점,195190,19.519
2026-07-31,폴바셋,영등포 타임스퀘어점,252556,25.2556
2026-07-31,폴바셋,수서역점,197601,19.7601
2026-07-31,폴바셋,코엑스몰점,190729,19.0729
2026-07-31,폴바셋,광화문 예금보험공사점,193961,19.3961
2026-07-31,폴바셋,용산 아이파크몰점,141817,14.1817
2026-07-31,폴바셋,해운대 팔라티움점,253103,25.3103
2026-07-31,폴바셋,롯데백화점 상인점,129916,12.9916
2026-07-31,폴바셋,여의도 현대카드점,220088,22.0088
2026-07-31,폴바셋,연세와병원점,116459,11.6459
2026-07-31,폴바셋,압구정2호점,176009,17.6009
2026-07-31,폴바셋,선릉역 동훈타워점,296107,29.6107
2026-07-31,폴바셋,한남 커피스테이션,168467,16.8467
2026-07-31,폴바셋,강서 부민병원점,225005,22.5005
2026-07-31,폴바셋,현대백화점 미아점,167283,16.7283
2026-07-31,폴바셋,코리아나호텔점,413200,41.32
2026-07-31,폴바셋,강남삼성타운점,183919,18.3919
2026-07-31,폴바셋,종각역점,320653,32.0653
2026-07-31,폴바셋,청담역점,220658,22.0658
2026-07-31,폴바셋,대구 수성못점,206394,20.6394
2026-07-31,폴바셋,강남역 삼성화재점,204464,20.4464
2026-07-31,폴바셋,신세계 센텀시티몰점,270745,27.0745
2026-07-31,폴바셋,교대역점,243102,24.3102
2026-07-31,폴바셋,페럼타워점,399023,39.9023
2026-07-31,폴바셋,스타필드빌리지 운정점,282557,28.2557
2026-07-31,폴바셋,인천 송도 DT점,266925,26.6925
2026-07-31,폴바셋,청량리역점,250292,25.0292
2026-07-31,폴바셋,광교엘포트몰점,186101,18.6101
2026-07-31,폴바셋,광화문 G타워점,365427,36.5427
2026-07-31,폴바셋,파르나스몰점,370927,37.0927
2026-07-31,폴바셋,광교 경기도청점,290655,29.0655
2026-07-31,폴바셋,수원컨트리클럽점,286144,28.6144
2026-07-31,폴바셋,갤러리아 광교점,232738,23.2738
2026-07-31,폴바셋,현대아울렛 김포점,301922,30.1922
2026-07-31,폴바셋,대치역점,384471,38.4471
2026-07-31,폴바셋,일산 마두점,411112,41.1112
2026-07-31,폴바셋,여의도 부국증권점,590114,59.0114
2026-07-31,폴바셋,교보문고 강남점,410384,41.0384
2026-07-31,폴바셋,을지로 파인에비뉴점,721169,72.1169
2026-07-31,폴바셋,여의도 IFC몰점,417285,41.7285
2026-07-31,폴바셋,산본역점,435477,43.5477
2026-07-31,폴바셋,인천공항 T1 입국점,552677,55.2677
2026-07-31,폴바셋,영종도 파라다이스시티점,992958,99.2958
2026-07-31,폴바셋,제주공항 국내선점,261217,26.1217
2026-07-31,폴바셋,연세암병원점,612802,61.2802
2026-07-31,폴바셋,고대구로병원점,706209,70.6209
2026-07-31,폴바셋,강남구청역점,989304,98.9304
2026-07-31,폴바셋,강남점,823934,82.3934
2026-07-31,폴바셋,인천공항 T2 입국점,1232478,123.2478
2026-07-31,폴바셋,사당 파스텔시티점,1101797,110.1797
2026-07-31,폴바셋,일원역점,1699739,169.9739
2026-07-31,폴바셋,광화문점,3650132,365.0132
2026-08-01,폴바셋,롯데백화점 대구점,0,0
2026-08-01,폴바셋,롯데백화점 동탄점,2000,0.2
2026-08-01,폴바셋,롯데마트 양평점,4091,0.4091
2026-08-01,폴바셋,신세계백화점 광주점,2000,0.2
2026-08-01,폴바셋,롯데마트 서초점,0,0
2026-08-01,폴바셋,롯데백화점 부산본점,4091,0.4091
2026-08-01,폴바셋,광화문 디타워점,8182,0.8182
2026-08-01,폴바셋,스타필드 수원점,6182,0.6182
2026-08-01,폴바셋,신세계백화점 대구 1호점,20364,2.0364
2026-08-01,폴바셋,대전엑스포 스카이점,12182,1.2182
2026-08-01,폴바셋,롯데백화점 노원점,6182,0.6182
2026-08-01,폴바셋,스타필드 하남 2호점,12273,1.2273
2026-08-01,폴바셋,갤러리아 타임월드점,8182,0.8182
2026-08-01,폴바셋,삼성전자 평택점,0,0
2026-08-01,폴바셋,롯데백화점 광주점,4955,0.4955
2026-08-01,폴바셋,롯데아울렛 남악점,12182,1.2182
2026-08-01,폴바셋,제주 용담 DT점,12273,1.2273
2026-08-01,폴바셋,현대모터스튜디오 서울점,10273,1.0273
2026-08-01,폴바셋,투고 바 롯데월드 어드벤처점,0,0
2026-08-01,폴바셋,현대백화점 충청점,10182,1.0182
2026-08-01,폴바셋,종로 G1점,11819,1.1819
2026-08-01,폴바셋,스타필드 안성점,14091,1.4091
2026-08-01,폴바셋,신세계백화점 의정부점,11273,1.1273
2026-08-01,폴바셋,현대백화점 천호점,46728,4.6728
2026-08-01,폴바셋,AK플라자 수원점,44637,4.4637
2026-08-01,폴바셋,롯데백화점 관악점,14182,1.4182
2026-08-01,폴바셋,현대아울렛 대전점,50001,5.0001
2026-08-01,폴바셋,현대백화점 울산점,21364,2.1364
2026-08-01,폴바셋,더현대 대구점,16273,1.6273
2026-08-01,폴바셋,롯데백화점 평촌점,6091,0.6091
2026-08-01,폴바셋,신세계백화점 센텀시티점,35546,3.5546
2026-08-01,폴바셋,포항 영일대 DT점,38501,3.8501
2026-08-01,폴바셋,롯데백화점 김포공항점,53092,5.3092
2026-08-01,폴바셋,롯데백화점 대전점,21919,2.1919
2026-08-01,폴바셋,삼성전자 온양캠퍼스점,0,0
2026-08-01,폴바셋,롯데백화점 창원점,60274,6.0274
2026-08-01,폴바셋,롯데아울렛 기흥점,14819,1.4819
2026-08-01,폴바셋,한국경제신문사점,0,0
2026-08-01,폴바셋,송도 SK바이오사이언스점,0,0
2026-08-01,폴바셋,롯데아울렛 광주수완점,34364,3.4364
2026-08-01,폴바셋,신세계 사우스시티점,27455,2.7455
2026-08-01,폴바셋,삼성 DSR점,4091,0.4091
2026-08-01,폴바셋,스타필드시티 위례점,25546,2.5546
2026-08-01,폴바셋,스타필드 고양 1호점,46728,4.6728
2026-08-01,폴바셋,여의도점,4091,0.4091
2026-08-01,폴바셋,뉴코아 강남점,35546,3.5546
2026-08-01,폴바셋,마산 회원 DT점,43637,4.3637
2026-08-01,폴바셋,AK플라자 광명점,65473,6.5473
2026-08-01,폴바셋,롯데백화점 울산점,69460,6.946
2026-08-01,폴바셋,구미 봉곡 DT점,65702,6.5702
2026-08-01,폴바셋,롯데백화점 잠실점,17273,1.7273
2026-08-01,폴바셋,마산 해안대로 DT점,27455,2.7455
2026-08-01,폴바셋,롯데백화점 강남점,68183,6.8183
2026-08-01,폴바셋,스타필드 하남 1호점,59910,5.991
2026-08-01,폴바셋,롯데백화점 광복점,49821,4.9821
2026-08-01,폴바셋,롯데몰 은평점,26637,2.6637
2026-08-01,폴바셋,광화문 흥국생명점,0,0
2026-08-01,폴바셋,롯데몰 수지점,67138,6.7138
2026-08-01,폴바셋,NC타워 삼성점,0,0
2026-08-01,폴바셋,경산 옥곡 DT점,50819,5.0819
2026-08-01,폴바셋,롯데백화점 본점,33364,3.3364
2026-08-01,폴바셋,서소문점,23364,2.3364
2026-08-01,폴바셋,신세계백화점 대구 2호점,102320,10.232
2026-08-01,폴바셋,대구 방촌 DT점,65183,6.5183
2026-08-01,폴바셋,부산 괴정 DT점,55910,5.591
2026-08-01,폴바셋,부산 전포 DT점,125938,12.5938
2026-08-01,폴바셋,교보문고 합정점,56819,5.6819
2026-08-01,폴바셋,AK플라자 홍대점,68001,6.8001
2026-08-01,폴바셋,구로 G타워점,0,0
2026-08-01,폴바셋,오산대 DT점,93320,9.332
2026-08-01,폴바셋,경산 임당역 DT점,55819,5.5819
2026-08-01,폴바셋,롯데월드 아이스링크점,95456,9.5456
2026-08-01,폴바셋,김포 구래 DT점,74456,7.4456
2026-08-01,폴바셋,양산 웅상 DT점,46728,4.6728
2026-08-01,폴바셋,천안 구성 DT점,70092,7.0092
2026-08-01,폴바셋,대구 감삼 DT점,106547,10.6547
2026-08-01,폴바셋,MBC몰 파크점,59819,5.9819
2026-08-01,폴바셋,북수원IC DT점,48728,4.8728
2026-08-01,폴바셋,부산 대연 DT점,43637,4.3637
2026-08-01,폴바셋,신세계아울렛 시흥점,127824,12.7824
2026-08-01,폴바셋,파미에스테이션점,62001,6.2001
2026-08-01,폴바셋,대구 만촌 DT점,74274,7.4274
2026-08-01,폴바셋,롯데월드몰점,184941,18.4941
2026-08-01,폴바셋,GFC점,40410,4.041
2026-08-01,폴바셋,부산 연산역점,63186,6.3186
2026-08-01,폴바셋,인스파이어점,187730,18.773
2026-08-01,폴바셋,현대아울렛 남양주점,135373,13.5373
2026-08-01,폴바셋,롯데아울렛 김해점,50275,5.0275
2026-08-01,폴바셋,전주 금암 DT점,114001,11.4001
2026-08-01,폴바셋,롯데아울렛 이시아폴리스점,87821,8.7821
2026-08-01,폴바셋,광명 철산 DT점,121757,12.1757
2026-08-01,폴바셋,경주 교동 DT점,70092,7.0092
2026-08-01,폴바셋,강서 마곡 DT점,96320,9.632
2026-08-01,폴바셋,용인시청 DT점,74455,7.4455
2026-08-01,폴바셋,부산 금곡 강변점,127822,12.7822
2026-08-01,폴바셋,롯데아울렛 이천점,109915,10.9915
2026-08-01,폴바셋,수원 월드컵경기장점,202185,20.2185
2026-08-01,폴바셋,롯데백화점 중동점,86277,8.6277
2026-08-01,폴바셋,제주 아라 DT점,92365,9.2365
2026-08-01,폴바셋,증미역점,145459,14.5459
2026-08-01,폴바셋,여의도 현대카드점,0,0
2026-08-01,폴바셋,광화문 예금보험공사점,21546,2.1546
2026-08-01,폴바셋,고창 선운사점,164227,16.4227
2026-08-01,폴바셋,롯데백화점 상인점,139009,13.9009
2026-08-01,폴바셋,평택 소사 DT점,132275,13.2275
2026-08-01,폴바셋,상일동점,76277,7.6277
2026-08-01,폴바셋,코엑스몰점,147728,14.7728
2026-08-01,폴바셋,혜화역점,121820,12.182
2026-08-01,폴바셋,선릉역 동훈타워점,21909,2.1909
2026-08-01,폴바셋,연세와병원점,208097,20.8097
2026-08-01,폴바셋,송도 트리플스트리트점,130188,13.0188
2026-08-01,폴바셋,청주 방서 DT점,145742,14.5742
2026-08-01,폴바셋,용산 아이파크몰점,243332,24.3332
2026-08-01,폴바셋,여의도 국회대로점,58639,5.8639
2026-08-01,폴바셋,압구정2호점,135409,13.5409
2026-08-01,폴바셋,한남 커피스테이션,231613,23.1613
2026-08-01,폴바셋,롯데몰 동부산점,200375,20.0375
2026-08-01,폴바셋,종각역점,82186,8.2186
2026-08-01,폴바셋,청담역점,162010,16.201
2026-08-01,폴바셋,송도 센트럴파크점,271493,27.1493
2026-08-01,폴바셋,페럼타워점,9001,0.9001
2026-08-01,폴바셋,수서역점,234646,23.4646
2026-08-01,폴바셋,강서 부민병원점,219503,21.9503
2026-08-01,폴바셋,반포 쌍동빌딩점,235467,23.5467
2026-08-01,폴바셋,현대백화점 미아점,225830,22.583
2026-08-01,폴바셋,스타필드빌리지 운정점,275016,27.5016
2026-08-01,폴바셋,교대역점,112003,11.2003
2026-08-01,폴바셋,신세계 센텀시티몰점,272563,27.2563
2026-08-01,폴바셋,강남역 삼성화재점,180193,18.0193
2026-08-01,폴바셋,강남삼성타운점,166190,16.619
2026-08-01,폴바셋,광교엘포트몰점,248195,24.8195
2026-08-01,폴바셋,영등포 타임스퀘어점,311659,31.1659
2026-08-01,폴바셋,파르나스몰점,200917,20.0917
2026-08-01,폴바셋,청량리역점,241197,24.1197
2026-08-01,폴바셋,대구 수성못점,314314,31.4314
2026-08-01,폴바셋,인천 송도 DT점,331383,33.1383
2026-08-01,폴바셋,광교 경기도청점,210644,21.0644
2026-08-01,폴바셋,코리아나호텔점,226190,22.619
2026-08-01,폴바셋,수원컨트리클럽점,434289,43.4289
2026-08-01,폴바셋,광화문 G타워점,239553,23.9553
2026-08-01,폴바셋,해운대 팔라티움점,379838,37.9838
2026-08-01,폴바셋,현대아울렛 김포점,402293,40.2293
2026-08-01,폴바셋,여의도 부국증권점,109369,10.9369
2026-08-01,폴바셋,갤러리아 광교점,407565,40.7565
2026-08-01,폴바셋,일산 마두점,437112,43.7112
2026-08-01,폴바셋,대치역점,507563,50.7563
2026-08-01,폴바셋,을지로 파인에비뉴점,258777,25.8777
2026-08-01,폴바셋,교보문고 강남점,482748,48.2748
2026-08-01,폴바셋,여의도 IFC몰점,701755,70.1755
2026-08-01,폴바셋,산본역점,505217,50.5217
2026-08-01,폴바셋,인천공항 T1 입국점,749321,74.9321
2026-08-01,폴바셋,연세암병원점,185634,18.5634
2026-08-01,폴바셋,제주공항 국내선점,960058,96.0058
2026-08-01,폴바셋,영종도 파라다이스시티점,816251,81.6251
2026-08-01,폴바셋,강남구청역점,667116,66.7116
2026-08-01,폴바셋,고대구로병원점,412704,41.2704
2026-08-01,폴바셋,강남점,810748,81.0748
2026-08-01,폴바셋,사당 파스텔시티점,784214,78.4214
2026-08-01,폴바셋,인천공항 T2 입국점,1207831,120.7831
2026-08-01,폴바셋,일원역점,1368964,136.8964
2026-08-01,폴바셋,광화문점,1553392,155.3392
2026-08-02,폴바셋,롯데백화점 대구점,0,0
2026-08-02,폴바셋,롯데백화점 동탄점,0,0
2026-08-02,폴바셋,롯데마트 양평점,6182,0.6182
2026-08-02,폴바셋,신세계백화점 광주점,8000,0.8
2026-08-02,폴바셋,롯데마트 서초점,2091,0.2091
2026-08-02,폴바셋,롯데백화점 부산본점,4091,0.4091
2026-08-02,폴바셋,광화문 디타워점,0,0
2026-08-02,폴바셋,스타필드 수원점,6182,0.6182
2026-08-02,폴바셋,신세계백화점 대구 1호점,15137,1.5137
2026-08-02,폴바셋,대전엑스포 스카이점,10273,1.0273
2026-08-02,폴바셋,롯데백화점 노원점,8091,0.8091
2026-08-02,폴바셋,스타필드 하남 2호점,8182,0.8182
2026-08-02,폴바셋,갤러리아 타임월드점,12182,1.2182
2026-08-02,폴바셋,삼성전자 평택점,0,0
2026-08-02,폴바셋,롯데백화점 광주점,17582,1.7582
2026-08-02,폴바셋,롯데아울렛 남악점,16273,1.6273
2026-08-02,폴바셋,제주 용담 DT점,16364,1.6364
2026-08-02,폴바셋,현대모터스튜디오 서울점,20955,2.0955
2026-08-02,폴바셋,투고 바 롯데월드 어드벤처점,4091,0.4091
2026-08-02,폴바셋,현대백화점 충청점,0,0
2026-08-02,폴바셋,종로 G1점,21638,2.1638
2026-08-02,폴바셋,스타필드 안성점,12592,1.2592
2026-08-02,폴바셋,신세계백화점 의정부점,11137,1.1137
2026-08-02,폴바셋,현대백화점 천호점,0,0
2026-08-02,폴바셋,AK플라자 수원점,50910,5.091
2026-08-02,폴바셋,롯데백화점 관악점,26637,2.6637
2026-08-02,폴바셋,현대아울렛 대전점,42637,4.2637
2026-08-02,폴바셋,현대백화점 울산점,20455,2.0455
2026-08-02,폴바셋,더현대 대구점,12419,1.2419
2026-08-02,폴바셋,롯데백화점 평촌점,10182,1.0182
2026-08-02,폴바셋,신세계백화점 센텀시티점,6091,0.6091
2026-08-02,폴바셋,포항 영일대 DT점,14273,1.4273
2026-08-02,폴바셋,롯데백화점 김포공항점,12182,1.2182
2026-08-02,폴바셋,롯데백화점 대전점,2000,0.2
2026-08-02,폴바셋,삼성전자 온양캠퍼스점,0,0
2026-08-02,폴바셋,롯데백화점 창원점,20273,2.0273
2026-08-02,폴바셋,롯데아울렛 기흥점,17092,1.7092
2026-08-02,폴바셋,한국경제신문사점,0,0
2026-08-02,폴바셋,송도 SK바이오사이언스점,0,0
2026-08-02,폴바셋,롯데아울렛 광주수완점,35546,3.5546
2026-08-02,폴바셋,신세계 사우스시티점,24364,2.4364
2026-08-02,폴바셋,삼성 DSR점,0,0
2026-08-02,폴바셋,스타필드시티 위례점,39546,3.9546
2026-08-02,폴바셋,스타필드 고양 1호점,36728,3.6728
2026-08-02,폴바셋,여의도점,15273,1.5273
2026-08-02,폴바셋,뉴코아 강남점,18182,1.8182
2026-08-02,폴바셋,마산 회원 DT점,30455,3.0455
2026-08-02,폴바셋,AK플라자 광명점,58546,5.8546
2026-08-02,폴바셋,롯데백화점 울산점,23273,2.3273
2026-08-02,폴바셋,구미 봉곡 DT점,30546,3.0546
2026-08-02,폴바셋,롯데백화점 잠실점,37546,3.7546
2026-08-02,폴바셋,마산 해안대로 DT점,51501,5.1501
2026-08-02,폴바셋,롯데백화점 강남점,28637,2.8637
2026-08-02,폴바셋,스타필드 하남 1호점,32455,3.2455
2026-08-02,폴바셋,롯데백화점 광복점,20637,2.0637
2026-08-02,폴바셋,롯데몰 은평점,51819,5.1819
2026-08-02,폴바셋,광화문 흥국생명점,0,0
2026-08-02,폴바셋,롯데몰 수지점,12182,1.2182
2026-08-02,폴바셋,NC타워 삼성점,0,0
2026-08-02,폴바셋,경산 옥곡 DT점,8273,0.8273
2026-08-02,폴바셋,롯데백화점 본점,8182,0.8182
2026-08-02,폴바셋,서소문점,39546,3.9546
2026-08-02,폴바셋,신세계백화점 대구 2호점,32546,3.2546
2026-08-02,폴바셋,대구 방촌 DT점,43819,4.3819
2026-08-02,폴바셋,부산 괴정 DT점,26364,2.6364
2026-08-02,폴바셋,부산 전포 DT점,22455,2.2455
2026-08-02,폴바셋,교보문고 합정점,42546,4.2546
2026-08-02,폴바셋,AK플라자 홍대점,46728,4.6728
2026-08-02,폴바셋,구로 G타워점,0,0
2026-08-02,폴바셋,오산대 DT점,52728,5.2728
2026-08-02,폴바셋,경산 임당역 DT점,18364,1.8364
2026-08-02,폴바셋,롯데월드 아이스링크점,38728,3.8728
2026-08-02,폴바셋,김포 구래 DT점,36455,3.6455
2026-08-02,폴바셋,양산 웅상 DT점,36455,3.6455
2026-08-02,폴바셋,천안 구성 DT점,40273,4.0273
2026-08-02,폴바셋,대구 감삼 DT점,44546,4.4546
2026-08-02,폴바셋,MBC몰 파크점,36091,3.6091
2026-08-02,폴바셋,북수원IC DT점,83183,8.3183
2026-08-02,폴바셋,부산 대연 DT점,64819,6.4819
2026-08-02,폴바셋,신세계아울렛 시흥점,90322,9.0322
2026-08-02,폴바셋,파미에스테이션점,58819,5.8819
2026-08-02,폴바셋,대구 만촌 DT점,54637,5.4637
2026-08-02,폴바셋,롯데월드몰점,200417,20.0417
2026-08-02,폴바셋,GFC점,24273,2.4273
2026-08-02,폴바셋,부산 연산역점,83459,8.3459
2026-08-02,폴바셋,인스파이어점,57092,5.7092
2026-08-02,폴바셋,현대아울렛 남양주점,124553,12.4553
2026-08-02,폴바셋,롯데아울렛 김해점,58912,5.8912
2026-08-02,폴바셋,전주 금암 DT점,72637,7.2637
2026-08-02,폴바셋,롯데아울렛 이시아폴리스점,88185,8.8185
2026-08-02,폴바셋,광명 철산 DT점,42546,4.2546
2026-08-02,폴바셋,경주 교동 DT점,34455,3.4455
2026-08-02,폴바셋,강서 마곡 DT점,55728,5.5728
2026-08-02,폴바셋,용인시청 DT점,72301,7.2301
2026-08-02,폴바셋,부산 금곡 강변점,78822,7.8822
2026-08-02,폴바셋,롯데아울렛 이천점,114005,11.4005
2026-08-02,폴바셋,수원 월드컵경기장점,69374,6.9374
2026-08-02,폴바셋,롯데백화점 중동점,137462,13.7462
2026-08-02,폴바셋,제주 아라 DT점,44546,4.4546
2026-08-02,폴바셋,증미역점,97276,9.7276
2026-08-02,폴바셋,여의도 현대카드점,0,0
2026-08-02,폴바셋,광화문 예금보험공사점,4091,0.4091
2026-08-02,폴바셋,고창 선운사점,143279,14.3279
2026-08-02,폴바셋,롯데백화점 상인점,155013,15.5013
2026-08-02,폴바셋,평택 소사 DT점,143393,14.3393
2026-08-02,폴바셋,상일동점,105097,10.5097
2026-08-02,폴바셋,코엑스몰점,83001,8.3001
2026-08-02,폴바셋,혜화역점,104728,10.4728
2026-08-02,폴바셋,선릉역 동훈타워점,35364,3.5364
2026-08-02,폴바셋,연세와병원점,110584,11.0584
2026-08-02,폴바셋,송도 트리플스트리트점,178281,17.8281
2026-08-02,폴바셋,청주 방서 DT점,174218,17.4218
2026-08-02,폴바셋,용산 아이파크몰점,134192,13.4192
2026-08-02,폴바셋,여의도 국회대로점,106457,10.6457
2026-08-02,폴바셋,압구정2호점,196823,19.6823
2026-08-02,폴바셋,한남 커피스테이션,201100,20.11
2026-08-02,폴바셋,롯데몰 동부산점,136011,13.6011
2026-08-02,폴바셋,종각역점,51466,5.1466
2026-08-02,폴바셋,청담역점,159915,15.9915
2026-08-02,폴바셋,송도 센트럴파크점,239829,23.9829
2026-08-02,폴바셋,페럼타워점,18273,1.8273
2026-08-02,폴바셋,수서역점,208554,20.8554
2026-08-02,폴바셋,강서 부민병원점,89187,8.9187
2026-08-02,폴바셋,반포 쌍동빌딩점,179245,17.9245
2026-08-02,폴바셋,현대백화점 미아점,187741,18.7741
2026-08-02,폴바셋,스타필드빌리지 운정점,271741,27.1741
2026-08-02,폴바셋,교대역점,77001,7.7001
2026-08-02,폴바셋,신세계 센텀시티몰점,285473,28.5473
2026-08-02,폴바셋,강남역 삼성화재점,231008,23.1008
2026-08-02,폴바셋,강남삼성타운점,107731,10.7731
2026-08-02,폴바셋,광교엘포트몰점,267918,26.7918
2026-08-02,폴바셋,영등포 타임스퀘어점,259010,25.901
2026-08-02,폴바셋,파르나스몰점,160559,16.0559
2026-08-02,폴바셋,청량리역점,310383,31.0383
2026-08-02,폴바셋,대구 수성못점,329936,32.9936
2026-08-02,폴바셋,인천 송도 DT점,212196,21.2196
2026-08-02,폴바셋,광교 경기도청점,248818,24.8818
2026-08-02,폴바셋,코리아나호텔점,105461,10.5461
2026-08-02,폴바셋,수원컨트리클럽점,280102,28.0102
2026-08-02,폴바셋,광화문 G타워점,227830,22.783
2026-08-02,폴바셋,해운대 팔라티움점,298105,29.8105
2026-08-02,폴바셋,현대아울렛 김포점,464892,46.4892
2026-08-02,폴바셋,여의도 부국증권점,153829,15.3829
2026-08-02,폴바셋,갤러리아 광교점,385379,38.5379
2026-08-02,폴바셋,일산 마두점,314426,31.4426
2026-08-02,폴바셋,대치역점,281379,28.1379
2026-08-02,폴바셋,을지로 파인에비뉴점,354658,35.4658
2026-08-02,폴바셋,교보문고 강남점,431299,43.1299
2026-08-02,폴바셋,여의도 IFC몰점,428752,42.8752
2026-08-02,폴바셋,산본역점,549572,54.9572
2026-08-02,폴바셋,인천공항 T1 입국점,589404,58.9404
2026-08-02,폴바셋,연세암병원점,149295,14.9295
2026-08-02,폴바셋,제주공항 국내선점,691736,69.1736
2026-08-02,폴바셋,영종도 파라다이스시티점,905437,90.5437
2026-08-02,폴바셋,강남구청역점,520340,52.034
2026-08-02,폴바셋,고대구로병원점,249099,24.9099
2026-08-02,폴바셋,강남점,670115,67.0115
2026-08-02,폴바셋,사당 파스텔시티점,811148,81.1148
2026-08-02,폴바셋,인천공항 T2 입국점,966914,96.6914
2026-08-02,폴바셋,일원역점,1325371,132.5371
2026-08-02,폴바셋,광화문점,1267746,126.7746
2026-08-03,폴바셋,롯데백화점 대구점,0,0
2026-08-03,폴바셋,롯데백화점 동탄점,0,0
2026-08-03,폴바셋,롯데마트 양평점,10182,1.0182
2026-08-03,폴바셋,신세계백화점 광주점,4091,0.4091
2026-08-03,폴바셋,롯데마트 서초점,10273,1.0273
2026-08-03,폴바셋,롯데백화점 부산본점,4182,0.4182
2026-08-03,폴바셋,광화문 디타워점,0,0
2026-08-03,폴바셋,스타필드 수원점,2000,0.2
2026-08-03,폴바셋,신세계백화점 대구 1호점,2091,0.2091
2026-08-03,폴바셋,대전엑스포 스카이점,6091,0.6091
2026-08-03,폴바셋,롯데백화점 노원점,6182,0.6182
2026-08-03,폴바셋,스타필드 하남 2호점,4091,0.4091
2026-08-03,폴바셋,갤러리아 타임월드점,0,0
2026-08-03,폴바셋,삼성전자 평택점,4091,0.4091
2026-08-03,폴바셋,롯데백화점 광주점,0,0
2026-08-03,폴바셋,롯데아울렛 남악점,26364,2.6364
2026-08-03,폴바셋,제주 용담 DT점,9646,0.9646
2026-08-03,폴바셋,현대모터스튜디오 서울점,0,0
2026-08-03,폴바셋,투고 바 롯데월드 어드벤처점,20182,2.0182
2026-08-03,폴바셋,현대백화점 충청점,2091,0.2091
2026-08-03,폴바셋,종로 G1점,31094,3.1094
2026-08-03,폴바셋,스타필드 안성점,19046,1.9046
2026-08-03,폴바셋,신세계백화점 의정부점,0,0
2026-08-03,폴바셋,현대백화점 천호점,2091,0.2091
2026-08-03,폴바셋,AK플라자 수원점,0,0
2026-08-03,폴바셋,롯데백화점 관악점,12182,1.2182
2026-08-03,폴바셋,현대아울렛 대전점,8091,0.8091
2026-08-03,폴바셋,현대백화점 울산점,24273,2.4273
2026-08-03,폴바셋,더현대 대구점,14273,1.4273
2026-08-03,폴바셋,롯데백화점 평촌점,10182,1.0182
2026-08-03,폴바셋,신세계백화점 센텀시티점,33546,3.3546
2026-08-03,폴바셋,포항 영일대 DT점,21364,2.1364
2026-08-03,폴바셋,롯데백화점 김포공항점,50910,5.091
2026-08-03,폴바셋,롯데백화점 대전점,50128,5.0128
2026-08-03,폴바셋,삼성전자 온양캠퍼스점,60456,6.0456
2026-08-03,폴바셋,롯데백화점 창원점,29546,2.9546
2026-08-03,폴바셋,롯데아울렛 기흥점,12274,1.2274
2026-08-03,폴바셋,한국경제신문사점,34728,3.4728
2026-08-03,폴바셋,송도 SK바이오사이언스점,24364,2.4364
2026-08-03,폴바셋,롯데아울렛 광주수완점,35546,3.5546
2026-08-03,폴바셋,신세계 사우스시티점,38637,3.8637
2026-08-03,폴바셋,삼성 DSR점,19273,1.9273
2026-08-03,폴바셋,스타필드시티 위례점,15273,1.5273
2026-08-03,폴바셋,스타필드 고양 1호점,19455,1.9455
2026-08-03,폴바셋,여의도점,29455,2.9455
2026-08-03,폴바셋,뉴코아 강남점,29455,2.9455
2026-08-03,폴바셋,마산 회원 DT점,52910,5.291
2026-08-03,폴바셋,AK플라자 광명점,41591,4.1591
2026-08-03,폴바셋,롯데백화점 울산점,32183,3.2183
2026-08-03,폴바셋,구미 봉곡 DT점,43728,4.3728
2026-08-03,폴바셋,롯데백화점 잠실점,46819,4.6819
2026-08-03,폴바셋,마산 해안대로 DT점,43637,4.3637
2026-08-03,폴바셋,롯데백화점 강남점,29637,2.9637
2026-08-03,폴바셋,스타필드 하남 1호점,22455,2.2455
2026-08-03,폴바셋,롯데백화점 광복점,30093,3.0093
2026-08-03,폴바셋,롯데몰 은평점,49410,4.941
2026-08-03,폴바셋,광화문 흥국생명점,68092,6.8092
2026-08-03,폴바셋,롯데몰 수지점,52001,5.2001
2026-08-03,폴바셋,NC타워 삼성점,96547,9.6547
2026-08-03,폴바셋,경산 옥곡 DT점,60910,6.091
2026-08-03,폴바셋,롯데백화점 본점,48455,4.8455
2026-08-03,폴바셋,서소문점,63819,6.3819
2026-08-03,폴바셋,신세계백화점 대구 2호점,45910,4.591
2026-08-03,폴바셋,대구 방촌 DT점,51728,5.1728
2026-08-03,폴바셋,부산 괴정 DT점,65001,6.5001
2026-08-03,폴바셋,부산 전포 DT점,56910,5.691
2026-08-03,폴바셋,교보문고 합정점,48637,4.8637
2026-08-03,폴바셋,AK플라자 홍대점,16182,1.6182
2026-08-03,폴바셋,구로 G타워점,34637,3.4637
2026-08-03,폴바셋,오산대 DT점,19846,1.9846
2026-08-03,폴바셋,경산 임당역 DT점,88365,8.8365
2026-08-03,폴바셋,롯데월드 아이스링크점,45683,4.5683
2026-08-03,폴바셋,김포 구래 DT점,39546,3.9546
2026-08-03,폴바셋,양산 웅상 DT점,51728,5.1728
2026-08-03,폴바셋,천안 구성 DT점,49455,4.9455
2026-08-03,폴바셋,대구 감삼 DT점,47728,4.7728
2026-08-03,폴바셋,MBC몰 파크점,71273,7.1273
2026-08-03,폴바셋,북수원IC DT점,74365,7.4365
2026-08-03,폴바셋,부산 대연 DT점,65001,6.5001
2026-08-03,폴바셋,신세계아울렛 시흥점,72004,7.2004
2026-08-03,폴바셋,파미에스테이션점,87274,8.7274
2026-08-03,폴바셋,대구 만촌 DT점,36546,3.6546
2026-08-03,폴바셋,롯데월드몰점,58847,5.8847
2026-08-03,폴바셋,GFC점,108684,10.8684
2026-08-03,폴바셋,부산 연산역점,81731,8.1731
2026-08-03,폴바셋,인스파이어점,74183,7.4183
2026-08-03,폴바셋,현대아울렛 남양주점,72095,7.2095
2026-08-03,폴바셋,롯데아울렛 김해점,61366,6.1366
2026-08-03,폴바셋,전주 금암 DT점,64001,6.4001
2026-08-03,폴바셋,롯데아울렛 이시아폴리스점,51002,5.1002
2026-08-03,폴바셋,광명 철산 DT점,97320,9.732
2026-08-03,폴바셋,경주 교동 DT점,40728,4.0728
2026-08-03,폴바셋,강서 마곡 DT점,77274,7.7274
2026-08-03,폴바셋,용인시청 DT점,71092,7.1092
2026-08-03,폴바셋,부산 금곡 강변점,58184,5.8184
2026-08-03,폴바셋,롯데아울렛 이천점,76185,7.6185
2026-08-03,폴바셋,수원 월드컵경기장점,72910,7.291
2026-08-03,폴바셋,롯데백화점 중동점,77095,7.7095
2026-08-03,폴바셋,제주 아라 DT점,61001,6.1001
2026-08-03,폴바셋,증미역점,100413,10.0413
2026-08-03,폴바셋,여의도 현대카드점,122696,12.2696
2026-08-03,폴바셋,광화문 예금보험공사점,117959,11.7959
2026-08-03,폴바셋,고창 선운사점,71823,7.1823
2026-08-03,폴바셋,롯데백화점 상인점,161099,16.1099
2026-08-03,폴바셋,평택 소사 DT점,95483,9.5483
2026-08-03,폴바셋,상일동점,168916,16.8916
2026-08-03,폴바셋,코엑스몰점,115547,11.5547
2026-08-03,폴바셋,혜화역점,54819,5.4819
2026-08-03,폴바셋,선릉역 동훈타워점,189552,18.9552
2026-08-03,폴바셋,연세와병원점,165053,16.5053
2026-08-03,폴바셋,송도 트리플스트리트점,94821,9.4821
2026-08-03,폴바셋,청주 방서 DT점,134735,13.4735
2026-08-03,폴바셋,용산 아이파크몰점,105406,10.5406
2026-08-03,폴바셋,여의도 국회대로점,109005,10.9005
2026-08-03,폴바셋,압구정2호점,244824,24.4824
2026-08-03,폴바셋,한남 커피스테이션,145279,14.5279
2026-08-03,폴바셋,롯데몰 동부산점,196831,19.6831
2026-08-03,폴바셋,종각역점,285286,28.5286
2026-08-03,폴바셋,청담역점,226555,22.6555
2026-08-03,폴바셋,송도 센트럴파크점,127370,12.737
2026-08-03,폴바셋,페럼타워점,172826,17.2826
2026-08-03,폴바셋,수서역점,144099,14.4099
2026-08-03,폴바셋,강서 부민병원점,208644,20.8644
2026-08-03,폴바셋,반포 쌍동빌딩점,246557,24.6557
2026-08-03,폴바셋,현대백화점 미아점,223918,22.3918
2026-08-03,폴바셋,스타필드빌리지 운정점,225738,22.5738
2026-08-03,폴바셋,교대역점,269464,26.9464
2026-08-03,폴바셋,신세계 센텀시티몰점,184556,18.4556
2026-08-03,폴바셋,강남역 삼성화재점,199370,19.937
2026-08-03,폴바셋,강남삼성타운점,237372,23.7372
2026-08-03,폴바셋,광교엘포트몰점,196186,19.6186
2026-08-03,폴바셋,영등포 타임스퀘어점,293351,29.3351
2026-08-03,폴바셋,파르나스몰점,277656,27.7656
2026-08-03,폴바셋,청량리역점,147011,14.7011
2026-08-03,폴바셋,대구 수성못점,198373,19.8373
2026-08-03,폴바셋,인천 송도 DT점,211466,21.1466
2026-08-03,폴바셋,광교 경기도청점,258099,25.8099
2026-08-03,폴바셋,코리아나호텔점,288555,28.8555
2026-08-03,폴바셋,수원컨트리클럽점,211737,21.1737
2026-08-03,폴바셋,광화문 G타워점,238192,23.8192
2026-08-03,폴바셋,해운대 팔라티움점,303833,30.3833
2026-08-03,폴바셋,현대아울렛 김포점,229013,22.9013
2026-08-03,폴바셋,여의도 부국증권점,384101,38.4101
2026-08-03,폴바셋,갤러리아 광교점,0,0
2026-08-03,폴바셋,일산 마두점,368879,36.8879
2026-08-03,폴바셋,대치역점,332103,33.2103
2026-08-03,폴바셋,을지로 파인에비뉴점,388593,38.8593
2026-08-03,폴바셋,교보문고 강남점,363290,36.329
2026-08-03,폴바셋,여의도 IFC몰점,469292,46.9292
2026-08-03,폴바셋,산본역점,442158,44.2158
2026-08-03,폴바셋,인천공항 T1 입국점,643131,64.3131
2026-08-03,폴바셋,연세암병원점,822554,82.2554
2026-08-03,폴바셋,제주공항 국내선점,806917,80.6917
2026-08-03,폴바셋,영종도 파라다이스시티점,700123,70.0123
2026-08-03,폴바셋,강남구청역점,829074,82.9074
2026-08-03,폴바셋,고대구로병원점,1000946,100.0946
2026-08-03,폴바셋,강남점,897861,89.7861
2026-08-03,폴바셋,사당 파스텔시티점,1031706,103.1706
2026-08-03,폴바셋,인천공항 T2 입국점,1014730,101.473
2026-08-03,폴바셋,일원역점,1352228,135.2228
2026-08-03,폴바셋,광화문점,2455940,245.594
2026-08-04,폴바셋,롯데백화점 대구점,4091,0.4091
2026-08-04,폴바셋,롯데백화점 동탄점,0,0
2026-08-04,폴바셋,롯데마트 양평점,2864,0.2864
2026-08-04,폴바셋,신세계백화점 광주점,6091,0.6091
2026-08-04,폴바셋,롯데마트 서초점,2091,0.2091
2026-08-04,폴바셋,롯데백화점 부산본점,2000,0.2
2026-08-04,폴바셋,광화문 디타워점,12273,1.2273
2026-08-04,폴바셋,스타필드 수원점,8182,0.8182
2026-08-04,폴바셋,신세계백화점 대구 1호점,0,0
2026-08-04,폴바셋,대전엑스포 스카이점,4091,0.4091
2026-08-04,폴바셋,롯데백화점 노원점,4091,0.4091
2026-08-04,폴바셋,스타필드 하남 2호점,2091,0.2091
2026-08-04,폴바셋,갤러리아 타임월드점,12182,1.2182
2026-08-04,폴바셋,삼성전자 평택점,20818,2.0818
2026-08-04,폴바셋,롯데백화점 광주점,0,0
2026-08-04,폴바셋,롯데아울렛 남악점,10091,1.0091
2026-08-04,폴바셋,제주 용담 DT점,4091,0.4091
2026-08-04,폴바셋,현대모터스튜디오 서울점,0,0
2026-08-04,폴바셋,투고 바 롯데월드 어드벤처점,12273,1.2273
2026-08-04,폴바셋,현대백화점 충청점,19455,1.9455
2026-08-04,폴바셋,종로 G1점,25820,2.582
2026-08-04,폴바셋,스타필드 안성점,32409,3.2409
2026-08-04,폴바셋,신세계백화점 의정부점,18364,1.8364
2026-08-04,폴바셋,현대백화점 천호점,25364,2.5364
2026-08-04,폴바셋,AK플라자 수원점,15273,1.5273
2026-08-04,폴바셋,롯데백화점 관악점,22455,2.2455
2026-08-04,폴바셋,현대아울렛 대전점,35546,3.5546
2026-08-04,폴바셋,현대백화점 울산점,18182,1.8182
2026-08-04,폴바셋,더현대 대구점,8091,0.8091
2026-08-04,폴바셋,롯데백화점 평촌점,32637,3.2637
2026-08-04,폴바셋,신세계백화점 센텀시티점,14273,1.4273
2026-08-04,폴바셋,포항 영일대 DT점,18364,1.8364
2026-08-04,폴바셋,롯데백화점 김포공항점,28637,2.8637
2026-08-04,폴바셋,롯데백화점 대전점,19364,1.9364
2026-08-04,폴바셋,삼성전자 온양캠퍼스점,4091,0.4091
2026-08-04,폴바셋,롯데백화점 창원점,38637,3.8637
2026-08-04,폴바셋,롯데아울렛 기흥점,14365,1.4365
2026-08-04,폴바셋,한국경제신문사점,34637,3.4637
2026-08-04,폴바셋,송도 SK바이오사이언스점,3273,0.3273
2026-08-04,폴바셋,롯데아울렛 광주수완점,15273,1.5273
2026-08-04,폴바셋,신세계 사우스시티점,40637,4.0637
2026-08-04,폴바셋,삼성 DSR점,42728,4.2728
2026-08-04,폴바셋,스타필드시티 위례점,23455,2.3455
2026-08-04,폴바셋,스타필드 고양 1호점,21455,2.1455
2026-08-04,폴바셋,여의도점,41637,4.1637
2026-08-04,폴바셋,뉴코아 강남점,47728,4.7728
2026-08-04,폴바셋,마산 회원 DT점,35546,3.5546
2026-08-04,폴바셋,AK플라자 광명점,37955,3.7955
2026-08-04,폴바셋,롯데백화점 울산점,42139,4.2139
2026-08-04,폴바셋,구미 봉곡 DT점,28455,2.8455
2026-08-04,폴바셋,롯데백화점 잠실점,51001,5.1001
2026-08-04,폴바셋,마산 해안대로 DT점,60728,6.0728
2026-08-04,폴바셋,롯데백화점 강남점,35819,3.5819
2026-08-04,폴바셋,스타필드 하남 1호점,53728,5.3728
2026-08-04,폴바셋,롯데백화점 광복점,17728,1.7728
2026-08-04,폴바셋,롯데몰 은평점,43637,4.3637
2026-08-04,폴바셋,광화문 흥국생명점,70092,7.0092
2026-08-04,폴바셋,롯데몰 수지점,46728,4.6728
2026-08-04,폴바셋,NC타워 삼성점,80183,8.0183
2026-08-04,폴바셋,경산 옥곡 DT점,24273,2.4273
2026-08-04,폴바셋,롯데백화점 본점,62728,6.2728
2026-08-04,폴바셋,서소문점,38637,3.8637
2026-08-04,폴바셋,신세계백화점 대구 2호점,44728,4.4728
2026-08-04,폴바셋,대구 방촌 DT점,33546,3.3546
2026-08-04,폴바셋,부산 괴정 DT점,55001,5.5001
2026-08-04,폴바셋,부산 전포 DT점,46728,4.6728
2026-08-04,폴바셋,교보문고 합정점,62819,6.2819
2026-08-04,폴바셋,AK플라자 홍대점,60819,6.0819
2026-08-04,폴바셋,구로 G타워점,59183,5.9183
2026-08-04,폴바셋,오산대 DT점,67728,6.7728
2026-08-04,폴바셋,경산 임당역 DT점,48637,4.8637
2026-08-04,폴바셋,롯데월드 아이스링크점,56001,5.6001
2026-08-04,폴바셋,김포 구래 DT점,29637,2.9637
2026-08-04,폴바셋,양산 웅상 DT점,46728,4.6728
2026-08-04,폴바셋,천안 구성 DT점,62728,6.2728
2026-08-04,폴바셋,대구 감삼 DT점,68183,6.8183
2026-08-04,폴바셋,MBC몰 파크점,50091,5.0091
2026-08-04,폴바셋,북수원IC DT점,76365,7.6365
2026-08-04,폴바셋,부산 대연 DT점,80274,8.0274
2026-08-04,폴바셋,신세계아울렛 시흥점,59458,5.9458
2026-08-04,폴바셋,파미에스테이션점,90365,9.0365
2026-08-04,폴바셋,대구 만촌 DT점,72819,7.2819
2026-08-04,폴바셋,롯데월드몰점,116239,11.6239
2026-08-04,폴바셋,GFC점,116866,11.6866
2026-08-04,폴바셋,부산 연산역점,89094,8.9094
2026-08-04,폴바셋,인스파이어점,50001,5.0001
2026-08-04,폴바셋,현대아울렛 남양주점,30819,3.0819
2026-08-04,폴바셋,롯데아울렛 김해점,66640,6.664
2026-08-04,폴바셋,전주 금암 DT점,66182,6.6182
2026-08-04,폴바셋,롯데아울렛 이시아폴리스점,98003,9.8003
2026-08-04,폴바셋,광명 철산 DT점,92547,9.2547
2026-08-04,폴바셋,경주 교동 DT점,85274,8.5274
2026-08-04,폴바셋,강서 마곡 DT점,81365,8.1365
2026-08-04,폴바셋,용인시청 DT점,88002,8.8002
2026-08-04,폴바셋,부산 금곡 강변점,93187,9.3187
2026-08-04,폴바셋,롯데아울렛 이천점,107276,10.7276
2026-08-04,폴바셋,수원 월드컵경기장점,111911,11.1911
2026-08-04,폴바셋,롯데백화점 중동점,102911,10.2911
2026-08-04,폴바셋,제주 아라 DT점,97365,9.7365
2026-08-04,폴바셋,증미역점,118094,11.8094
2026-08-04,폴바셋,여의도 현대카드점,112170,11.217
2026-08-04,폴바셋,광화문 예금보험공사점,142805,14.2805
2026-08-04,폴바셋,고창 선운사점,15638,1.5638
2026-08-04,폴바셋,롯데백화점 상인점,98370,9.837
2026-08-04,폴바셋,평택 소사 DT점,123002,12.3002
2026-08-04,폴바셋,상일동점,231099,23.1099
2026-08-04,폴바셋,코엑스몰점,127456,12.7456
2026-08-04,폴바셋,혜화역점,135546,13.5546
2026-08-04,폴바셋,선릉역 동훈타워점,171281,17.1281
2026-08-04,폴바셋,연세와병원점,131551,13.1551
2026-08-04,폴바셋,송도 트리플스트리트점,113914,11.3914
2026-08-04,폴바셋,청주 방서 DT점,124087,12.4087
2026-08-04,폴바셋,용산 아이파크몰점,146552,14.6552
2026-08-04,폴바셋,여의도 국회대로점,184732,18.4732
2026-08-04,폴바셋,압구정2호점,132641,13.2641
2026-08-04,폴바셋,한남 커피스테이션,121762,12.1762
2026-08-04,폴바셋,롯데몰 동부산점,110916,11.0916
2026-08-04,폴바셋,종각역점,216283,21.6283
2026-08-04,폴바셋,청담역점,172556,17.2556
2026-08-04,폴바셋,송도 센트럴파크점,199827,19.9827
2026-08-04,폴바셋,페럼타워점,250602,25.0602
2026-08-04,폴바셋,수서역점,184866,18.4866
2026-08-04,폴바셋,강서 부민병원점,205460,20.546
2026-08-04,폴바셋,반포 쌍동빌딩점,219828,21.9828
2026-08-04,폴바셋,현대백화점 미아점,166192,16.6192
2026-08-04,폴바셋,스타필드빌리지 운정점,187919,18.7919
2026-08-04,폴바셋,교대역점,212828,21.2828
2026-08-04,폴바셋,신세계 센텀시티몰점,224196,22.4196
2026-08-04,폴바셋,강남역 삼성화재점,223371,22.3371
2026-08-04,폴바셋,강남삼성타운점,174461,17.4461
2026-08-04,폴바셋,광교엘포트몰점,240283,24.0283
2026-08-04,폴바셋,영등포 타임스퀘어점,201099,20.1099
2026-08-04,폴바셋,파르나스몰점,267466,26.7466
2026-08-04,폴바셋,청량리역점,145374,14.5374
2026-08-04,폴바셋,대구 수성못점,155281,15.5281
2026-08-04,폴바셋,인천 송도 DT점,299378,29.9378
2026-08-04,폴바셋,광교 경기도청점,279104,27.9104
2026-08-04,폴바셋,코리아나호텔점,379556,37.9556
2026-08-04,폴바셋,수원컨트리클럽점,250738,25.0738
2026-08-04,폴바셋,광화문 G타워점,240484,24.0484
2026-08-04,폴바셋,해운대 팔라티움점,269830,26.983
2026-08-04,폴바셋,현대아울렛 김포점,196191,19.6191
2026-08-04,폴바셋,여의도 부국증권점,467204,46.7204
2026-08-04,폴바셋,갤러리아 광교점,252465,25.2465
2026-08-04,폴바셋,일산 마두점,341668,34.1668
2026-08-04,폴바셋,대치역점,337657,33.7657
2026-08-04,폴바셋,을지로 파인에비뉴점,454389,45.4389
2026-08-04,폴바셋,교보문고 강남점,509661,50.9661
2026-08-04,폴바셋,여의도 IFC몰점,471476,47.1476
2026-08-04,폴바셋,산본역점,441299,44.1299
2026-08-04,폴바셋,인천공항 T1 입국점,469306,46.9306
2026-08-04,폴바셋,연세암병원점,920272,92.0272
2026-08-04,폴바셋,제주공항 국내선점,750163,75.0163
2026-08-04,폴바셋,영종도 파라다이스시티점,776580,77.658
2026-08-04,폴바셋,강남구청역점,931654,93.1654
2026-08-04,폴바셋,고대구로병원점,1117859,111.7859
2026-08-04,폴바셋,강남점,919631,91.9631
2026-08-04,폴바셋,사당 파스텔시티점,793838,79.3838
2026-08-04,폴바셋,인천공항 T2 입국점,968642,96.8642
2026-08-04,폴바셋,일원역점,1524441,152.4441
2026-08-04,폴바셋,광화문점,2424755,242.4755
2026-08-05,폴바셋,롯데백화점 대구점,0,0
2026-08-05,폴바셋,롯데백화점 동탄점,0,0
2026-08-05,폴바셋,롯데마트 양평점,0,0
2026-08-05,폴바셋,신세계백화점 광주점,2091,0.2091
2026-08-05,폴바셋,롯데마트 서초점,0,0
2026-08-05,폴바셋,롯데백화점 부산본점,4000,0.4
2026-08-05,폴바셋,광화문 디타워점,2091,0.2091
2026-08-05,폴바셋,스타필드 수원점,4000,0.4
2026-08-05,폴바셋,신세계백화점 대구 1호점,8182,0.8182
2026-08-05,폴바셋,대전엑스포 스카이점,2000,0.2
2026-08-05,폴바셋,롯데백화점 노원점,2000,0.2
2026-08-05,폴바셋,스타필드 하남 2호점,8091,0.8091
2026-08-05,폴바셋,갤러리아 타임월드점,0,0
2026-08-05,폴바셋,삼성전자 평택점,2000,0.2
2026-08-05,폴바셋,롯데백화점 광주점,17273,1.7273
2026-08-05,폴바셋,롯데아울렛 남악점,23364,2.3364
2026-08-05,폴바셋,제주 용담 DT점,22637,2.2637
2026-08-05,폴바셋,현대모터스튜디오 서울점,10273,1.0273
2026-08-05,폴바셋,투고 바 롯데월드 어드벤처점,6000,0.6
2026-08-05,폴바셋,현대백화점 충청점,27455,2.7455
2026-08-05,폴바셋,종로 G1점,13092,1.3092
2026-08-05,폴바셋,스타필드 안성점,10182,1.0182
2026-08-05,폴바셋,신세계백화점 의정부점,32546,3.2546
2026-08-05,폴바셋,현대백화점 천호점,11273,1.1273
2026-08-05,폴바셋,AK플라자 수원점,11273,1.1273
2026-08-05,폴바셋,롯데백화점 관악점,20273,2.0273
2026-08-05,폴바셋,현대아울렛 대전점,0,0
2026-08-05,폴바셋,현대백화점 울산점,14364,1.4364
2026-08-05,폴바셋,더현대 대구점,43637,4.3637
2026-08-05,폴바셋,롯데백화점 평촌점,15273,1.5273
2026-08-05,폴바셋,신세계백화점 센텀시티점,17364,1.7364
2026-08-05,폴바셋,포항 영일대 DT점,35637,3.5637
2026-08-05,폴바셋,롯데백화점 김포공항점,19455,1.9455
2026-08-05,폴바셋,롯데백화점 대전점,47728,4.7728
2026-08-05,폴바셋,삼성전자 온양캠퍼스점,8364,0.8364
2026-08-05,폴바셋,롯데백화점 창원점,41728,4.1728
2026-08-05,폴바셋,롯데아울렛 기흥점,7819,0.7819
2026-08-05,폴바셋,한국경제신문사점,45819,4.5819
2026-08-05,폴바셋,송도 SK바이오사이언스점,30455,3.0455
2026-08-05,폴바셋,롯데아울렛 광주수완점,24273,2.4273
2026-08-05,폴바셋,신세계 사우스시티점,28364,2.8364
2026-08-05,폴바셋,삼성 DSR점,86728,8.6728
2026-08-05,폴바셋,스타필드시티 위례점,58092,5.8092
2026-08-05,폴바셋,스타필드 고양 1호점,43728,4.3728
2026-08-05,폴바셋,여의도점,20273,2.0273
2026-08-05,폴바셋,뉴코아 강남점,36637,3.6637
2026-08-05,폴바셋,마산 회원 DT점,14273,1.4273
2026-08-05,폴바셋,AK플라자 광명점,30546,3.0546
2026-08-05,폴바셋,롯데백화점 울산점,35184,3.5184
2026-08-05,폴바셋,구미 봉곡 DT점,42728,4.2728
2026-08-05,폴바셋,롯데백화점 잠실점,16273,1.6273
2026-08-05,폴바셋,마산 해안대로 DT점,45728,4.5728
2026-08-05,폴바셋,롯데백화점 강남점,43819,4.3819
2026-08-05,폴바셋,스타필드 하남 1호점,39637,3.9637
2026-08-05,폴바셋,롯데백화점 광복점,58457,5.8457
2026-08-05,폴바셋,롯데몰 은평점,66092,6.6092
2026-08-05,폴바셋,광화문 흥국생명점,68183,6.8183
2026-08-05,폴바셋,롯데몰 수지점,34728,3.4728
2026-08-05,폴바셋,NC타워 삼성점,85456,8.5456
2026-08-05,폴바셋,경산 옥곡 DT점,30546,3.0546
2026-08-05,폴바셋,롯데백화점 본점,60910,6.091
2026-08-05,폴바셋,서소문점,62819,6.2819
2026-08-05,폴바셋,신세계백화점 대구 2호점,37819,3.7819
2026-08-05,폴바셋,대구 방촌 DT점,19364,1.9364
2026-08-05,폴바셋,부산 괴정 DT점,54819,5.4819
2026-08-05,폴바셋,부산 전포 DT점,39546,3.9546
2026-08-05,폴바셋,교보문고 합정점,38637,3.8637
2026-08-05,폴바셋,AK플라자 홍대점,31728,3.1728
2026-08-05,폴바셋,구로 G타워점,54937,5.4937
2026-08-05,폴바셋,오산대 DT점,38637,3.8637
2026-08-05,폴바셋,경산 임당역 DT점,94120,9.412
2026-08-05,폴바셋,롯데월드 아이스링크점,11273,1.1273
2026-08-05,폴바셋,김포 구래 DT점,34364,3.4364
2026-08-05,폴바셋,양산 웅상 DT점,83274,8.3274
2026-08-05,폴바셋,천안 구성 DT점,38273,3.8273
2026-08-05,폴바셋,대구 감삼 DT점,70910,7.091
2026-08-05,폴바셋,MBC몰 파크점,46546,4.6546
2026-08-05,폴바셋,북수원IC DT점,43637,4.3637
2026-08-05,폴바셋,부산 대연 DT점,72183,7.2183
2026-08-05,폴바셋,신세계아울렛 시흥점,75002,7.5002
2026-08-05,폴바셋,파미에스테이션점,44819,4.4819
2026-08-05,폴바셋,대구 만촌 DT점,114002,11.4002
2026-08-05,폴바셋,롯데월드몰점,66732,6.6732
2026-08-05,폴바셋,GFC점,77274,7.7274
2026-08-05,폴바셋,부산 연산역점,52639,5.2639
2026-08-05,폴바셋,인스파이어점,73274,7.3274
2026-08-05,폴바셋,현대아울렛 남양주점,53459,5.3459
2026-08-05,폴바셋,롯데아울렛 김해점,72823,7.2823
2026-08-05,폴바셋,전주 금암 DT점,100547,10.0547
2026-08-05,폴바셋,롯데아울렛 이시아폴리스점,50510,5.051
2026-08-05,폴바셋,광명 철산 DT점,103638,10.3638
2026-08-05,폴바셋,경주 교동 DT점,49819,4.9819
2026-08-05,폴바셋,강서 마곡 DT점,102183,10.2183
2026-08-05,폴바셋,용인시청 DT점,79273,7.9273
2026-08-05,폴바셋,부산 금곡 강변점,118278,11.8278
2026-08-05,폴바셋,롯데아울렛 이천점,54729,5.4729
2026-08-05,폴바셋,수원 월드컵경기장점,102274,10.2274
2026-08-05,폴바셋,롯데백화점 중동점,73914,7.3914
2026-08-05,폴바셋,제주 아라 DT점,42546,4.2546
2026-08-05,폴바셋,증미역점,56094,5.6094
2026-08-05,폴바셋,여의도 현대카드점,166104,16.6104
2026-08-05,폴바셋,광화문 예금보험공사점,134422,13.4422
2026-08-05,폴바셋,고창 선운사점,27275,2.7275
2026-08-05,폴바셋,롯데백화점 상인점,69187,6.9187
2026-08-05,폴바셋,평택 소사 DT점,81229,8.1229
2026-08-05,폴바셋,상일동점,104006,10.4006
2026-08-05,폴바셋,코엑스몰점,111638,11.1638
2026-08-05,폴바셋,혜화역점,126638,12.6638
2026-08-05,폴바셋,선릉역 동훈타워점,165098,16.5098
2026-08-05,폴바셋,연세와병원점,95957,9.5957
2026-08-05,폴바셋,송도 트리플스트리트점,99276,9.9276
2026-08-05,폴바셋,청주 방서 DT점,151751,15.1751
2026-08-05,폴바셋,용산 아이파크몰점,160280,16.028
2026-08-05,폴바셋,여의도 국회대로점,103639,10.3639
2026-08-05,폴바셋,압구정2호점,158915,15.8915
2026-08-05,폴바셋,한남 커피스테이션,156280,15.628
2026-08-05,폴바셋,롯데몰 동부산점,125646,12.5646
2026-08-05,폴바셋,종각역점,238282,23.8282
2026-08-05,폴바셋,청담역점,150499,15.0499
2026-08-05,폴바셋,송도 센트럴파크점,213187,21.3187
2026-08-05,폴바셋,페럼타워점,207554,20.7554
2026-08-05,폴바셋,수서역점,162554,16.2554
2026-08-05,폴바셋,강서 부민병원점,216096,21.6096
2026-08-05,폴바셋,반포 쌍동빌딩점,173101,17.3101
2026-08-05,폴바셋,현대백화점 미아점,173099,17.3099
2026-08-05,폴바셋,스타필드빌리지 운정점,198193,19.8193
2026-08-05,폴바셋,교대역점,281404,28.1404
2026-08-05,폴바셋,신세계 센텀시티몰점,194192,19.4192
2026-08-05,폴바셋,강남역 삼성화재점,188007,18.8007
2026-08-05,폴바셋,강남삼성타운점,261519,26.1519
2026-08-05,폴바셋,광교엘포트몰점,211696,21.1696
2026-08-05,폴바셋,영등포 타임스퀘어점,245103,24.5103
2026-08-05,폴바셋,파르나스몰점,276289,27.6289
2026-08-05,폴바셋,청량리역점,177684,17.7684
2026-08-05,폴바셋,대구 수성못점,149915,14.9915
2026-08-05,폴바셋,인천 송도 DT점,218195,21.8195
2026-08-05,폴바셋,광교 경기도청점,265376,26.5376
2026-08-05,폴바셋,코리아나호텔점,272462,27.2462
2026-08-05,폴바셋,수원컨트리클럽점,285470,28.547
2026-08-05,폴바셋,광화문 G타워점,271520,27.152
2026-08-05,폴바셋,해운대 팔라티움점,204460,20.446
2026-08-05,폴바셋,현대아울렛 김포점,207556,20.7556
2026-08-05,폴바셋,여의도 부국증권점,372759,37.2759
2026-08-05,폴바셋,갤러리아 광교점,225737,22.5737
2026-08-05,폴바셋,일산 마두점,357290,35.729
2026-08-05,폴바셋,대치역점,372288,37.2288
2026-08-05,폴바셋,을지로 파인에비뉴점,493893,49.3893
2026-08-05,폴바셋,교보문고 강남점,427844,42.7844
2026-08-05,폴바셋,여의도 IFC몰점,452570,45.257
2026-08-05,폴바셋,산본역점,461030,46.103
2026-08-05,폴바셋,인천공항 T1 입국점,594219,59.4219
2026-08-05,폴바셋,연세암병원점,731498,73.1498
2026-08-05,폴바셋,제주공항 국내선점,683097,68.3097
2026-08-05,폴바셋,영종도 파라다이스시티점,676816,67.6816
2026-08-05,폴바셋,강남구청역점,823306,82.3306
2026-08-05,폴바셋,고대구로병원점,1230354,123.0354
2026-08-05,폴바셋,강남점,807330,80.733
2026-08-05,폴바셋,사당 파스텔시티점,793842,79.3842
2026-08-05,폴바셋,인천공항 T2 입국점,862539,86.2539
2026-08-05,폴바셋,일원역점,1586777,158.6777
2026-08-05,폴바셋,광화문점,2098491,209.8491
2026-08-06,폴바셋,롯데백화점 대구점,4091,0.4091
2026-08-06,폴바셋,롯데백화점 동탄점,4328,0.4328
2026-08-06,폴바셋,롯데마트 양평점,4864,0.4864
2026-08-06,폴바셋,신세계백화점 광주점,4000,0.4
2026-08-06,폴바셋,롯데마트 서초점,4091,0.4091
2026-08-06,폴바셋,롯데백화점 부산본점,0,0
2026-08-06,폴바셋,광화문 디타워점,8182,0.8182
2026-08-06,폴바셋,스타필드 수원점,16001,1.6001
2026-08-06,폴바셋,신세계백화점 대구 1호점,8182,0.8182
2026-08-06,폴바셋,대전엑스포 스카이점,0,0
2026-08-06,폴바셋,롯데백화점 노원점,8182,0.8182
2026-08-06,폴바셋,스타필드 하남 2호점,4091,0.4091
2026-08-06,폴바셋,갤러리아 타임월드점,4091,0.4091
2026-08-06,폴바셋,삼성전자 평택점,0,0
2026-08-06,폴바셋,롯데백화점 광주점,10182,1.0182
2026-08-06,폴바셋,롯데아울렛 남악점,0,0
2026-08-06,폴바셋,제주 용담 DT점,14273,1.4273
2026-08-06,폴바셋,현대모터스튜디오 서울점,2091,0.2091
2026-08-06,폴바셋,투고 바 롯데월드 어드벤처점,20455,2.0455
2026-08-06,폴바셋,현대백화점 충청점,0,0
2026-08-06,폴바셋,종로 G1점,7546,0.7546
2026-08-06,폴바셋,스타필드 안성점,17309,1.7309
2026-08-06,폴바셋,신세계백화점 의정부점,37728,3.7728
2026-08-06,폴바셋,현대백화점 천호점,35546,3.5546
2026-08-06,폴바셋,AK플라자 수원점,40001,4.0001
2026-08-06,폴바셋,롯데백화점 관악점,82682,8.2682
2026-08-06,폴바셋,현대아울렛 대전점,71183,7.1183
2026-08-06,폴바셋,현대백화점 울산점,28364,2.8364
2026-08-06,폴바셋,더현대 대구점,22364,2.2364
2026-08-06,폴바셋,롯데백화점 평촌점,32637,3.2637
2026-08-06,폴바셋,신세계백화점 센텀시티점,29546,2.9546
2026-08-06,폴바셋,포항 영일대 DT점,16364,1.6364
2026-08-06,폴바셋,롯데백화점 김포공항점,19364,1.9364
2026-08-06,폴바셋,롯데백화점 대전점,22273,2.2273
2026-08-06,폴바셋,삼성전자 온양캠퍼스점,39364,3.9364
2026-08-06,폴바셋,롯데백화점 창원점,2000,0.2
2026-08-06,폴바셋,롯데아울렛 기흥점,24729,2.4729
2026-08-06,폴바셋,한국경제신문사점,53910,5.391
2026-08-06,폴바셋,송도 SK바이오사이언스점,20455,2.0455
2026-08-06,폴바셋,롯데아울렛 광주수완점,23364,2.3364
2026-08-06,폴바셋,신세계 사우스시티점,22455,2.2455
2026-08-06,폴바셋,삼성 DSR점,68274,6.8274
2026-08-06,폴바셋,스타필드시티 위례점,33728,3.3728
2026-08-06,폴바셋,스타필드 고양 1호점,39637,3.9637
2026-08-06,폴바셋,여의도점,77274,7.7274
2026-08-06,폴바셋,뉴코아 강남점,44728,4.4728
2026-08-06,폴바셋,마산 회원 DT점,63774,6.3774
2026-08-06,폴바셋,AK플라자 광명점,38364,3.8364
2026-08-06,폴바셋,롯데백화점 울산점,21638,2.1638
2026-08-06,폴바셋,구미 봉곡 DT점,20273,2.0273
2026-08-06,폴바셋,롯데백화점 잠실점,26364,2.6364
2026-08-06,폴바셋,마산 해안대로 DT점,8091,0.8091
2026-08-06,폴바셋,롯데백화점 강남점,32637,3.2637
2026-08-06,폴바셋,스타필드 하남 1호점,31455,3.1455
2026-08-06,폴바셋,롯데백화점 광복점,44912,4.4912
2026-08-06,폴바셋,롯데몰 은평점,39637,3.9637
2026-08-06,폴바셋,광화문 흥국생명점,74183,7.4183
2026-08-06,폴바셋,롯데몰 수지점,76456,7.6456
2026-08-06,폴바셋,NC타워 삼성점,73092,7.3092
2026-08-06,폴바셋,경산 옥곡 DT점,51819,5.1819
2026-08-06,폴바셋,롯데백화점 본점,39364,3.9364
2026-08-06,폴바셋,서소문점,63910,6.391
2026-08-06,폴바셋,신세계백화점 대구 2호점,77092,7.7092
2026-08-06,폴바셋,대구 방촌 DT점,18182,1.8182
2026-08-06,폴바셋,부산 괴정 DT점,22364,2.2364
2026-08-06,폴바셋,부산 전포 DT점,40637,4.0637
2026-08-06,폴바셋,교보문고 합정점,38546,3.8546
2026-08-06,폴바셋,AK플라자 홍대점,65001,6.5001
2026-08-06,폴바셋,구로 G타워점,30455,3.0455
2026-08-06,폴바셋,오산대 DT점,46819,4.6819
2026-08-06,폴바셋,경산 임당역 DT점,73001,7.3001
2026-08-06,폴바셋,롯데월드 아이스링크점,31455,3.1455
2026-08-06,폴바셋,김포 구래 DT점,55092,5.5092
2026-08-06,폴바셋,양산 웅상 DT점,61910,6.191
2026-08-06,폴바셋,천안 구성 DT점,60183,6.0183
2026-08-06,폴바셋,대구 감삼 DT점,34728,3.4728
2026-08-06,폴바셋,MBC몰 파크점,91028,9.1028
2026-08-06,폴바셋,북수원IC DT점,93638,9.3638
2026-08-06,폴바셋,부산 대연 DT점,34637,3.4637
2026-08-06,폴바셋,신세계아울렛 시흥점,27547,2.7547
2026-08-06,폴바셋,파미에스테이션점,108729,10.8729
2026-08-06,폴바셋,대구 만촌 DT점,78274,7.8274
2026-08-06,폴바셋,롯데월드몰점,38820,3.882
2026-08-06,폴바셋,GFC점,70183,7.0183
2026-08-06,폴바셋,부산 연산역점,71639,7.1639
2026-08-06,폴바셋,인스파이어점,71092,7.1092
2026-08-06,폴바셋,현대아울렛 남양주점,71506,7.1506
2026-08-06,폴바셋,롯데아울렛 김해점,95915,9.5915
2026-08-06,폴바셋,전주 금암 DT점,59728,5.9728
2026-08-06,폴바셋,롯데아울렛 이시아폴리스점,68004,6.8004
2026-08-06,폴바셋,광명 철산 DT점,97411,9.7411
2026-08-06,폴바셋,경주 교동 DT점,71092,7.1092
2026-08-06,폴바셋,강서 마곡 DT점,124002,12.4002
2026-08-06,폴바셋,용인시청 DT점,47592,4.7592
2026-08-06,폴바셋,부산 금곡 강변점,97096,9.7096
2026-08-06,폴바셋,롯데아울렛 이천점,60730,6.073
2026-08-06,폴바셋,수원 월드컵경기장점,94365,9.4365
2026-08-06,폴바셋,롯데백화점 중동점,86095,8.6095
2026-08-06,폴바셋,제주 아라 DT점,96729,9.6729
2026-08-06,폴바셋,증미역점,64638,6.4638
2026-08-06,폴바셋,여의도 현대카드점,169686,16.9686
2026-08-06,폴바셋,광화문 예금보험공사점,195015,19.5015
2026-08-06,폴바셋,고창 선운사점,46367,4.6367
2026-08-06,폴바셋,롯데백화점 상인점,94914,9.4914
2026-08-06,폴바셋,평택 소사 DT점,88456,8.8456
2026-08-06,폴바셋,상일동점,128095,12.8095
2026-08-06,폴바셋,코엑스몰점,159457,15.9457
2026-08-06,폴바셋,혜화역점,98456,9.8456
2026-08-06,폴바셋,선릉역 동훈타워점,183827,18.3827
2026-08-06,폴바셋,연세와병원점,176459,17.6459
2026-08-06,폴바셋,송도 트리플스트리트점,163187,16.3187
2026-08-06,폴바셋,청주 방서 DT점,96005,9.6005
2026-08-06,폴바셋,용산 아이파크몰점,148825,14.8825
2026-08-06,폴바셋,여의도 국회대로점,180809,18.0809
2026-08-06,폴바셋,압구정2호점,151913,15.1913
2026-08-06,폴바셋,한남 커피스테이션,135423,13.5423
2026-08-06,폴바셋,롯데몰 동부산점,165191,16.5191
2026-08-06,폴바셋,종각역점,219191,21.9191
2026-08-06,폴바셋,청담역점,180462,18.0462
2026-08-06,폴바셋,송도 센트럴파크점,162007,16.2007
2026-08-06,폴바셋,페럼타워점,239828,23.9828
2026-08-06,폴바셋,수서역점,248739,24.8739
2026-08-06,폴바셋,강서 부민병원점,202916,20.2916
2026-08-06,폴바셋,반포 쌍동빌딩점,186919,18.6919
2026-08-06,폴바셋,현대백화점 미아점,167101,16.7101
2026-08-06,폴바셋,스타필드빌리지 운정점,161645,16.1645
2026-08-06,폴바셋,교대역점,286284,28.6284
2026-08-06,폴바셋,신세계 센텀시티몰점,164828,16.4828
2026-08-06,폴바셋,강남역 삼성화재점,213190,21.319
2026-08-06,폴바셋,강남삼성타운점,311464,31.1464
2026-08-06,폴바셋,광교엘포트몰점,185734,18.5734
2026-08-06,폴바셋,영등포 타임스퀘어점,183780,18.378
2026-08-06,폴바셋,파르나스몰점,324194,32.4194
2026-08-06,폴바셋,청량리역점,203651,20.3651
2026-08-06,폴바셋,대구 수성못점,235194,23.5194
2026-08-06,폴바셋,인천 송도 DT점,244095,24.4095
2026-08-06,폴바셋,광교 경기도청점,223915,22.3915
2026-08-06,폴바셋,코리아나호텔점,231296,23.1296
2026-08-06,폴바셋,수원컨트리클럽점,214462,21.4462
2026-08-06,폴바셋,광화문 G타워점,254661,25.4661
2026-08-06,폴바셋,해운대 팔라티움점,239828,23.9828
2026-08-06,폴바셋,현대아울렛 김포점,155461,15.5461
2026-08-06,폴바셋,여의도 부국증권점,309195,30.9195
2026-08-06,폴바셋,갤러리아 광교점,274646,27.4646
2026-08-06,폴바셋,일산 마두점,334383,33.4383
2026-08-06,폴바셋,대치역점,373561,37.3561
2026-08-06,폴바셋,을지로 파인에비뉴점,417198,41.7198
2026-08-06,폴바셋,교보문고 강남점,378924,37.8924
2026-08-06,폴바셋,여의도 IFC몰점,549301,54.9301
2026-08-06,폴바셋,산본역점,363201,36.3201
2026-08-06,폴바셋,인천공항 T1 입국점,644220,64.422
2026-08-06,폴바셋,연세암병원점,880727,88.0727
2026-08-06,폴바셋,제주공항 국내선점,276646,27.6646
2026-08-06,폴바셋,영종도 파라다이스시티점,791950,79.195
2026-08-06,폴바셋,강남구청역점,860857,86.0857
2026-08-06,폴바셋,고대구로병원점,839865,83.9865
2026-08-06,폴바셋,강남점,882720,88.272
2026-08-06,폴바셋,사당 파스텔시티점,787606,78.7606
2026-08-06,폴바셋,인천공항 T2 입국점,1090467,109.0467
2026-08-06,폴바셋,일원역점,1485264,148.5264
2026-08-06,폴바셋,광화문점,2407923,240.7923
2026-08-07,폴바셋,롯데백화점 대구점,0,0
2026-08-07,폴바셋,롯데백화점 동탄점,2000,0.2
2026-08-07,폴바셋,롯데마트 양평점,2091,0.2091
2026-08-07,폴바셋,신세계백화점 광주점,0,0
2026-08-07,폴바셋,롯데마트 서초점,0,0
2026-08-07,폴바셋,롯데백화점 부산본점,0,0
2026-08-07,폴바셋,광화문 디타워점,0,0
2026-08-07,폴바셋,스타필드 수원점,0,0
2026-08-07,폴바셋,신세계백화점 대구 1호점,2864,0.2864
2026-08-07,폴바셋,대전엑스포 스카이점,10273,1.0273
2026-08-07,폴바셋,롯데백화점 노원점,26637,2.6637
2026-08-07,폴바셋,스타필드 하남 2호점,12364,1.2364
2026-08-07,폴바셋,갤러리아 타임월드점,12182,1.2182
2026-08-07,폴바셋,삼성전자 평택점,26546,2.6546
2026-08-07,폴바셋,롯데백화점 광주점,0,0
2026-08-07,폴바셋,롯데아울렛 남악점,0,0
2026-08-07,폴바셋,제주 용담 DT점,6182,0.6182
2026-08-07,폴바셋,현대모터스튜디오 서울점,4927,0.4927
2026-08-07,폴바셋,투고 바 롯데월드 어드벤처점,24455,2.4455
2026-08-07,폴바셋,현대백화점 충청점,21137,2.1137
2026-08-07,폴바셋,종로 G1점,11820,1.182
2026-08-07,폴바셋,스타필드 안성점,12273,1.2273
2026-08-07,폴바셋,신세계백화점 의정부점,13273,1.3273
2026-08-07,폴바셋,현대백화점 천호점,20182,2.0182
2026-08-07,폴바셋,AK플라자 수원점,23091,2.3091
2026-08-07,폴바셋,롯데백화점 관악점,4091,0.4091
2026-08-07,폴바셋,현대아울렛 대전점,4091,0.4091
2026-08-07,폴바셋,현대백화점 울산점,24546,2.4546
2026-08-07,폴바셋,더현대 대구점,21364,2.1364
2026-08-07,폴바셋,롯데백화점 평촌점,26455,2.6455
2026-08-07,폴바셋,신세계백화점 센텀시티점,35637,3.5637
2026-08-07,폴바셋,포항 영일대 DT점,12182,1.2182
2026-08-07,폴바셋,롯데백화점 김포공항점,27546,2.7546
2026-08-07,폴바셋,롯데백화점 대전점,33728,3.3728
2026-08-07,폴바셋,삼성전자 온양캠퍼스점,5909,0.5909
2026-08-07,폴바셋,롯데백화점 창원점,19364,1.9364
2026-08-07,폴바셋,롯데아울렛 기흥점,21547,2.1547
2026-08-07,폴바셋,한국경제신문사점,8364,0.8364
2026-08-07,폴바셋,송도 SK바이오사이언스점,13091,1.3091
2026-08-07,폴바셋,롯데아울렛 광주수완점,49819,4.9819
2026-08-07,폴바셋,신세계 사우스시티점,52910,5.291
2026-08-07,폴바셋,삼성 DSR점,72274,7.2274
2026-08-07,폴바셋,스타필드시티 위례점,23455,2.3455
2026-08-07,폴바셋,스타필드 고양 1호점,4091,0.4091
2026-08-07,폴바셋,여의도점,63183,6.3183
2026-08-07,폴바셋,뉴코아 강남점,10091,1.0091
2026-08-07,폴바셋,마산 회원 DT점,37183,3.7183
2026-08-07,폴바셋,AK플라자 광명점,29727,2.9727
2026-08-07,폴바셋,롯데백화점 울산점,77367,7.7367
2026-08-07,폴바셋,구미 봉곡 DT점,93092,9.3092
2026-08-07,폴바셋,롯데백화점 잠실점,55819,5.5819
2026-08-07,폴바셋,마산 해안대로 DT점,42637,4.2637
2026-08-07,폴바셋,롯데백화점 강남점,51001,5.1001
2026-08-07,폴바셋,스타필드 하남 1호점,63755,6.3755
2026-08-07,폴바셋,롯데백화점 광복점,94641,9.4641
2026-08-07,폴바셋,롯데몰 은평점,38455,3.8455
2026-08-07,폴바셋,광화문 흥국생명점,94456,9.4456
2026-08-07,폴바셋,롯데몰 수지점,53819,5.3819
2026-08-07,폴바셋,NC타워 삼성점,91365,9.1365
2026-08-07,폴바셋,경산 옥곡 DT점,55001,5.5001
2026-08-07,폴바셋,롯데백화점 본점,58819,5.8819
2026-08-07,폴바셋,서소문점,90002,9.0002
2026-08-07,폴바셋,신세계백화점 대구 2호점,55774,5.5774
2026-08-07,폴바셋,대구 방촌 DT점,40728,4.0728
2026-08-07,폴바셋,부산 괴정 DT점,52092,5.2092
2026-08-07,폴바셋,부산 전포 DT점,72274,7.2274
2026-08-07,폴바셋,교보문고 합정점,40546,4.0546
2026-08-07,폴바셋,AK플라자 홍대점,62274,6.2274
2026-08-07,폴바셋,구로 G타워점,61183,6.1183
2026-08-07,폴바셋,오산대 DT점,57092,5.7092
2026-08-07,폴바셋,경산 임당역 DT점,42728,4.2728
2026-08-07,폴바셋,롯데월드 아이스링크점,8182,0.8182
2026-08-07,폴바셋,김포 구래 DT점,64183,6.4183
2026-08-07,폴바셋,양산 웅상 DT점,99365,9.9365
2026-08-07,폴바셋,천안 구성 DT점,82092,8.2092
2026-08-07,폴바셋,대구 감삼 DT점,99456,9.9456
2026-08-07,폴바셋,MBC몰 파크점,67819,6.7819
2026-08-07,폴바셋,북수원IC DT점,61001,6.1001
2026-08-07,폴바셋,부산 대연 DT점,34455,3.4455
2026-08-07,폴바셋,신세계아울렛 시흥점,55547,5.5547
2026-08-07,폴바셋,파미에스테이션점,73183,7.3183
2026-08-07,폴바셋,대구 만촌 DT점,90456,9.0456
2026-08-07,폴바셋,롯데월드몰점,79184,7.9184
2026-08-07,폴바셋,GFC점,123466,12.3466
2026-08-07,폴바셋,부산 연산역점,78094,7.8094
2026-08-07,폴바셋,인스파이어점,20364,2.0364
2026-08-07,폴바셋,현대아울렛 남양주점,62368,6.2368
2026-08-07,폴바셋,롯데아울렛 김해점,88915,8.8915
2026-08-07,폴바셋,전주 금암 DT점,83092,8.3092
2026-08-07,폴바셋,롯데아울렛 이시아폴리스점,53476,5.3476
2026-08-07,폴바셋,광명 철산 DT점,78365,7.8365
2026-08-07,폴바셋,경주 교동 DT점,42637,4.2637
2026-08-07,폴바셋,강서 마곡 DT점,97547,9.7547
2026-08-07,폴바셋,용인시청 DT점,54819,5.4819
2026-08-07,폴바셋,부산 금곡 강변점,82548,8.2548
2026-08-07,폴바셋,롯데아울렛 이천점,72958,7.2958
2026-08-07,폴바셋,수원 월드컵경기장점,111638,11.1638
2026-08-07,폴바셋,롯데백화점 중동점,62548,6.2548
2026-08-07,폴바셋,제주 아라 DT점,64538,6.4538
2026-08-07,폴바셋,증미역점,134550,13.455
2026-08-07,폴바셋,여의도 현대카드점,167150,16.715
2026-08-07,폴바셋,광화문 예금보험공사점,132201,13.2201
2026-08-07,폴바셋,고창 선운사점,29458,2.9458
2026-08-07,폴바셋,롯데백화점 상인점,129917,12.9917
2026-08-07,폴바셋,평택 소사 DT점,89638,8.9638
2026-08-07,폴바셋,상일동점,114826,11.4826
2026-08-07,폴바셋,코엑스몰점,172414,17.2414
2026-08-07,폴바셋,혜화역점,110456,11.0456
2026-08-07,폴바셋,선릉역 동훈타워점,213737,21.3737
2026-08-07,폴바셋,연세와병원점,172097,17.2097
2026-08-07,폴바셋,송도 트리플스트리트점,122552,12.2552
2026-08-07,폴바셋,청주 방서 DT점,184192,18.4192
2026-08-07,폴바셋,용산 아이파크몰점,132280,13.228
2026-08-07,폴바셋,여의도 국회대로점,287187,28.7187
2026-08-07,폴바셋,압구정2호점,241916,24.1916
2026-08-07,폴바셋,한남 커피스테이션,169699,16.9699
2026-08-07,폴바셋,롯데몰 동부산점,142918,14.2918
2026-08-07,폴바셋,종각역점,241821,24.1821
2026-08-07,폴바셋,청담역점,184373,18.4373
2026-08-07,폴바셋,송도 센트럴파크점,128820,12.882
2026-08-07,폴바셋,페럼타워점,407652,40.7652
2026-08-07,폴바셋,수서역점,241466,24.1466
2026-08-07,폴바셋,강서 부민병원점,215368,21.5368
2026-08-07,폴바셋,반포 쌍동빌딩점,243100,24.31
2026-08-07,폴바셋,현대백화점 미아점,224282,22.4282
2026-08-07,폴바셋,스타필드빌리지 운정점,125368,12.5368
2026-08-07,폴바셋,교대역점,215285,21.5285
2026-08-07,폴바셋,신세계 센텀시티몰점,255924,25.5924
2026-08-07,폴바셋,강남역 삼성화재점,343102,34.3102
2026-08-07,폴바셋,강남삼성타운점,270194,27.0194
2026-08-07,폴바셋,광교엘포트몰점,218279,21.8279
2026-08-07,폴바셋,영등포 타임스퀘어점,203830,20.383
2026-08-07,폴바셋,파르나스몰점,258743,25.8743
2026-08-07,폴바셋,청량리역점,237471,23.7471
2026-08-07,폴바셋,대구 수성못점,181011,18.1011
2026-08-07,폴바셋,인천 송도 DT점,322470,32.247
2026-08-07,폴바셋,광교 경기도청점,273011,27.3011
2026-08-07,폴바셋,코리아나호텔점,256010,25.601
2026-08-07,폴바셋,수원컨트리클럽점,207193,20.7193
2026-08-07,폴바셋,광화문 G타워점,297101,29.7101
2026-08-07,폴바셋,해운대 팔라티움점,209100,20.91
2026-08-07,폴바셋,현대아울렛 김포점,247465,24.7465
2026-08-07,폴바셋,여의도 부국증권점,328288,32.8288
2026-08-07,폴바셋,갤러리아 광교점,284462,28.4462
2026-08-07,폴바셋,일산 마두점,300197,30.0197
2026-08-07,폴바셋,대치역점,419019,41.9019
2026-08-07,폴바셋,을지로 파인에비뉴점,482296,48.2296
2026-08-07,폴바셋,교보문고 강남점,408293,40.8293
2026-08-07,폴바셋,여의도 IFC몰점,561660,56.166
2026-08-07,폴바셋,산본역점,589578,58.9578
2026-08-07,폴바셋,인천공항 T1 입국점,677136,67.7136
2026-08-07,폴바셋,연세암병원점,715833,71.5833
2026-08-07,폴바셋,제주공항 국내선점,261281,26.1281
2026-08-07,폴바셋,영종도 파라다이스시티점,877771,87.7771
2026-08-07,폴바셋,강남구청역점,980147,98.0147
2026-08-07,폴바셋,고대구로병원점,892657,89.2657
2026-08-07,폴바셋,강남점,843634,84.3634
2026-08-07,폴바셋,사당 파스텔시티점,895524,89.5524
2026-08-07,폴바셋,인천공항 T2 입국점,1078655,107.8655
2026-08-07,폴바셋,일원역점,1685407,168.5407
2026-08-07,폴바셋,광화문점,2567108,256.7108
2026-08-08,폴바셋,롯데백화점 대구점,4091,0.4091
2026-08-08,폴바셋,롯데백화점 동탄점,0,0
2026-08-08,폴바셋,롯데마트 양평점,0,0
2026-08-08,폴바셋,신세계백화점 광주점,0,0
2026-08-08,폴바셋,롯데마트 서초점,0,0
2026-08-08,폴바셋,롯데백화점 부산본점,2091,0.2091
2026-08-08,폴바셋,광화문 디타워점,0,0
2026-08-08,폴바셋,스타필드 수원점,2091,0.2091
2026-08-08,폴바셋,신세계백화점 대구 1호점,13137,1.3137
2026-08-08,폴바셋,대전엑스포 스카이점,2000,0.2
2026-08-08,폴바셋,롯데백화점 노원점,4091,0.4091
2026-08-08,폴바셋,스타필드 하남 2호점,4182,0.4182
2026-08-08,폴바셋,갤러리아 타임월드점,15046,1.5046
2026-08-08,폴바셋,삼성전자 평택점,0,0
2026-08-08,폴바셋,롯데백화점 광주점,11273,1.1273
2026-08-08,폴바셋,롯데아울렛 남악점,8182,0.8182
2026-08-08,폴바셋,제주 용담 DT점,12182,1.2182
2026-08-08,폴바셋,현대모터스튜디오 서울점,6091,0.6091
2026-08-08,폴바셋,투고 바 롯데월드 어드벤처점,0,0
2026-08-08,폴바셋,현대백화점 충청점,15364,1.5364
2026-08-08,폴바셋,종로 G1점,36185,3.6185
2026-08-08,폴바셋,스타필드 안성점,47546,4.7546
2026-08-08,폴바셋,신세계백화점 의정부점,23455,2.3455
2026-08-08,폴바셋,현대백화점 천호점,16182,1.6182
2026-08-08,폴바셋,AK플라자 수원점,7182,0.7182
2026-08-08,폴바셋,롯데백화점 관악점,28364,2.8364
2026-08-08,폴바셋,현대아울렛 대전점,58001,5.8001
2026-08-08,폴바셋,현대백화점 울산점,8091,0.8091
2026-08-08,폴바셋,더현대 대구점,39637,3.9637
2026-08-08,폴바셋,롯데백화점 평촌점,19364,1.9364
2026-08-08,폴바셋,신세계백화점 센텀시티점,43728,4.3728
2026-08-08,폴바셋,포항 영일대 DT점,25455,2.5455
2026-08-08,폴바셋,롯데백화점 김포공항점,20455,2.0455
2026-08-08,폴바셋,롯데백화점 대전점,42910,4.291
2026-08-08,폴바셋,삼성전자 온양캠퍼스점,0,0
2026-08-08,폴바셋,롯데백화점 창원점,20828,2.0828
2026-08-08,폴바셋,롯데아울렛 기흥점,33093,3.3093
2026-08-08,폴바셋,한국경제신문사점,54910,5.491
2026-08-08,폴바셋,송도 SK바이오사이언스점,0,0
2026-08-08,폴바셋,롯데아울렛 광주수완점,32364,3.2364
2026-08-08,폴바셋,신세계 사우스시티점,53728,5.3728
2026-08-08,폴바셋,삼성 DSR점,16773,1.6773
2026-08-08,폴바셋,스타필드시티 위례점,46728,4.6728
2026-08-08,폴바셋,스타필드 고양 1호점,21364,2.1364
2026-08-08,폴바셋,여의도점,34364,3.4364
2026-08-08,폴바셋,뉴코아 강남점,34728,3.4728
2026-08-08,폴바셋,마산 회원 DT점,61983,6.1983
2026-08-08,폴바셋,AK플라자 광명점,44091,4.4091
2026-08-08,폴바셋,롯데백화점 울산점,13274,1.3274
2026-08-08,폴바셋,구미 봉곡 DT점,40410,4.041
2026-08-08,폴바셋,롯데백화점 잠실점,32819,3.2819
2026-08-08,폴바셋,마산 해안대로 DT점,57819,5.7819
2026-08-08,폴바셋,롯데백화점 강남점,55092,5.5092
2026-08-08,폴바셋,스타필드 하남 1호점,57910,5.791
2026-08-08,폴바셋,롯데백화점 광복점,44457,4.4457
2026-08-08,폴바셋,롯데몰 은평점,18273,1.8273
2026-08-08,폴바셋,광화문 흥국생명점,0,0
2026-08-08,폴바셋,롯데몰 수지점,60183,6.0183
2026-08-08,폴바셋,NC타워 삼성점,0,0
2026-08-08,폴바셋,경산 옥곡 DT점,64756,6.4756
2026-08-08,폴바셋,롯데백화점 본점,27546,2.7546
2026-08-08,폴바셋,서소문점,20455,2.0455
2026-08-08,폴바셋,신세계백화점 대구 2호점,92456,9.2456
2026-08-08,폴바셋,대구 방촌 DT점,81274,8.1274
2026-08-08,폴바셋,부산 괴정 DT점,22273,2.2273
2026-08-08,폴바셋,부산 전포 DT점,100365,10.0365
2026-08-08,폴바셋,교보문고 합정점,91092,9.1092
2026-08-08,폴바셋,AK플라자 홍대점,77274,7.7274
2026-08-08,폴바셋,구로 G타워점,62374,6.2374
2026-08-08,폴바셋,오산대 DT점,34964,3.4964
2026-08-08,폴바셋,경산 임당역 DT점,49001,4.9001
2026-08-08,폴바셋,롯데월드 아이스링크점,112820,11.282
2026-08-08,폴바셋,김포 구래 DT점,73183,7.3183
2026-08-08,폴바셋,양산 웅상 DT점,51728,5.1728
2026-08-08,폴바셋,천안 구성 DT점,56728,5.6728
2026-08-08,폴바셋,대구 감삼 DT점,77365,7.7365
2026-08-08,폴바셋,MBC몰 파크점,92274,9.2274
2026-08-08,폴바셋,북수원IC DT점,68910,6.891
2026-08-08,폴바셋,부산 대연 DT점,84365,8.4365
2026-08-08,폴바셋,신세계아울렛 시흥점,91004,9.1004
2026-08-08,폴바셋,파미에스테이션점,73365,7.3365
2026-08-08,폴바셋,대구 만촌 DT점,65183,6.5183
2026-08-08,폴바셋,롯데월드몰점,151507,15.1507
2026-08-08,폴바셋,GFC점,36255,3.6255
2026-08-08,폴바셋,부산 연산역점,77185,7.7185
2026-08-08,폴바셋,인스파이어점,87547,8.7547
2026-08-08,폴바셋,현대아울렛 남양주점,104461,10.4461
2026-08-08,폴바셋,롯데아울렛 김해점,79186,7.9186
2026-08-08,폴바셋,전주 금암 DT점,111638,11.1638
2026-08-08,폴바셋,롯데아울렛 이시아폴리스점,117371,11.7371
2026-08-08,폴바셋,광명 철산 DT점,64819,6.4819
2026-08-08,폴바셋,경주 교동 DT점,71183,7.1183
2026-08-08,폴바셋,강서 마곡 DT점,95274,9.5274
2026-08-08,폴바셋,용인시청 DT점,65229,6.5229
2026-08-08,폴바셋,부산 금곡 강변점,66094,6.6094
2026-08-08,폴바셋,롯데아울렛 이천점,174735,17.4735
2026-08-08,폴바셋,수원 월드컵경기장점,72092,7.2092
2026-08-08,폴바셋,롯데백화점 중동점,83006,8.3006
2026-08-08,폴바셋,제주 아라 DT점,68092,6.8092
2026-08-08,폴바셋,증미역점,114094,11.4094
2026-08-08,폴바셋,여의도 현대카드점,0,0
2026-08-08,폴바셋,광화문 예금보험공사점,5546,0.5546
2026-08-08,폴바셋,고창 선운사점,110144,11.0144
2026-08-08,폴바셋,롯데백화점 상인점,161828,16.1828
2026-08-08,폴바셋,평택 소사 DT점,141120,14.112
2026-08-08,폴바셋,상일동점,111824,11.1824
2026-08-08,폴바셋,코엑스몰점,91001,9.1001
2026-08-08,폴바셋,혜화역점,151275,15.1275
2026-08-08,폴바셋,선릉역 동훈타워점,52729,5.2729
2026-08-08,폴바셋,연세와병원점,121878,12.1878
2026-08-08,폴바셋,송도 트리플스트리트점,142369,14.2369
2026-08-08,폴바셋,청주 방서 DT점,133099,13.3099
2026-08-08,폴바셋,용산 아이파크몰점,194831,19.4831
2026-08-08,폴바셋,여의도 국회대로점,113732,11.3732
2026-08-08,폴바셋,압구정2호점,188281,18.8281
2026-08-08,폴바셋,한남 커피스테이션,186099,18.6099
2026-08-08,폴바셋,롯데몰 동부산점,267106,26.7106
2026-08-08,폴바셋,종각역점,74549,7.4549
2026-08-08,폴바셋,청담역점,150917,15.0917
2026-08-08,폴바셋,송도 센트럴파크점,281011,28.1011
2026-08-08,폴바셋,페럼타워점,25364,2.5364
2026-08-08,폴바셋,수서역점,191192,19.1192
2026-08-08,폴바셋,강서 부민병원점,286371,28.6371
2026-08-08,폴바셋,반포 쌍동빌딩점,210246,21.0246
2026-08-08,폴바셋,현대백화점 미아점,267563,26.7563
2026-08-08,폴바셋,스타필드빌리지 운정점,248377,24.8377
2026-08-08,폴바셋,교대역점,122823,12.2823
2026-08-08,폴바셋,신세계 센텀시티몰점,282925,28.2925
2026-08-08,폴바셋,강남역 삼성화재점,290104,29.0104
2026-08-08,폴바셋,강남삼성타운점,115369,11.5369
2026-08-08,폴바셋,광교엘포트몰점,262735,26.2735
2026-08-08,폴바셋,영등포 타임스퀘어점,246740,24.674
2026-08-08,폴바셋,파르나스몰점,219013,21.9013
2026-08-08,폴바셋,청량리역점,288108,28.8108
2026-08-08,폴바셋,대구 수성못점,278291,27.8291
2026-08-08,폴바셋,인천 송도 DT점,295206,29.5206
2026-08-08,폴바셋,광교 경기도청점,241920,24.192
2026-08-08,폴바셋,코리아나호텔점,221285,22.1285
2026-08-08,폴바셋,수원컨트리클럽점,265012,26.5012
2026-08-08,폴바셋,광화문 G타워점,242881,24.2881
2026-08-08,폴바셋,해운대 팔라티움점,387893,38.7893
2026-08-08,폴바셋,현대아울렛 김포점,456292,45.6292
2026-08-08,폴바셋,여의도 부국증권점,122924,12.2924
2026-08-08,폴바셋,갤러리아 광교점,428020,42.802
2026-08-08,폴바셋,일산 마두점,302743,30.2743
2026-08-08,폴바셋,대치역점,547755,54.7755
2026-08-08,폴바셋,을지로 파인에비뉴점,314336,31.4336
2026-08-08,폴바셋,교보문고 강남점,599944,59.9944
2026-08-08,폴바셋,여의도 IFC몰점,490399,49.0399
2026-08-08,폴바셋,산본역점,642353,64.2353
2026-08-08,폴바셋,인천공항 T1 입국점,577948,57.7948
2026-08-08,폴바셋,연세암병원점,152125,15.2125
2026-08-08,폴바셋,제주공항 국내선점,865099,86.5099
2026-08-08,폴바셋,영종도 파라다이스시티점,882857,88.2857
2026-08-08,폴바셋,강남구청역점,580599,58.0599
2026-08-08,폴바셋,고대구로병원점,334468,33.4468
2026-08-08,폴바셋,강남점,872549,87.2549
2026-08-08,폴바셋,사당 파스텔시티점,911778,91.1778
2026-08-08,폴바셋,인천공항 T2 입국점,1108825,110.8825
2026-08-08,폴바셋,일원역점,1395943,139.5943
2026-08-08,폴바셋,광화문점,1545749,154.5749
2026-08-09,폴바셋,롯데백화점 대구점,2000,0.2
2026-08-09,폴바셋,롯데백화점 동탄점,8182,0.8182
2026-08-09,폴바셋,롯데마트 양평점,0,0
2026-08-09,폴바셋,신세계백화점 광주점,4091,0.4091
2026-08-09,폴바셋,롯데마트 서초점,0,0
2026-08-09,폴바셋,롯데백화점 부산본점,2864,0.2864
2026-08-09,폴바셋,광화문 디타워점,0,0
2026-08-09,폴바셋,스타필드 수원점,6182,0.6182
2026-08-09,폴바셋,신세계백화점 대구 1호점,0,0
2026-08-09,폴바셋,대전엑스포 스카이점,4091,0.4091
2026-08-09,폴바셋,롯데백화점 노원점,12273,1.2273
2026-08-09,폴바셋,스타필드 하남 2호점,16273,1.6273
2026-08-09,폴바셋,갤러리아 타임월드점,14182,1.4182
2026-08-09,폴바셋,삼성전자 평택점,0,0
2026-08-09,폴바셋,롯데백화점 광주점,16182,1.6182
2026-08-09,폴바셋,롯데아울렛 남악점,6091,0.6091
2026-08-09,폴바셋,제주 용담 DT점,16182,1.6182
2026-08-09,폴바셋,현대모터스튜디오 서울점,4091,0.4091
2026-08-09,폴바셋,투고 바 롯데월드 어드벤처점,20455,2.0455
2026-08-09,폴바셋,현대백화점 충청점,28364,2.8364
2026-08-09,폴바셋,종로 G1점,12637,1.2637
2026-08-09,폴바셋,스타필드 안성점,25909,2.5909
2026-08-09,폴바셋,신세계백화점 의정부점,8091,0.8091
2026-08-09,폴바셋,현대백화점 천호점,8091,0.8091
2026-08-09,폴바셋,AK플라자 수원점,12273,1.2273
2026-08-09,폴바셋,롯데백화점 관악점,4091,0.4091
2026-08-09,폴바셋,현대아울렛 대전점,24364,2.4364
2026-08-09,폴바셋,현대백화점 울산점,16364,1.6364
2026-08-09,폴바셋,더현대 대구점,8091,0.8091
2026-08-09,폴바셋,롯데백화점 평촌점,4091,0.4091
2026-08-09,폴바셋,신세계백화점 센텀시티점,14364,1.4364
2026-08-09,폴바셋,포항 영일대 DT점,18273,1.8273
2026-08-09,폴바셋,롯데백화점 김포공항점,29455,2.9455
2026-08-09,폴바셋,롯데백화점 대전점,10091,1.0091
2026-08-09,폴바셋,삼성전자 온양캠퍼스점,0,0
2026-08-09,폴바셋,롯데백화점 창원점,2000,0.2
2026-08-09,폴바셋,롯데아울렛 기흥점,43094,4.3094
2026-08-09,폴바셋,한국경제신문사점,20182,2.0182
2026-08-09,폴바셋,송도 SK바이오사이언스점,0,0
2026-08-09,폴바셋,롯데아울렛 광주수완점,46728,4.6728
2026-08-09,폴바셋,신세계 사우스시티점,13182,1.3182
2026-08-09,폴바셋,삼성 DSR점,0,0
2026-08-09,폴바셋,스타필드시티 위례점,37546,3.7546
2026-08-09,폴바셋,스타필드 고양 1호점,25455,2.5455
2026-08-09,폴바셋,여의도점,12182,1.2182
2026-08-09,폴바셋,뉴코아 강남점,55819,5.5819
2026-08-09,폴바셋,마산 회원 DT점,23228,2.3228
2026-08-09,폴바셋,AK플라자 광명점,31818,3.1818
2026-08-09,폴바셋,롯데백화점 울산점,37092,3.7092
2026-08-09,폴바셋,구미 봉곡 DT점,70819,7.0819
2026-08-09,폴바셋,롯데백화점 잠실점,34546,3.4546
2026-08-09,폴바셋,마산 해안대로 DT점,36455,3.6455
2026-08-09,폴바셋,롯데백화점 강남점,47819,4.7819
2026-08-09,폴바셋,스타필드 하남 1호점,24364,2.4364
2026-08-09,폴바셋,롯데백화점 광복점,41639,4.1639
2026-08-09,폴바셋,롯데몰 은평점,68092,6.8092
2026-08-09,폴바셋,광화문 흥국생명점,0,0
2026-08-09,폴바셋,롯데몰 수지점,49001,4.9001
2026-08-09,폴바셋,NC타워 삼성점,0,0
2026-08-09,폴바셋,경산 옥곡 DT점,44637,4.4637
2026-08-09,폴바셋,롯데백화점 본점,20091,2.0091
2026-08-09,폴바셋,서소문점,32364,3.2364
2026-08-09,폴바셋,신세계백화점 대구 2호점,41637,4.1637
2026-08-09,폴바셋,대구 방촌 DT점,71274,7.1274
2026-08-09,폴바셋,부산 괴정 DT점,64410,6.441
2026-08-09,폴바셋,부산 전포 DT점,40819,4.0819
2026-08-09,폴바셋,교보문고 합정점,30455,3.0455
2026-08-09,폴바셋,AK플라자 홍대점,0,0
2026-08-09,폴바셋,구로 G타워점,16273,1.6273
2026-08-09,폴바셋,오산대 DT점,92092,9.2092
2026-08-09,폴바셋,경산 임당역 DT점,76465,7.6465
2026-08-09,폴바셋,롯데월드 아이스링크점,32455,3.2455
2026-08-09,폴바셋,김포 구래 DT점,78364,7.8364
2026-08-09,폴바셋,양산 웅상 DT점,47819,4.7819
2026-08-09,폴바셋,천안 구성 DT점,43637,4.3637
2026-08-09,폴바셋,대구 감삼 DT점,42910,4.291
2026-08-09,폴바셋,MBC몰 파크점,24273,2.4273
2026-08-09,폴바셋,북수원IC DT점,99911,9.9911
2026-08-09,폴바셋,부산 대연 DT점,55910,5.591
2026-08-09,폴바셋,신세계아울렛 시흥점,155371,15.5371
2026-08-09,폴바셋,파미에스테이션점,32028,3.2028
2026-08-09,폴바셋,대구 만촌 DT점,27455,2.7455
2026-08-09,폴바셋,롯데월드몰점,84149,8.4149
2026-08-09,폴바셋,GFC점,4091,0.4091
2026-08-09,폴바셋,부산 연산역점,26365,2.6365
2026-08-09,폴바셋,인스파이어점,91365,9.1365
2026-08-09,폴바셋,현대아울렛 남양주점,108554,10.8554
2026-08-09,폴바셋,롯데아울렛 김해점,93097,9.3097
2026-08-09,폴바셋,전주 금암 DT점,56819,5.6819
2026-08-09,폴바셋,롯데아울렛 이시아폴리스점,104731,10.4731
2026-08-09,폴바셋,광명 철산 DT점,74729,7.4729
2026-08-09,폴바셋,경주 교동 DT점,56910,5.691
2026-08-09,폴바셋,강서 마곡 DT점,39728,3.9728
2026-08-09,폴바셋,용인시청 DT점,96938,9.6938
2026-08-09,폴바셋,부산 금곡 강변점,82459,8.2459
2026-08-09,폴바셋,롯데아울렛 이천점,81187,8.1187
2026-08-09,폴바셋,수원 월드컵경기장점,125911,12.5911
2026-08-09,폴바셋,롯데백화점 중동점,143826,14.3826
2026-08-09,폴바셋,제주 아라 DT점,30455,3.0455
2026-08-09,폴바셋,증미역점,88456,8.8456
2026-08-09,폴바셋,여의도 현대카드점,0,0
2026-08-09,폴바셋,광화문 예금보험공사점,12182,1.2182
2026-08-09,폴바셋,고창 선운사점,241856,24.1856
2026-08-09,폴바셋,롯데백화점 상인점,132187,13.2187
2026-08-09,폴바셋,평택 소사 DT점,159730,15.973
2026-08-09,폴바셋,상일동점,117825,11.7825
2026-08-09,폴바셋,코엑스몰점,72183,7.2183
2026-08-09,폴바셋,혜화역점,111092,11.1092
2026-08-09,폴바셋,선릉역 동훈타워점,12273,1.2273
2026-08-09,폴바셋,연세와병원점,201098,20.1098
2026-08-09,폴바셋,송도 트리플스트리트점,158099,15.8099
2026-08-09,폴바셋,청주 방서 DT점,144917,14.4917
2026-08-09,폴바셋,용산 아이파크몰점,154284,15.4284
2026-08-09,폴바셋,여의도 국회대로점,127275,12.7275
2026-08-09,폴바셋,압구정2호점,115640,11.564
2026-08-09,폴바셋,한남 커피스테이션,109787,10.9787
2026-08-09,폴바셋,롯데몰 동부산점,250924,25.0924
2026-08-09,폴바셋,종각역점,86005,8.6005
2026-08-09,폴바셋,청담역점,86003,8.6003
2026-08-09,폴바셋,송도 센트럴파크점,201916,20.1916
2026-08-09,폴바셋,페럼타워점,20000,2
2026-08-09,폴바셋,수서역점,134190,13.419
2026-08-09,폴바셋,강서 부민병원점,76733,7.6733
2026-08-09,폴바셋,반포 쌍동빌딩점,227556,22.7556
2026-08-09,폴바셋,현대백화점 미아점,193284,19.3284
2026-08-09,폴바셋,스타필드빌리지 운정점,223657,22.3657
2026-08-09,폴바셋,교대역점,131462,13.1462
2026-08-09,폴바셋,신세계 센텀시티몰점,227376,22.7376
2026-08-09,폴바셋,강남역 삼성화재점,102370,10.237
2026-08-09,폴바셋,강남삼성타운점,154913,15.4913
2026-08-09,폴바셋,광교엘포트몰점,346288,34.6288
2026-08-09,폴바셋,영등포 타임스퀘어점,202739,20.2739
2026-08-09,폴바셋,파르나스몰점,111552,11.1552
2026-08-09,폴바셋,청량리역점,309656,30.9656
2026-08-09,폴바셋,대구 수성못점,338891,33.8891
2026-08-09,폴바셋,인천 송도 DT점,329023,32.9023
2026-08-09,폴바셋,광교 경기도청점,333012,33.3012
2026-08-09,폴바셋,코리아나호텔점,154188,15.4188
2026-08-09,폴바셋,수원컨트리클럽점,420380,42.038
2026-08-09,폴바셋,광화문 G타워점,212830,21.283
2026-08-09,폴바셋,해운대 팔라티움점,272284,27.2284
2026-08-09,폴바셋,현대아울렛 김포점,453203,45.3203
2026-08-09,폴바셋,여의도 부국증권점,173831,17.3831
2026-08-09,폴바셋,갤러리아 광교점,328741,32.8741
2026-08-09,폴바셋,일산 마두점,316000,31.6
2026-08-09,폴바셋,대치역점,324837,32.4837
2026-08-09,폴바셋,을지로 파인에비뉴점,393659,39.3659
2026-08-09,폴바셋,교보문고 강남점,410389,41.0389
2026-08-09,폴바셋,여의도 IFC몰점,456526,45.6526
2026-08-09,폴바셋,산본역점,405753,40.5753
2026-08-09,폴바셋,인천공항 T1 입국점,508666,50.8666
2026-08-09,폴바셋,연세암병원점,172914,17.2914
2026-08-09,폴바셋,제주공항 국내선점,780279,78.0279
2026-08-09,폴바셋,영종도 파라다이스시티점,753940,75.394
2026-08-09,폴바셋,강남구청역점,459291,45.9291
2026-08-09,폴바셋,고대구로병원점,325651,32.5651
2026-08-09,폴바셋,강남점,854473,85.4473
2026-08-09,폴바셋,사당 파스텔시티점,928656,92.8656
2026-08-09,폴바셋,인천공항 T2 입국점,975822,97.5822
2026-08-09,폴바셋,일원역점,1341244,134.1244
2026-08-09,폴바셋,광화문점,1465748,146.5748
2026-08-10,폴바셋,롯데백화점 대구점,4091,0.4091
2026-08-10,폴바셋,롯데백화점 동탄점,0,0
2026-08-10,폴바셋,롯데마트 양평점,4091,0.4091
2026-08-10,폴바셋,신세계백화점 광주점,2000,0.2
2026-08-10,폴바셋,롯데마트 서초점,0,0
2026-08-10,폴바셋,롯데백화점 부산본점,0,0
2026-08-10,폴바셋,광화문 디타워점,1400,0.14
2026-08-10,폴바셋,스타필드 수원점,2091,0.2091
2026-08-10,폴바셋,신세계백화점 대구 1호점,6182,0.6182
2026-08-10,폴바셋,대전엑스포 스카이점,12273,1.2273
2026-08-10,폴바셋,롯데백화점 노원점,8091,0.8091
2026-08-10,폴바셋,스타필드 하남 2호점,10182,1.0182
2026-08-10,폴바셋,갤러리아 타임월드점,4091,0.4091
2026-08-10,폴바셋,삼성전자 평택점,0,0
2026-08-10,폴바셋,롯데백화점 광주점,0,0
2026-08-10,폴바셋,롯데아울렛 남악점,0,0
2026-08-10,폴바셋,제주 용담 DT점,4091,0.4091
2026-08-10,폴바셋,현대모터스튜디오 서울점,7555,0.7555
2026-08-10,폴바셋,투고 바 롯데월드 어드벤처점,12273,1.2273
2026-08-10,폴바셋,현대백화점 충청점,0,0
2026-08-10,폴바셋,종로 G1점,15729,1.5729
2026-08-10,폴바셋,스타필드 안성점,4091,0.4091
2026-08-10,폴바셋,신세계백화점 의정부점,24455,2.4455
2026-08-10,폴바셋,현대백화점 천호점,0,0
2026-08-10,폴바셋,AK플라자 수원점,32455,3.2455
2026-08-10,폴바셋,롯데백화점 관악점,26273,2.6273
2026-08-10,폴바셋,현대아울렛 대전점,43637,4.3637
2026-08-10,폴바셋,현대백화점 울산점,24273,2.4273
2026-08-10,폴바셋,더현대 대구점,0,0
2026-08-10,폴바셋,롯데백화점 평촌점,2000,0.2
2026-08-10,폴바셋,신세계백화점 센텀시티점,18273,1.8273
2026-08-10,폴바셋,포항 영일대 DT점,31637,3.1637
2026-08-10,폴바셋,롯데백화점 김포공항점,30546,3.0546
2026-08-10,폴바셋,롯데백화점 대전점,51392,5.1392
2026-08-10,폴바셋,삼성전자 온양캠퍼스점,91546,9.1546
2026-08-10,폴바셋,롯데백화점 창원점,26637,2.6637
2026-08-10,폴바셋,롯데아울렛 기흥점,28184,2.8184
2026-08-10,폴바셋,한국경제신문사점,20273,2.0273
2026-08-10,폴바셋,송도 SK바이오사이언스점,35275,3.5275
2026-08-10,폴바셋,롯데아울렛 광주수완점,13364,1.3364
2026-08-10,폴바셋,신세계 사우스시티점,40637,4.0637
2026-08-10,폴바셋,삼성 DSR점,74274,7.4274
2026-08-10,폴바셋,스타필드시티 위례점,12182,1.2182
2026-08-10,폴바셋,스타필드 고양 1호점,32455,3.2455
2026-08-10,폴바셋,여의도점,46546,4.6546
2026-08-10,폴바셋,뉴코아 강남점,0,0
2026-08-10,폴바셋,마산 회원 DT점,11273,1.1273
2026-08-10,폴바셋,AK플라자 광명점,16182,1.6182
2026-08-10,폴바셋,롯데백화점 울산점,49456,4.9456
2026-08-10,폴바셋,구미 봉곡 DT점,17273,1.7273
2026-08-10,폴바셋,롯데백화점 잠실점,56819,5.6819
2026-08-10,폴바셋,마산 해안대로 DT점,38546,3.8546
2026-08-10,폴바셋,롯데백화점 강남점,20273,2.0273
2026-08-10,폴바셋,스타필드 하남 1호점,24273,2.4273
2026-08-10,폴바셋,롯데백화점 광복점,60457,6.0457
2026-08-10,폴바셋,롯데몰 은평점,62819,6.2819
2026-08-10,폴바셋,광화문 흥국생명점,78274,7.8274
2026-08-10,폴바셋,롯데몰 수지점,58092,5.8092
2026-08-10,폴바셋,NC타워 삼성점,39546,3.9546
2026-08-10,폴바셋,경산 옥곡 DT점,10955,1.0955
2026-08-10,폴바셋,롯데백화점 본점,32364,3.2364
2026-08-10,폴바셋,서소문점,68819,6.8819
2026-08-10,폴바셋,신세계백화점 대구 2호점,39910,3.991
2026-08-10,폴바셋,대구 방촌 DT점,58910,5.891
2026-08-10,폴바셋,부산 괴정 DT점,60183,6.0183
2026-08-10,폴바셋,부산 전포 DT점,48910,4.891
2026-08-10,폴바셋,교보문고 합정점,40455,4.0455
2026-08-10,폴바셋,AK플라자 홍대점,45819,4.5819
2026-08-10,폴바셋,구로 G타워점,76092,7.6092
2026-08-10,폴바셋,오산대 DT점,30546,3.0546
2026-08-10,폴바셋,경산 임당역 DT점,35455,3.5455
2026-08-10,폴바셋,롯데월드 아이스링크점,50910,5.091
2026-08-10,폴바셋,김포 구래 DT점,79047,7.9047
2026-08-10,폴바셋,양산 웅상 DT점,46546,4.6546
2026-08-10,폴바셋,천안 구성 DT점,32455,3.2455
2026-08-10,폴바셋,대구 감삼 DT점,15364,1.5364
2026-08-10,폴바셋,MBC몰 파크점,92365,9.2365
2026-08-10,폴바셋,북수원IC DT점,42546,4.2546
2026-08-10,폴바셋,부산 대연 DT점,69092,6.9092
2026-08-10,폴바셋,신세계아울렛 시흥점,34274,3.4274
2026-08-10,폴바셋,파미에스테이션점,40455,4.0455
2026-08-10,폴바셋,대구 만촌 DT점,90456,9.0456
2026-08-10,폴바셋,롯데월드몰점,36456,3.6456
2026-08-10,폴바셋,GFC점,85138,8.5138
2026-08-10,폴바셋,부산 연산역점,84457,8.4457
2026-08-10,폴바셋,인스파이어점,20273,2.0273
2026-08-10,폴바셋,현대아울렛 남양주점,73187,7.3187
2026-08-10,폴바셋,롯데아울렛 김해점,68002,6.8002
2026-08-10,폴바셋,전주 금암 DT점,72910,7.291
2026-08-10,폴바셋,롯데아울렛 이시아폴리스점,85096,8.5096
2026-08-10,폴바셋,광명 철산 DT점,46546,4.6546
2026-08-10,폴바셋,경주 교동 DT점,65001,6.5001
2026-08-10,폴바셋,강서 마곡 DT점,94365,9.4365
2026-08-10,폴바셋,용인시청 DT점,77091,7.7091
2026-08-10,폴바셋,부산 금곡 강변점,57821,5.7821
2026-08-10,폴바셋,롯데아울렛 이천점,59730,5.973
2026-08-10,폴바셋,수원 월드컵경기장점,62092,6.2092
2026-08-10,폴바셋,롯데백화점 중동점,94369,9.4369
2026-08-10,폴바셋,제주 아라 DT점,18455,1.8455
2026-08-10,폴바셋,증미역점,69274,6.9274
2026-08-10,폴바셋,여의도 현대카드점,158695,15.8695
2026-08-10,폴바셋,광화문 예금보험공사점,121388,12.1388
2026-08-10,폴바셋,고창 선운사점,57186,5.7186
2026-08-10,폴바셋,롯데백화점 상인점,117551,11.7551
2026-08-10,폴바셋,평택 소사 DT점,121456,12.1456
2026-08-10,폴바셋,상일동점,70824,7.0824
2026-08-10,폴바셋,코엑스몰점,96365,9.6365
2026-08-10,폴바셋,혜화역점,60092,6.0092
2026-08-10,폴바셋,선릉역 동훈타워점,217371,21.7371
2026-08-10,폴바셋,연세와병원점,161641,16.1641
2026-08-10,폴바셋,송도 트리플스트리트점,144870,14.487
2026-08-10,폴바셋,청주 방서 DT점,143641,14.3641
2026-08-10,폴바셋,용산 아이파크몰점,139188,13.9188
2026-08-10,폴바셋,여의도 국회대로점,101186,10.1186
2026-08-10,폴바셋,압구정2호점,92006,9.2006
2026-08-10,폴바셋,한남 커피스테이션,122096,12.2096
2026-08-10,폴바셋,롯데몰 동부산점,96280,9.628
2026-08-10,폴바셋,종각역점,202463,20.2463
2026-08-10,폴바셋,청담역점,152462,15.2462
2026-08-10,폴바셋,송도 센트럴파크점,181279,18.1279
2026-08-10,폴바셋,페럼타워점,309472,30.9472
2026-08-10,폴바셋,수서역점,192374,19.2374
2026-08-10,폴바셋,강서 부민병원점,132730,13.273
2026-08-10,폴바셋,반포 쌍동빌딩점,171193,17.1193
2026-08-10,폴바셋,현대백화점 미아점,0,0
2026-08-10,폴바셋,스타필드빌리지 운정점,141554,14.1554
2026-08-10,폴바셋,교대역점,233467,23.3467
2026-08-10,폴바셋,신세계 센텀시티몰점,117463,11.7463
2026-08-10,폴바셋,강남역 삼성화재점,206191,20.6191
2026-08-10,폴바셋,강남삼성타운점,270382,27.0382
2026-08-10,폴바셋,광교엘포트몰점,166734,16.6734
2026-08-10,폴바셋,영등포 타임스퀘어점,255193,25.5193
2026-08-10,폴바셋,파르나스몰점,222743,22.2743
2026-08-10,폴바셋,청량리역점,226196,22.6196
2026-08-10,폴바셋,대구 수성못점,178101,17.8101
2026-08-10,폴바셋,인천 송도 DT점,232376,23.2376
2026-08-10,폴바셋,광교 경기도청점,206643,20.6643
2026-08-10,폴바셋,코리아나호텔점,254803,25.4803
2026-08-10,폴바셋,수원컨트리클럽점,254647,25.4647
2026-08-10,폴바셋,광화문 G타워점,274779,27.4779
2026-08-10,폴바셋,해운대 팔라티움점,285558,28.5558
2026-08-10,폴바셋,현대아울렛 김포점,185738,18.5738
2026-08-10,폴바셋,여의도 부국증권점,258289,25.8289
2026-08-10,폴바셋,갤러리아 광교점,205244,20.5244
2026-08-10,폴바셋,일산 마두점,434857,43.4857
2026-08-10,폴바셋,대치역점,381105,38.1105
2026-08-10,폴바셋,을지로 파인에비뉴점,412661,41.2661
2026-08-10,폴바셋,교보문고 강남점,389204,38.9204
2026-08-10,폴바셋,여의도 IFC몰점,454574,45.4574
2026-08-10,폴바셋,산본역점,444563,44.4563
2026-08-10,폴바셋,인천공항 T1 입국점,531860,53.186
2026-08-10,폴바셋,연세암병원점,846617,84.6617
2026-08-10,폴바셋,제주공항 국내선점,481555,48.1555
2026-08-10,폴바셋,영종도 파라다이스시티점,493751,49.3751
2026-08-10,폴바셋,강남구청역점,775666,77.5666
2026-08-10,폴바셋,고대구로병원점,1041632,104.1632
2026-08-10,폴바셋,강남점,843042,84.3042
2026-08-10,폴바셋,사당 파스텔시티점,821753,82.1753
2026-08-10,폴바셋,인천공항 T2 입국점,1168739,116.8739
2026-08-10,폴바셋,일원역점,1402815,140.2815
2026-08-10,폴바셋,광화문점,2485941,248.5941
2026-08-11,폴바셋,롯데백화점 대구점,0,0
2026-08-11,폴바셋,롯데백화점 동탄점,0,0
2026-08-11,폴바셋,롯데마트 양평점,6327,0.6327
2026-08-11,폴바셋,신세계백화점 광주점,2091,0.2091
2026-08-11,폴바셋,롯데마트 서초점,0,0
2026-08-11,폴바셋,롯데백화점 부산본점,6091,0.6091
2026-08-11,폴바셋,광화문 디타워점,6182,0.6182
2026-08-11,폴바셋,스타필드 수원점,1464,0.1464
2026-08-11,폴바셋,신세계백화점 대구 1호점,2000,0.2
2026-08-11,폴바셋,대전엑스포 스카이점,0,0
2026-08-11,폴바셋,롯데백화점 노원점,18455,1.8455
2026-08-11,폴바셋,스타필드 하남 2호점,0,0
2026-08-11,폴바셋,갤러리아 타임월드점,16182,1.6182
2026-08-11,폴바셋,삼성전자 평택점,8182,0.8182
2026-08-11,폴바셋,롯데백화점 광주점,16182,1.6182
2026-08-11,폴바셋,롯데아울렛 남악점,7182,0.7182
2026-08-11,폴바셋,제주 용담 DT점,2000,0.2
2026-08-11,폴바셋,현대모터스튜디오 서울점,8182,0.8182
2026-08-11,폴바셋,투고 바 롯데월드 어드벤처점,6091,0.6091
2026-08-11,폴바셋,현대백화점 충청점,8091,0.8091
2026-08-11,폴바셋,종로 G1점,5910,0.591
2026-08-11,폴바셋,스타필드 안성점,0,0
2026-08-11,폴바셋,신세계백화점 의정부점,16273,1.6273
2026-08-11,폴바셋,현대백화점 천호점,18182,1.8182
2026-08-11,폴바셋,AK플라자 수원점,19364,1.9364
2026-08-11,폴바셋,롯데백화점 관악점,14273,1.4273
2026-08-11,폴바셋,현대아울렛 대전점,9182,0.9182
2026-08-11,폴바셋,현대백화점 울산점,23455,2.3455
2026-08-11,폴바셋,더현대 대구점,25455,2.5455
2026-08-11,폴바셋,롯데백화점 평촌점,10182,1.0182
2026-08-11,폴바셋,신세계백화점 센텀시티점,20273,2.0273
2026-08-11,폴바셋,포항 영일대 DT점,24364,2.4364
2026-08-11,폴바셋,롯데백화점 김포공항점,12182,1.2182
2026-08-11,폴바셋,롯데백화점 대전점,20273,2.0273
2026-08-11,폴바셋,삼성전자 온양캠퍼스점,16182,1.6182
2026-08-11,폴바셋,롯데백화점 창원점,23364,2.3364
2026-08-11,폴바셋,롯데아울렛 기흥점,4273,0.4273
2026-08-11,폴바셋,한국경제신문사점,39637,3.9637
2026-08-11,폴바셋,송도 SK바이오사이언스점,42456,4.2456
2026-08-11,폴바셋,롯데아울렛 광주수완점,27546,2.7546
2026-08-11,폴바셋,신세계 사우스시티점,23364,2.3364
2026-08-11,폴바셋,삼성 DSR점,45092,4.5092
2026-08-11,폴바셋,스타필드시티 위례점,17273,1.7273
2026-08-11,폴바셋,스타필드 고양 1호점,46910,4.691
2026-08-11,폴바셋,여의도점,22273,2.2273
2026-08-11,폴바셋,뉴코아 강남점,55319,5.5319
2026-08-11,폴바셋,마산 회원 DT점,23182,2.3182
2026-08-11,폴바셋,AK플라자 광명점,37455,3.7455
2026-08-11,폴바셋,롯데백화점 울산점,35275,3.5275
2026-08-11,폴바셋,구미 봉곡 DT점,48592,4.8592
2026-08-11,폴바셋,롯데백화점 잠실점,37910,3.791
2026-08-11,폴바셋,마산 해안대로 DT점,65001,6.5001
2026-08-11,폴바셋,롯데백화점 강남점,49910,4.991
2026-08-11,폴바셋,스타필드 하남 1호점,55728,5.5728
2026-08-11,폴바셋,롯데백화점 광복점,45820,4.582
2026-08-11,폴바셋,롯데몰 은평점,44728,4.4728
2026-08-11,폴바셋,광화문 흥국생명점,92547,9.2547
2026-08-11,폴바셋,롯데몰 수지점,59910,5.991
2026-08-11,폴바셋,NC타워 삼성점,33455,3.3455
2026-08-11,폴바셋,경산 옥곡 DT점,27546,2.7546
2026-08-11,폴바셋,롯데백화점 본점,64182,6.4182
2026-08-11,폴바셋,서소문점,42728,4.2728
2026-08-11,폴바셋,신세계백화점 대구 2호점,46728,4.6728
2026-08-11,폴바셋,대구 방촌 DT점,49910,4.991
2026-08-11,폴바셋,부산 괴정 DT점,47728,4.7728
2026-08-11,폴바셋,부산 전포 DT점,38728,3.8728
2026-08-11,폴바셋,교보문고 합정점,44546,4.4546
2026-08-11,폴바셋,AK플라자 홍대점,23364,2.3364
2026-08-11,폴바셋,구로 G타워점,72091,7.2091
2026-08-11,폴바셋,오산대 DT점,50147,5.0147
2026-08-11,폴바셋,경산 임당역 DT점,96274,9.6274
2026-08-11,폴바셋,롯데월드 아이스링크점,59819,5.9819
2026-08-11,폴바셋,김포 구래 DT점,51728,5.1728
2026-08-11,폴바셋,양산 웅상 DT점,28364,2.8364
2026-08-11,폴바셋,천안 구성 DT점,58637,5.8637
2026-08-11,폴바셋,대구 감삼 DT점,69365,6.9365
2026-08-11,폴바셋,MBC몰 파크점,99364,9.9364
2026-08-11,폴바셋,북수원IC DT점,64956,6.4956
2026-08-11,폴바셋,부산 대연 DT점,37637,3.7637
2026-08-11,폴바셋,신세계아울렛 시흥점,32002,3.2002
2026-08-11,폴바셋,파미에스테이션점,30273,3.0273
2026-08-11,폴바셋,대구 만촌 DT점,84456,8.4456
2026-08-11,폴바셋,롯데월드몰점,41092,4.1092
2026-08-11,폴바셋,GFC점,121184,12.1184
2026-08-11,폴바셋,부산 연산역점,134005,13.4005
2026-08-11,폴바셋,인스파이어점,52910,5.291
2026-08-11,폴바셋,현대아울렛 남양주점,61641,6.1641
2026-08-11,폴바셋,롯데아울렛 김해점,82185,8.2185
2026-08-11,폴바셋,전주 금암 DT점,82556,8.2556
2026-08-11,폴바셋,롯데아울렛 이시아폴리스점,91185,9.1185
2026-08-11,폴바셋,광명 철산 DT점,82402,8.2402
2026-08-11,폴바셋,경주 교동 DT점,67001,6.7001
2026-08-11,폴바셋,강서 마곡 DT점,62183,6.2183
2026-08-11,폴바셋,용인시청 DT점,37728,3.7728
2026-08-11,폴바셋,부산 금곡 강변점,65548,6.5548
2026-08-11,폴바셋,롯데아울렛 이천점,24275,2.4275
2026-08-11,폴바셋,수원 월드컵경기장점,102456,10.2456
2026-08-11,폴바셋,롯데백화점 중동점,73825,7.3825
2026-08-11,폴바셋,제주 아라 DT점,47637,4.7637
2026-08-11,폴바셋,증미역점,104912,10.4912
2026-08-11,폴바셋,여의도 현대카드점,167739,16.7739
2026-08-11,폴바셋,광화문 예금보험공사점,158394,15.8394
2026-08-11,폴바셋,고창 선운사점,34913,3.4913
2026-08-11,폴바셋,롯데백화점 상인점,83551,8.3551
2026-08-11,폴바셋,평택 소사 DT점,96547,9.6547
2026-08-11,폴바셋,상일동점,111913,11.1913
2026-08-11,폴바셋,코엑스몰점,136456,13.6456
2026-08-11,폴바셋,혜화역점,104274,10.4274
2026-08-11,폴바셋,선릉역 동훈타워점,202009,20.2009
2026-08-11,폴바셋,연세와병원점,146097,14.6097
2026-08-11,폴바셋,송도 트리플스트리트점,98096,9.8096
2026-08-11,폴바셋,청주 방서 DT점,117731,11.7731
2026-08-11,폴바셋,용산 아이파크몰점,97643,9.7643
2026-08-11,폴바셋,여의도 국회대로점,238824,23.8824
2026-08-11,폴바셋,압구정2호점,153551,15.3551
2026-08-11,폴바셋,한남 커피스테이션,120646,12.0646
2026-08-11,폴바셋,롯데몰 동부산점,123829,12.3829
2026-08-11,폴바셋,종각역점,240287,24.0287
2026-08-11,폴바셋,청담역점,146916,14.6916
2026-08-11,폴바셋,송도 센트럴파크점,127551,12.7551
2026-08-11,폴바셋,페럼타워점,412343,41.2343
2026-08-11,폴바셋,수서역점,186100,18.61
2026-08-11,폴바셋,강서 부민병원점,206280,20.628
2026-08-11,폴바셋,반포 쌍동빌딩점,182280,18.228
2026-08-11,폴바셋,현대백화점 미아점,189737,18.9737
2026-08-11,폴바셋,스타필드빌리지 운정점,147369,14.7369
2026-08-11,폴바셋,교대역점,220736,22.0736
2026-08-11,폴바셋,신세계 센텀시티몰점,111915,11.1915
2026-08-11,폴바셋,강남역 삼성화재점,311284,31.1284
2026-08-11,폴바셋,강남삼성타운점,208466,20.8466
2026-08-11,폴바셋,광교엘포트몰점,192009,19.2009
2026-08-11,폴바셋,영등포 타임스퀘어점,177012,17.7012
2026-08-11,폴바셋,파르나스몰점,180491,18.0491
2026-08-11,폴바셋,청량리역점,241110,24.111
2026-08-11,폴바셋,대구 수성못점,209193,20.9193
2026-08-11,폴바셋,인천 송도 DT점,142554,14.2554
2026-08-11,폴바셋,광교 경기도청점,238553,23.8553
2026-08-11,폴바셋,코리아나호텔점,343742,34.3742
2026-08-11,폴바셋,수원컨트리클럽점,219011,21.9011
2026-08-11,폴바셋,광화문 G타워점,309972,30.9972
2026-08-11,폴바셋,해운대 팔라티움점,241617,24.1617
2026-08-11,폴바셋,현대아울렛 김포점,192736,19.2736
2026-08-11,폴바셋,여의도 부국증권점,238390,23.839
2026-08-11,폴바셋,갤러리아 광교점,302102,30.2102
2026-08-11,폴바셋,일산 마두점,421970,42.197
2026-08-11,폴바셋,대치역점,391746,39.1746
2026-08-11,폴바셋,을지로 파인에비뉴점,405656,40.5656
2026-08-11,폴바셋,교보문고 강남점,373746,37.3746
2026-08-11,폴바셋,여의도 IFC몰점,545574,54.5574
2026-08-11,폴바셋,산본역점,404570,40.457
2026-08-11,폴바셋,인천공항 T1 입국점,588765,58.8765
2026-08-11,폴바셋,연세암병원점,950654,95.0654
2026-08-11,폴바셋,제주공항 국내선점,510308,51.0308
2026-08-11,폴바셋,영종도 파라다이스시티점,685170,68.517
2026-08-11,폴바셋,강남구청역점,853666,85.3666
2026-08-11,폴바셋,고대구로병원점,1244729,124.4729
2026-08-11,폴바셋,강남점,813347,81.3347
2026-08-11,폴바셋,사당 파스텔시티점,916585,91.6585
2026-08-11,폴바셋,인천공항 T2 입국점,806430,80.643
2026-08-11,폴바셋,일원역점,1498166,149.8166
2026-08-11,폴바셋,광화문점,2359127,235.9127
2026-08-12,폴바셋,롯데백화점 대구점,0,0
2026-08-12,폴바셋,롯데백화점 동탄점,0,0
2026-08-12,폴바셋,롯데마트 양평점,0,0
2026-08-12,폴바셋,신세계백화점 광주점,0,0
2026-08-12,폴바셋,롯데마트 서초점,0,0
2026-08-12,폴바셋,롯데백화점 부산본점,0,0
2026-08-12,폴바셋,광화문 디타워점,2000,0.2
2026-08-12,폴바셋,스타필드 수원점,4000,0.4
2026-08-12,폴바셋,신세계백화점 대구 1호점,6182,0.6182
2026-08-12,폴바셋,대전엑스포 스카이점,20000,2
2026-08-12,폴바셋,롯데백화점 노원점,10182,1.0182
2026-08-12,폴바셋,스타필드 하남 2호점,12273,1.2273
2026-08-12,폴바셋,갤러리아 타임월드점,4091,0.4091
2026-08-12,폴바셋,삼성전자 평택점,10273,1.0273
2026-08-12,폴바셋,롯데백화점 광주점,24273,2.4273
2026-08-12,폴바셋,롯데아울렛 남악점,18182,1.8182
2026-08-12,폴바셋,제주 용담 DT점,8182,0.8182
2026-08-12,폴바셋,현대모터스튜디오 서울점,3555,0.3555
2026-08-12,폴바셋,투고 바 롯데월드 어드벤처점,22455,2.2455
2026-08-12,폴바셋,현대백화점 충청점,8091,0.8091
2026-08-12,폴바셋,종로 G1점,25637,2.5637
2026-08-12,폴바셋,스타필드 안성점,4091,0.4091
2026-08-12,폴바셋,신세계백화점 의정부점,15364,1.5364
2026-08-12,폴바셋,현대백화점 천호점,9182,0.9182
2026-08-12,폴바셋,AK플라자 수원점,18273,1.8273
2026-08-12,폴바셋,롯데백화점 관악점,14273,1.4273
2026-08-12,폴바셋,현대아울렛 대전점,6182,0.6182
2026-08-12,폴바셋,현대백화점 울산점,7182,0.7182
2026-08-12,폴바셋,더현대 대구점,17228,1.7228
2026-08-12,폴바셋,롯데백화점 평촌점,15273,1.5273
2026-08-12,폴바셋,신세계백화점 센텀시티점,16182,1.6182
2026-08-12,폴바셋,포항 영일대 DT점,17273,1.7273
2026-08-12,폴바셋,롯데백화점 김포공항점,38728,3.8728
2026-08-12,폴바셋,롯데백화점 대전점,35546,3.5546
2026-08-12,폴바셋,삼성전자 온양캠퍼스점,38455,3.8455
2026-08-12,폴바셋,롯데백화점 창원점,30410,3.041
2026-08-12,폴바셋,롯데아울렛 기흥점,4273,0.4273
2026-08-12,폴바셋,한국경제신문사점,48001,4.8001
2026-08-12,폴바셋,송도 SK바이오사이언스점,116275,11.6275
2026-08-12,폴바셋,롯데아울렛 광주수완점,18182,1.8182
2026-08-12,폴바셋,신세계 사우스시티점,36637,3.6637
2026-08-12,폴바셋,삼성 DSR점,39637,3.9637
2026-08-12,폴바셋,스타필드시티 위례점,58092,5.8092
2026-08-12,폴바셋,스타필드 고양 1호점,47219,4.7219
2026-08-12,폴바셋,여의도점,10091,1.0091
2026-08-12,폴바셋,뉴코아 강남점,50910,5.091
2026-08-12,폴바셋,마산 회원 DT점,53819,5.3819
2026-08-12,폴바셋,AK플라자 광명점,23364,2.3364
2026-08-12,폴바셋,롯데백화점 울산점,4000,0.4
2026-08-12,폴바셋,구미 봉곡 DT점,30228,3.0228
2026-08-12,폴바셋,롯데백화점 잠실점,37637,3.7637
2026-08-12,폴바셋,마산 해안대로 DT점,9182,0.9182
2026-08-12,폴바셋,롯데백화점 강남점,24546,2.4546
2026-08-12,폴바셋,스타필드 하남 1호점,31455,3.1455
2026-08-12,폴바셋,롯데백화점 광복점,28183,2.8183
2026-08-12,폴바셋,롯데몰 은평점,25546,2.5546
2026-08-12,폴바셋,광화문 흥국생명점,94029,9.4029
2026-08-12,폴바셋,롯데몰 수지점,56755,5.6755
2026-08-12,폴바셋,NC타워 삼성점,73865,7.3865
2026-08-12,폴바셋,경산 옥곡 DT점,59001,5.9001
2026-08-12,폴바셋,롯데백화점 본점,38728,3.8728
2026-08-12,폴바셋,서소문점,80001,8.0001
2026-08-12,폴바셋,신세계백화점 대구 2호점,26546,2.6546
2026-08-12,폴바셋,대구 방촌 DT점,48819,4.8819
2026-08-12,폴바셋,부산 괴정 DT점,50910,5.091
2026-08-12,폴바셋,부산 전포 DT점,43637,4.3637
2026-08-12,폴바셋,교보문고 합정점,67592,6.7592
2026-08-12,폴바셋,AK플라자 홍대점,77274,7.7274
2026-08-12,폴바셋,구로 G타워점,53910,5.391
2026-08-12,폴바셋,오산대 DT점,73092,7.3092
2026-08-12,폴바셋,경산 임당역 DT점,70092,7.0092
2026-08-12,폴바셋,롯데월드 아이스링크점,39546,3.9546
2026-08-12,폴바셋,김포 구래 DT점,80756,8.0756
2026-08-12,폴바셋,양산 웅상 DT점,93638,9.3638
2026-08-12,폴바셋,천안 구성 DT점,33637,3.3637
2026-08-12,폴바셋,대구 감삼 DT점,74183,7.4183
2026-08-12,폴바셋,MBC몰 파크점,59092,5.9092
2026-08-12,폴바셋,북수원IC DT점,64092,6.4092
2026-08-12,폴바셋,부산 대연 DT점,80274,8.0274
2026-08-12,폴바셋,신세계아울렛 시흥점,48003,4.8003
2026-08-12,폴바셋,파미에스테이션점,65183,6.5183
2026-08-12,폴바셋,대구 만촌 DT점,52755,5.2755
2026-08-12,폴바셋,롯데월드몰점,63004,6.3004
2026-08-12,폴바셋,GFC점,112502,11.2502
2026-08-12,폴바셋,부산 연산역점,64731,6.4731
2026-08-12,폴바셋,인스파이어점,15364,1.5364
2026-08-12,폴바셋,현대아울렛 남양주점,41094,4.1094
2026-08-12,폴바셋,롯데아울렛 김해점,39638,3.9638
2026-08-12,폴바셋,전주 금암 DT점,94274,9.4274
2026-08-12,폴바셋,롯데아울렛 이시아폴리스점,47639,4.7639
2026-08-12,폴바셋,광명 철산 DT점,114093,11.4093
2026-08-12,폴바셋,경주 교동 DT점,50910,5.091
2026-08-12,폴바셋,강서 마곡 DT점,87456,8.7456
2026-08-12,폴바셋,용인시청 DT점,94456,9.4456
2026-08-12,폴바셋,부산 금곡 강변점,90550,9.055
2026-08-12,폴바셋,롯데아울렛 이천점,76911,7.6911
2026-08-12,폴바셋,수원 월드컵경기장점,0,0
2026-08-12,폴바셋,롯데백화점 중동점,75184,7.5184
2026-08-12,폴바셋,제주 아라 DT점,70456,7.0456
2026-08-12,폴바셋,증미역점,73366,7.3366
2026-08-12,폴바셋,여의도 현대카드점,178130,17.813
2026-08-12,폴바셋,광화문 예금보험공사점,173451,17.3451
2026-08-12,폴바셋,고창 선운사점,58731,5.8731
2026-08-12,폴바셋,롯데백화점 상인점,103096,10.3096
2026-08-12,폴바셋,평택 소사 DT점,204957,20.4957
2026-08-12,폴바셋,상일동점,173097,17.3097
2026-08-12,폴바셋,코엑스몰점,171366,17.1366
2026-08-12,폴바셋,혜화역점,64092,6.4092
2026-08-12,폴바셋,선릉역 동훈타워점,183464,18.3464
2026-08-12,폴바셋,연세와병원점,146641,14.6641
2026-08-12,폴바셋,송도 트리플스트리트점,171098,17.1098
2026-08-12,폴바셋,청주 방서 DT점,120915,12.0915
2026-08-12,폴바셋,용산 아이파크몰점,99460,9.946
2026-08-12,폴바셋,여의도 국회대로점,196464,19.6464
2026-08-12,폴바셋,압구정2호점,134098,13.4098
2026-08-12,폴바셋,한남 커피스테이션,153284,15.3284
2026-08-12,폴바셋,롯데몰 동부산점,167555,16.7555
2026-08-12,폴바셋,종각역점,191557,19.1557
2026-08-12,폴바셋,청담역점,247650,24.765
2026-08-12,폴바셋,송도 센트럴파크점,154460,15.446
2026-08-12,폴바셋,페럼타워점,253649,25.3649
2026-08-12,폴바셋,수서역점,244468,24.4468
2026-08-12,폴바셋,강서 부민병원점,273644,27.3644
2026-08-12,폴바셋,반포 쌍동빌딩점,194463,19.4463
2026-08-12,폴바셋,현대백화점 미아점,134463,13.4463
2026-08-12,폴바셋,스타필드빌리지 운정점,232702,23.2702
2026-08-12,폴바셋,교대역점,202010,20.201
2026-08-12,폴바셋,신세계 센텀시티몰점,153735,15.3735
2026-08-12,폴바셋,강남역 삼성화재점,195279,19.5279
2026-08-12,폴바셋,강남삼성타운점,261172,26.1172
2026-08-12,폴바셋,광교엘포트몰점,203644,20.3644
2026-08-12,폴바셋,영등포 타임스퀘어점,223283,22.3283
2026-08-12,폴바셋,파르나스몰점,245469,24.5469
2026-08-12,폴바셋,청량리역점,179566,17.9566
2026-08-12,폴바셋,대구 수성못점,238557,23.8557
2026-08-12,폴바셋,인천 송도 DT점,259923,25.9923
2026-08-12,폴바셋,광교 경기도청점,254920,25.492
2026-08-12,폴바셋,코리아나호텔점,282553,28.2553
2026-08-12,폴바셋,수원컨트리클럽점,260010,26.001
2026-08-12,폴바셋,광화문 G타워점,307741,30.7741
2026-08-12,폴바셋,해운대 팔라티움점,262101,26.2101
2026-08-12,폴바셋,현대아울렛 김포점,193554,19.3554
2026-08-12,폴바셋,여의도 부국증권점,301737,30.1737
2026-08-12,폴바셋,갤러리아 광교점,178642,17.8642
2026-08-12,폴바셋,일산 마두점,268405,26.8405
2026-08-12,폴바셋,대치역점,364654,36.4654
2026-08-12,폴바셋,을지로 파인에비뉴점,432800,43.28
2026-08-12,폴바셋,교보문고 강남점,488844,48.8844
2026-08-12,폴바셋,여의도 IFC몰점,338785,33.8785
2026-08-12,폴바셋,산본역점,560035,56.0035
2026-08-12,폴바셋,인천공항 T1 입국점,516303,51.6303
2026-08-12,폴바셋,연세암병원점,791034,79.1034
2026-08-12,폴바셋,제주공항 국내선점,377872,37.7872
2026-08-12,폴바셋,영종도 파라다이스시티점,720928,72.0928
2026-08-12,폴바셋,강남구청역점,765754,76.5754
2026-08-12,폴바셋,고대구로병원점,1241132,124.1132
2026-08-12,폴바셋,강남점,920961,92.0961
2026-08-12,폴바셋,사당 파스텔시티점,861146,86.1146
2026-08-12,폴바셋,인천공항 T2 입국점,1027178,102.7178
2026-08-12,폴바셋,일원역점,1614701,161.4701
2026-08-12,폴바셋,광화문점,2361761,236.1761
2026-08-13,폴바셋,롯데백화점 대구점,0,0
2026-08-13,폴바셋,롯데백화점 동탄점,14364,1.4364
2026-08-13,폴바셋,롯데마트 양평점,4000,0.4
2026-08-13,폴바셋,신세계백화점 광주점,0,0
2026-08-13,폴바셋,롯데마트 서초점,2000,0.2
2026-08-13,폴바셋,롯데백화점 부산본점,4091,0.4091
2026-08-13,폴바셋,광화문 디타워점,8182,0.8182
2026-08-13,폴바셋,스타필드 수원점,0,0
2026-08-13,폴바셋,신세계백화점 대구 1호점,8182,0.8182
2026-08-13,폴바셋,대전엑스포 스카이점,4091,0.4091
2026-08-13,폴바셋,롯데백화점 노원점,28637,2.8637
2026-08-13,폴바셋,스타필드 하남 2호점,2000,0.2
2026-08-13,폴바셋,갤러리아 타임월드점,10091,1.0091
2026-08-13,폴바셋,삼성전자 평택점,0,0
2026-08-13,폴바셋,롯데백화점 광주점,4000,0.4
2026-08-13,폴바셋,롯데아울렛 남악점,8091,0.8091
2026-08-13,폴바셋,제주 용담 DT점,2000,0.2
2026-08-13,폴바셋,현대모터스튜디오 서울점,6182,0.6182
2026-08-13,폴바셋,투고 바 롯데월드 어드벤처점,12273,1.2273
2026-08-13,폴바셋,현대백화점 충청점,0,0
2026-08-13,폴바셋,종로 G1점,8364,0.8364
2026-08-13,폴바셋,스타필드 안성점,0,0
2026-08-13,폴바셋,신세계백화점 의정부점,22364,2.2364
2026-08-13,폴바셋,현대백화점 천호점,12091,1.2091
2026-08-13,폴바셋,AK플라자 수원점,4091,0.4091
2026-08-13,폴바셋,롯데백화점 관악점,8182,0.8182
2026-08-13,폴바셋,현대아울렛 대전점,0,0
2026-08-13,폴바셋,현대백화점 울산점,37546,3.7546
2026-08-13,폴바셋,더현대 대구점,46728,4.6728
2026-08-13,폴바셋,롯데백화점 평촌점,49001,4.9001
2026-08-13,폴바셋,신세계백화점 센텀시티점,17364,1.7364
2026-08-13,폴바셋,포항 영일대 DT점,29546,2.9546
2026-08-13,폴바셋,롯데백화점 김포공항점,18273,1.8273
2026-08-13,폴바셋,롯데백화점 대전점,7182,0.7182
2026-08-13,폴바셋,삼성전자 온양캠퍼스점,50274,5.0274
2026-08-13,폴바셋,롯데백화점 창원점,15364,1.5364
2026-08-13,폴바셋,롯데아울렛 기흥점,19637,1.9637
2026-08-13,폴바셋,한국경제신문사점,26455,2.6455
2026-08-13,폴바셋,송도 SK바이오사이언스점,86093,8.6093
2026-08-13,폴바셋,롯데아울렛 광주수완점,33546,3.3546
2026-08-13,폴바셋,신세계 사우스시티점,34546,3.4546
2026-08-13,폴바셋,삼성 DSR점,28455,2.8455
2026-08-13,폴바셋,스타필드시티 위례점,27455,2.7455
2026-08-13,폴바셋,스타필드 고양 1호점,50910,5.091
2026-08-13,폴바셋,여의도점,45728,4.5728
2026-08-13,폴바셋,뉴코아 강남점,64001,6.4001
2026-08-13,폴바셋,마산 회원 DT점,11273,1.1273
2026-08-13,폴바셋,AK플라자 광명점,26182,2.6182
2026-08-13,폴바셋,롯데백화점 울산점,40730,4.073
2026-08-13,폴바셋,구미 봉곡 DT점,14364,1.4364
2026-08-13,폴바셋,롯데백화점 잠실점,52001,5.2001
2026-08-13,폴바셋,마산 해안대로 DT점,38546,3.8546
2026-08-13,폴바셋,롯데백화점 강남점,27455,2.7455
2026-08-13,폴바셋,스타필드 하남 1호점,20273,2.0273
2026-08-13,폴바셋,롯데백화점 광복점,33274,3.3274
2026-08-13,폴바셋,롯데몰 은평점,30728,3.0728
2026-08-13,폴바셋,광화문 흥국생명점,34819,3.4819
2026-08-13,폴바셋,롯데몰 수지점,64092,6.4092
2026-08-13,폴바셋,NC타워 삼성점,103456,10.3456
2026-08-13,폴바셋,경산 옥곡 DT점,50910,5.091
2026-08-13,폴바셋,롯데백화점 본점,55364,5.5364
2026-08-13,폴바셋,서소문점,73910,7.391
2026-08-13,폴바셋,신세계백화점 대구 2호점,37391,3.7391
2026-08-13,폴바셋,대구 방촌 DT점,71001,7.1001
2026-08-13,폴바셋,부산 괴정 DT점,75183,7.5183
2026-08-13,폴바셋,부산 전포 DT점,16273,1.6273
2026-08-13,폴바셋,교보문고 합정점,44546,4.4546
2026-08-13,폴바셋,AK플라자 홍대점,55910,5.591
2026-08-13,폴바셋,구로 G타워점,68001,6.8001
2026-08-13,폴바셋,오산대 DT점,67001,6.7001
2026-08-13,폴바셋,경산 임당역 DT점,13364,1.3364
2026-08-13,폴바셋,롯데월드 아이스링크점,39728,3.9728
2026-08-13,폴바셋,김포 구래 DT점,13046,1.3046
2026-08-13,폴바셋,양산 웅상 DT점,54819,5.4819
2026-08-13,폴바셋,천안 구성 DT점,56910,5.691
2026-08-13,폴바셋,대구 감삼 DT점,50728,5.0728
2026-08-13,폴바셋,MBC몰 파크점,84274,8.4274
2026-08-13,폴바셋,북수원IC DT점,72956,7.2956
2026-08-13,폴바셋,부산 대연 DT점,70183,7.0183
2026-08-13,폴바셋,신세계아울렛 시흥점,17183,1.7183
2026-08-13,폴바셋,파미에스테이션점,53910,5.391
2026-08-13,폴바셋,대구 만촌 DT점,59819,5.9819
2026-08-13,폴바셋,롯데월드몰점,63547,6.3547
2026-08-13,폴바셋,GFC점,92547,9.2547
2026-08-13,폴바셋,부산 연산역점,90003,9.0003
2026-08-13,폴바셋,인스파이어점,86547,8.6547
2026-08-13,폴바셋,현대아울렛 남양주점,68277,6.8277
2026-08-13,폴바셋,롯데아울렛 김해점,51730,5.173
2026-08-13,폴바셋,전주 금암 DT점,79865,7.9865
2026-08-13,폴바셋,롯데아울렛 이시아폴리스점,55839,5.5839
2026-08-13,폴바셋,광명 철산 DT점,86274,8.6274
2026-08-13,폴바셋,경주 교동 DT점,46728,4.6728
2026-08-13,폴바셋,강서 마곡 DT점,155093,15.5093
2026-08-13,폴바셋,용인시청 DT점,79365,7.9365
2026-08-13,폴바셋,부산 금곡 강변점,106305,10.6305
2026-08-13,폴바셋,롯데아울렛 이천점,110823,11.0823
2026-08-13,폴바셋,수원 월드컵경기장점,66001,6.6001
2026-08-13,폴바셋,롯데백화점 중동점,67731,6.7731
2026-08-13,폴바셋,제주 아라 DT점,75274,7.5274
2026-08-13,폴바셋,증미역점,69729,6.9729
2026-08-13,폴바셋,여의도 현대카드점,203359,20.3359
2026-08-13,폴바셋,광화문 예금보험공사점,164476,16.4476
2026-08-13,폴바셋,고창 선운사점,107281,10.7281
2026-08-13,폴바셋,롯데백화점 상인점,91276,9.1276
2026-08-13,폴바셋,평택 소사 DT점,90183,9.0183
2026-08-13,폴바셋,상일동점,107549,10.7549
2026-08-13,폴바셋,코엑스몰점,130184,13.0184
2026-08-13,폴바셋,혜화역점,127093,12.7093
2026-08-13,폴바셋,선릉역 동훈타워점,198920,19.892
2026-08-13,폴바셋,연세와병원점,174826,17.4826
2026-08-13,폴바셋,송도 트리플스트리트점,151095,15.1095
2026-08-13,폴바셋,청주 방서 DT점,136005,13.6005
2026-08-13,폴바셋,용산 아이파크몰점,116827,11.6827
2026-08-13,폴바셋,여의도 국회대로점,143824,14.3824
2026-08-13,폴바셋,압구정2호점,160824,16.0824
2026-08-13,폴바셋,한남 커피스테이션,146372,14.6372
2026-08-13,폴바셋,롯데몰 동부산점,106462,10.6462
2026-08-13,폴바셋,종각역점,267947,26.7947
2026-08-13,폴바셋,청담역점,253829,25.3829
2026-08-13,폴바셋,송도 센트럴파크점,143822,14.3822
2026-08-13,폴바셋,페럼타워점,256192,25.6192
2026-08-13,폴바셋,수서역점,199919,19.9919
2026-08-13,폴바셋,강서 부민병원점,232554,23.2554
2026-08-13,폴바셋,반포 쌍동빌딩점,173097,17.3097
2026-08-13,폴바셋,현대백화점 미아점,216009,21.6009
2026-08-13,폴바셋,스타필드빌리지 운정점,171825,17.1825
2026-08-13,폴바셋,교대역점,381559,38.1559
2026-08-13,폴바셋,신세계 센텀시티몰점,169557,16.9557
2026-08-13,폴바셋,강남역 삼성화재점,144276,14.4276
2026-08-13,폴바셋,강남삼성타운점,271829,27.1829
2026-08-13,폴바셋,광교엘포트몰점,225100,22.51
2026-08-13,폴바셋,영등포 타임스퀘어점,232835,23.2835
2026-08-13,폴바셋,파르나스몰점,304476,30.4476
2026-08-13,폴바셋,청량리역점,248880,24.888
2026-08-13,폴바셋,대구 수성못점,161734,16.1734
2026-08-13,폴바셋,인천 송도 DT점,189324,18.9324
2026-08-13,폴바셋,광교 경기도청점,335468,33.5468
2026-08-13,폴바셋,코리아나호텔점,336283,33.6283
2026-08-13,폴바셋,수원컨트리클럽점,219067,21.9067
2026-08-13,폴바셋,광화문 G타워점,306289,30.6289
2026-08-13,폴바셋,해운대 팔라티움점,309462,30.9462
2026-08-13,폴바셋,현대아울렛 김포점,245465,24.5465
2026-08-13,폴바셋,여의도 부국증권점,290376,29.0376
2026-08-13,폴바셋,갤러리아 광교점,162387,16.2387
2026-08-13,폴바셋,일산 마두점,459018,45.9018
2026-08-13,폴바셋,대치역점,396838,39.6838
2026-08-13,폴바셋,을지로 파인에비뉴점,517851,51.7851
2026-08-13,폴바셋,교보문고 강남점,427018,42.7018
2026-08-13,폴바셋,여의도 IFC몰점,584582,58.4582
2026-08-13,폴바셋,산본역점,491483,49.1483
2026-08-13,폴바셋,인천공항 T1 입국점,529030,52.903
2026-08-13,폴바셋,연세암병원점,965887,96.5887
2026-08-13,폴바셋,제주공항 국내선점,409190,40.919
2026-08-13,폴바셋,영종도 파라다이스시티점,619954,61.9954
2026-08-13,폴바셋,강남구청역점,917125,91.7125
2026-08-13,폴바셋,고대구로병원점,890761,89.0761
2026-08-13,폴바셋,강남점,942621,94.2621
2026-08-13,폴바셋,사당 파스텔시티점,903027,90.3027
2026-08-13,폴바셋,인천공항 T2 입국점,944638,94.4638
2026-08-13,폴바셋,일원역점,1630145,163.0145
2026-08-13,폴바셋,광화문점,2976854,297.6854
2026-08-14,폴바셋,롯데백화점 대구점,0,0
2026-08-14,폴바셋,롯데백화점 동탄점,0,0
2026-08-14,폴바셋,롯데마트 양평점,4091,0.4091
2026-08-14,폴바셋,신세계백화점 광주점,0,0
2026-08-14,폴바셋,롯데마트 서초점,10273,1.0273
2026-08-14,폴바셋,롯데백화점 부산본점,0,0
2026-08-14,폴바셋,광화문 디타워점,0,0
2026-08-14,폴바셋,스타필드 수원점,2091,0.2091
2026-08-14,폴바셋,신세계백화점 대구 1호점,6091,0.6091
2026-08-14,폴바셋,대전엑스포 스카이점,2000,0.2
2026-08-14,폴바셋,롯데백화점 노원점,0,0
2026-08-14,폴바셋,스타필드 하남 2호점,0,0
2026-08-14,폴바셋,갤러리아 타임월드점,0,0
2026-08-14,폴바셋,삼성전자 평택점,54273,5.4273
2026-08-14,폴바셋,롯데백화점 광주점,6273,0.6273
2026-08-14,폴바셋,롯데아울렛 남악점,13364,1.3364
2026-08-14,폴바셋,제주 용담 DT점,12364,1.2364
2026-08-14,폴바셋,현대모터스튜디오 서울점,2091,0.2091
2026-08-14,폴바셋,투고 바 롯데월드 어드벤처점,6000,0.6
2026-08-14,폴바셋,현대백화점 충청점,52910,5.291
2026-08-14,폴바셋,종로 G1점,0,0
2026-08-14,폴바셋,스타필드 안성점,11818,1.1818
2026-08-14,폴바셋,신세계백화점 의정부점,20273,2.0273
2026-08-14,폴바셋,현대백화점 천호점,50728,5.0728
2026-08-14,폴바셋,AK플라자 수원점,8091,0.8091
2026-08-14,폴바셋,롯데백화점 관악점,71183,7.1183
2026-08-14,폴바셋,현대아울렛 대전점,16455,1.6455
2026-08-14,폴바셋,현대백화점 울산점,27364,2.7364
2026-08-14,폴바셋,더현대 대구점,18364,1.8364
2026-08-14,폴바셋,롯데백화점 평촌점,53001,5.3001
2026-08-14,폴바셋,신세계백화점 센텀시티점,30546,3.0546
2026-08-14,폴바셋,포항 영일대 DT점,4091,0.4091
2026-08-14,폴바셋,롯데백화점 김포공항점,24546,2.4546
2026-08-14,폴바셋,롯데백화점 대전점,17273,1.7273
2026-08-14,폴바셋,삼성전자 온양캠퍼스점,203909,20.3909
2026-08-14,폴바셋,롯데백화점 창원점,16364,1.6364
2026-08-14,폴바셋,롯데아울렛 기흥점,41094,4.1094
2026-08-14,폴바셋,한국경제신문사점,27455,2.7455
2026-08-14,폴바셋,송도 SK바이오사이언스점,36456,3.6456
2026-08-14,폴바셋,롯데아울렛 광주수완점,25455,2.5455
2026-08-14,폴바셋,신세계 사우스시티점,53728,5.3728
2026-08-14,폴바셋,삼성 DSR점,40910,4.091
2026-08-14,폴바셋,스타필드시티 위례점,27455,2.7455
2026-08-14,폴바셋,스타필드 고양 1호점,40101,4.0101
2026-08-14,폴바셋,여의도점,47637,4.7637
2026-08-14,폴바셋,뉴코아 강남점,26546,2.6546
2026-08-14,폴바셋,마산 회원 DT점,31455,3.1455
2026-08-14,폴바셋,AK플라자 광명점,27091,2.7091
2026-08-14,폴바셋,롯데백화점 울산점,25637,2.5637
2026-08-14,폴바셋,구미 봉곡 DT점,39728,3.9728
2026-08-14,폴바셋,롯데백화점 잠실점,42819,4.2819
2026-08-14,폴바셋,마산 해안대로 DT점,38546,3.8546
2026-08-14,폴바셋,롯데백화점 강남점,53001,5.3001
2026-08-14,폴바셋,스타필드 하남 1호점,55728,5.5728
2026-08-14,폴바셋,롯데백화점 광복점,29547,2.9547
2026-08-14,폴바셋,롯데몰 은평점,44728,4.4728
2026-08-14,폴바셋,광화문 흥국생명점,50910,5.091
2026-08-14,폴바셋,롯데몰 수지점,48819,4.8819
2026-08-14,폴바셋,NC타워 삼성점,78365,7.8365
2026-08-14,폴바셋,경산 옥곡 DT점,76183,7.6183
2026-08-14,폴바셋,롯데백화점 본점,49637,4.9637
2026-08-14,폴바셋,서소문점,74956,7.4956
2026-08-14,폴바셋,신세계백화점 대구 2호점,52001,5.2001
2026-08-14,폴바셋,대구 방촌 DT점,40637,4.0637
2026-08-14,폴바셋,부산 괴정 DT점,42728,4.2728
2026-08-14,폴바셋,부산 전포 DT점,71274,7.1274
2026-08-14,폴바셋,교보문고 합정점,46637,4.6637
2026-08-14,폴바셋,AK플라자 홍대점,60092,6.0092
2026-08-14,폴바셋,구로 G타워점,65183,6.5183
2026-08-14,폴바셋,오산대 DT점,50819,5.0819
2026-08-14,폴바셋,경산 임당역 DT점,89547,8.9547
2026-08-14,폴바셋,롯데월드 아이스링크점,35728,3.5728
2026-08-14,폴바셋,김포 구래 DT점,50819,5.0819
2026-08-14,폴바셋,양산 웅상 DT점,36455,3.6455
2026-08-14,폴바셋,천안 구성 DT점,67001,6.7001
2026-08-14,폴바셋,대구 감삼 DT점,98547,9.8547
2026-08-14,폴바셋,MBC몰 파크점,32364,3.2364
2026-08-14,폴바셋,북수원IC DT점,59183,5.9183
2026-08-14,폴바셋,부산 대연 DT점,53910,5.391
2026-08-14,폴바셋,신세계아울렛 시흥점,67185,6.7185
2026-08-14,폴바셋,파미에스테이션점,52819,5.2819
2026-08-14,폴바셋,대구 만촌 DT점,53910,5.391
2026-08-14,폴바셋,롯데월드몰점,75457,7.5457
2026-08-14,폴바셋,GFC점,77365,7.7365
2026-08-14,폴바셋,부산 연산역점,87550,8.755
2026-08-14,폴바셋,인스파이어점,89456,8.9456
2026-08-14,폴바셋,현대아울렛 남양주점,48185,4.8185
2026-08-14,폴바셋,롯데아울렛 김해점,74004,7.4004
2026-08-14,폴바셋,전주 금암 DT점,52728,5.2728
2026-08-14,폴바셋,롯데아울렛 이시아폴리스점,66220,6.622
2026-08-14,폴바셋,광명 철산 DT점,93956,9.3956
2026-08-14,폴바셋,경주 교동 DT점,86365,8.6365
2026-08-14,폴바셋,강서 마곡 DT점,102547,10.2547
2026-08-14,폴바셋,용인시청 DT점,77365,7.7365
2026-08-14,폴바셋,부산 금곡 강변점,111004,11.1004
2026-08-14,폴바셋,롯데아울렛 이천점,119369,11.9369
2026-08-14,폴바셋,수원 월드컵경기장점,86274,8.6274
2026-08-14,폴바셋,롯데백화점 중동점,80185,8.0185
2026-08-14,폴바셋,제주 아라 DT점,30364,3.0364
2026-08-14,폴바셋,증미역점,148368,14.8368
2026-08-14,폴바셋,여의도 현대카드점,106079,10.6079
2026-08-14,폴바셋,광화문 예금보험공사점,163917,16.3917
2026-08-14,폴바셋,고창 선운사점,133280,13.328
2026-08-14,폴바셋,롯데백화점 상인점,99552,9.9552
2026-08-14,폴바셋,평택 소사 DT점,160912,16.0912
2026-08-14,폴바셋,상일동점,110550,11.055
2026-08-14,폴바셋,코엑스몰점,258548,25.8548
2026-08-14,폴바셋,혜화역점,133183,13.3183
2026-08-14,폴바셋,선릉역 동훈타워점,160826,16.0826
2026-08-14,폴바셋,연세와병원점,144277,14.4277
2026-08-14,폴바셋,송도 트리플스트리트점,178098,17.8098
2026-08-14,폴바셋,청주 방서 DT점,139278,13.9278
2026-08-14,폴바셋,용산 아이파크몰점,121642,12.1642
2026-08-14,폴바셋,여의도 국회대로점,153281,15.3281
2026-08-14,폴바셋,압구정2호점,119460,11.946
2026-08-14,폴바셋,한남 커피스테이션,173282,17.3282
2026-08-14,폴바셋,롯데몰 동부산점,125279,12.5279
2026-08-14,폴바셋,종각역점,173009,17.3009
2026-08-14,폴바셋,청담역점,134824,13.4824
2026-08-14,폴바셋,송도 센트럴파크점,176369,17.6369
2026-08-14,폴바셋,페럼타워점,306010,30.601
2026-08-14,폴바셋,수서역점,229885,22.9885
2026-08-14,폴바셋,강서 부민병원점,172369,17.2369
2026-08-14,폴바셋,반포 쌍동빌딩점,177187,17.7187
2026-08-14,폴바셋,현대백화점 미아점,239647,23.9647
2026-08-14,폴바셋,스타필드빌리지 운정점,179008,17.9008
2026-08-14,폴바셋,교대역점,268648,26.8648
2026-08-14,폴바셋,신세계 센텀시티몰점,188104,18.8104
2026-08-14,폴바셋,강남역 삼성화재점,236373,23.6373
2026-08-14,폴바셋,강남삼성타운점,302467,30.2467
2026-08-14,폴바셋,광교엘포트몰점,212557,21.2557
2026-08-14,폴바셋,영등포 타임스퀘어점,162935,16.2935
2026-08-14,폴바셋,파르나스몰점,279835,27.9835
2026-08-14,폴바셋,청량리역점,305036,30.5036
2026-08-14,폴바셋,대구 수성못점,220285,22.0285
2026-08-14,폴바셋,인천 송도 DT점,243560,24.356
2026-08-14,폴바셋,광교 경기도청점,258647,25.8647
2026-08-14,폴바셋,코리아나호텔점,304197,30.4197
2026-08-14,폴바셋,수원컨트리클럽점,243437,24.3437
2026-08-14,폴바셋,광화문 G타워점,366469,36.6469
2026-08-14,폴바셋,해운대 팔라티움점,301924,30.1924
2026-08-14,폴바셋,현대아울렛 김포점,212737,21.2737
2026-08-14,폴바셋,여의도 부국증권점,369196,36.9196
2026-08-14,폴바셋,갤러리아 광교점,274646,27.4646
2026-08-14,폴바셋,일산 마두점,382548,38.2548
2026-08-14,폴바셋,대치역점,327561,32.7561
2026-08-14,폴바셋,을지로 파인에비뉴점,501966,50.1966
2026-08-14,폴바셋,교보문고 강남점,426023,42.6023
2026-08-14,폴바셋,여의도 IFC몰점,402842,40.2842
2026-08-14,폴바셋,산본역점,576210,57.621
2026-08-14,폴바셋,인천공항 T1 입국점,614767,61.4767
2026-08-14,폴바셋,연세암병원점,1412878,141.2878
2026-08-14,폴바셋,제주공항 국내선점,919189,91.9189
2026-08-14,폴바셋,영종도 파라다이스시티점,630482,63.0482
2026-08-14,폴바셋,강남구청역점,863118,86.3118
2026-08-14,폴바셋,고대구로병원점,835482,83.5482
2026-08-14,폴바셋,강남점,1001984,100.1984
2026-08-14,폴바셋,사당 파스텔시티점,937009,93.7009
2026-08-14,폴바셋,인천공항 T2 입국점,1142109,114.2109
2026-08-14,폴바셋,일원역점,1541753,154.1753
2026-08-14,폴바셋,광화문점,2930848,293.0848
2026-08-15,폴바셋,롯데백화점 대구점,0,0
2026-08-15,폴바셋,롯데백화점 동탄점,12273,1.2273
2026-08-15,폴바셋,롯데마트 양평점,0,0
2026-08-15,폴바셋,신세계백화점 광주점,4091,0.4091
2026-08-15,폴바셋,롯데마트 서초점,0,0
2026-08-15,폴바셋,롯데백화점 부산본점,8182,0.8182
2026-08-15,폴바셋,광화문 디타워점,2000,0.2
2026-08-15,폴바셋,스타필드 수원점,4091,0.4091
2026-08-15,폴바셋,신세계백화점 대구 1호점,15137,1.5137
2026-08-15,폴바셋,대전엑스포 스카이점,2000,0.2
2026-08-15,폴바셋,롯데백화점 노원점,0,0
2026-08-15,폴바셋,스타필드 하남 2호점,22455,2.2455
2026-08-15,폴바셋,갤러리아 타임월드점,6091,0.6091
2026-08-15,폴바셋,삼성전자 평택점,0,0
2026-08-15,폴바셋,롯데백화점 광주점,7182,0.7182
2026-08-15,폴바셋,롯데아울렛 남악점,23546,2.3546
2026-08-15,폴바셋,제주 용담 DT점,4000,0.4
2026-08-15,폴바셋,현대모터스튜디오 서울점,0,0
2026-08-15,폴바셋,투고 바 롯데월드 어드벤처점,12182,1.2182
2026-08-15,폴바셋,현대백화점 충청점,30273,3.0273
2026-08-15,폴바셋,종로 G1점,0,0
2026-08-15,폴바셋,스타필드 안성점,22273,2.2273
2026-08-15,폴바셋,신세계백화점 의정부점,16364,1.6364
2026-08-15,폴바셋,현대백화점 천호점,36546,3.6546
2026-08-15,폴바셋,AK플라자 수원점,55001,5.5001
2026-08-15,폴바셋,롯데백화점 관악점,22364,2.2364
2026-08-15,폴바셋,현대아울렛 대전점,34455,3.4455
2026-08-15,폴바셋,현대백화점 울산점,23364,2.3364
2026-08-15,폴바셋,더현대 대구점,52637,5.2637
2026-08-15,폴바셋,롯데백화점 평촌점,53001,5.3001
2026-08-15,폴바셋,신세계백화점 센텀시티점,54910,5.491
2026-08-15,폴바셋,포항 영일대 DT점,40455,4.0455
2026-08-15,폴바셋,롯데백화점 김포공항점,33818,3.3818
2026-08-15,폴바셋,롯데백화점 대전점,16182,1.6182
2026-08-15,폴바셋,삼성전자 온양캠퍼스점,0,0
2026-08-15,폴바셋,롯데백화점 창원점,24455,2.4455
2026-08-15,폴바셋,롯데아울렛 기흥점,37366,3.7366
2026-08-15,폴바셋,한국경제신문사점,40819,4.0819
2026-08-15,폴바셋,송도 SK바이오사이언스점,0,0
2026-08-15,폴바셋,롯데아울렛 광주수완점,33546,3.3546
2026-08-15,폴바셋,신세계 사우스시티점,46910,4.691
2026-08-15,폴바셋,삼성 DSR점,0,0
2026-08-15,폴바셋,스타필드시티 위례점,6091,0.6091
2026-08-15,폴바셋,스타필드 고양 1호점,52819,5.2819
2026-08-15,폴바셋,여의도점,0,0
2026-08-15,폴바셋,뉴코아 강남점,69092,6.9092
2026-08-15,폴바셋,마산 회원 DT점,35728,3.5728
2026-08-15,폴바셋,AK플라자 광명점,36728,3.6728
2026-08-15,폴바셋,롯데백화점 울산점,38546,3.8546
2026-08-15,폴바셋,구미 봉곡 DT점,50501,5.0501
2026-08-15,폴바셋,롯데백화점 잠실점,49910,4.991
2026-08-15,폴바셋,마산 해안대로 DT점,51819,5.1819
2026-08-15,폴바셋,롯데백화점 강남점,75547,7.5547
2026-08-15,폴바셋,스타필드 하남 1호점,50819,5.0819
2026-08-15,폴바셋,롯데백화점 광복점,41093,4.1093
2026-08-15,폴바셋,롯데몰 은평점,47637,4.7637
2026-08-15,폴바셋,광화문 흥국생명점,0,0
2026-08-15,폴바셋,롯데몰 수지점,34728,3.4728
2026-08-15,폴바셋,NC타워 삼성점,0,0
2026-08-15,폴바셋,경산 옥곡 DT점,45728,4.5728
2026-08-15,폴바셋,롯데백화점 본점,30455,3.0455
2026-08-15,폴바셋,서소문점,23364,2.3364
2026-08-15,폴바셋,신세계백화점 대구 2호점,106820,10.682
2026-08-15,폴바셋,대구 방촌 DT점,48683,4.8683
2026-08-15,폴바셋,부산 괴정 DT점,62910,6.291
2026-08-15,폴바셋,부산 전포 DT점,66819,6.6819
2026-08-15,폴바셋,교보문고 합정점,24455,2.4455
2026-08-15,폴바셋,AK플라자 홍대점,54819,5.4819
2026-08-15,폴바셋,구로 G타워점,46546,4.6546
2026-08-15,폴바셋,오산대 DT점,74538,7.4538
2026-08-15,폴바셋,경산 임당역 DT점,52819,5.2819
2026-08-15,폴바셋,롯데월드 아이스링크점,46728,4.6728
2026-08-15,폴바셋,김포 구래 DT점,90456,9.0456
2026-08-15,폴바셋,양산 웅상 DT점,118347,11.8347
2026-08-15,폴바셋,천안 구성 DT점,89728,8.9728
2026-08-15,폴바셋,대구 감삼 DT점,88547,8.8547
2026-08-15,폴바셋,MBC몰 파크점,56182,5.6182
2026-08-15,폴바셋,북수원IC DT점,67001,6.7001
2026-08-15,폴바셋,부산 대연 DT점,132002,13.2002
2026-08-15,폴바셋,신세계아울렛 시흥점,89913,8.9913
2026-08-15,폴바셋,파미에스테이션점,50837,5.0837
2026-08-15,폴바셋,대구 만촌 DT점,106593,10.6593
2026-08-15,폴바셋,롯데월드몰점,93822,9.3822
2026-08-15,폴바셋,GFC점,54819,5.4819
2026-08-15,폴바셋,부산 연산역점,44912,4.4912
2026-08-15,폴바셋,인스파이어점,333642,33.3642
2026-08-15,폴바셋,현대아울렛 남양주점,116643,11.6643
2026-08-15,폴바셋,롯데아울렛 김해점,107279,10.7279
2026-08-15,폴바셋,전주 금암 DT점,132183,13.2183
2026-08-15,폴바셋,롯데아울렛 이시아폴리스점,135405,13.5405
2026-08-15,폴바셋,광명 철산 DT점,111911,11.1911
2026-08-15,폴바셋,경주 교동 DT점,98547,9.8547
2026-08-15,폴바셋,강서 마곡 DT점,108638,10.8638
2026-08-15,폴바셋,용인시청 DT점,85365,8.5365
2026-08-15,폴바셋,부산 금곡 강변점,97731,9.7731
2026-08-15,폴바셋,롯데아울렛 이천점,118731,11.8731
2026-08-15,폴바셋,수원 월드컵경기장점,99911,9.9911
2026-08-15,폴바셋,롯데백화점 중동점,94184,9.4184
2026-08-15,폴바셋,제주 아라 DT점,91456,9.1456
2026-08-15,폴바셋,증미역점,126551,12.6551
2026-08-15,폴바셋,여의도 현대카드점,0,0
2026-08-15,폴바셋,광화문 예금보험공사점,59629,5.9629
2026-08-15,폴바셋,고창 선운사점,287473,28.7473
2026-08-15,폴바셋,롯데백화점 상인점,151553,15.1553
2026-08-15,폴바셋,평택 소사 DT점,101456,10.1456
2026-08-15,폴바셋,상일동점,168008,16.8008
2026-08-15,폴바셋,코엑스몰점,182548,18.2548
2026-08-15,폴바셋,혜화역점,160093,16.0093
2026-08-15,폴바셋,선릉역 동훈타워점,56638,5.6638
2026-08-15,폴바셋,연세와병원점,149298,14.9298
2026-08-15,폴바셋,송도 트리플스트리트점,136095,13.6095
2026-08-15,폴바셋,청주 방서 DT점,231696,23.1696
2026-08-15,폴바셋,용산 아이파크몰점,188102,18.8102
2026-08-15,폴바셋,여의도 국회대로점,146671,14.6671
2026-08-15,폴바셋,압구정2호점,108368,10.8368
2026-08-15,폴바셋,한남 커피스테이션,186101,18.6101
2026-08-15,폴바셋,롯데몰 동부산점,229922,22.9922
2026-08-15,폴바셋,종각역점,43913,4.3913
2026-08-15,폴바셋,청담역점,222192,22.2192
2026-08-15,폴바셋,송도 센트럴파크점,233101,23.3101
2026-08-15,폴바셋,페럼타워점,10000,1
2026-08-15,폴바셋,수서역점,206739,20.6739
2026-08-15,폴바셋,강서 부민병원점,138730,13.873
2026-08-15,폴바셋,반포 쌍동빌딩점,218009,21.8009
2026-08-15,폴바셋,현대백화점 미아점,216803,21.6803
2026-08-15,폴바셋,스타필드빌리지 운정점,284969,28.4969
2026-08-15,폴바셋,교대역점,97640,9.764
2026-08-15,폴바셋,신세계 센텀시티몰점,333654,33.3654
2026-08-15,폴바셋,강남역 삼성화재점,221287,22.1287
2026-08-15,폴바셋,강남삼성타운점,113461,11.3461
2026-08-15,폴바셋,광교엘포트몰점,250740,25.074
2026-08-15,폴바셋,영등포 타임스퀘어점,312652,31.2652
2026-08-15,폴바셋,파르나스몰점,233923,23.3923
2026-08-15,폴바셋,청량리역점,352747,35.2747
2026-08-15,폴바셋,대구 수성못점,453662,45.3662
2026-08-15,폴바셋,인천 송도 DT점,334793,33.4793
2026-08-15,폴바셋,광교 경기도청점,167371,16.7371
2026-08-15,폴바셋,코리아나호텔점,421649,42.1649
2026-08-15,폴바셋,수원컨트리클럽점,262104,26.2104
2026-08-15,폴바셋,광화문 G타워점,286484,28.6484
2026-08-15,폴바셋,해운대 팔라티움점,351916,35.1916
2026-08-15,폴바셋,현대아울렛 김포점,550939,55.0939
2026-08-15,폴바셋,여의도 부국증권점,175373,17.5373
2026-08-15,폴바셋,갤러리아 광교점,365111,36.5111
2026-08-15,폴바셋,일산 마두점,289471,28.9471
2026-08-15,폴바셋,대치역점,353563,35.3563
2026-08-15,폴바셋,을지로 파인에비뉴점,290334,29.0334
2026-08-15,폴바셋,교보문고 강남점,574061,57.4061
2026-08-15,폴바셋,여의도 IFC몰점,537945,53.7945
2026-08-15,폴바셋,산본역점,715307,71.5307
2026-08-15,폴바셋,인천공항 T1 입국점,659039,65.9039
2026-08-15,폴바셋,연세암병원점,238178,23.8178
2026-08-15,폴바셋,제주공항 국내선점,897919,89.7919
2026-08-15,폴바셋,영종도 파라다이스시티점,1034865,103.4865
2026-08-15,폴바셋,강남구청역점,648747,64.8747
2026-08-15,폴바셋,고대구로병원점,269375,26.9375
2026-08-15,폴바셋,강남점,925886,92.5886
2026-08-15,폴바셋,사당 파스텔시티점,928684,92.8684
2026-08-15,폴바셋,인천공항 T2 입국점,1056834,105.6834
2026-08-15,폴바셋,일원역점,1371225,137.1225
2026-08-15,폴바셋,광화문점,1431831,143.1831
2026-08-16,폴바셋,롯데백화점 대구점,0,0
2026-08-16,폴바셋,롯데백화점 동탄점,4091,0.4091
2026-08-16,폴바셋,롯데마트 양평점,0,0
2026-08-16,폴바셋,신세계백화점 광주점,0,0
2026-08-16,폴바셋,롯데마트 서초점,2000,0.2
2026-08-16,폴바셋,롯데백화점 부산본점,2000,0.2
2026-08-16,폴바셋,광화문 디타워점,10273,1.0273
2026-08-16,폴바셋,스타필드 수원점,12273,1.2273
2026-08-16,폴바셋,신세계백화점 대구 1호점,14364,1.4364
2026-08-16,폴바셋,대전엑스포 스카이점,4091,0.4091
2026-08-16,폴바셋,롯데백화점 노원점,12273,1.2273
2026-08-16,폴바셋,스타필드 하남 2호점,26728,2.6728
2026-08-16,폴바셋,갤러리아 타임월드점,16182,1.6182
2026-08-16,폴바셋,삼성전자 평택점,0,0
2026-08-16,폴바셋,롯데백화점 광주점,0,0
2026-08-16,폴바셋,롯데아울렛 남악점,4091,0.4091
2026-08-16,폴바셋,제주 용담 DT점,4091,0.4091
2026-08-16,폴바셋,현대모터스튜디오 서울점,2091,0.2091
2026-08-16,폴바셋,투고 바 롯데월드 어드벤처점,12182,1.2182
2026-08-16,폴바셋,현대백화점 충청점,12182,1.2182
2026-08-16,폴바셋,종로 G1점,0,0
2026-08-16,폴바셋,스타필드 안성점,18182,1.8182
2026-08-16,폴바셋,신세계백화점 의정부점,16273,1.6273
2026-08-16,폴바셋,현대백화점 천호점,28546,2.8546
2026-08-16,폴바셋,AK플라자 수원점,32637,3.2637
2026-08-16,폴바셋,롯데백화점 관악점,26364,2.6364
2026-08-16,폴바셋,현대아울렛 대전점,33728,3.3728
2026-08-16,폴바셋,현대백화점 울산점,0,0
2026-08-16,폴바셋,더현대 대구점,2000,0.2
2026-08-16,폴바셋,롯데백화점 평촌점,14273,1.4273
2026-08-16,폴바셋,신세계백화점 센텀시티점,6091,0.6091
2026-08-16,폴바셋,포항 영일대 DT점,35637,3.5637
2026-08-16,폴바셋,롯데백화점 김포공항점,36637,3.6637
2026-08-16,폴바셋,롯데백화점 대전점,16182,1.6182
2026-08-16,폴바셋,삼성전자 온양캠퍼스점,0,0
2026-08-16,폴바셋,롯데백화점 창원점,33273,3.3273
2026-08-16,폴바셋,롯데아울렛 기흥점,48548,4.8548
2026-08-16,폴바셋,한국경제신문사점,0,0
2026-08-16,폴바셋,송도 SK바이오사이언스점,0,0
2026-08-16,폴바셋,롯데아울렛 광주수완점,44546,4.4546
2026-08-16,폴바셋,신세계 사우스시티점,18182,1.8182
2026-08-16,폴바셋,삼성 DSR점,0,0
2026-08-16,폴바셋,스타필드시티 위례점,63183,6.3183
2026-08-16,폴바셋,스타필드 고양 1호점,8182,0.8182
2026-08-16,폴바셋,여의도점,8091,0.8091
2026-08-16,폴바셋,뉴코아 강남점,28364,2.8364
2026-08-16,폴바셋,마산 회원 DT점,44546,4.4546
2026-08-16,폴바셋,AK플라자 광명점,40182,4.0182
2026-08-16,폴바셋,롯데백화점 울산점,43367,4.3367
2026-08-16,폴바셋,구미 봉곡 DT점,24364,2.4364
2026-08-16,폴바셋,롯데백화점 잠실점,38119,3.8119
2026-08-16,폴바셋,마산 해안대로 DT점,29455,2.9455
2026-08-16,폴바셋,롯데백화점 강남점,26455,2.6455
2026-08-16,폴바셋,스타필드 하남 1호점,46728,4.6728
2026-08-16,폴바셋,롯데백화점 광복점,30557,3.0557
2026-08-16,폴바셋,롯데몰 은평점,68183,6.8183
2026-08-16,폴바셋,광화문 흥국생명점,0,0
2026-08-16,폴바셋,롯데몰 수지점,55001,5.5001
2026-08-16,폴바셋,NC타워 삼성점,0,0
2026-08-16,폴바셋,경산 옥곡 DT점,29546,2.9546
2026-08-16,폴바셋,롯데백화점 본점,51182,5.1182
2026-08-16,폴바셋,서소문점,41637,4.1637
2026-08-16,폴바셋,신세계백화점 대구 2호점,80274,8.0274
2026-08-16,폴바셋,대구 방촌 DT점,55819,5.5819
2026-08-16,폴바셋,부산 괴정 DT점,54001,5.4001
2026-08-16,폴바셋,부산 전포 DT점,23364,2.3364
2026-08-16,폴바셋,교보문고 합정점,20273,2.0273
2026-08-16,폴바셋,AK플라자 홍대점,24546,2.4546
2026-08-16,폴바셋,구로 G타워점,32364,3.2364
2026-08-16,폴바셋,오산대 DT점,45910,4.591
2026-08-16,폴바셋,경산 임당역 DT점,28364,2.8364
2026-08-16,폴바셋,롯데월드 아이스링크점,38637,3.8637
2026-08-16,폴바셋,김포 구래 DT점,41728,4.1728
2026-08-16,폴바셋,양산 웅상 DT점,24364,2.4364
2026-08-16,폴바셋,천안 구성 DT점,62728,6.2728
2026-08-16,폴바셋,대구 감삼 DT점,93729,9.3729
2026-08-16,폴바셋,MBC몰 파크점,42364,4.2364
2026-08-16,폴바셋,북수원IC DT점,74274,7.4274
2026-08-16,폴바셋,부산 대연 DT점,24455,2.4455
2026-08-16,폴바셋,신세계아울렛 시흥점,129189,12.9189
2026-08-16,폴바셋,파미에스테이션점,41728,4.1728
2026-08-16,폴바셋,대구 만촌 DT점,44637,4.4637
2026-08-16,폴바셋,롯데월드몰점,90005,9.0005
2026-08-16,폴바셋,GFC점,2000,0.2
2026-08-16,폴바셋,부산 연산역점,49457,4.9457
2026-08-16,폴바셋,인스파이어점,77329,7.7329
2026-08-16,폴바셋,현대아울렛 남양주점,80188,8.0188
2026-08-16,폴바셋,롯데아울렛 김해점,102053,10.2053
2026-08-16,폴바셋,전주 금암 DT점,54000,5.4
2026-08-16,폴바셋,롯데아울렛 이시아폴리스점,82822,8.2822
2026-08-16,폴바셋,광명 철산 DT점,39637,3.9637
2026-08-16,폴바셋,경주 교동 DT점,52728,5.2728
2026-08-16,폴바셋,강서 마곡 DT점,49637,4.9637
2026-08-16,폴바셋,용인시청 DT점,57819,5.7819
2026-08-16,폴바셋,부산 금곡 강변점,89094,8.9094
2026-08-16,폴바셋,롯데아울렛 이천점,175460,17.546
2026-08-16,폴바셋,수원 월드컵경기장점,88183,8.8183
2026-08-16,폴바셋,롯데백화점 중동점,152829,15.2829
2026-08-16,폴바셋,제주 아라 DT점,44637,4.4637
2026-08-16,폴바셋,증미역점,74730,7.473
2026-08-16,폴바셋,여의도 현대카드점,0,0
2026-08-16,폴바셋,광화문 예금보험공사점,18182,1.8182
2026-08-16,폴바셋,고창 선운사점,413932,41.3932
2026-08-16,폴바셋,롯데백화점 상인점,79824,7.9824
2026-08-16,폴바셋,평택 소사 DT점,116184,11.6184
2026-08-16,폴바셋,상일동점,157735,15.7735
2026-08-16,폴바셋,코엑스몰점,56364,5.6364
2026-08-16,폴바셋,혜화역점,56182,5.6182
2026-08-16,폴바셋,선릉역 동훈타워점,24273,2.4273
2026-08-16,폴바셋,연세와병원점,159063,15.9063
2026-08-16,폴바셋,송도 트리플스트리트점,124183,12.4183
2026-08-16,폴바셋,청주 방서 DT점,155551,15.5551
2026-08-16,폴바셋,용산 아이파크몰점,178465,17.8465
2026-08-16,폴바셋,여의도 국회대로점,146826,14.6826
2026-08-16,폴바셋,압구정2호점,169732,16.9732
2026-08-16,폴바셋,한남 커피스테이션,112006,11.2006
2026-08-16,폴바셋,롯데몰 동부산점,219471,21.9471
2026-08-16,폴바셋,종각역점,43093,4.3093
2026-08-16,폴바셋,청담역점,94824,9.4824
2026-08-16,폴바셋,송도 센트럴파크점,258549,25.8549
2026-08-16,폴바셋,페럼타워점,7091,0.7091
2026-08-16,폴바셋,수서역점,126009,12.6009
2026-08-16,폴바셋,강서 부민병원점,139187,13.9187
2026-08-16,폴바셋,반포 쌍동빌딩점,179555,17.9555
2026-08-16,폴바셋,현대백화점 미아점,223558,22.3558
2026-08-16,폴바셋,스타필드빌리지 운정점,239887,23.9887
2026-08-16,폴바셋,교대역점,64367,6.4367
2026-08-16,폴바셋,신세계 센텀시티몰점,331204,33.1204
2026-08-16,폴바셋,강남역 삼성화재점,87186,8.7186
2026-08-16,폴바셋,강남삼성타운점,108221,10.8221
2026-08-16,폴바셋,광교엘포트몰점,275281,27.5281
2026-08-16,폴바셋,영등포 타임스퀘어점,202327,20.2327
2026-08-16,폴바셋,파르나스몰점,158101,15.8101
2026-08-16,폴바셋,청량리역점,279200,27.92
2026-08-16,폴바셋,대구 수성못점,335426,33.5426
2026-08-16,폴바셋,인천 송도 DT점,307472,30.7472
2026-08-16,폴바셋,광교 경기도청점,192643,19.2643
2026-08-16,폴바셋,코리아나호텔점,153100,15.31
2026-08-16,폴바셋,수원컨트리클럽점,357560,35.756
2026-08-16,폴바셋,광화문 G타워점,314193,31.4193
2026-08-16,폴바셋,해운대 팔라티움점,392563,39.2563
2026-08-16,폴바셋,현대아울렛 김포점,499471,49.9471
2026-08-16,폴바셋,여의도 부국증권점,197376,19.7376
2026-08-16,폴바셋,갤러리아 광교점,391927,39.1927
2026-08-16,폴바셋,일산 마두점,319837,31.9837
2026-08-16,폴바셋,대치역점,257922,25.7922
2026-08-16,폴바셋,을지로 파인에비뉴점,475120,47.512
2026-08-16,폴바셋,교보문고 강남점,472752,47.2752
2026-08-16,폴바셋,여의도 IFC몰점,482756,48.2756
2026-08-16,폴바셋,산본역점,511944,51.1944
2026-08-16,폴바셋,인천공항 T1 입국점,542215,54.2215
2026-08-16,폴바셋,연세암병원점,84674,8.4674
2026-08-16,폴바셋,제주공항 국내선점,988009,98.8009
2026-08-16,폴바셋,영종도 파라다이스시티점,1082585,108.2585
2026-08-16,폴바셋,강남구청역점,418526,41.8526
2026-08-16,폴바셋,고대구로병원점,300750,30.075
2026-08-16,폴바셋,강남점,766852,76.6852
2026-08-16,폴바셋,사당 파스텔시티점,832361,83.2361
2026-08-16,폴바셋,인천공항 T2 입국점,986269,98.6269
2026-08-16,폴바셋,일원역점,1334046,133.4046
2026-08-16,폴바셋,광화문점,1520375,152.0375
2026-08-17,폴바셋,롯데백화점 대구점,0,0
2026-08-17,폴바셋,롯데백화점 동탄점,2000,0.2
2026-08-17,폴바셋,롯데마트 양평점,2727,0.2727
2026-08-17,폴바셋,신세계백화점 광주점,0,0
2026-08-17,폴바셋,롯데마트 서초점,2000,0.2
2026-08-17,폴바셋,롯데백화점 부산본점,4091,0.4091
2026-08-17,폴바셋,광화문 디타워점,2000,0.2
2026-08-17,폴바셋,스타필드 수원점,2000,0.2
2026-08-17,폴바셋,신세계백화점 대구 1호점,6091,0.6091
2026-08-17,폴바셋,대전엑스포 스카이점,4182,0.4182
2026-08-17,폴바셋,롯데백화점 노원점,6091,0.6091
2026-08-17,폴바셋,스타필드 하남 2호점,10273,1.0273
2026-08-17,폴바셋,갤러리아 타임월드점,2000,0.2
2026-08-17,폴바셋,삼성전자 평택점,0,0
2026-08-17,폴바셋,롯데백화점 광주점,16182,1.6182
2026-08-17,폴바셋,롯데아울렛 남악점,2000,0.2
2026-08-17,폴바셋,제주 용담 DT점,14455,1.4455
2026-08-17,폴바셋,현대모터스튜디오 서울점,4091,0.4091
2026-08-17,폴바셋,투고 바 롯데월드 어드벤처점,14364,1.4364
2026-08-17,폴바셋,현대백화점 충청점,20364,2.0364
2026-08-17,폴바셋,종로 G1점,0,0
2026-08-17,폴바셋,스타필드 안성점,16091,1.6091
2026-08-17,폴바셋,신세계백화점 의정부점,4091,0.4091
2026-08-17,폴바셋,현대백화점 천호점,17364,1.7364
2026-08-17,폴바셋,AK플라자 수원점,27455,2.7455
2026-08-17,폴바셋,롯데백화점 관악점,16182,1.6182
2026-08-17,폴바셋,현대아울렛 대전점,11273,1.1273
2026-08-17,폴바셋,현대백화점 울산점,14182,1.4182
2026-08-17,폴바셋,더현대 대구점,26364,2.6364
2026-08-17,폴바셋,롯데백화점 평촌점,54819,5.4819
2026-08-17,폴바셋,신세계백화점 센텀시티점,30637,3.0637
2026-08-17,폴바셋,포항 영일대 DT점,39637,3.9637
2026-08-17,폴바셋,롯데백화점 김포공항점,9182,0.9182
2026-08-17,폴바셋,롯데백화점 대전점,17364,1.7364
2026-08-17,폴바셋,삼성전자 온양캠퍼스점,0,0
2026-08-17,폴바셋,롯데백화점 창원점,19864,1.9864
2026-08-17,폴바셋,롯데아울렛 기흥점,58003,5.8003
2026-08-17,폴바셋,한국경제신문사점,0,0
2026-08-17,폴바셋,송도 SK바이오사이언스점,0,0
2026-08-17,폴바셋,롯데아울렛 광주수완점,30455,3.0455
2026-08-17,폴바셋,신세계 사우스시티점,36637,3.6637
2026-08-17,폴바셋,삼성 DSR점,0,0
2026-08-17,폴바셋,스타필드시티 위례점,39819,3.9819
2026-08-17,폴바셋,스타필드 고양 1호점,56910,5.691
2026-08-17,폴바셋,여의도점,0,0
2026-08-17,폴바셋,뉴코아 강남점,34728,3.4728
2026-08-17,폴바셋,마산 회원 DT점,33183,3.3183
2026-08-17,폴바셋,AK플라자 광명점,53364,5.3364
2026-08-17,폴바셋,롯데백화점 울산점,50457,5.0457
2026-08-17,폴바셋,구미 봉곡 DT점,49910,4.991
2026-08-17,폴바셋,롯데백화점 잠실점,22364,2.2364
2026-08-17,폴바셋,마산 해안대로 DT점,21364,2.1364
2026-08-17,폴바셋,롯데백화점 강남점,57183,5.7183
2026-08-17,폴바셋,스타필드 하남 1호점,49728,4.9728
2026-08-17,폴바셋,롯데백화점 광복점,42275,4.2275
2026-08-17,폴바셋,롯데몰 은평점,30455,3.0455
2026-08-17,폴바셋,광화문 흥국생명점,0,0
2026-08-17,폴바셋,롯데몰 수지점,12273,1.2273
2026-08-17,폴바셋,NC타워 삼성점,0,0
2026-08-17,폴바셋,경산 옥곡 DT점,52637,5.2637
2026-08-17,폴바셋,롯데백화점 본점,40364,4.0364
2026-08-17,폴바셋,서소문점,16182,1.6182
2026-08-17,폴바셋,신세계백화점 대구 2호점,76092,7.6092
2026-08-17,폴바셋,대구 방촌 DT점,47728,4.7728
2026-08-17,폴바셋,부산 괴정 DT점,76365,7.6365
2026-08-17,폴바셋,부산 전포 DT점,49819,4.9819
2026-08-17,폴바셋,교보문고 합정점,54819,5.4819
2026-08-17,폴바셋,AK플라자 홍대점,14364,1.4364
2026-08-17,폴바셋,구로 G타워점,66183,6.6183
2026-08-17,폴바셋,오산대 DT점,76274,7.6274
2026-08-17,폴바셋,경산 임당역 DT점,43819,4.3819
2026-08-17,폴바셋,롯데월드 아이스링크점,56001,5.6001
2026-08-17,폴바셋,김포 구래 DT점,84456,8.4456
2026-08-17,폴바셋,양산 웅상 DT점,63956,6.3956
2026-08-17,폴바셋,천안 구성 DT점,79274,7.9274
2026-08-17,폴바셋,대구 감삼 DT점,90456,9.0456
2026-08-17,폴바셋,MBC몰 파크점,47728,4.7728
2026-08-17,폴바셋,북수원IC DT점,94456,9.4456
2026-08-17,폴바셋,부산 대연 DT점,82274,8.2274
2026-08-17,폴바셋,신세계아울렛 시흥점,76730,7.673
2026-08-17,폴바셋,파미에스테이션점,21455,2.1455
2026-08-17,폴바셋,대구 만촌 DT점,61819,6.1819
2026-08-17,폴바셋,롯데월드몰점,64058,6.4058
2026-08-17,폴바셋,GFC점,35546,3.5546
2026-08-17,폴바셋,부산 연산역점,61822,6.1822
2026-08-17,폴바셋,인스파이어점,81365,8.1365
2026-08-17,폴바셋,현대아울렛 남양주점,65641,6.5641
2026-08-17,폴바셋,롯데아울렛 김해점,123642,12.3642
2026-08-17,폴바셋,전주 금암 DT점,92637,9.2637
2026-08-17,폴바셋,롯데아울렛 이시아폴리스점,108914,10.8914
2026-08-17,폴바셋,광명 철산 DT점,90637,9.0637
2026-08-17,폴바셋,경주 교동 DT점,88874,8.8874
2026-08-17,폴바셋,강서 마곡 DT점,68819,6.8819
2026-08-17,폴바셋,용인시청 DT점,85365,8.5365
2026-08-17,폴바셋,부산 금곡 강변점,120826,12.0826
2026-08-17,폴바셋,롯데아울렛 이천점,130917,13.0917
2026-08-17,폴바셋,수원 월드컵경기장점,182912,18.2912
2026-08-17,폴바셋,롯데백화점 중동점,135735,13.5735
2026-08-17,폴바셋,제주 아라 DT점,70001,7.0001
2026-08-17,폴바셋,증미역점,165641,16.5641
2026-08-17,폴바셋,여의도 현대카드점,0,0
2026-08-17,폴바셋,광화문 예금보험공사점,11364,1.1364
2026-08-17,폴바셋,고창 선운사점,239434,23.9434
2026-08-17,폴바셋,롯데백화점 상인점,136372,13.6372
2026-08-17,폴바셋,평택 소사 DT점,116729,11.6729
2026-08-17,폴바셋,상일동점,113277,11.3277
2026-08-17,폴바셋,코엑스몰점,37501,3.7501
2026-08-17,폴바셋,혜화역점,139729,13.9729
2026-08-17,폴바셋,선릉역 동훈타워점,83502,8.3502
2026-08-17,폴바셋,연세와병원점,173191,17.3191
2026-08-17,폴바셋,송도 트리플스트리트점,210371,21.0371
2026-08-17,폴바셋,청주 방서 DT점,179374,17.9374
2026-08-17,폴바셋,용산 아이파크몰점,216375,21.6375
2026-08-17,폴바셋,여의도 국회대로점,65731,6.5731
2026-08-17,폴바셋,압구정2호점,132369,13.2369
2026-08-17,폴바셋,한남 커피스테이션,227159,22.7159
2026-08-17,폴바셋,롯데몰 동부산점,179195,17.9195
2026-08-17,폴바셋,종각역점,78275,7.8275
2026-08-17,폴바셋,청담역점,159656,15.9656
2026-08-17,폴바셋,송도 센트럴파크점,156371,15.6371
2026-08-17,폴바셋,페럼타워점,78640,7.864
2026-08-17,폴바셋,수서역점,165918,16.5918
2026-08-17,폴바셋,강서 부민병원점,221643,22.1643
2026-08-17,폴바셋,반포 쌍동빌딩점,191236,19.1236
2026-08-17,폴바셋,현대백화점 미아점,238650,23.865
2026-08-17,폴바셋,스타필드빌리지 운정점,320561,32.0561
2026-08-17,폴바셋,교대역점,119943,11.9943
2026-08-17,폴바셋,신세계 센텀시티몰점,310202,31.0202
2026-08-17,폴바셋,강남역 삼성화재점,139189,13.9189
2026-08-17,폴바셋,강남삼성타운점,71111,7.1111
2026-08-17,폴바셋,광교엘포트몰점,300648,30.0648
2026-08-17,폴바셋,영등포 타임스퀘어점,222923,22.2923
2026-08-17,폴바셋,파르나스몰점,128271,12.8271
2026-08-17,폴바셋,청량리역점,242747,24.2747
2026-08-17,폴바셋,대구 수성못점,319224,31.9224
2026-08-17,폴바셋,인천 송도 DT점,278111,27.8111
2026-08-17,폴바셋,광교 경기도청점,231335,23.1335
2026-08-17,폴바셋,코리아나호텔점,143281,14.3281
2026-08-17,폴바셋,수원컨트리클럽점,454019,45.4019
2026-08-17,폴바셋,광화문 G타워점,290859,29.0859
2026-08-17,폴바셋,해운대 팔라티움점,438926,43.8926
2026-08-17,폴바셋,현대아울렛 김포점,431292,43.1292
2026-08-17,폴바셋,여의도 부국증권점,170368,17.0368
2026-08-17,폴바셋,갤러리아 광교점,389562,38.9562
2026-08-17,폴바셋,일산 마두점,397256,39.7256
2026-08-17,폴바셋,대치역점,409022,40.9022
2026-08-17,폴바셋,을지로 파인에비뉴점,193281,19.3281
2026-08-17,폴바셋,교보문고 강남점,550031,55.0031
2026-08-17,폴바셋,여의도 IFC몰점,580941,58.0941
2026-08-17,폴바셋,산본역점,686589,68.6589
2026-08-17,폴바셋,인천공항 T1 입국점,582224,58.2224
2026-08-17,폴바셋,연세암병원점,154148,15.4148
2026-08-17,폴바셋,제주공항 국내선점,643002,64.3002
2026-08-17,폴바셋,영종도 파라다이스시티점,865404,86.5404
2026-08-17,폴바셋,강남구청역점,472265,47.2265
2026-08-17,폴바셋,고대구로병원점,329101,32.9101
2026-08-17,폴바셋,강남점,938469,93.8469
2026-08-17,폴바셋,사당 파스텔시티점,924361,92.4361
2026-08-17,폴바셋,인천공항 T2 입국점,1232942,123.2942
2026-08-17,폴바셋,일원역점,1209243,120.9243
2026-08-17,폴바셋,광화문점,1502467,150.2467
2026-08-18,폴바셋,롯데백화점 대구점,0,0
2026-08-18,폴바셋,롯데백화점 동탄점,2091,0.2091
2026-08-18,폴바셋,롯데마트 양평점,4091,0.4091
2026-08-18,폴바셋,신세계백화점 광주점,0,0
2026-08-18,폴바셋,롯데마트 서초점,0,0
2026-08-18,폴바셋,롯데백화점 부산본점,8182,0.8182
2026-08-18,폴바셋,광화문 디타워점,8182,0.8182
2026-08-18,폴바셋,스타필드 수원점,2091,0.2091
2026-08-18,폴바셋,신세계백화점 대구 1호점,4091,0.4091
2026-08-18,폴바셋,대전엑스포 스카이점,10182,1.0182
2026-08-18,폴바셋,롯데백화점 노원점,8091,0.8091
2026-08-18,폴바셋,스타필드 하남 2호점,8182,0.8182
2026-08-18,폴바셋,갤러리아 타임월드점,0,0
2026-08-18,폴바셋,삼성전자 평택점,10273,1.0273
2026-08-18,폴바셋,롯데백화점 광주점,0,0
2026-08-18,폴바셋,롯데아울렛 남악점,0,0
2026-08-18,폴바셋,제주 용담 DT점,24637,2.4637
2026-08-18,폴바셋,현대모터스튜디오 서울점,8091,0.8091
2026-08-18,폴바셋,투고 바 롯데월드 어드벤처점,2000,0.2
2026-08-18,폴바셋,현대백화점 충청점,30546,3.0546
2026-08-18,폴바셋,종로 G1점,11183,1.1183
2026-08-18,폴바셋,스타필드 안성점,18182,1.8182
2026-08-18,폴바셋,신세계백화점 의정부점,22273,2.2273
2026-08-18,폴바셋,현대백화점 천호점,4091,0.4091
2026-08-18,폴바셋,AK플라자 수원점,10182,1.0182
2026-08-18,폴바셋,롯데백화점 관악점,18364,1.8364
2026-08-18,폴바셋,현대아울렛 대전점,13273,1.3273
2026-08-18,폴바셋,현대백화점 울산점,36637,3.6637
2026-08-18,폴바셋,더현대 대구점,17364,1.7364
2026-08-18,폴바셋,롯데백화점 평촌점,8182,0.8182
2026-08-18,폴바셋,신세계백화점 센텀시티점,16091,1.6091
2026-08-18,폴바셋,포항 영일대 DT점,8091,0.8091
2026-08-18,폴바셋,롯데백화점 김포공항점,8182,0.8182
2026-08-18,폴바셋,롯데백화점 대전점,17364,1.7364
2026-08-18,폴바셋,삼성전자 온양캠퍼스점,24546,2.4546
2026-08-18,폴바셋,롯데백화점 창원점,30273,3.0273
2026-08-18,폴바셋,롯데아울렛 기흥점,7728,0.7728
2026-08-18,폴바셋,한국경제신문사점,18273,1.8273
2026-08-18,폴바셋,송도 SK바이오사이언스점,27274,2.7274
2026-08-18,폴바셋,롯데아울렛 광주수완점,16182,1.6182
2026-08-18,폴바셋,신세계 사우스시티점,14182,1.4182
2026-08-18,폴바셋,삼성 DSR점,17319,1.7319
2026-08-18,폴바셋,스타필드시티 위례점,6182,0.6182
2026-08-18,폴바셋,스타필드 고양 1호점,2000,0.2
2026-08-18,폴바셋,여의도점,19364,1.9364
2026-08-18,폴바셋,뉴코아 강남점,30364,3.0364
2026-08-18,폴바셋,마산 회원 DT점,16273,1.6273
2026-08-18,폴바셋,AK플라자 광명점,13364,1.3364
2026-08-18,폴바셋,롯데백화점 울산점,39912,3.9912
2026-08-18,폴바셋,구미 봉곡 DT점,15273,1.5273
2026-08-18,폴바셋,롯데백화점 잠실점,36410,3.641
2026-08-18,폴바셋,마산 해안대로 DT점,72910,7.291
2026-08-18,폴바셋,롯데백화점 강남점,8091,0.8091
2026-08-18,폴바셋,스타필드 하남 1호점,8091,0.8091
2026-08-18,폴바셋,롯데백화점 광복점,57638,5.7638
2026-08-18,폴바셋,롯데몰 은평점,14273,1.4273
2026-08-18,폴바셋,광화문 흥국생명점,0,0
2026-08-18,폴바셋,롯데몰 수지점,28455,2.8455
2026-08-18,폴바셋,NC타워 삼성점,13046,1.3046
2026-08-18,폴바셋,경산 옥곡 DT점,15273,1.5273
2026-08-18,폴바셋,롯데백화점 본점,25137,2.5137
2026-08-18,폴바셋,서소문점,60819,6.0819
2026-08-18,폴바셋,신세계백화점 대구 2호점,12182,1.2182
2026-08-18,폴바셋,대구 방촌 DT점,43637,4.3637
2026-08-18,폴바셋,부산 괴정 DT점,20364,2.0364
2026-08-18,폴바셋,부산 전포 DT점,27546,2.7546
2026-08-18,폴바셋,교보문고 합정점,18273,1.8273
2026-08-18,폴바셋,AK플라자 홍대점,44546,4.4546
2026-08-18,폴바셋,구로 G타워점,26364,2.6364
2026-08-18,폴바셋,오산대 DT점,24364,2.4364
2026-08-18,폴바셋,경산 임당역 DT점,30546,3.0546
2026-08-18,폴바셋,롯데월드 아이스링크점,30546,3.0546
2026-08-18,폴바셋,김포 구래 DT점,20182,2.0182
2026-08-18,폴바셋,양산 웅상 DT점,64819,6.4819
2026-08-18,폴바셋,천안 구성 DT점,52091,5.2091
2026-08-18,폴바셋,대구 감삼 DT점,36273,3.6273
2026-08-18,폴바셋,MBC몰 파크점,65728,6.5728
2026-08-18,폴바셋,북수원IC DT점,8091,0.8091
2026-08-18,폴바셋,부산 대연 DT점,15182,1.5182
2026-08-18,폴바셋,신세계아울렛 시흥점,65822,6.5822
2026-08-18,폴바셋,파미에스테이션점,50637,5.0637
2026-08-18,폴바셋,대구 만촌 DT점,18273,1.8273
2026-08-18,폴바셋,롯데월드몰점,51002,5.1002
2026-08-18,폴바셋,GFC점,43637,4.3637
2026-08-18,폴바셋,부산 연산역점,55185,5.5185
2026-08-18,폴바셋,인스파이어점,35637,3.5637
2026-08-18,폴바셋,현대아울렛 남양주점,60002,6.0002
2026-08-18,폴바셋,롯데아울렛 김해점,56549,5.6549
2026-08-18,폴바셋,전주 금암 DT점,24273,2.4273
2026-08-18,폴바셋,롯데아울렛 이시아폴리스점,74822,7.4822
2026-08-18,폴바셋,광명 철산 DT점,91456,9.1456
2026-08-18,폴바셋,경주 교동 DT점,30455,3.0455
2026-08-18,폴바셋,강서 마곡 DT점,54001,5.4001
2026-08-18,폴바셋,용인시청 DT점,14273,1.4273
2026-08-18,폴바셋,부산 금곡 강변점,40912,4.0912
2026-08-18,폴바셋,롯데아울렛 이천점,33912,3.3912
2026-08-18,폴바셋,수원 월드컵경기장점,42546,4.2546
2026-08-18,폴바셋,롯데백화점 중동점,60002,6.0002
2026-08-18,폴바셋,제주 아라 DT점,65183,6.5183
2026-08-18,폴바셋,증미역점,56729,5.6729
2026-08-18,폴바셋,여의도 현대카드점,105066,10.5066
2026-08-18,폴바셋,광화문 예금보험공사점,153232,15.3232
2026-08-18,폴바셋,고창 선운사점,40913,4.0913
2026-08-18,폴바셋,롯데백화점 상인점,93006,9.3006
2026-08-18,폴바셋,평택 소사 DT점,78274,7.8274
2026-08-18,폴바셋,상일동점,122824,12.2824
2026-08-18,폴바셋,코엑스몰점,67001,6.7001
2026-08-18,폴바셋,혜화역점,36091,3.6091
2026-08-18,폴바셋,선릉역 동훈타워점,203647,20.3647
2026-08-18,폴바셋,연세와병원점,94914,9.4914
2026-08-18,폴바셋,송도 트리플스트리트점,85914,8.5914
2026-08-18,폴바셋,청주 방서 DT점,70005,7.0005
2026-08-18,폴바셋,용산 아이파크몰점,75459,7.5459
2026-08-18,폴바셋,여의도 국회대로점,123643,12.3643
2026-08-18,폴바셋,압구정2호점,145370,14.537
2026-08-18,폴바셋,한남 커피스테이션,117780,11.778
2026-08-18,폴바셋,롯데몰 동부산점,86824,8.6824
2026-08-18,폴바셋,종각역점,195464,19.5464
2026-08-18,폴바셋,청담역점,169554,16.9554
2026-08-18,폴바셋,송도 센트럴파크점,120005,12.0005
2026-08-18,폴바셋,페럼타워점,151282,15.1282
2026-08-18,폴바셋,수서역점,184920,18.492
2026-08-18,폴바셋,강서 부민병원점,198098,19.8098
2026-08-18,폴바셋,반포 쌍동빌딩점,124371,12.4371
2026-08-18,폴바셋,현대백화점 미아점,142737,14.2737
2026-08-18,폴바셋,스타필드빌리지 운정점,136552,13.6552
2026-08-18,폴바셋,교대역점,154918,15.4918
2026-08-18,폴바셋,신세계 센텀시티몰점,115779,11.5779
2026-08-18,폴바셋,강남역 삼성화재점,161462,16.1462
2026-08-18,폴바셋,강남삼성타운점,267104,26.7104
2026-08-18,폴바셋,광교엘포트몰점,194280,19.428
2026-08-18,폴바셋,영등포 타임스퀘어점,164650,16.465
2026-08-18,폴바셋,파르나스몰점,226279,22.6279
2026-08-18,폴바셋,청량리역점,195838,19.5838
2026-08-18,폴바셋,대구 수성못점,133734,13.3734
2026-08-18,폴바셋,인천 송도 DT점,249514,24.9514
2026-08-18,폴바셋,광교 경기도청점,164827,16.4827
2026-08-18,폴바셋,코리아나호텔점,276918,27.6918
2026-08-18,폴바셋,수원컨트리클럽점,169728,16.9728
2026-08-18,폴바셋,광화문 G타워점,194465,19.4465
2026-08-18,폴바셋,해운대 팔라티움점,256556,25.6556
2026-08-18,폴바셋,현대아울렛 김포점,204012,20.4012
2026-08-18,폴바셋,여의도 부국증권점,208374,20.8374
2026-08-18,폴바셋,갤러리아 광교점,162098,16.2098
2026-08-18,폴바셋,일산 마두점,274430,27.443
2026-08-18,폴바셋,대치역점,376106,37.6106
2026-08-18,폴바셋,을지로 파인에비뉴점,392569,39.2569
2026-08-18,폴바셋,교보문고 강남점,340021,34.0021
2026-08-18,폴바셋,여의도 IFC몰점,397752,39.7752
2026-08-18,폴바셋,산본역점,443848,44.3848
2026-08-18,폴바셋,인천공항 T1 입국점,578585,57.8585
2026-08-18,폴바셋,연세암병원점,701113,70.1113
2026-08-18,폴바셋,제주공항 국내선점,813646,81.3646
2026-08-18,폴바셋,영종도 파라다이스시티점,441845,44.1845
2026-08-18,폴바셋,강남구청역점,839620,83.962
2026-08-18,폴바셋,고대구로병원점,859579,85.9579
2026-08-18,폴바셋,강남점,816929,81.6929
2026-08-18,폴바셋,사당 파스텔시티점,836029,83.6029
2026-08-18,폴바셋,인천공항 T2 입국점,950099,95.0099
2026-08-18,폴바셋,일원역점,1417517,141.7517
2026-08-18,폴바셋,광화문점,2777384,277.7384
2026-08-19,폴바셋,롯데백화점 대구점,0,0
2026-08-19,폴바셋,롯데백화점 동탄점,0,0
2026-08-19,폴바셋,롯데마트 양평점,0,0
2026-08-19,폴바셋,신세계백화점 광주점,0,0
2026-08-19,폴바셋,롯데마트 서초점,0,0
2026-08-19,폴바셋,롯데백화점 부산본점,0,0
2026-08-19,폴바셋,광화문 디타워점,4091,0.4091
2026-08-19,폴바셋,스타필드 수원점,0,0
2026-08-19,폴바셋,신세계백화점 대구 1호점,2000,0.2
2026-08-19,폴바셋,대전엑스포 스카이점,4091,0.4091
2026-08-19,폴바셋,롯데백화점 노원점,0,0
2026-08-19,폴바셋,스타필드 하남 2호점,0,0
2026-08-19,폴바셋,갤러리아 타임월드점,8091,0.8091
2026-08-19,폴바셋,삼성전자 평택점,2000,0.2
2026-08-19,폴바셋,롯데백화점 광주점,0,0
2026-08-19,폴바셋,롯데아울렛 남악점,2864,0.2864
2026-08-19,폴바셋,제주 용담 DT점,4182,0.4182
2026-08-19,폴바셋,현대모터스튜디오 서울점,18455,1.8455
2026-08-19,폴바셋,투고 바 롯데월드 어드벤처점,6091,0.6091
2026-08-19,폴바셋,현대백화점 충청점,33546,3.3546
2026-08-19,폴바셋,종로 G1점,14001,1.4001
2026-08-19,폴바셋,스타필드 안성점,14091,1.4091
2026-08-19,폴바셋,신세계백화점 의정부점,16364,1.6364
2026-08-19,폴바셋,현대백화점 천호점,15273,1.5273
2026-08-19,폴바셋,AK플라자 수원점,6182,0.6182
2026-08-19,폴바셋,롯데백화점 관악점,16273,1.6273
2026-08-19,폴바셋,현대아울렛 대전점,18182,1.8182
2026-08-19,폴바셋,현대백화점 울산점,36546,3.6546
2026-08-19,폴바셋,더현대 대구점,7182,0.7182
2026-08-19,폴바셋,롯데백화점 평촌점,25637,2.5637
2026-08-19,폴바셋,신세계백화점 센텀시티점,15273,1.5273
2026-08-19,폴바셋,포항 영일대 DT점,33455,3.3455
2026-08-19,폴바셋,롯데백화점 김포공항점,33546,3.3546
2026-08-19,폴바셋,롯데백화점 대전점,28364,2.8364
2026-08-19,폴바셋,삼성전자 온양캠퍼스점,33092,3.3092
2026-08-19,폴바셋,롯데백화점 창원점,21455,2.1455
2026-08-19,폴바셋,롯데아울렛 기흥점,18911,1.8911
2026-08-19,폴바셋,한국경제신문사점,41210,4.121
2026-08-19,폴바셋,송도 SK바이오사이언스점,36456,3.6456
2026-08-19,폴바셋,롯데아울렛 광주수완점,30546,3.0546
2026-08-19,폴바셋,신세계 사우스시티점,15273,1.5273
2026-08-19,폴바셋,삼성 DSR점,36819,3.6819
2026-08-19,폴바셋,스타필드시티 위례점,31546,3.1546
2026-08-19,폴바셋,스타필드 고양 1호점,32546,3.2546
2026-08-19,폴바셋,여의도점,36819,3.6819
2026-08-19,폴바셋,뉴코아 강남점,46728,4.6728
2026-08-19,폴바셋,마산 회원 DT점,20364,2.0364
2026-08-19,폴바셋,AK플라자 광명점,11273,1.1273
2026-08-19,폴바셋,롯데백화점 울산점,26366,2.6366
2026-08-19,폴바셋,구미 봉곡 DT점,22364,2.2364
2026-08-19,폴바셋,롯데백화점 잠실점,20273,2.0273
2026-08-19,폴바셋,마산 해안대로 DT점,43637,4.3637
2026-08-19,폴바셋,롯데백화점 강남점,34637,3.4637
2026-08-19,폴바셋,스타필드 하남 1호점,43637,4.3637
2026-08-19,폴바셋,롯데백화점 광복점,50093,5.0093
2026-08-19,폴바셋,롯데몰 은평점,27546,2.7546
2026-08-19,폴바셋,광화문 흥국생명점,56819,5.6819
2026-08-19,폴바셋,롯데몰 수지점,32455,3.2455
2026-08-19,폴바셋,NC타워 삼성점,70819,7.0819
2026-08-19,폴바셋,경산 옥곡 DT점,19364,1.9364
2026-08-19,폴바셋,롯데백화점 본점,75274,7.5274
2026-08-19,폴바셋,서소문점,59910,5.991
2026-08-19,폴바셋,신세계백화점 대구 2호점,37637,3.7637
2026-08-19,폴바셋,대구 방촌 DT점,74183,7.4183
2026-08-19,폴바셋,부산 괴정 DT점,50819,5.0819
2026-08-19,폴바셋,부산 전포 DT점,24273,2.4273
2026-08-19,폴바셋,교보문고 합정점,24182,2.4182
2026-08-19,폴바셋,AK플라자 홍대점,70092,7.0092
2026-08-19,폴바셋,구로 G타워점,71183,7.1183
2026-08-19,폴바셋,오산대 DT점,65710,6.571
2026-08-19,폴바셋,경산 임당역 DT점,73183,7.3183
2026-08-19,폴바셋,롯데월드 아이스링크점,28855,2.8855
2026-08-19,폴바셋,김포 구래 DT점,53819,5.3819
2026-08-19,폴바셋,양산 웅상 DT점,91365,9.1365
2026-08-19,폴바셋,천안 구성 DT점,51637,5.1637
2026-08-19,폴바셋,대구 감삼 DT점,59092,5.9092
2026-08-19,폴바셋,MBC몰 파크점,44546,4.4546
2026-08-19,폴바셋,북수원IC DT점,31546,3.1546
2026-08-19,폴바셋,부산 대연 DT점,48728,4.8728
2026-08-19,폴바셋,신세계아울렛 시흥점,29546,2.9546
2026-08-19,폴바셋,파미에스테이션점,86183,8.6183
2026-08-19,폴바셋,대구 만촌 DT점,54910,5.491
2026-08-19,폴바셋,롯데월드몰점,35365,3.5365
2026-08-19,폴바셋,GFC점,62001,6.2001
2026-08-19,폴바셋,부산 연산역점,76148,7.6148
2026-08-19,폴바셋,인스파이어점,25546,2.5546
2026-08-19,폴바셋,현대아울렛 남양주점,70641,7.0641
2026-08-19,폴바셋,롯데아울렛 김해점,74822,7.4822
2026-08-19,폴바셋,전주 금암 DT점,60819,6.0819
2026-08-19,폴바셋,롯데아울렛 이시아폴리스점,19183,1.9183
2026-08-19,폴바셋,광명 철산 DT점,75938,7.5938
2026-08-19,폴바셋,경주 교동 DT점,43910,4.391
2026-08-19,폴바셋,강서 마곡 DT점,42637,4.2637
2026-08-19,폴바셋,용인시청 DT점,73274,7.3274
2026-08-19,폴바셋,부산 금곡 강변점,70094,7.0094
2026-08-19,폴바셋,롯데아울렛 이천점,55275,5.5275
2026-08-19,폴바셋,수원 월드컵경기장점,77274,7.7274
2026-08-19,폴바셋,롯데백화점 중동점,97914,9.7914
2026-08-19,폴바셋,제주 아라 DT점,60683,6.0683
2026-08-19,폴바셋,증미역점,83456,8.3456
2026-08-19,폴바셋,여의도 현대카드점,202178,20.2178
2026-08-19,폴바셋,광화문 예금보험공사점,138386,13.8386
2026-08-19,폴바셋,고창 선운사점,53095,5.3095
2026-08-19,폴바셋,롯데백화점 상인점,69095,6.9095
2026-08-19,폴바셋,평택 소사 DT점,92729,9.2729
2026-08-19,폴바셋,상일동점,109280,10.928
2026-08-19,폴바셋,코엑스몰점,188275,18.8275
2026-08-19,폴바셋,혜화역점,124546,12.4546
2026-08-19,폴바셋,선릉역 동훈타워점,216827,21.6827
2026-08-19,폴바셋,연세와병원점,103823,10.3823
2026-08-19,폴바셋,송도 트리플스트리트점,116096,11.6096
2026-08-19,폴바셋,청주 방서 DT점,132870,13.287
2026-08-19,폴바셋,용산 아이파크몰점,138926,13.8926
2026-08-19,폴바셋,여의도 국회대로점,226464,22.6464
2026-08-19,폴바셋,압구정2호점,104148,10.4148
2026-08-19,폴바셋,한남 커피스테이션,107146,10.7146
2026-08-19,폴바셋,롯데몰 동부산점,127373,12.7373
2026-08-19,폴바셋,종각역점,250925,25.0925
2026-08-19,폴바셋,청담역점,155098,15.5098
2026-08-19,폴바셋,송도 센트럴파크점,85914,8.5914
2026-08-19,폴바셋,페럼타워점,241466,24.1466
2026-08-19,폴바셋,수서역점,141733,14.1733
2026-08-19,폴바셋,강서 부민병원점,250549,25.0549
2026-08-19,폴바셋,반포 쌍동빌딩점,132553,13.2553
2026-08-19,폴바셋,현대백화점 미아점,179827,17.9827
2026-08-19,폴바셋,스타필드빌리지 운정점,176009,17.6009
2026-08-19,폴바셋,교대역점,215647,21.5647
2026-08-19,폴바셋,신세계 센텀시티몰점,176556,17.6556
2026-08-19,폴바셋,강남역 삼성화재점,273554,27.3554
2026-08-19,폴바셋,강남삼성타운점,339737,33.9737
2026-08-19,폴바셋,광교엘포트몰점,170369,17.0369
2026-08-19,폴바셋,영등포 타임스퀘어점,210465,21.0465
2026-08-19,폴바셋,파르나스몰점,201103,20.1103
2026-08-19,폴바셋,청량리역점,143371,14.3371
2026-08-19,폴바셋,대구 수성못점,166917,16.6917
2026-08-19,폴바셋,인천 송도 DT점,186010,18.601
2026-08-19,폴바셋,광교 경기도청점,261826,26.1826
2026-08-19,폴바셋,코리아나호텔점,339831,33.9831
2026-08-19,폴바셋,수원컨트리클럽점,205645,20.5645
2026-08-19,폴바셋,광화문 G타워점,322649,32.2649
2026-08-19,폴바셋,해운대 팔라티움점,253645,25.3645
2026-08-19,폴바셋,현대아울렛 김포점,132463,13.2463
2026-08-19,폴바셋,여의도 부국증권점,363101,36.3101
2026-08-19,폴바셋,갤러리아 광교점,249810,24.981
2026-08-19,폴바셋,일산 마두점,478745,47.8745
2026-08-19,폴바셋,대치역점,288198,28.8198
2026-08-19,폴바셋,을지로 파인에비뉴점,447112,44.7112
2026-08-19,폴바셋,교보문고 강남점,383019,38.3019
2026-08-19,폴바셋,여의도 IFC몰점,498165,49.8165
2026-08-19,폴바셋,산본역점,428143,42.8143
2026-08-19,폴바셋,인천공항 T1 입국점,428757,42.8757
2026-08-19,폴바셋,연세암병원점,1025720,102.572
2026-08-19,폴바셋,제주공항 국내선점,739371,73.9371
2026-08-19,폴바셋,영종도 파라다이스시티점,595664,59.5664
2026-08-19,폴바셋,강남구청역점,763167,76.3167
2026-08-19,폴바셋,고대구로병원점,1051039,105.1039
2026-08-19,폴바셋,강남점,959089,95.9089
2026-08-19,폴바셋,사당 파스텔시티점,869598,86.9598
2026-08-19,폴바셋,인천공항 T2 입국점,804813,80.4813
2026-08-19,폴바셋,일원역점,1470147,147.0147
2026-08-19,폴바셋,광화문점,2781573,278.1573
2026-08-20,폴바셋,롯데백화점 대구점,4091,0.4091
2026-08-20,폴바셋,롯데백화점 동탄점,4091,0.4091
2026-08-20,폴바셋,롯데마트 양평점,4091,0.4091
2026-08-20,폴바셋,신세계백화점 광주점,4091,0.4091
2026-08-20,폴바셋,롯데마트 서초점,4091,0.4091
2026-08-20,폴바셋,롯데백화점 부산본점,0,0
2026-08-20,폴바셋,광화문 디타워점,4091,0.4091
2026-08-20,폴바셋,스타필드 수원점,0,0
2026-08-20,폴바셋,신세계백화점 대구 1호점,0,0
2026-08-20,폴바셋,대전엑스포 스카이점,0,0
2026-08-20,폴바셋,롯데백화점 노원점,12182,1.2182
2026-08-20,폴바셋,스타필드 하남 2호점,2091,0.2091
2026-08-20,폴바셋,갤러리아 타임월드점,11273,1.1273
2026-08-20,폴바셋,삼성전자 평택점,12273,1.2273
2026-08-20,폴바셋,롯데백화점 광주점,7182,0.7182
2026-08-20,폴바셋,롯데아울렛 남악점,17364,1.7364
2026-08-20,폴바셋,제주 용담 DT점,8182,0.8182
2026-08-20,폴바셋,현대모터스튜디오 서울점,11273,1.1273
2026-08-20,폴바셋,투고 바 롯데월드 어드벤처점,10273,1.0273
2026-08-20,폴바셋,현대백화점 충청점,15273,1.5273
2026-08-20,폴바셋,종로 G1점,14274,1.4274
2026-08-20,폴바셋,스타필드 안성점,8182,0.8182
2026-08-20,폴바셋,신세계백화점 의정부점,26546,2.6546
2026-08-20,폴바셋,현대백화점 천호점,26455,2.6455
2026-08-20,폴바셋,AK플라자 수원점,16273,1.6273
2026-08-20,폴바셋,롯데백화점 관악점,44637,4.4637
2026-08-20,폴바셋,현대아울렛 대전점,4091,0.4091
2026-08-20,폴바셋,현대백화점 울산점,26455,2.6455
2026-08-20,폴바셋,더현대 대구점,0,0
2026-08-20,폴바셋,롯데백화점 평촌점,32637,3.2637
2026-08-20,폴바셋,신세계백화점 센텀시티점,15273,1.5273
2026-08-20,폴바셋,포항 영일대 DT점,24273,2.4273
2026-08-20,폴바셋,롯데백화점 김포공항점,26546,2.6546
2026-08-20,폴바셋,롯데백화점 대전점,16182,1.6182
2026-08-20,폴바셋,삼성전자 온양캠퍼스점,15091,1.5091
2026-08-20,폴바셋,롯데백화점 창원점,36637,3.6637
2026-08-20,폴바셋,롯데아울렛 기흥점,20729,2.0729
2026-08-20,폴바셋,한국경제신문사점,37455,3.7455
2026-08-20,폴바셋,송도 SK바이오사이언스점,75275,7.5275
2026-08-20,폴바셋,롯데아울렛 광주수완점,33455,3.3455
2026-08-20,폴바셋,신세계 사우스시티점,4091,0.4091
2026-08-20,폴바셋,삼성 DSR점,54183,5.4183
2026-08-20,폴바셋,스타필드시티 위례점,20455,2.0455
2026-08-20,폴바셋,스타필드 고양 1호점,23364,2.3364
2026-08-20,폴바셋,여의도점,65001,6.5001
2026-08-20,폴바셋,뉴코아 강남점,23455,2.3455
2026-08-20,폴바셋,마산 회원 DT점,15273,1.5273
2026-08-20,폴바셋,AK플라자 광명점,36319,3.6319
2026-08-20,폴바셋,롯데백화점 울산점,49004,4.9004
2026-08-20,폴바셋,구미 봉곡 DT점,15364,1.5364
2026-08-20,폴바셋,롯데백화점 잠실점,43637,4.3637
2026-08-20,폴바셋,마산 해안대로 DT점,28364,2.8364
2026-08-20,폴바셋,롯데백화점 강남점,53001,5.3001
2026-08-20,폴바셋,스타필드 하남 1호점,16182,1.6182
2026-08-20,폴바셋,롯데백화점 광복점,19729,1.9729
2026-08-20,폴바셋,롯데몰 은평점,58092,5.8092
2026-08-20,폴바셋,광화문 흥국생명점,82365,8.2365
2026-08-20,폴바셋,롯데몰 수지점,46910,4.691
2026-08-20,폴바셋,NC타워 삼성점,75364,7.5364
2026-08-20,폴바셋,경산 옥곡 DT점,78365,7.8365
2026-08-20,폴바셋,롯데백화점 본점,46728,4.6728
2026-08-20,폴바셋,서소문점,53001,5.3001
2026-08-20,폴바셋,신세계백화점 대구 2호점,0,0
2026-08-20,폴바셋,대구 방촌 DT점,22455,2.2455
2026-08-20,폴바셋,부산 괴정 DT점,61001,6.1001
2026-08-20,폴바셋,부산 전포 DT점,25364,2.5364
2026-08-20,폴바셋,교보문고 합정점,58637,5.8637
2026-08-20,폴바셋,AK플라자 홍대점,89819,8.9819
2026-08-20,폴바셋,구로 G타워점,51819,5.1819
2026-08-20,폴바셋,오산대 DT점,50910,5.091
2026-08-20,폴바셋,경산 임당역 DT점,48910,4.891
2026-08-20,폴바셋,롯데월드 아이스링크점,52819,5.2819
2026-08-20,폴바셋,김포 구래 DT점,47910,4.791
2026-08-20,폴바셋,양산 웅상 DT점,45728,4.5728
2026-08-20,폴바셋,천안 구성 DT점,77092,7.7092
2026-08-20,폴바셋,대구 감삼 DT점,112911,11.2911
2026-08-20,폴바셋,MBC몰 파크점,159819,15.9819
2026-08-20,폴바셋,북수원IC DT점,97547,9.7547
2026-08-20,폴바셋,부산 대연 DT점,79365,7.9365
2026-08-20,폴바셋,신세계아울렛 시흥점,0,0
2026-08-20,폴바셋,파미에스테이션점,53910,5.391
2026-08-20,폴바셋,대구 만촌 DT점,62092,6.2092
2026-08-20,폴바셋,롯데월드몰점,31910,3.191
2026-08-20,폴바셋,GFC점,98547,9.8547
2026-08-20,폴바셋,부산 연산역점,86366,8.6366
2026-08-20,폴바셋,인스파이어점,34728,3.4728
2026-08-20,폴바셋,현대아울렛 남양주점,73460,7.346
2026-08-20,폴바셋,롯데아울렛 김해점,50275,5.0275
2026-08-20,폴바셋,전주 금암 DT점,54819,5.4819
2026-08-20,폴바셋,롯데아울렛 이시아폴리스점,84714,8.4714
2026-08-20,폴바셋,광명 철산 DT점,39410,3.941
2026-08-20,폴바셋,경주 교동 DT점,28364,2.8364
2026-08-20,폴바셋,강서 마곡 DT점,104547,10.4547
2026-08-20,폴바셋,용인시청 DT점,36455,3.6455
2026-08-20,폴바셋,부산 금곡 강변점,78731,7.8731
2026-08-20,폴바셋,롯데아울렛 이천점,61459,6.1459
2026-08-20,폴바셋,수원 월드컵경기장점,86365,8.6365
2026-08-20,폴바셋,롯데백화점 중동점,82095,8.2095
2026-08-20,폴바셋,제주 아라 DT점,44546,4.4546
2026-08-20,폴바셋,증미역점,87184,8.7184
2026-08-20,폴바셋,여의도 현대카드점,152088,15.2088
2026-08-20,폴바셋,광화문 예금보험공사점,194673,19.4673
2026-08-20,폴바셋,고창 선운사점,84966,8.4966
2026-08-20,폴바셋,롯데백화점 상인점,105642,10.5642
2026-08-20,폴바셋,평택 소사 DT점,63001,6.3001
2026-08-20,폴바셋,상일동점,111734,11.1734
2026-08-20,폴바셋,코엑스몰점,167457,16.7457
2026-08-20,폴바셋,혜화역점,74910,7.491
2026-08-20,폴바셋,선릉역 동훈타워점,229831,22.9831
2026-08-20,폴바셋,연세와병원점,94457,9.4457
2026-08-20,폴바셋,송도 트리플스트리트점,123641,12.3641
2026-08-20,폴바셋,청주 방서 DT점,150555,15.0555
2026-08-20,폴바셋,용산 아이파크몰점,122643,12.2643
2026-08-20,폴바셋,여의도 국회대로점,130658,13.0658
2026-08-20,폴바셋,압구정2호점,114549,11.4549
2026-08-20,폴바셋,한남 커피스테이션,147373,14.7373
2026-08-20,폴바셋,롯데몰 동부산점,130646,13.0646
2026-08-20,폴바셋,종각역점,222413,22.2413
2026-08-20,폴바셋,청담역점,234100,23.41
2026-08-20,폴바셋,송도 센트럴파크점,124731,12.4731
2026-08-20,폴바셋,페럼타워점,223466,22.3466
2026-08-20,폴바셋,수서역점,173875,17.3875
2026-08-20,폴바셋,강서 부민병원점,144094,14.4094
2026-08-20,폴바셋,반포 쌍동빌딩점,198734,19.8734
2026-08-20,폴바셋,현대백화점 미아점,192279,19.2279
2026-08-20,폴바셋,스타필드빌리지 운정점,200372,20.0372
2026-08-20,폴바셋,교대역점,204464,20.4464
2026-08-20,폴바셋,신세계 센텀시티몰점,124642,12.4642
2026-08-20,폴바셋,강남역 삼성화재점,195287,19.5287
2026-08-20,폴바셋,강남삼성타운점,322496,32.2496
2026-08-20,폴바셋,광교엘포트몰점,205282,20.5282
2026-08-20,폴바셋,영등포 타임스퀘어점,225372,22.5372
2026-08-20,폴바셋,파르나스몰점,292846,29.2846
2026-08-20,폴바셋,청량리역점,234104,23.4104
2026-08-20,폴바셋,대구 수성못점,179678,17.9678
2026-08-20,폴바셋,인천 송도 DT점,222560,22.256
2026-08-20,폴바셋,광교 경기도청점,248462,24.8462
2026-08-20,폴바셋,코리아나호텔점,332922,33.2922
2026-08-20,폴바셋,수원컨트리클럽점,287830,28.783
2026-08-20,폴바셋,광화문 G타워점,274668,27.4668
2026-08-20,폴바셋,해운대 팔라티움점,154281,15.4281
2026-08-20,폴바셋,현대아울렛 김포점,155735,15.5735
2026-08-20,폴바셋,여의도 부국증권점,550014,55.0014
2026-08-20,폴바셋,갤러리아 광교점,271100,27.11
2026-08-20,폴바셋,일산 마두점,275015,27.5015
2026-08-20,폴바셋,대치역점,307286,30.7286
2026-08-20,폴바셋,을지로 파인에비뉴점,416294,41.6294
2026-08-20,폴바셋,교보문고 강남점,347742,34.7742
2026-08-20,폴바셋,여의도 IFC몰점,430852,43.0852
2026-08-20,폴바셋,산본역점,474297,47.4297
2026-08-20,폴바셋,인천공항 T1 입국점,570766,57.0766
2026-08-20,폴바셋,연세암병원점,1002888,100.2888
2026-08-20,폴바셋,제주공항 국내선점,596833,59.6833
2026-08-20,폴바셋,영종도 파라다이스시티점,604199,60.4199
2026-08-20,폴바셋,강남구청역점,829312,82.9312
2026-08-20,폴바셋,고대구로병원점,1217264,121.7264
2026-08-20,폴바셋,강남점,1032792,103.2792
2026-08-20,폴바셋,사당 파스텔시티점,868937,86.8937
2026-08-20,폴바셋,인천공항 T2 입국점,1005823,100.5823
2026-08-20,폴바셋,일원역점,1438781,143.8781
2026-08-20,폴바셋,광화문점,2985207,298.5207
2026-08-21,폴바셋,롯데백화점 대구점,2091,0.2091
2026-08-21,폴바셋,롯데백화점 동탄점,6182,0.6182
2026-08-21,폴바셋,롯데마트 양평점,0,0
2026-08-21,폴바셋,신세계백화점 광주점,8182,0.8182
2026-08-21,폴바셋,롯데마트 서초점,0,0
2026-08-21,폴바셋,롯데백화점 부산본점,4000,0.4
2026-08-21,폴바셋,광화문 디타워점,2000,0.2
2026-08-21,폴바셋,스타필드 수원점,0,0
2026-08-21,폴바셋,신세계백화점 대구 1호점,2000,0.2
2026-08-21,폴바셋,대전엑스포 스카이점,0,0
2026-08-21,폴바셋,롯데백화점 노원점,0,0
2026-08-21,폴바셋,스타필드 하남 2호점,11046,1.1046
2026-08-21,폴바셋,갤러리아 타임월드점,2000,0.2
2026-08-21,폴바셋,삼성전자 평택점,12273,1.2273
2026-08-21,폴바셋,롯데백화점 광주점,4091,0.4091
2026-08-21,폴바셋,롯데아울렛 남악점,8091,0.8091
2026-08-21,폴바셋,제주 용담 DT점,4091,0.4091
2026-08-21,폴바셋,현대모터스튜디오 서울점,33819,3.3819
2026-08-21,폴바셋,투고 바 롯데월드 어드벤처점,12273,1.2273
2026-08-21,폴바셋,현대백화점 충청점,8182,0.8182
2026-08-21,폴바셋,종로 G1점,12364,1.2364
2026-08-21,폴바셋,스타필드 안성점,10091,1.0091
2026-08-21,폴바셋,신세계백화점 의정부점,19364,1.9364
2026-08-21,폴바셋,현대백화점 천호점,24273,2.4273
2026-08-21,폴바셋,AK플라자 수원점,14364,1.4364
2026-08-21,폴바셋,롯데백화점 관악점,28364,2.8364
2026-08-21,폴바셋,현대아울렛 대전점,18137,1.8137
2026-08-21,폴바셋,현대백화점 울산점,18073,1.8073
2026-08-21,폴바셋,더현대 대구점,35546,3.5546
2026-08-21,폴바셋,롯데백화점 평촌점,39637,3.9637
2026-08-21,폴바셋,신세계백화점 센텀시티점,16273,1.6273
2026-08-21,폴바셋,포항 영일대 DT점,10091,1.0091
2026-08-21,폴바셋,롯데백화점 김포공항점,26455,2.6455
2026-08-21,폴바셋,롯데백화점 대전점,26364,2.6364
2026-08-21,폴바셋,삼성전자 온양캠퍼스점,42091,4.2091
2026-08-21,폴바셋,롯데백화점 창원점,34637,3.4637
2026-08-21,폴바셋,롯데아울렛 기흥점,3455,0.3455
2026-08-21,폴바셋,한국경제신문사점,20273,2.0273
2026-08-21,폴바셋,송도 SK바이오사이언스점,39727,3.9727
2026-08-21,폴바셋,롯데아울렛 광주수완점,35546,3.5546
2026-08-21,폴바셋,신세계 사우스시티점,24273,2.4273
2026-08-21,폴바셋,삼성 DSR점,41728,4.1728
2026-08-21,폴바셋,스타필드시티 위례점,60092,6.0092
2026-08-21,폴바셋,스타필드 고양 1호점,23364,2.3364
2026-08-21,폴바셋,여의도점,46728,4.6728
2026-08-21,폴바셋,뉴코아 강남점,17364,1.7364
2026-08-21,폴바셋,마산 회원 DT점,47728,4.7728
2026-08-21,폴바셋,AK플라자 광명점,10000,1
2026-08-21,폴바셋,롯데백화점 울산점,25547,2.5547
2026-08-21,폴바셋,구미 봉곡 DT점,26546,2.6546
2026-08-21,폴바셋,롯데백화점 잠실점,11273,1.1273
2026-08-21,폴바셋,마산 해안대로 DT점,26273,2.6273
2026-08-21,폴바셋,롯데백화점 강남점,31728,3.1728
2026-08-21,폴바셋,스타필드 하남 1호점,8091,0.8091
2026-08-21,폴바셋,롯데백화점 광복점,74412,7.4412
2026-08-21,폴바셋,롯데몰 은평점,56728,5.6728
2026-08-21,폴바셋,광화문 흥국생명점,45728,4.5728
2026-08-21,폴바셋,롯데몰 수지점,53092,5.3092
2026-08-21,폴바셋,NC타워 삼성점,41546,4.1546
2026-08-21,폴바셋,경산 옥곡 DT점,38546,3.8546
2026-08-21,폴바셋,롯데백화점 본점,107274,10.7274
2026-08-21,폴바셋,서소문점,37728,3.7728
2026-08-21,폴바셋,신세계백화점 대구 2호점,46537,4.6537
2026-08-21,폴바셋,대구 방촌 DT점,62001,6.2001
2026-08-21,폴바셋,부산 괴정 DT점,44819,4.4819
2026-08-21,폴바셋,부산 전포 DT점,40637,4.0637
2026-08-21,폴바셋,교보문고 합정점,28364,2.8364
2026-08-21,폴바셋,AK플라자 홍대점,71119,7.1119
2026-08-21,폴바셋,구로 G타워점,69001,6.9001
2026-08-21,폴바셋,오산대 DT점,81183,8.1183
2026-08-21,폴바셋,경산 임당역 DT점,57728,5.7728
2026-08-21,폴바셋,롯데월드 아이스링크점,21846,2.1846
2026-08-21,폴바셋,김포 구래 DT점,77456,7.7456
2026-08-21,폴바셋,양산 웅상 DT점,39546,3.9546
2026-08-21,폴바셋,천안 구성 DT점,60910,6.091
2026-08-21,폴바셋,대구 감삼 DT점,33546,3.3546
2026-08-21,폴바셋,MBC몰 파크점,63092,6.3092
2026-08-21,폴바셋,북수원IC DT점,63092,6.3092
2026-08-21,폴바셋,부산 대연 DT점,138638,13.8638
2026-08-21,폴바셋,신세계아울렛 시흥점,45730,4.573
2026-08-21,폴바셋,파미에스테이션점,70001,7.0001
2026-08-21,폴바셋,대구 만촌 DT점,96365,9.6365
2026-08-21,폴바셋,롯데월드몰점,43638,4.3638
2026-08-21,폴바셋,GFC점,123856,12.3856
2026-08-21,폴바셋,부산 연산역점,130732,13.0732
2026-08-21,폴바셋,인스파이어점,32455,3.2455
2026-08-21,폴바셋,현대아울렛 남양주점,64778,6.4778
2026-08-21,폴바셋,롯데아울렛 김해점,89367,8.9367
2026-08-21,폴바셋,전주 금암 DT점,86819,8.6819
2026-08-21,폴바셋,롯데아울렛 이시아폴리스점,39847,3.9847
2026-08-21,폴바셋,광명 철산 DT점,57092,5.7092
2026-08-21,폴바셋,경주 교동 DT점,28364,2.8364
2026-08-21,폴바셋,강서 마곡 DT점,40728,4.0728
2026-08-21,폴바셋,용인시청 DT점,74183,7.4183
2026-08-21,폴바셋,부산 금곡 강변점,70456,7.0456
2026-08-21,폴바셋,롯데아울렛 이천점,77457,7.7457
2026-08-21,폴바셋,수원 월드컵경기장점,100638,10.0638
2026-08-21,폴바셋,롯데백화점 중동점,70002,7.0002
2026-08-21,폴바셋,제주 아라 DT점,65092,6.5092
2026-08-21,폴바셋,증미역점,78275,7.8275
2026-08-21,폴바셋,여의도 현대카드점,187124,18.7124
2026-08-21,폴바셋,광화문 예금보험공사점,197531,19.7531
2026-08-21,폴바셋,고창 선운사점,45550,4.555
2026-08-21,폴바셋,롯데백화점 상인점,89096,8.9096
2026-08-21,폴바셋,평택 소사 DT점,152729,15.2729
2026-08-21,폴바셋,상일동점,127826,12.7826
2026-08-21,폴바셋,코엑스몰점,155229,15.5229
2026-08-21,폴바셋,혜화역점,89092,8.9092
2026-08-21,폴바셋,선릉역 동훈타워점,204554,20.4554
2026-08-21,폴바셋,연세와병원점,96186,9.6186
2026-08-21,폴바셋,송도 트리플스트리트점,147087,14.7087
2026-08-21,폴바셋,청주 방서 DT점,157006,15.7006
2026-08-21,폴바셋,용산 아이파크몰점,127371,12.7371
2026-08-21,폴바셋,여의도 국회대로점,107095,10.7095
2026-08-21,폴바셋,압구정2호점,136007,13.6007
2026-08-21,폴바셋,한남 커피스테이션,145054,14.5054
2026-08-21,폴바셋,롯데몰 동부산점,138097,13.8097
2026-08-21,폴바셋,종각역점,243105,24.3105
2026-08-21,폴바셋,청담역점,237191,23.7191
2026-08-21,폴바셋,송도 센트럴파크점,112185,11.2185
2026-08-21,폴바셋,페럼타워점,187736,18.7736
2026-08-21,폴바셋,수서역점,229286,22.9286
2026-08-21,폴바셋,강서 부민병원점,156550,15.655
2026-08-21,폴바셋,반포 쌍동빌딩점,219825,21.9825
2026-08-21,폴바셋,현대백화점 미아점,221556,22.1556
2026-08-21,폴바셋,스타필드빌리지 운정점,176553,17.6553
2026-08-21,폴바셋,교대역점,285312,28.5312
2026-08-21,폴바셋,신세계 센텀시티몰점,218196,21.8196
2026-08-21,폴바셋,강남역 삼성화재점,196919,19.6919
2026-08-21,폴바셋,강남삼성타운점,199790,19.979
2026-08-21,폴바셋,광교엘포트몰점,177370,17.737
2026-08-21,폴바셋,영등포 타임스퀘어점,196738,19.6738
2026-08-21,폴바셋,파르나스몰점,257014,25.7014
2026-08-21,폴바셋,청량리역점,191739,19.1739
2026-08-21,폴바셋,대구 수성못점,168463,16.8463
2026-08-21,폴바셋,인천 송도 DT점,173105,17.3105
2026-08-21,폴바셋,광교 경기도청점,278372,27.8372
2026-08-21,폴바셋,코리아나호텔점,394561,39.4561
2026-08-21,폴바셋,수원컨트리클럽점,200011,20.0011
2026-08-21,폴바셋,광화문 G타워점,341451,34.1451
2026-08-21,폴바셋,해운대 팔라티움점,290420,29.042
2026-08-21,폴바셋,현대아울렛 김포점,188556,18.8556
2026-08-21,폴바셋,여의도 부국증권점,526654,52.6654
2026-08-21,폴바셋,갤러리아 광교점,205372,20.5372
2026-08-21,폴바셋,일산 마두점,345673,34.5673
2026-08-21,폴바셋,대치역점,354474,35.4474
2026-08-21,폴바셋,을지로 파인에비뉴점,476567,47.6567
2026-08-21,폴바셋,교보문고 강남점,430288,43.0288
2026-08-21,폴바셋,여의도 IFC몰점,542480,54.248
2026-08-21,폴바셋,산본역점,482573,48.2573
2026-08-21,폴바셋,인천공항 T1 입국점,558585,55.8585
2026-08-21,폴바셋,연세암병원점,643616,64.3616
2026-08-21,폴바셋,제주공항 국내선점,391920,39.192
2026-08-21,폴바셋,영종도 파라다이스시티점,618300,61.83
2026-08-21,폴바셋,강남구청역점,1018506,101.8506
2026-08-21,폴바셋,고대구로병원점,826756,82.6756
2026-08-21,폴바셋,강남점,989985,98.9985
2026-08-21,폴바셋,사당 파스텔시티점,947541,94.7541
2026-08-21,폴바셋,인천공항 T2 입국점,1122285,112.2285
2026-08-21,폴바셋,일원역점,1664602,166.4602
2026-08-21,폴바셋,광화문점,2929755,292.9755
2026-08-22,폴바셋,롯데백화점 대구점,0,0
2026-08-22,폴바셋,롯데백화점 동탄점,0,0
2026-08-22,폴바셋,롯데마트 양평점,0,0
2026-08-22,폴바셋,신세계백화점 광주점,8273,0.8273
2026-08-22,폴바셋,롯데마트 서초점,0,0
2026-08-22,폴바셋,롯데백화점 부산본점,4091,0.4091
2026-08-22,폴바셋,광화문 디타워점,2864,0.2864
2026-08-22,폴바셋,스타필드 수원점,2091,0.2091
2026-08-22,폴바셋,신세계백화점 대구 1호점,14273,1.4273
2026-08-22,폴바셋,대전엑스포 스카이점,4091,0.4091
2026-08-22,폴바셋,롯데백화점 노원점,8182,0.8182
2026-08-22,폴바셋,스타필드 하남 2호점,16364,1.6364
2026-08-22,폴바셋,갤러리아 타임월드점,15273,1.5273
2026-08-22,폴바셋,삼성전자 평택점,0,0
2026-08-22,폴바셋,롯데백화점 광주점,39546,3.9546
2026-08-22,폴바셋,롯데아울렛 남악점,0,0
2026-08-22,폴바셋,제주 용담 DT점,9646,0.9646
2026-08-22,폴바셋,현대모터스튜디오 서울점,31728,3.1728
2026-08-22,폴바셋,투고 바 롯데월드 어드벤처점,14364,1.4364
2026-08-22,폴바셋,현대백화점 충청점,6091,0.6091
2026-08-22,폴바셋,종로 G1점,19456,1.9456
2026-08-22,폴바셋,스타필드 안성점,25818,2.5818
2026-08-22,폴바셋,신세계백화점 의정부점,35637,3.5637
2026-08-22,폴바셋,현대백화점 천호점,25455,2.5455
2026-08-22,폴바셋,AK플라자 수원점,47819,4.7819
2026-08-22,폴바셋,롯데백화점 관악점,24546,2.4546
2026-08-22,폴바셋,현대아울렛 대전점,15455,1.5455
2026-08-22,폴바셋,현대백화점 울산점,24364,2.4364
2026-08-22,폴바셋,더현대 대구점,25228,2.5228
2026-08-22,폴바셋,롯데백화점 평촌점,37819,3.7819
2026-08-22,폴바셋,신세계백화점 센텀시티점,43819,4.3819
2026-08-22,폴바셋,포항 영일대 DT점,12273,1.2273
2026-08-22,폴바셋,롯데백화점 김포공항점,21455,2.1455
2026-08-22,폴바셋,롯데백화점 대전점,35119,3.5119
2026-08-22,폴바셋,삼성전자 온양캠퍼스점,0,0
2026-08-22,폴바셋,롯데백화점 창원점,17273,1.7273
2026-08-22,폴바셋,롯데아울렛 기흥점,46094,4.6094
2026-08-22,폴바셋,한국경제신문사점,53819,5.3819
2026-08-22,폴바셋,송도 SK바이오사이언스점,0,0
2026-08-22,폴바셋,롯데아울렛 광주수완점,42637,4.2637
2026-08-22,폴바셋,신세계 사우스시티점,16182,1.6182
2026-08-22,폴바셋,삼성 DSR점,24273,2.4273
2026-08-22,폴바셋,스타필드시티 위례점,12273,1.2273
2026-08-22,폴바셋,스타필드 고양 1호점,23455,2.3455
2026-08-22,폴바셋,여의도점,0,0
2026-08-22,폴바셋,뉴코아 강남점,28364,2.8364
2026-08-22,폴바셋,마산 회원 DT점,79183,7.9183
2026-08-22,폴바셋,AK플라자 광명점,54091,5.4091
2026-08-22,폴바셋,롯데백화점 울산점,54819,5.4819
2026-08-22,폴바셋,구미 봉곡 DT점,51092,5.1092
2026-08-22,폴바셋,롯데백화점 잠실점,35728,3.5728
2026-08-22,폴바셋,마산 해안대로 DT점,66001,6.6001
2026-08-22,폴바셋,롯데백화점 강남점,81547,8.1547
2026-08-22,폴바셋,스타필드 하남 1호점,64819,6.4819
2026-08-22,폴바셋,롯데백화점 광복점,46185,4.6185
2026-08-22,폴바셋,롯데몰 은평점,71910,7.191
2026-08-22,폴바셋,광화문 흥국생명점,0,0
2026-08-22,폴바셋,롯데몰 수지점,39501,3.9501
2026-08-22,폴바셋,NC타워 삼성점,0,0
2026-08-22,폴바셋,경산 옥곡 DT점,42819,4.2819
2026-08-22,폴바셋,롯데백화점 본점,58001,5.8001
2026-08-22,폴바셋,서소문점,8091,0.8091
2026-08-22,폴바셋,신세계백화점 대구 2호점,53001,5.3001
2026-08-22,폴바셋,대구 방촌 DT점,85729,8.5729
2026-08-22,폴바셋,부산 괴정 DT점,48819,4.8819
2026-08-22,폴바셋,부산 전포 DT점,112911,11.2911
2026-08-22,폴바셋,교보문고 합정점,40455,4.0455
2026-08-22,폴바셋,AK플라자 홍대점,53001,5.3001
2026-08-22,폴바셋,구로 G타워점,44910,4.491
2026-08-22,폴바셋,오산대 DT점,50819,5.0819
2026-08-22,폴바셋,경산 임당역 DT점,55001,5.5001
2026-08-22,폴바셋,롯데월드 아이스링크점,80365,8.0365
2026-08-22,폴바셋,김포 구래 DT점,105638,10.5638
2026-08-22,폴바셋,양산 웅상 DT점,67001,6.7001
2026-08-22,폴바셋,천안 구성 DT점,91546,9.1546
2026-08-22,폴바셋,대구 감삼 DT점,71547,7.1547
2026-08-22,폴바셋,MBC몰 파크점,81183,8.1183
2026-08-22,폴바셋,북수원IC DT점,74274,7.4274
2026-08-22,폴바셋,부산 대연 DT점,49819,4.9819
2026-08-22,폴바셋,신세계아울렛 시흥점,111370,11.137
2026-08-22,폴바셋,파미에스테이션점,62092,6.2092
2026-08-22,폴바셋,대구 만촌 DT점,104502,10.4502
2026-08-22,폴바셋,롯데월드몰점,69185,6.9185
2026-08-22,폴바셋,GFC점,16182,1.6182
2026-08-22,폴바셋,부산 연산역점,52429,5.2429
2026-08-22,폴바셋,인스파이어점,244731,24.4731
2026-08-22,폴바셋,현대아울렛 남양주점,130828,13.0828
2026-08-22,폴바셋,롯데아울렛 김해점,119369,11.9369
2026-08-22,폴바셋,전주 금암 DT점,68183,6.8183
2026-08-22,폴바셋,롯데아울렛 이시아폴리스점,114459,11.4459
2026-08-22,폴바셋,광명 철산 DT점,90456,9.0456
2026-08-22,폴바셋,경주 교동 DT점,39637,3.9637
2026-08-22,폴바셋,강서 마곡 DT점,72183,7.2183
2026-08-22,폴바셋,용인시청 DT점,86502,8.6502
2026-08-22,폴바셋,부산 금곡 강변점,67548,6.7548
2026-08-22,폴바셋,롯데아울렛 이천점,118824,11.8824
2026-08-22,폴바셋,수원 월드컵경기장점,171730,17.173
2026-08-22,폴바셋,롯데백화점 중동점,199644,19.9644
2026-08-22,폴바셋,제주 아라 DT점,108638,10.8638
2026-08-22,폴바셋,증미역점,141458,14.1458
2026-08-22,폴바셋,여의도 현대카드점,0,0
2026-08-22,폴바셋,광화문 예금보험공사점,21319,2.1319
2026-08-22,폴바셋,고창 선운사점,298247,29.8247
2026-08-22,폴바셋,롯데백화점 상인점,159445,15.9445
2026-08-22,폴바셋,평택 소사 DT점,182639,18.2639
2026-08-22,폴바셋,상일동점,117280,11.728
2026-08-22,폴바셋,코엑스몰점,58319,5.8319
2026-08-22,폴바셋,혜화역점,167911,16.7911
2026-08-22,폴바셋,선릉역 동훈타워점,18591,1.8591
2026-08-22,폴바셋,연세와병원점,129766,12.9766
2026-08-22,폴바셋,송도 트리플스트리트점,197553,19.7553
2026-08-22,폴바셋,청주 방서 DT점,197555,19.7555
2026-08-22,폴바셋,용산 아이파크몰점,236107,23.6107
2026-08-22,폴바셋,여의도 국회대로점,94733,9.4733
2026-08-22,폴바셋,압구정2호점,219102,21.9102
2026-08-22,폴바셋,한남 커피스테이션,198299,19.8299
2026-08-22,폴바셋,롯데몰 동부산점,251369,25.1369
2026-08-22,폴바셋,종각역점,102552,10.2552
2026-08-22,폴바셋,청담역점,108915,10.8915
2026-08-22,폴바셋,송도 센트럴파크점,151573,15.1573
2026-08-22,폴바셋,페럼타워점,11819,1.1819
2026-08-22,폴바셋,수서역점,148282,14.8282
2026-08-22,폴바셋,강서 부민병원점,221011,22.1011
2026-08-22,폴바셋,반포 쌍동빌딩점,292015,29.2015
2026-08-22,폴바셋,현대백화점 미아점,236833,23.6833
2026-08-22,폴바셋,스타필드빌리지 운정점,224740,22.474
2026-08-22,폴바셋,교대역점,211735,21.1735
2026-08-22,폴바셋,신세계 센텀시티몰점,268560,26.856
2026-08-22,폴바셋,강남역 삼성화재점,212920,21.292
2026-08-22,폴바셋,강남삼성타운점,152189,15.2189
2026-08-22,폴바셋,광교엘포트몰점,320829,32.0829
2026-08-22,폴바셋,영등포 타임스퀘어점,273652,27.3652
2026-08-22,폴바셋,파르나스몰점,178922,17.8922
2026-08-22,폴바셋,청량리역점,332007,33.2007
2026-08-22,폴바셋,대구 수성못점,336653,33.6653
2026-08-22,폴바셋,인천 송도 DT점,343947,34.3947
2026-08-22,폴바셋,광교 경기도청점,294010,29.401
2026-08-22,폴바셋,코리아나호텔점,219466,21.9466
2026-08-22,폴바셋,수원컨트리클럽점,224194,22.4194
2026-08-22,폴바셋,광화문 G타워점,325470,32.547
2026-08-22,폴바셋,해운대 팔라티움점,234295,23.4295
2026-08-22,폴바셋,현대아울렛 김포점,475302,47.5302
2026-08-22,폴바셋,여의도 부국증권점,271463,27.1463
2026-08-22,폴바셋,갤러리아 광교점,425482,42.5482
2026-08-22,폴바셋,일산 마두점,439205,43.9205
2026-08-22,폴바셋,대치역점,454568,45.4568
2026-08-22,폴바셋,을지로 파인에비뉴점,335834,33.5834
2026-08-22,폴바셋,교보문고 강남점,659853,65.9853
2026-08-22,폴바셋,여의도 IFC몰점,453621,45.3621
2026-08-22,폴바셋,산본역점,737787,73.7787
2026-08-22,폴바셋,인천공항 T1 입국점,593853,59.3853
2026-08-22,폴바셋,연세암병원점,198350,19.835
2026-08-22,폴바셋,제주공항 국내선점,404191,40.4191
2026-08-22,폴바셋,영종도 파라다이스시티점,797514,79.7514
2026-08-22,폴바셋,강남구청역점,610384,61.0384
2026-08-22,폴바셋,고대구로병원점,523924,52.3924
2026-08-22,폴바셋,강남점,885013,88.5013
2026-08-22,폴바셋,사당 파스텔시티점,1009402,100.9402
2026-08-22,폴바셋,인천공항 T2 입국점,954730,95.473
2026-08-22,폴바셋,일원역점,1548040,154.804
2026-08-22,폴바셋,광화문점,1699742,169.9742
2026-08-23,폴바셋,롯데백화점 대구점,5728,0.5728
2026-08-23,폴바셋,롯데백화점 동탄점,8182,0.8182
2026-08-23,폴바셋,롯데마트 양평점,0,0
2026-08-23,폴바셋,신세계백화점 광주점,0,0
2026-08-23,폴바셋,롯데마트 서초점,2000,0.2
2026-08-23,폴바셋,롯데백화점 부산본점,14273,1.4273
2026-08-23,폴바셋,광화문 디타워점,0,0
2026-08-23,폴바셋,스타필드 수원점,4091,0.4091
2026-08-23,폴바셋,신세계백화점 대구 1호점,0,0
2026-08-23,폴바셋,대전엑스포 스카이점,10273,1.0273
2026-08-23,폴바셋,롯데백화점 노원점,8182,0.8182
2026-08-23,폴바셋,스타필드 하남 2호점,6182,0.6182
2026-08-23,폴바셋,갤러리아 타임월드점,14182,1.4182
2026-08-23,폴바셋,삼성전자 평택점,0,0
2026-08-23,폴바셋,롯데백화점 광주점,0,0
2026-08-23,폴바셋,롯데아울렛 남악점,2091,0.2091
2026-08-23,폴바셋,제주 용담 DT점,16364,1.6364
2026-08-23,폴바셋,현대모터스튜디오 서울점,19636,1.9636
2026-08-23,폴바셋,투고 바 롯데월드 어드벤처점,24455,2.4455
2026-08-23,폴바셋,현대백화점 충청점,10091,1.0091
2026-08-23,폴바셋,종로 G1점,0,0
2026-08-23,폴바셋,스타필드 안성점,25818,2.5818
2026-08-23,폴바셋,신세계백화점 의정부점,12000,1.2
2026-08-23,폴바셋,현대백화점 천호점,20455,2.0455
2026-08-23,폴바셋,AK플라자 수원점,19273,1.9273
2026-08-23,폴바셋,롯데백화점 관악점,16273,1.6273
2026-08-23,폴바셋,현대아울렛 대전점,42819,4.2819
2026-08-23,폴바셋,현대백화점 울산점,24455,2.4455
2026-08-23,폴바셋,더현대 대구점,32455,3.2455
2026-08-23,폴바셋,롯데백화점 평촌점,40819,4.0819
2026-08-23,폴바셋,신세계백화점 센텀시티점,8182,0.8182
2026-08-23,폴바셋,포항 영일대 DT점,32546,3.2546
2026-08-23,폴바셋,롯데백화점 김포공항점,21273,2.1273
2026-08-23,폴바셋,롯데백화점 대전점,13846,1.3846
2026-08-23,폴바셋,삼성전자 온양캠퍼스점,0,0
2026-08-23,폴바셋,롯데백화점 창원점,22273,2.2273
2026-08-23,폴바셋,롯데아울렛 기흥점,46094,4.6094
2026-08-23,폴바셋,한국경제신문사점,15273,1.5273
2026-08-23,폴바셋,송도 SK바이오사이언스점,0,0
2026-08-23,폴바셋,롯데아울렛 광주수완점,21364,2.1364
2026-08-23,폴바셋,신세계 사우스시티점,20273,2.0273
2026-08-23,폴바셋,삼성 DSR점,0,0
2026-08-23,폴바셋,스타필드시티 위례점,20455,2.0455
2026-08-23,폴바셋,스타필드 고양 1호점,56910,5.691
2026-08-23,폴바셋,여의도점,16182,1.6182
2026-08-23,폴바셋,뉴코아 강남점,20273,2.0273
2026-08-23,폴바셋,마산 회원 DT점,32364,3.2364
2026-08-23,폴바셋,AK플라자 광명점,69818,6.9818
2026-08-23,폴바셋,롯데백화점 울산점,43367,4.3367
2026-08-23,폴바셋,구미 봉곡 DT점,68956,6.8956
2026-08-23,폴바셋,롯데백화점 잠실점,16273,1.6273
2026-08-23,폴바셋,마산 해안대로 DT점,16273,1.6273
2026-08-23,폴바셋,롯데백화점 강남점,43819,4.3819
2026-08-23,폴바셋,스타필드 하남 1호점,38637,3.8637
2026-08-23,폴바셋,롯데백화점 광복점,30829,3.0829
2026-08-23,폴바셋,롯데몰 은평점,22364,2.2364
2026-08-23,폴바셋,광화문 흥국생명점,0,0
2026-08-23,폴바셋,롯데몰 수지점,35546,3.5546
2026-08-23,폴바셋,NC타워 삼성점,0,0
2026-08-23,폴바셋,경산 옥곡 DT점,45819,4.5819
2026-08-23,폴바셋,롯데백화점 본점,30091,3.0091
2026-08-23,폴바셋,서소문점,42728,4.2728
2026-08-23,폴바셋,신세계백화점 대구 2호점,40637,4.0637
2026-08-23,폴바셋,대구 방촌 DT점,24273,2.4273
2026-08-23,폴바셋,부산 괴정 DT점,45819,4.5819
2026-08-23,폴바셋,부산 전포 DT점,38364,3.8364
2026-08-23,폴바셋,교보문고 합정점,34546,3.4546
2026-08-23,폴바셋,AK플라자 홍대점,42546,4.2546
2026-08-23,폴바셋,구로 G타워점,32455,3.2455
2026-08-23,폴바셋,오산대 DT점,72001,7.2001
2026-08-23,폴바셋,경산 임당역 DT점,50637,5.0637
2026-08-23,폴바셋,롯데월드 아이스링크점,24364,2.4364
2026-08-23,폴바셋,김포 구래 DT점,27410,2.741
2026-08-23,폴바셋,양산 웅상 DT점,56001,5.6001
2026-08-23,폴바셋,천안 구성 DT점,58028,5.8028
2026-08-23,폴바셋,대구 감삼 DT점,79865,7.9865
2026-08-23,폴바셋,MBC몰 파크점,34273,3.4273
2026-08-23,폴바셋,북수원IC DT점,50819,5.0819
2026-08-23,폴바셋,부산 대연 DT점,98911,9.8911
2026-08-23,폴바셋,신세계아울렛 시흥점,130735,13.0735
2026-08-23,폴바셋,파미에스테이션점,44546,4.4546
2026-08-23,폴바셋,대구 만촌 DT점,59092,5.9092
2026-08-23,폴바셋,롯데월드몰점,59092,5.9092
2026-08-23,폴바셋,GFC점,12182,1.2182
2026-08-23,폴바셋,부산 연산역점,12001,1.2001
2026-08-23,폴바셋,인스파이어점,87183,8.7183
2026-08-23,폴바셋,현대아울렛 남양주점,123190,12.319
2026-08-23,폴바셋,롯데아울렛 김해점,105279,10.5279
2026-08-23,폴바셋,전주 금암 DT점,102728,10.2728
2026-08-23,폴바셋,롯데아울렛 이시아폴리스점,84185,8.4185
2026-08-23,폴바셋,광명 철산 DT점,69274,6.9274
2026-08-23,폴바셋,경주 교동 DT점,86274,8.6274
2026-08-23,폴바셋,강서 마곡 DT점,80274,8.0274
2026-08-23,폴바셋,용인시청 DT점,81847,8.1847
2026-08-23,폴바셋,부산 금곡 강변점,108567,10.8567
2026-08-23,폴바셋,롯데아울렛 이천점,114279,11.4279
2026-08-23,폴바셋,수원 월드컵경기장점,77001,7.7001
2026-08-23,폴바셋,롯데백화점 중동점,128823,12.8823
2026-08-23,폴바셋,제주 아라 DT점,57683,5.7683
2026-08-23,폴바셋,증미역점,130913,13.0913
2026-08-23,폴바셋,여의도 현대카드점,0,0
2026-08-23,폴바셋,광화문 예금보험공사점,25818,2.5818
2026-08-23,폴바셋,고창 선운사점,231431,23.1431
2026-08-23,폴바셋,롯데백화점 상인점,162098,16.2098
2026-08-23,폴바셋,평택 소사 DT점,92638,9.2638
2026-08-23,폴바셋,상일동점,87279,8.7279
2026-08-23,폴바셋,코엑스몰점,71728,7.1728
2026-08-23,폴바셋,혜화역점,117092,11.7092
2026-08-23,폴바셋,선릉역 동훈타워점,8727,0.8727
2026-08-23,폴바셋,연세와병원점,112185,11.2185
2026-08-23,폴바셋,송도 트리플스트리트점,177098,17.7098
2026-08-23,폴바셋,청주 방서 DT점,210373,21.0373
2026-08-23,폴바셋,용산 아이파크몰점,193282,19.3282
2026-08-23,폴바셋,여의도 국회대로점,148009,14.8009
2026-08-23,폴바셋,압구정2호점,179915,17.9915
2026-08-23,폴바셋,한남 커피스테이션,154687,15.4687
2026-08-23,폴바셋,롯데몰 동부산점,178742,17.8742
2026-08-23,폴바셋,종각역점,15910,1.591
2026-08-23,폴바셋,청담역점,112197,11.2197
2026-08-23,폴바셋,송도 센트럴파크점,203011,20.3011
2026-08-23,폴바셋,페럼타워점,12091,1.2091
2026-08-23,폴바셋,수서역점,188027,18.8027
2026-08-23,폴바셋,강서 부민병원점,116643,11.6643
2026-08-23,폴바셋,반포 쌍동빌딩점,147462,14.7462
2026-08-23,폴바셋,현대백화점 미아점,185647,18.5647
2026-08-23,폴바셋,스타필드빌리지 운정점,241013,24.1013
2026-08-23,폴바셋,교대역점,106914,10.6914
2026-08-23,폴바셋,신세계 센텀시티몰점,280927,28.0927
2026-08-23,폴바셋,강남역 삼성화재점,130373,13.0373
2026-08-23,폴바셋,강남삼성타운점,98730,9.873
2026-08-23,폴바셋,광교엘포트몰점,270009,27.0009
2026-08-23,폴바셋,영등포 타임스퀘어점,261487,26.1487
2026-08-23,폴바셋,파르나스몰점,130554,13.0554
2026-08-23,폴바셋,청량리역점,250562,25.0562
2026-08-23,폴바셋,대구 수성못점,309832,30.9832
2026-08-23,폴바셋,인천 송도 DT점,286067,28.6067
2026-08-23,폴바셋,광교 경기도청점,233642,23.3642
2026-08-23,폴바셋,코리아나호텔점,170277,17.0277
2026-08-23,폴바셋,수원컨트리클럽점,286653,28.6653
2026-08-23,폴바셋,광화문 G타워점,175839,17.5839
2026-08-23,폴바셋,해운대 팔라티움점,295651,29.5651
2026-08-23,폴바셋,현대아울렛 김포점,448840,44.884
2026-08-23,폴바셋,여의도 부국증권점,175826,17.5826
2026-08-23,폴바셋,갤러리아 광교점,360920,36.092
2026-08-23,폴바셋,일산 마두점,242918,24.2918
2026-08-23,폴바셋,대치역점,307198,30.7198
2026-08-23,폴바셋,을지로 파인에비뉴점,477574,47.7574
2026-08-23,폴바셋,교보문고 강남점,508114,50.8114
2026-08-23,폴바셋,여의도 IFC몰점,489299,48.9299
2026-08-23,폴바셋,산본역점,555310,55.531
2026-08-23,폴바셋,인천공항 T1 입국점,589878,58.9878
2026-08-23,폴바셋,연세암병원점,86246,8.6246
2026-08-23,폴바셋,제주공항 국내선점,652644,65.2644
2026-08-23,폴바셋,영종도 파라다이스시티점,863096,86.3096
2026-08-23,폴바셋,강남구청역점,517709,51.7709
2026-08-23,폴바셋,고대구로병원점,174372,17.4372
2026-08-23,폴바셋,강남점,744573,74.4573
2026-08-23,폴바셋,사당 파스텔시티점,844398,84.4398
2026-08-23,폴바셋,인천공항 T2 입국점,1071561,107.1561
2026-08-23,폴바셋,일원역점,1298236,129.8236
2026-08-23,폴바셋,광화문점,1741839,174.1839
2026-08-24,폴바셋,롯데백화점 대구점,0,0
2026-08-24,폴바셋,롯데백화점 동탄점,0,0
2026-08-24,폴바셋,롯데마트 양평점,6091,0.6091
2026-08-24,폴바셋,신세계백화점 광주점,0,0
2026-08-24,폴바셋,롯데마트 서초점,0,0
2026-08-24,폴바셋,롯데백화점 부산본점,2000,0.2
2026-08-24,폴바셋,광화문 디타워점,8182,0.8182
2026-08-24,폴바셋,스타필드 수원점,6091,0.6091
2026-08-24,폴바셋,신세계백화점 대구 1호점,0,0
2026-08-24,폴바셋,대전엑스포 스카이점,8182,0.8182
2026-08-24,폴바셋,롯데백화점 노원점,0,0
2026-08-24,폴바셋,스타필드 하남 2호점,0,0
2026-08-24,폴바셋,갤러리아 타임월드점,23455,2.3455
2026-08-24,폴바셋,삼성전자 평택점,2091,0.2091
2026-08-24,폴바셋,롯데백화점 광주점,0,0
2026-08-24,폴바셋,롯데아울렛 남악점,0,0
2026-08-24,폴바셋,제주 용담 DT점,8182,0.8182
2026-08-24,폴바셋,현대모터스튜디오 서울점,7182,0.7182
2026-08-24,폴바셋,투고 바 롯데월드 어드벤처점,14182,1.4182
2026-08-24,폴바셋,현대백화점 충청점,4091,0.4091
2026-08-24,폴바셋,종로 G1점,17001,1.7001
2026-08-24,폴바셋,스타필드 안성점,8182,0.8182
2026-08-24,폴바셋,신세계백화점 의정부점,23455,2.3455
2026-08-24,폴바셋,현대백화점 천호점,16182,1.6182
2026-08-24,폴바셋,AK플라자 수원점,14182,1.4182
2026-08-24,폴바셋,롯데백화점 관악점,0,0
2026-08-24,폴바셋,현대아울렛 대전점,19273,1.9273
2026-08-24,폴바셋,현대백화점 울산점,4091,0.4091
2026-08-24,폴바셋,더현대 대구점,32455,3.2455
2026-08-24,폴바셋,롯데백화점 평촌점,0,0
2026-08-24,폴바셋,신세계백화점 센텀시티점,0,0
2026-08-24,폴바셋,포항 영일대 DT점,38473,3.8473
2026-08-24,폴바셋,롯데백화점 김포공항점,0,0
2026-08-24,폴바셋,롯데백화점 대전점,0,0
2026-08-24,폴바셋,삼성전자 온양캠퍼스점,20182,2.0182
2026-08-24,폴바셋,롯데백화점 창원점,0,0
2026-08-24,폴바셋,롯데아울렛 기흥점,7137,0.7137
2026-08-24,폴바셋,한국경제신문사점,16182,1.6182
2026-08-24,폴바셋,송도 SK바이오사이언스점,60729,6.0729
2026-08-24,폴바셋,롯데아울렛 광주수완점,0,0
2026-08-24,폴바셋,신세계 사우스시티점,0,0
2026-08-24,폴바셋,삼성 DSR점,18455,1.8455
2026-08-24,폴바셋,스타필드시티 위례점,20182,2.0182
2026-08-24,폴바셋,스타필드 고양 1호점,36482,3.6482
2026-08-24,폴바셋,여의도점,59092,5.9092
2026-08-24,폴바셋,뉴코아 강남점,0,0
2026-08-24,폴바셋,마산 회원 DT점,35637,3.5637
2026-08-24,폴바셋,AK플라자 광명점,32455,3.2455
2026-08-24,폴바셋,롯데백화점 울산점,0,0
2026-08-24,폴바셋,구미 봉곡 DT점,18546,1.8546
2026-08-24,폴바셋,롯데백화점 잠실점,0,0
2026-08-24,폴바셋,마산 해안대로 DT점,40455,4.0455
2026-08-24,폴바셋,롯데백화점 강남점,0,0
2026-08-24,폴바셋,스타필드 하남 1호점,48819,4.8819
2026-08-24,폴바셋,롯데백화점 광복점,0,0
2026-08-24,폴바셋,롯데몰 은평점,38455,3.8455
2026-08-24,폴바셋,광화문 흥국생명점,62001,6.2001
2026-08-24,폴바셋,롯데몰 수지점,39637,3.9637
2026-08-24,폴바셋,NC타워 삼성점,95547,9.5547
2026-08-24,폴바셋,경산 옥곡 DT점,43728,4.3728
2026-08-24,폴바셋,롯데백화점 본점,0,0
2026-08-24,폴바셋,서소문점,40455,4.0455
2026-08-24,폴바셋,신세계백화점 대구 2호점,0,0
2026-08-24,폴바셋,대구 방촌 DT점,61819,6.1819
2026-08-24,폴바셋,부산 괴정 DT점,54592,5.4592
2026-08-24,폴바셋,부산 전포 DT점,32455,3.2455
2026-08-24,폴바셋,교보문고 합정점,32364,3.2364
2026-08-24,폴바셋,AK플라자 홍대점,62910,6.291
2026-08-24,폴바셋,구로 G타워점,55001,5.5001
2026-08-24,폴바셋,오산대 DT점,44074,4.4074
2026-08-24,폴바셋,경산 임당역 DT점,92519,9.2519
2026-08-24,폴바셋,롯데월드 아이스링크점,27455,2.7455
2026-08-24,폴바셋,김포 구래 DT점,81047,8.1047
2026-08-24,폴바셋,양산 웅상 DT점,83092,8.3092
2026-08-24,폴바셋,천안 구성 DT점,71273,7.1273
2026-08-24,폴바셋,대구 감삼 DT점,32819,3.2819
2026-08-24,폴바셋,MBC몰 파크점,60455,6.0455
2026-08-24,폴바셋,북수원IC DT점,58001,5.8001
2026-08-24,폴바셋,부산 대연 DT점,90365,9.0365
2026-08-24,폴바셋,신세계아울렛 시흥점,44185,4.4185
2026-08-24,폴바셋,파미에스테이션점,67092,6.7092
2026-08-24,폴바셋,대구 만촌 DT점,70092,7.0092
2026-08-24,폴바셋,롯데월드몰점,46274,4.6274
2026-08-24,폴바셋,GFC점,53910,5.391
2026-08-24,폴바셋,부산 연산역점,79914,7.9914
2026-08-24,폴바셋,인스파이어점,20273,2.0273
2026-08-24,폴바셋,현대아울렛 남양주점,44912,4.4912
2026-08-24,폴바셋,롯데아울렛 김해점,58004,5.8004
2026-08-24,폴바셋,전주 금암 DT점,56728,5.6728
2026-08-24,폴바셋,롯데아울렛 이시아폴리스점,84813,8.4813
2026-08-24,폴바셋,광명 철산 DT점,59274,5.9274
2026-08-24,폴바셋,경주 교동 DT점,75183,7.5183
2026-08-24,폴바셋,강서 마곡 DT점,109638,10.9638
2026-08-24,폴바셋,용인시청 DT점,70092,7.0092
2026-08-24,폴바셋,부산 금곡 강변점,72095,7.2095
2026-08-24,폴바셋,롯데아울렛 이천점,52002,5.2002
2026-08-24,폴바셋,수원 월드컵경기장점,78274,7.8274
2026-08-24,폴바셋,롯데백화점 중동점,0,0
2026-08-24,폴바셋,제주 아라 DT점,75274,7.5274
2026-08-24,폴바셋,증미역점,54547,5.4547
2026-08-24,폴바셋,여의도 현대카드점,140442,14.0442
2026-08-24,폴바셋,광화문 예금보험공사점,183226,18.3226
2026-08-24,폴바셋,고창 선운사점,56822,5.6822
2026-08-24,폴바셋,롯데백화점 상인점,0,0
2026-08-24,폴바셋,평택 소사 DT점,24455,2.4455
2026-08-24,폴바셋,상일동점,130825,13.0825
2026-08-24,폴바셋,코엑스몰점,90365,9.0365
2026-08-24,폴바셋,혜화역점,41455,4.1455
2026-08-24,폴바셋,선릉역 동훈타워점,100369,10.0369
2026-08-24,폴바셋,연세와병원점,128640,12.864
2026-08-24,폴바셋,송도 트리플스트리트점,150550,15.055
2026-08-24,폴바셋,청주 방서 DT점,132186,13.2186
2026-08-24,폴바셋,용산 아이파크몰점,128276,12.8276
2026-08-24,폴바셋,여의도 국회대로점,134099,13.4099
2026-08-24,폴바셋,압구정2호점,152823,15.2823
2026-08-24,폴바셋,한남 커피스테이션,177283,17.7283
2026-08-24,폴바셋,롯데몰 동부산점,152465,15.2465
2026-08-24,폴바셋,종각역점,218286,21.8286
2026-08-24,폴바셋,청담역점,179283,17.9283
2026-08-24,폴바셋,송도 센트럴파크점,158917,15.8917
2026-08-24,폴바셋,페럼타워점,142099,14.2099
2026-08-24,폴바셋,수서역점,237923,23.7923
2026-08-24,폴바셋,강서 부민병원점,198825,19.8825
2026-08-24,폴바셋,반포 쌍동빌딩점,91549,9.1549
2026-08-24,폴바셋,현대백화점 미아점,165281,16.5281
2026-08-24,폴바셋,스타필드빌리지 운정점,162193,16.2193
2026-08-24,폴바셋,교대역점,197402,19.7402
2026-08-24,폴바셋,신세계 센텀시티몰점,0,0
2026-08-24,폴바셋,강남역 삼성화재점,293104,29.3104
2026-08-24,폴바셋,강남삼성타운점,239737,23.9737
2026-08-24,폴바셋,광교엘포트몰점,155188,15.5188
2026-08-24,폴바셋,영등포 타임스퀘어점,242010,24.201
2026-08-24,폴바셋,파르나스몰점,285926,28.5926
2026-08-24,폴바셋,청량리역점,189282,18.9282
2026-08-24,폴바셋,대구 수성못점,241558,24.1558
2026-08-24,폴바셋,인천 송도 DT점,203374,20.3374
2026-08-24,폴바셋,광교 경기도청점,257916,25.7916
2026-08-24,폴바셋,코리아나호텔점,213735,21.3735
2026-08-24,폴바셋,수원컨트리클럽점,248683,24.8683
2026-08-24,폴바셋,광화문 G타워점,350196,35.0196
2026-08-24,폴바셋,해운대 팔라티움점,171280,17.128
2026-08-24,폴바셋,현대아울렛 김포점,199102,19.9102
2026-08-24,폴바셋,여의도 부국증권점,388995,38.8995
2026-08-24,폴바셋,갤러리아 광교점,199462,19.9462
2026-08-24,폴바셋,일산 마두점,338561,33.8561
2026-08-24,폴바셋,대치역점,353287,35.3287
2026-08-24,폴바셋,을지로 파인에비뉴점,454133,45.4133
2026-08-24,폴바셋,교보문고 강남점,401565,40.1565
2026-08-24,폴바셋,여의도 IFC몰점,431934,43.1934
2026-08-24,폴바셋,산본역점,463387,46.3387
2026-08-24,폴바셋,인천공항 T1 입국점,594219,59.4219
2026-08-24,폴바셋,연세암병원점,947703,94.7703
2026-08-24,폴바셋,제주공항 국내선점,559735,55.9735
2026-08-24,폴바셋,영종도 파라다이스시티점,394020,39.402
2026-08-24,폴바셋,강남구청역점,990811,99.0811
2026-08-24,폴바셋,고대구로병원점,869213,86.9213
2026-08-24,폴바셋,강남점,929964,92.9964
2026-08-24,폴바셋,사당 파스텔시티점,873929,87.3929
2026-08-24,폴바셋,인천공항 T2 입국점,897173,89.7173
2026-08-24,폴바셋,일원역점,1449684,144.9684
2026-08-24,폴바셋,광화문점,2755112,275.5112
2026-08-25,폴바셋,롯데백화점 대구점,0,0
2026-08-25,폴바셋,롯데백화점 동탄점,0,0
2026-08-25,폴바셋,롯데마트 양평점,0,0
2026-08-25,폴바셋,신세계백화점 광주점,8273,0.8273
2026-08-25,폴바셋,롯데마트 서초점,6182,0.6182
2026-08-25,폴바셋,롯데백화점 부산본점,0,0
2026-08-25,폴바셋,광화문 디타워점,14164,1.4164
2026-08-25,폴바셋,스타필드 수원점,4091,0.4091
2026-08-25,폴바셋,신세계백화점 대구 1호점,0,0
2026-08-25,폴바셋,대전엑스포 스카이점,12682,1.2682
2026-08-25,폴바셋,롯데백화점 노원점,4091,0.4091
2026-08-25,폴바셋,스타필드 하남 2호점,4091,0.4091
2026-08-25,폴바셋,갤러리아 타임월드점,2000,0.2
2026-08-25,폴바셋,삼성전자 평택점,58091,5.8091
2026-08-25,폴바셋,롯데백화점 광주점,15273,1.5273
2026-08-25,폴바셋,롯데아울렛 남악점,4182,0.4182
2026-08-25,폴바셋,제주 용담 DT점,20455,2.0455
2026-08-25,폴바셋,현대모터스튜디오 서울점,11273,1.1273
2026-08-25,폴바셋,투고 바 롯데월드 어드벤처점,0,0
2026-08-25,폴바셋,현대백화점 충청점,8091,0.8091
2026-08-25,폴바셋,종로 G1점,19547,1.9547
2026-08-25,폴바셋,스타필드 안성점,31473,3.1473
2026-08-25,폴바셋,신세계백화점 의정부점,-3818,-0.3818
2026-08-25,폴바셋,현대백화점 천호점,40637,4.0637
2026-08-25,폴바셋,AK플라자 수원점,7182,0.7182
2026-08-25,폴바셋,롯데백화점 관악점,4182,0.4182
2026-08-25,폴바셋,현대아울렛 대전점,0,0
2026-08-25,폴바셋,현대백화점 울산점,36919,3.6919
2026-08-25,폴바셋,더현대 대구점,16273,1.6273
2026-08-25,폴바셋,롯데백화점 평촌점,25364,2.5364
2026-08-25,폴바셋,신세계백화점 센텀시티점,22364,2.2364
2026-08-25,폴바셋,포항 영일대 DT점,35637,3.5637
2026-08-25,폴바셋,롯데백화점 김포공항점,27364,2.7364
2026-08-25,폴바셋,롯데백화점 대전점,43637,4.3637
2026-08-25,폴바셋,삼성전자 온양캠퍼스점,42727,4.2727
2026-08-25,폴바셋,롯데백화점 창원점,40119,4.0119
2026-08-25,폴바셋,롯데아울렛 기흥점,25365,2.5365
2026-08-25,폴바셋,한국경제신문사점,26546,2.6546
2026-08-25,폴바셋,송도 SK바이오사이언스점,29365,2.9365
2026-08-25,폴바셋,롯데아울렛 광주수완점,8091,0.8091
2026-08-25,폴바셋,신세계 사우스시티점,27455,2.7455
2026-08-25,폴바셋,삼성 DSR점,52001,5.2001
2026-08-25,폴바셋,스타필드시티 위례점,27455,2.7455
2026-08-25,폴바셋,스타필드 고양 1호점,43728,4.3728
2026-08-25,폴바셋,여의도점,49728,4.9728
2026-08-25,폴바셋,뉴코아 강남점,27455,2.7455
2026-08-25,폴바셋,마산 회원 DT점,15273,1.5273
2026-08-25,폴바셋,AK플라자 광명점,18364,1.8364
2026-08-25,폴바셋,롯데백화점 울산점,27911,2.7911
2026-08-25,폴바셋,구미 봉곡 DT점,21546,2.1546
2026-08-25,폴바셋,롯데백화점 잠실점,61092,6.1092
2026-08-25,폴바셋,마산 해안대로 DT점,39546,3.9546
2026-08-25,폴바셋,롯데백화점 강남점,53910,5.391
2026-08-25,폴바셋,스타필드 하남 1호점,63728,6.3728
2026-08-25,폴바셋,롯데백화점 광복점,40274,4.0274
2026-08-25,폴바셋,롯데몰 은평점,34455,3.4455
2026-08-25,폴바셋,광화문 흥국생명점,51910,5.191
2026-08-25,폴바셋,롯데몰 수지점,15273,1.5273
2026-08-25,폴바셋,NC타워 삼성점,70728,7.0728
2026-08-25,폴바셋,경산 옥곡 DT점,39546,3.9546
2026-08-25,폴바셋,롯데백화점 본점,68819,6.8819
2026-08-25,폴바셋,서소문점,31455,3.1455
2026-08-25,폴바셋,신세계백화점 대구 2호점,38637,3.8637
2026-08-25,폴바셋,대구 방촌 DT점,41728,4.1728
2026-08-25,폴바셋,부산 괴정 DT점,55001,5.5001
2026-08-25,폴바셋,부산 전포 DT점,62183,6.2183
2026-08-25,폴바셋,교보문고 합정점,32364,3.2364
2026-08-25,폴바셋,AK플라자 홍대점,40455,4.0455
2026-08-25,폴바셋,구로 G타워점,57092,5.7092
2026-08-25,폴바셋,오산대 DT점,62092,6.2092
2026-08-25,폴바셋,경산 임당역 DT점,62001,6.2001
2026-08-25,폴바셋,롯데월드 아이스링크점,36637,3.6637
2026-08-25,폴바셋,김포 구래 DT점,66092,6.6092
2026-08-25,폴바셋,양산 웅상 DT점,70910,7.091
2026-08-25,폴바셋,천안 구성 DT점,42364,4.2364
2026-08-25,폴바셋,대구 감삼 DT점,27455,2.7455
2026-08-25,폴바셋,MBC몰 파크점,30546,3.0546
2026-08-25,폴바셋,북수원IC DT점,46819,4.6819
2026-08-25,폴바셋,부산 대연 DT점,75092,7.5092
2026-08-25,폴바셋,신세계아울렛 시흥점,17183,1.7183
2026-08-25,폴바셋,파미에스테이션점,67410,6.741
2026-08-25,폴바셋,대구 만촌 DT점,70365,7.0365
2026-08-25,폴바셋,롯데월드몰점,77457,7.7457
2026-08-25,폴바셋,GFC점,64001,6.4001
2026-08-25,폴바셋,부산 연산역점,63093,6.3093
2026-08-25,폴바셋,인스파이어점,82274,8.2274
2026-08-25,폴바셋,현대아울렛 남양주점,52729,5.2729
2026-08-25,폴바셋,롯데아울렛 김해점,60368,6.0368
2026-08-25,폴바셋,전주 금암 DT점,71001,7.1001
2026-08-25,폴바셋,롯데아울렛 이시아폴리스점,92368,9.2368
2026-08-25,폴바셋,광명 철산 DT점,65183,6.5183
2026-08-25,폴바셋,경주 교동 DT점,50819,5.0819
2026-08-25,폴바셋,강서 마곡 DT점,111820,11.182
2026-08-25,폴바셋,용인시청 DT점,54819,5.4819
2026-08-25,폴바셋,부산 금곡 강변점,85003,8.5003
2026-08-25,폴바셋,롯데아울렛 이천점,95274,9.5274
2026-08-25,폴바셋,수원 월드컵경기장점,90365,9.0365
2026-08-25,폴바셋,롯데백화점 중동점,94732,9.4732
2026-08-25,폴바셋,제주 아라 DT점,84602,8.4602
2026-08-25,폴바셋,증미역점,78549,7.8549
2026-08-25,폴바셋,여의도 현대카드점,176751,17.6751
2026-08-25,폴바셋,광화문 예금보험공사점,116575,11.6575
2026-08-25,폴바셋,고창 선운사점,32275,3.2275
2026-08-25,폴바셋,롯데백화점 상인점,109281,10.9281
2026-08-25,폴바셋,평택 소사 DT점,120093,12.0093
2026-08-25,폴바셋,상일동점,136009,13.6009
2026-08-25,폴바셋,코엑스몰점,204185,20.4185
2026-08-25,폴바셋,혜화역점,117092,11.7092
2026-08-25,폴바셋,선릉역 동훈타워점,210289,21.0289
2026-08-25,폴바셋,연세와병원점,136277,13.6277
2026-08-25,폴바셋,송도 트리플스트리트점,116094,11.6094
2026-08-25,폴바셋,청주 방서 DT점,136007,13.6007
2026-08-25,폴바셋,용산 아이파크몰점,130459,13.0459
2026-08-25,폴바셋,여의도 국회대로점,124097,12.4097
2026-08-25,폴바셋,압구정2호점,144826,14.4826
2026-08-25,폴바셋,한남 커피스테이션,155265,15.5265
2026-08-25,폴바셋,롯데몰 동부산점,100369,10.0369
2026-08-25,폴바셋,종각역점,268651,26.8651
2026-08-25,폴바셋,청담역점,196190,19.619
2026-08-25,폴바셋,송도 센트럴파크점,150369,15.0369
2026-08-25,폴바셋,페럼타워점,260777,26.0777
2026-08-25,폴바셋,수서역점,160192,16.0192
2026-08-25,폴바셋,강서 부민병원점,245920,24.592
2026-08-25,폴바셋,반포 쌍동빌딩점,146916,14.6916
2026-08-25,폴바셋,현대백화점 미아점,210641,21.0641
2026-08-25,폴바셋,스타필드빌리지 운정점,103822,10.3822
2026-08-25,폴바셋,교대역점,180917,18.0917
2026-08-25,폴바셋,신세계 센텀시티몰점,166647,16.6647
2026-08-25,폴바셋,강남역 삼성화재점,152373,15.2373
2026-08-25,폴바셋,강남삼성타운점,285103,28.5103
2026-08-25,폴바셋,광교엘포트몰점,216007,21.6007
2026-08-25,폴바셋,영등포 타임스퀘어점,140913,14.0913
2026-08-25,폴바셋,파르나스몰점,284747,28.4747
2026-08-25,폴바셋,청량리역점,209198,20.9198
2026-08-25,폴바셋,대구 수성못점,147162,14.7162
2026-08-25,폴바셋,인천 송도 DT점,146644,14.6644
2026-08-25,폴바셋,광교 경기도청점,214579,21.4579
2026-08-25,폴바셋,코리아나호텔점,373829,37.3829
2026-08-25,폴바셋,수원컨트리클럽점,279099,27.9099
2026-08-25,폴바셋,광화문 G타워점,281192,28.1192
2026-08-25,폴바셋,해운대 팔라티움점,255284,25.5284
2026-08-25,폴바셋,현대아울렛 김포점,164738,16.4738
2026-08-25,폴바셋,여의도 부국증권점,369108,36.9108
2026-08-25,폴바셋,갤러리아 광교점,199554,19.9554
2026-08-25,폴바셋,일산 마두점,373490,37.349
2026-08-25,폴바셋,대치역점,277465,27.7465
2026-08-25,폴바셋,을지로 파인에비뉴점,475021,47.5021
2026-08-25,폴바셋,교보문고 강남점,409749,40.9749
2026-08-25,폴바셋,여의도 IFC몰점,299524,29.9524
2026-08-25,폴바셋,산본역점,362292,36.2292
2026-08-25,폴바셋,인천공항 T1 입국점,607494,60.7494
2026-08-25,폴바셋,연세암병원점,976962,97.6962
2026-08-25,폴바셋,제주공항 국내선점,761279,76.1279
2026-08-25,폴바셋,영종도 파라다이스시티점,594602,59.4602
2026-08-25,폴바셋,강남구청역점,832483,83.2483
2026-08-25,폴바셋,고대구로병원점,959029,95.9029
2026-08-25,폴바셋,강남점,863649,86.3649
2026-08-25,폴바셋,사당 파스텔시티점,913307,91.3307
2026-08-25,폴바셋,인천공항 T2 입국점,1032634,103.2634
2026-08-25,폴바셋,일원역점,2609927,260.9927
2026-08-25,폴바셋,광화문점,2392943,239.2943
2026-08-26,폴바셋,롯데백화점 대구점,17646,1.7646
2026-08-26,폴바셋,롯데백화점 동탄점,0,0
2026-08-26,폴바셋,롯데마트 양평점,0,0
2026-08-26,폴바셋,신세계백화점 광주점,8091,0.8091
2026-08-26,폴바셋,롯데마트 서초점,0,0
2026-08-26,폴바셋,롯데백화점 부산본점,8182,0.8182
2026-08-26,폴바셋,광화문 디타워점,0,0
2026-08-26,폴바셋,스타필드 수원점,0,0
2026-08-26,폴바셋,신세계백화점 대구 1호점,4091,0.4091
2026-08-26,폴바셋,대전엑스포 스카이점,0,0
2026-08-26,폴바셋,롯데백화점 노원점,10273,1.0273
2026-08-26,폴바셋,스타필드 하남 2호점,0,0
2026-08-26,폴바셋,갤러리아 타임월드점,8091,0.8091
2026-08-26,폴바셋,삼성전자 평택점,12273,1.2273
2026-08-26,폴바셋,롯데백화점 광주점,4091,0.4091
2026-08-26,폴바셋,롯데아울렛 남악점,2000,0.2
2026-08-26,폴바셋,제주 용담 DT점,16364,1.6364
2026-08-26,폴바셋,현대모터스튜디오 서울점,11273,1.1273
2026-08-26,폴바셋,투고 바 롯데월드 어드벤처점,4091,0.4091
2026-08-26,폴바셋,현대백화점 충청점,12091,1.2091
2026-08-26,폴바셋,종로 G1점,15546,1.5546
2026-08-26,폴바셋,스타필드 안성점,14091,1.4091
2026-08-26,폴바셋,신세계백화점 의정부점,17364,1.7364
2026-08-26,폴바셋,현대백화점 천호점,8091,0.8091
2026-08-26,폴바셋,AK플라자 수원점,22455,2.2455
2026-08-26,폴바셋,롯데백화점 관악점,20364,2.0364
2026-08-26,폴바셋,현대아울렛 대전점,12182,1.2182
2026-08-26,폴바셋,현대백화점 울산점,23455,2.3455
2026-08-26,폴바셋,더현대 대구점,46910,4.691
2026-08-26,폴바셋,롯데백화점 평촌점,19364,1.9364
2026-08-26,폴바셋,신세계백화점 센텀시티점,60001,6.0001
2026-08-26,폴바셋,포항 영일대 DT점,15273,1.5273
2026-08-26,폴바셋,롯데백화점 김포공항점,11273,1.1273
2026-08-26,폴바셋,롯데백화점 대전점,28364,2.8364
2026-08-26,폴바셋,삼성전자 온양캠퍼스점,55910,5.591
2026-08-26,폴바셋,롯데백화점 창원점,33546,3.3546
2026-08-26,폴바셋,롯데아울렛 기흥점,18092,1.8092
2026-08-26,폴바셋,한국경제신문사점,28273,2.8273
2026-08-26,폴바셋,송도 SK바이오사이언스점,20183,2.0183
2026-08-26,폴바셋,롯데아울렛 광주수완점,41819,4.1819
2026-08-26,폴바셋,신세계 사우스시티점,41501,4.1501
2026-08-26,폴바셋,삼성 DSR점,20364,2.0364
2026-08-26,폴바셋,스타필드시티 위례점,20455,2.0455
2026-08-26,폴바셋,스타필드 고양 1호점,38728,3.8728
2026-08-26,폴바셋,여의도점,47637,4.7637
2026-08-26,폴바셋,뉴코아 강남점,47637,4.7637
2026-08-26,폴바셋,마산 회원 DT점,35546,3.5546
2026-08-26,폴바셋,AK플라자 광명점,19364,1.9364
2026-08-26,폴바셋,롯데백화점 울산점,23182,2.3182
2026-08-26,폴바셋,구미 봉곡 DT점,16182,1.6182
2026-08-26,폴바셋,롯데백화점 잠실점,50728,5.0728
2026-08-26,폴바셋,마산 해안대로 DT점,22455,2.2455
2026-08-26,폴바셋,롯데백화점 강남점,23364,2.3364
2026-08-26,폴바셋,스타필드 하남 1호점,15418,1.5418
2026-08-26,폴바셋,롯데백화점 광복점,40366,4.0366
2026-08-26,폴바셋,롯데몰 은평점,63092,6.3092
2026-08-26,폴바셋,광화문 흥국생명점,82274,8.2274
2026-08-26,폴바셋,롯데몰 수지점,50001,5.0001
2026-08-26,폴바셋,NC타워 삼성점,60910,6.091
2026-08-26,폴바셋,경산 옥곡 DT점,51092,5.1092
2026-08-26,폴바셋,롯데백화점 본점,70728,7.0728
2026-08-26,폴바셋,서소문점,63910,6.391
2026-08-26,폴바셋,신세계백화점 대구 2호점,51910,5.191
2026-08-26,폴바셋,대구 방촌 DT점,35637,3.5637
2026-08-26,폴바셋,부산 괴정 DT점,67274,6.7274
2026-08-26,폴바셋,부산 전포 DT점,18273,1.8273
2026-08-26,폴바셋,교보문고 합정점,52728,5.2728
2026-08-26,폴바셋,AK플라자 홍대점,42728,4.2728
2026-08-26,폴바셋,구로 G타워점,58001,5.8001
2026-08-26,폴바셋,오산대 DT점,56001,5.6001
2026-08-26,폴바셋,경산 임당역 DT점,48637,4.8637
2026-08-26,폴바셋,롯데월드 아이스링크점,27455,2.7455
2026-08-26,폴바셋,김포 구래 DT점,56092,5.6092
2026-08-26,폴바셋,양산 웅상 DT점,69910,6.991
2026-08-26,폴바셋,천안 구성 DT점,47728,4.7728
2026-08-26,폴바셋,대구 감삼 DT점,47637,4.7637
2026-08-26,폴바셋,MBC몰 파크점,74001,7.4001
2026-08-26,폴바셋,북수원IC DT점,70183,7.0183
2026-08-26,폴바셋,부산 대연 DT점,36637,3.6637
2026-08-26,폴바셋,신세계아울렛 시흥점,53275,5.3275
2026-08-26,폴바셋,파미에스테이션점,62001,6.2001
2026-08-26,폴바셋,대구 만촌 DT점,74547,7.4547
2026-08-26,폴바셋,롯데월드몰점,40183,4.0183
2026-08-26,폴바셋,GFC점,73001,7.3001
2026-08-26,폴바셋,부산 연산역점,92731,9.2731
2026-08-26,폴바셋,인스파이어점,14273,1.4273
2026-08-26,폴바셋,현대아울렛 남양주점,32638,3.2638
2026-08-26,폴바셋,롯데아울렛 김해점,42458,4.2458
2026-08-26,폴바셋,전주 금암 DT점,55728,5.5728
2026-08-26,폴바셋,롯데아울렛 이시아폴리스점,63729,6.3729
2026-08-26,폴바셋,광명 철산 DT점,132184,13.2184
2026-08-26,폴바셋,경주 교동 DT점,46728,4.6728
2026-08-26,폴바셋,강서 마곡 DT점,99911,9.9911
2026-08-26,폴바셋,용인시청 DT점,39546,3.9546
2026-08-26,폴바셋,부산 금곡 강변점,88731,8.8731
2026-08-26,폴바셋,롯데아울렛 이천점,67094,6.7094
2026-08-26,폴바셋,수원 월드컵경기장점,115729,11.5729
2026-08-26,폴바셋,롯데백화점 중동점,109914,10.9914
2026-08-26,폴바셋,제주 아라 DT점,55728,5.5728
2026-08-26,폴바셋,증미역점,123822,12.3822
2026-08-26,폴바셋,여의도 현대카드점,141270,14.127
2026-08-26,폴바셋,광화문 예금보험공사점,143652,14.3652
2026-08-26,폴바셋,고창 선운사점,19638,1.9638
2026-08-26,폴바셋,롯데백화점 상인점,80278,8.0278
2026-08-26,폴바셋,평택 소사 DT점,133548,13.3548
2026-08-26,폴바셋,상일동점,72457,7.2457
2026-08-26,폴바셋,코엑스몰점,176093,17.6093
2026-08-26,폴바셋,혜화역점,112183,11.2183
2026-08-26,폴바셋,선릉역 동훈타워점,210282,21.0282
2026-08-26,폴바셋,연세와병원점,108548,10.8548
2026-08-26,폴바셋,송도 트리플스트리트점,132731,13.2731
2026-08-26,폴바셋,청주 방서 DT점,162369,16.2369
2026-08-26,폴바셋,용산 아이파크몰점,153553,15.3553
2026-08-26,폴바셋,여의도 국회대로점,156553,15.6553
2026-08-26,폴바셋,압구정2호점,190826,19.0826
2026-08-26,폴바셋,한남 커피스테이션,158506,15.8506
2026-08-26,폴바셋,롯데몰 동부산점,118371,11.8371
2026-08-26,폴바셋,종각역점,206828,20.6828
2026-08-26,폴바셋,청담역점,262468,26.2468
2026-08-26,폴바셋,송도 센트럴파크점,161919,16.1919
2026-08-26,폴바셋,페럼타워점,330252,33.0252
2026-08-26,폴바셋,수서역점,156190,15.619
2026-08-26,폴바셋,강서 부민병원점,256646,25.6646
2026-08-26,폴바셋,반포 쌍동빌딩점,255557,25.5557
2026-08-26,폴바셋,현대백화점 미아점,185375,18.5375
2026-08-26,폴바셋,스타필드빌리지 운정점,138217,13.8217
2026-08-26,폴바셋,교대역점,254338,25.4338
2026-08-26,폴바셋,신세계 센텀시티몰점,109279,10.9279
2026-08-26,폴바셋,강남역 삼성화재점,362834,36.2834
2026-08-26,폴바셋,강남삼성타운점,264065,26.4065
2026-08-26,폴바셋,광교엘포트몰점,198826,19.8826
2026-08-26,폴바셋,영등포 타임스퀘어점,125460,12.546
2026-08-26,폴바셋,파르나스몰점,242923,24.2923
2026-08-26,폴바셋,청량리역점,208651,20.8651
2026-08-26,폴바셋,대구 수성못점,170283,17.0283
2026-08-26,폴바셋,인천 송도 DT점,103280,10.328
2026-08-26,폴바셋,광교 경기도청점,291824,29.1824
2026-08-26,폴바셋,코리아나호텔점,324103,32.4103
2026-08-26,폴바셋,수원컨트리클럽점,303739,30.3739
2026-08-26,폴바셋,광화문 G타워점,290087,29.0087
2026-08-26,폴바셋,해운대 팔라티움점,204371,20.4371
2026-08-26,폴바셋,현대아울렛 김포점,198281,19.8281
2026-08-26,폴바셋,여의도 부국증권점,574475,57.4475
2026-08-26,폴바셋,갤러리아 광교점,205098,20.5098
2026-08-26,폴바셋,일산 마두점,411285,41.1285
2026-08-26,폴바셋,대치역점,342559,34.2559
2026-08-26,폴바셋,을지로 파인에비뉴점,414125,41.4125
2026-08-26,폴바셋,교보문고 강남점,391382,39.1382
2026-08-26,폴바셋,여의도 IFC몰점,445887,44.5887
2026-08-26,폴바셋,산본역점,419131,41.9131
2026-08-26,폴바셋,인천공항 T1 입국점,542304,54.2304
2026-08-26,폴바셋,연세암병원점,786388,78.6388
2026-08-26,폴바셋,제주공항 국내선점,396101,39.6101
2026-08-26,폴바셋,영종도 파라다이스시티점,483934,48.3934
2026-08-26,폴바셋,강남구청역점,828030,82.803
2026-08-26,폴바셋,고대구로병원점,1228160,122.816
2026-08-26,폴바셋,강남점,788451,78.8451
2026-08-26,폴바셋,사당 파스텔시티점,929775,92.9775
2026-08-26,폴바셋,인천공항 T2 입국점,924090,92.409
2026-08-26,폴바셋,일원역점,1699831,169.9831
2026-08-26,폴바셋,광화문점,2569932,256.9932
2026-08-27,폴바셋,롯데백화점 대구점,4091,0.4091
2026-08-27,폴바셋,롯데백화점 동탄점,2000,0.2
2026-08-27,폴바셋,롯데마트 양평점,2000,0.2
2026-08-27,폴바셋,신세계백화점 광주점,0,0
2026-08-27,폴바셋,롯데마트 서초점,16455,1.6455
2026-08-27,폴바셋,롯데백화점 부산본점,0,0
2026-08-27,폴바셋,광화문 디타워점,4091,0.4091
2026-08-27,폴바셋,스타필드 수원점,4091,0.4091
2026-08-27,폴바셋,신세계백화점 대구 1호점,10182,1.0182
2026-08-27,폴바셋,대전엑스포 스카이점,4000,0.4
2026-08-27,폴바셋,롯데백화점 노원점,6182,0.6182
2026-08-27,폴바셋,스타필드 하남 2호점,8182,0.8182
2026-08-27,폴바셋,갤러리아 타임월드점,4000,0.4
2026-08-27,폴바셋,삼성전자 평택점,0,0
2026-08-27,폴바셋,롯데백화점 광주점,8091,0.8091
2026-08-27,폴바셋,롯데아울렛 남악점,7182,0.7182
2026-08-27,폴바셋,제주 용담 DT점,8182,0.8182
2026-08-27,폴바셋,현대모터스튜디오 서울점,29637,2.9637
2026-08-27,폴바셋,투고 바 롯데월드 어드벤처점,8182,0.8182
2026-08-27,폴바셋,현대백화점 충청점,4000,0.4
2026-08-27,폴바셋,종로 G1점,13274,1.3274
2026-08-27,폴바셋,스타필드 안성점,0,0
2026-08-27,폴바셋,신세계백화점 의정부점,8182,0.8182
2026-08-27,폴바셋,현대백화점 천호점,14137,1.4137
2026-08-27,폴바셋,AK플라자 수원점,28364,2.8364
2026-08-27,폴바셋,롯데백화점 관악점,12182,1.2182
2026-08-27,폴바셋,현대아울렛 대전점,28482,2.8482
2026-08-27,폴바셋,현대백화점 울산점,43637,4.3637
2026-08-27,폴바셋,더현대 대구점,12091,1.2091
2026-08-27,폴바셋,롯데백화점 평촌점,14364,1.4364
2026-08-27,폴바셋,신세계백화점 센텀시티점,23546,2.3546
2026-08-27,폴바셋,포항 영일대 DT점,35546,3.5546
2026-08-27,폴바셋,롯데백화점 김포공항점,15273,1.5273
2026-08-27,폴바셋,롯데백화점 대전점,27455,2.7455
2026-08-27,폴바셋,삼성전자 온양캠퍼스점,7546,0.7546
2026-08-27,폴바셋,롯데백화점 창원점,28546,2.8546
2026-08-27,폴바셋,롯데아울렛 기흥점,32002,3.2002
2026-08-27,폴바셋,한국경제신문사점,31455,3.1455
2026-08-27,폴바셋,송도 SK바이오사이언스점,84365,8.4365
2026-08-27,폴바셋,롯데아울렛 광주수완점,44728,4.4728
2026-08-27,폴바셋,신세계 사우스시티점,38637,3.8637
2026-08-27,폴바셋,삼성 DSR점,31455,3.1455
2026-08-27,폴바셋,스타필드시티 위례점,32546,3.2546
2026-08-27,폴바셋,스타필드 고양 1호점,12182,1.2182
2026-08-27,폴바셋,여의도점,110547,11.0547
2026-08-27,폴바셋,뉴코아 강남점,10091,1.0091
2026-08-27,폴바셋,마산 회원 DT점,38637,3.8637
2026-08-27,폴바셋,AK플라자 광명점,63182,6.3182
2026-08-27,폴바셋,롯데백화점 울산점,20636,2.0636
2026-08-27,폴바셋,구미 봉곡 DT점,48910,4.891
2026-08-27,폴바셋,롯데백화점 잠실점,67001,6.7001
2026-08-27,폴바셋,마산 해안대로 DT점,44819,4.4819
2026-08-27,폴바셋,롯데백화점 강남점,41819,4.1819
2026-08-27,폴바셋,스타필드 하남 1호점,38637,3.8637
2026-08-27,폴바셋,롯데백화점 광복점,43729,4.3729
2026-08-27,폴바셋,롯데몰 은평점,18182,1.8182
2026-08-27,폴바셋,광화문 흥국생명점,83138,8.3138
2026-08-27,폴바셋,롯데몰 수지점,51819,5.1819
2026-08-27,폴바셋,NC타워 삼성점,67001,6.7001
2026-08-27,폴바셋,경산 옥곡 DT점,74501,7.4501
2026-08-27,폴바셋,롯데백화점 본점,52728,5.2728
2026-08-27,폴바셋,서소문점,45819,4.5819
2026-08-27,폴바셋,신세계백화점 대구 2호점,50819,5.0819
2026-08-27,폴바셋,대구 방촌 DT점,44910,4.491
2026-08-27,폴바셋,부산 괴정 DT점,27455,2.7455
2026-08-27,폴바셋,부산 전포 DT점,57274,5.7274
2026-08-27,폴바셋,교보문고 합정점,26364,2.6364
2026-08-27,폴바셋,AK플라자 홍대점,61092,6.1092
2026-08-27,폴바셋,구로 G타워점,41637,4.1637
2026-08-27,폴바셋,오산대 DT점,53910,5.391
2026-08-27,폴바셋,경산 임당역 DT점,53728,5.3728
2026-08-27,폴바셋,롯데월드 아이스링크점,27455,2.7455
2026-08-27,폴바셋,김포 구래 DT점,66092,6.6092
2026-08-27,폴바셋,양산 웅상 DT점,59819,5.9819
2026-08-27,폴바셋,천안 구성 DT점,78001,7.8001
2026-08-27,폴바셋,대구 감삼 DT점,39001,3.9001
2026-08-27,폴바셋,MBC몰 파크점,60728,6.0728
2026-08-27,폴바셋,북수원IC DT점,53910,5.391
2026-08-27,폴바셋,부산 대연 DT점,88365,8.8365
2026-08-27,폴바셋,신세계아울렛 시흥점,28820,2.882
2026-08-27,폴바셋,파미에스테이션점,58092,5.8092
2026-08-27,폴바셋,대구 만촌 DT점,92638,9.2638
2026-08-27,폴바셋,롯데월드몰점,56276,5.6276
2026-08-27,폴바셋,GFC점,98910,9.891
2026-08-27,폴바셋,부산 연산역점,103367,10.3367
2026-08-27,폴바셋,인스파이어점,21364,2.1364
2026-08-27,폴바셋,현대아울렛 남양주점,46822,4.6822
2026-08-27,폴바셋,롯데아울렛 김해점,72914,7.2914
2026-08-27,폴바셋,전주 금암 DT점,39364,3.9364
2026-08-27,폴바셋,롯데아울렛 이시아폴리스점,70459,7.0459
2026-08-27,폴바셋,광명 철산 DT점,79183,7.9183
2026-08-27,폴바셋,경주 교동 DT점,59910,5.991
2026-08-27,폴바셋,강서 마곡 DT점,75365,7.5365
2026-08-27,폴바셋,용인시청 DT점,85365,8.5365
2026-08-27,폴바셋,부산 금곡 강변점,79277,7.9277
2026-08-27,폴바셋,롯데아울렛 이천점,33637,3.3637
2026-08-27,폴바셋,수원 월드컵경기장점,78183,7.8183
2026-08-27,폴바셋,롯데백화점 중동점,128098,12.8098
2026-08-27,폴바셋,제주 아라 DT점,124775,12.4775
2026-08-27,폴바셋,증미역점,131367,13.1367
2026-08-27,폴바셋,여의도 현대카드점,211531,21.1531
2026-08-27,폴바셋,광화문 예금보험공사점,153707,15.3707
2026-08-27,폴바셋,고창 선운사점,37821,3.7821
2026-08-27,폴바셋,롯데백화점 상인점,123660,12.366
2026-08-27,폴바셋,평택 소사 DT점,96638,9.6638
2026-08-27,폴바셋,상일동점,76459,7.6459
2026-08-27,폴바셋,코엑스몰점,110365,11.0365
2026-08-27,폴바셋,혜화역점,104365,10.4365
2026-08-27,폴바셋,선릉역 동훈타워점,252193,25.2193
2026-08-27,폴바셋,연세와병원점,140549,14.0549
2026-08-27,폴바셋,송도 트리플스트리트점,141005,14.1005
2026-08-27,폴바셋,청주 방서 DT점,154225,15.4225
2026-08-27,폴바셋,용산 아이파크몰점,129824,12.9824
2026-08-27,폴바셋,여의도 국회대로점,326919,32.6919
2026-08-27,폴바셋,압구정2호점,164098,16.4098
2026-08-27,폴바셋,한남 커피스테이션,181372,18.1372
2026-08-27,폴바셋,롯데몰 동부산점,142009,14.2009
2026-08-27,폴바셋,종각역점,241377,24.1377
2026-08-27,폴바셋,청담역점,251191,25.1191
2026-08-27,폴바셋,송도 센트럴파크점,124554,12.4554
2026-08-27,폴바셋,페럼타워점,168464,16.8464
2026-08-27,폴바셋,수서역점,176829,17.6829
2026-08-27,폴바셋,강서 부민병원점,227516,22.7516
2026-08-27,폴바셋,반포 쌍동빌딩점,159189,15.9189
2026-08-27,폴바셋,현대백화점 미아점,140552,14.0552
2026-08-27,폴바셋,스타필드빌리지 운정점,154190,15.419
2026-08-27,폴바셋,교대역점,326831,32.6831
2026-08-27,폴바셋,신세계 센텀시티몰점,167737,16.7737
2026-08-27,폴바셋,강남역 삼성화재점,264789,26.4789
2026-08-27,폴바셋,강남삼성타운점,303742,30.3742
2026-08-27,폴바셋,광교엘포트몰점,252464,25.2464
2026-08-27,폴바셋,영등포 타임스퀘어점,210283,21.0283
2026-08-27,폴바셋,파르나스몰점,248740,24.874
2026-08-27,폴바셋,청량리역점,165284,16.5284
2026-08-27,폴바셋,대구 수성못점,181827,18.1827
2026-08-27,폴바셋,인천 송도 DT점,253471,25.3471
2026-08-27,폴바셋,광교 경기도청점,201097,20.1097
2026-08-27,폴바셋,코리아나호텔점,306853,30.6853
2026-08-27,폴바셋,수원컨트리클럽점,227897,22.7897
2026-08-27,폴바셋,광화문 G타워점,248739,24.8739
2026-08-27,폴바셋,해운대 팔라티움점,189649,18.9649
2026-08-27,폴바셋,현대아울렛 김포점,265192,26.5192
2026-08-27,폴바셋,여의도 부국증권점,420742,42.0742
2026-08-27,폴바셋,갤러리아 광교점,211464,21.1464
2026-08-27,폴바셋,일산 마두점,241739,24.1739
2026-08-27,폴바셋,대치역점,336648,33.6648
2026-08-27,폴바셋,을지로 파인에비뉴점,492210,49.221
2026-08-27,폴바셋,교보문고 강남점,271561,27.1561
2026-08-27,폴바셋,여의도 IFC몰점,376592,37.6592
2026-08-27,폴바셋,산본역점,383206,38.3206
2026-08-27,폴바셋,인천공항 T1 입국점,485396,48.5396
2026-08-27,폴바셋,연세암병원점,948273,94.8273
2026-08-27,폴바셋,제주공항 국내선점,659189,65.9189
2026-08-27,폴바셋,영종도 파라다이스시티점,472384,47.2384
2026-08-27,폴바셋,강남구청역점,884741,88.4741
2026-08-27,폴바셋,고대구로병원점,1081885,108.1885
2026-08-27,폴바셋,강남점,1055285,105.5285
2026-08-27,폴바셋,사당 파스텔시티점,931632,93.1632
2026-08-27,폴바셋,인천공항 T2 입국점,1003470,100.347
2026-08-27,폴바셋,일원역점,1445956,144.5956
2026-08-27,폴바셋,광화문점,3019580,301.958
2026-08-28,폴바셋,롯데백화점 대구점,2000,0.2
2026-08-28,폴바셋,롯데백화점 동탄점,0,0
2026-08-28,폴바셋,롯데마트 양평점,0,0
2026-08-28,폴바셋,신세계백화점 광주점,4091,0.4091
2026-08-28,폴바셋,롯데마트 서초점,0,0
2026-08-28,폴바셋,롯데백화점 부산본점,6182,0.6182
2026-08-28,폴바셋,광화문 디타워점,0,0
2026-08-28,폴바셋,스타필드 수원점,6182,0.6182
2026-08-28,폴바셋,신세계백화점 대구 1호점,0,0
2026-08-28,폴바셋,대전엑스포 스카이점,14455,1.4455
2026-08-28,폴바셋,롯데백화점 노원점,12273,1.2273
2026-08-28,폴바셋,스타필드 하남 2호점,14273,1.4273
2026-08-28,폴바셋,갤러리아 타임월드점,8182,0.8182
2026-08-28,폴바셋,삼성전자 평택점,45001,4.5001
2026-08-28,폴바셋,롯데백화점 광주점,25364,2.5364
2026-08-28,폴바셋,롯데아울렛 남악점,33637,3.3637
2026-08-28,폴바셋,제주 용담 DT점,8182,0.8182
2026-08-28,폴바셋,현대모터스튜디오 서울점,6091,0.6091
2026-08-28,폴바셋,투고 바 롯데월드 어드벤처점,4091,0.4091
2026-08-28,폴바셋,현대백화점 충청점,11273,1.1273
2026-08-28,폴바셋,종로 G1점,45546,4.5546
2026-08-28,폴바셋,스타필드 안성점,18000,1.8
2026-08-28,폴바셋,신세계백화점 의정부점,15109,1.5109
2026-08-28,폴바셋,현대백화점 천호점,28364,2.8364
2026-08-28,폴바셋,AK플라자 수원점,12182,1.2182
2026-08-28,폴바셋,롯데백화점 관악점,32546,3.2546
2026-08-28,폴바셋,현대아울렛 대전점,2091,0.2091
2026-08-28,폴바셋,현대백화점 울산점,15364,1.5364
2026-08-28,폴바셋,더현대 대구점,31637,3.1637
2026-08-28,폴바셋,롯데백화점 평촌점,18546,1.8546
2026-08-28,폴바셋,신세계백화점 센텀시티점,31546,3.1546
2026-08-28,폴바셋,포항 영일대 DT점,16273,1.6273
2026-08-28,폴바셋,롯데백화점 김포공항점,35546,3.5546
2026-08-28,폴바셋,롯데백화점 대전점,32455,3.2455
2026-08-28,폴바셋,삼성전자 온양캠퍼스점,13364,1.3364
2026-08-28,폴바셋,롯데백화점 창원점,30637,3.0637
2026-08-28,폴바셋,롯데아울렛 기흥점,45276,4.5276
2026-08-28,폴바셋,한국경제신문사점,34637,3.4637
2026-08-28,폴바셋,송도 SK바이오사이언스점,10182,1.0182
2026-08-28,폴바셋,롯데아울렛 광주수완점,16182,1.6182
2026-08-28,폴바셋,신세계 사우스시티점,28364,2.8364
2026-08-28,폴바셋,삼성 DSR점,32728,3.2728
2026-08-28,폴바셋,스타필드시티 위례점,45910,4.591
2026-08-28,폴바셋,스타필드 고양 1호점,34637,3.4637
2026-08-28,폴바셋,여의도점,22364,2.2364
2026-08-28,폴바셋,뉴코아 강남점,41637,4.1637
2026-08-28,폴바셋,마산 회원 DT점,55001,5.5001
2026-08-28,폴바셋,AK플라자 광명점,0,0
2026-08-28,폴바셋,롯데백화점 울산점,27547,2.7547
2026-08-28,폴바셋,구미 봉곡 DT점,15455,1.5455
2026-08-28,폴바셋,롯데백화점 잠실점,48728,4.8728
2026-08-28,폴바셋,마산 해안대로 DT점,33637,3.3637
2026-08-28,폴바셋,롯데백화점 강남점,20273,2.0273
2026-08-28,폴바셋,스타필드 하남 1호점,53728,5.3728
2026-08-28,폴바셋,롯데백화점 광복점,42365,4.2365
2026-08-28,폴바셋,롯데몰 은평점,41637,4.1637
2026-08-28,폴바셋,광화문 흥국생명점,83365,8.3365
2026-08-28,폴바셋,롯데몰 수지점,62183,6.2183
2026-08-28,폴바셋,NC타워 삼성점,76183,7.6183
2026-08-28,폴바셋,경산 옥곡 DT점,108729,10.8729
2026-08-28,폴바셋,롯데백화점 본점,72874,7.2874
2026-08-28,폴바셋,서소문점,68001,6.8001
2026-08-28,폴바셋,신세계백화점 대구 2호점,19455,1.9455
2026-08-28,폴바셋,대구 방촌 DT점,80092,8.0092
2026-08-28,폴바셋,부산 괴정 DT점,95456,9.5456
2026-08-28,폴바셋,부산 전포 DT점,43910,4.391
2026-08-28,폴바셋,교보문고 합정점,80367,8.0367
2026-08-28,폴바셋,AK플라자 홍대점,58001,5.8001
2026-08-28,폴바셋,구로 G타워점,112820,11.282
2026-08-28,폴바셋,오산대 DT점,33182,3.3182
2026-08-28,폴바셋,경산 임당역 DT점,54819,5.4819
2026-08-28,폴바셋,롯데월드 아이스링크점,94969,9.4969
2026-08-28,폴바셋,김포 구래 DT점,77274,7.7274
2026-08-28,폴바셋,양산 웅상 DT점,73365,7.3365
2026-08-28,폴바셋,천안 구성 DT점,103001,10.3001
2026-08-28,폴바셋,대구 감삼 DT점,51728,5.1728
2026-08-28,폴바셋,MBC몰 파크점,58092,5.8092
2026-08-28,폴바셋,북수원IC DT점,62001,6.2001
2026-08-28,폴바셋,부산 대연 DT점,74092,7.4092
2026-08-28,폴바셋,신세계아울렛 시흥점,49276,4.9276
2026-08-28,폴바셋,파미에스테이션점,213117,21.3117
2026-08-28,폴바셋,대구 만촌 DT점,102820,10.282
2026-08-28,폴바셋,롯데월드몰점,39457,3.9457
2026-08-28,폴바셋,GFC점,153641,15.3641
2026-08-28,폴바셋,부산 연산역점,81776,8.1776
2026-08-28,폴바셋,인스파이어점,23364,2.3364
2026-08-28,폴바셋,현대아울렛 남양주점,38276,3.8276
2026-08-28,폴바셋,롯데아울렛 김해점,62640,6.264
2026-08-28,폴바셋,전주 금암 DT점,110365,11.0365
2026-08-28,폴바셋,롯데아울렛 이시아폴리스점,27093,2.7093
2026-08-28,폴바셋,광명 철산 DT점,83320,8.332
2026-08-28,폴바셋,경주 교동 DT점,286922,28.6922
2026-08-28,폴바셋,강서 마곡 DT점,89274,8.9274
2026-08-28,폴바셋,용인시청 DT점,180823,18.0823
2026-08-28,폴바셋,부산 금곡 강변점,102913,10.2913
2026-08-28,폴바셋,롯데아울렛 이천점,32001,3.2001
2026-08-28,폴바셋,수원 월드컵경기장점,77001,7.7001
2026-08-28,폴바셋,롯데백화점 중동점,72548,7.2548
2026-08-28,폴바셋,제주 아라 DT점,426674,42.6674
2026-08-28,폴바셋,증미역점,146730,14.673
2026-08-28,폴바셋,여의도 현대카드점,188959,18.8959
2026-08-28,폴바셋,광화문 예금보험공사점,157603,15.7603
2026-08-28,폴바셋,고창 선운사점,23002,2.3002
2026-08-28,폴바셋,롯데백화점 상인점,90827,9.0827
2026-08-28,폴바셋,평택 소사 DT점,148548,14.8548
2026-08-28,폴바셋,상일동점,108004,10.8004
2026-08-28,폴바셋,코엑스몰점,148638,14.8638
2026-08-28,폴바셋,혜화역점,208943,20.8943
2026-08-28,폴바셋,선릉역 동훈타워점,182699,18.2699
2026-08-28,폴바셋,연세와병원점,134458,13.4458
2026-08-28,폴바셋,송도 트리플스트리트점,175277,17.5277
2026-08-28,폴바셋,청주 방서 DT점,131187,13.1187
2026-08-28,폴바셋,용산 아이파크몰점,132007,13.2007
2026-08-28,폴바셋,여의도 국회대로점,212552,21.2552
2026-08-28,폴바셋,압구정2호점,169877,16.9877
2026-08-28,폴바셋,한남 커피스테이션,165008,16.5008
2026-08-28,폴바셋,롯데몰 동부산점,105916,10.5916
2026-08-28,폴바셋,종각역점,171600,17.16
2026-08-28,폴바셋,청담역점,194554,19.4554
2026-08-28,폴바셋,송도 센트럴파크점,179644,17.9644
2026-08-28,폴바셋,페럼타워점,340740,34.074
2026-08-28,폴바셋,수서역점,189467,18.9467
2026-08-28,폴바셋,강서 부민병원점,210642,21.0642
2026-08-28,폴바셋,반포 쌍동빌딩점,211555,21.1555
2026-08-28,폴바셋,현대백화점 미아점,181464,18.1464
2026-08-28,폴바셋,스타필드빌리지 운정점,137513,13.7513
2026-08-28,폴바셋,교대역점,262102,26.2102
2026-08-28,폴바셋,신세계 센텀시티몰점,203311,20.3311
2026-08-28,폴바셋,강남역 삼성화재점,243649,24.3649
2026-08-28,폴바셋,강남삼성타운점,300012,30.0012
2026-08-28,폴바셋,광교엘포트몰점,210102,21.0102
2026-08-28,폴바셋,영등포 타임스퀘어점,188199,18.8199
2026-08-28,폴바셋,파르나스몰점,273020,27.302
2026-08-28,폴바셋,청량리역점,262925,26.2925
2026-08-28,폴바셋,대구 수성못점,268403,26.8403
2026-08-28,폴바셋,인천 송도 DT점,221741,22.1741
2026-08-28,폴바셋,광교 경기도청점,271283,27.1283
2026-08-28,폴바셋,코리아나호텔점,279735,27.9735
2026-08-28,폴바셋,수원컨트리클럽점,220918,22.0918
2026-08-28,폴바셋,광화문 G타워점,279305,27.9305
2026-08-28,폴바셋,해운대 팔라티움점,341927,34.1927
2026-08-28,폴바셋,현대아울렛 김포점,266194,26.6194
2026-08-28,폴바셋,여의도 부국증권점,569471,56.9471
2026-08-28,폴바셋,갤러리아 광교점,243282,24.3282
2026-08-28,폴바셋,일산 마두점,404035,40.4035
2026-08-28,폴바셋,대치역점,381560,38.156
2026-08-28,폴바셋,을지로 파인에비뉴점,550304,55.0304
2026-08-28,폴바셋,교보문고 강남점,435289,43.5289
2026-08-28,폴바셋,여의도 IFC몰점,517937,51.7937
2026-08-28,폴바셋,산본역점,444941,44.4941
2026-08-28,폴바셋,인천공항 T1 입국점,598588,59.8588
2026-08-28,폴바셋,연세암병원점,733494,73.3494
2026-08-28,폴바셋,제주공항 국내선점,739734,73.9734
2026-08-28,폴바셋,영종도 파라다이스시티점,607419,60.7419
2026-08-28,폴바셋,강남구청역점,964218,96.4218
2026-08-28,폴바셋,고대구로병원점,928227,92.8227
2026-08-28,폴바셋,강남점,1157688,115.7688
2026-08-28,폴바셋,사당 파스텔시티점,1025779,102.5779
2026-08-28,폴바셋,인천공항 T2 입국점,1009732,100.9732
2026-08-28,폴바셋,일원역점,1553937,155.3937
2026-08-28,폴바셋,광화문점,3124217,312.4217
2026-08-29,폴바셋,롯데백화점 대구점,0,0
2026-08-29,폴바셋,롯데백화점 동탄점,0,0
2026-08-29,폴바셋,롯데마트 양평점,6182,0.6182
2026-08-29,폴바셋,신세계백화점 광주점,4091,0.4091
2026-08-29,폴바셋,롯데마트 서초점,12273,1.2273
2026-08-29,폴바셋,롯데백화점 부산본점,2000,0.2
2026-08-29,폴바셋,광화문 디타워점,4091,0.4091
2026-08-29,폴바셋,스타필드 수원점,6182,0.6182
2026-08-29,폴바셋,신세계백화점 대구 1호점,2000,0.2
2026-08-29,폴바셋,대전엑스포 스카이점,2091,0.2091
2026-08-29,폴바셋,롯데백화점 노원점,8273,0.8273
2026-08-29,폴바셋,스타필드 하남 2호점,6182,0.6182
2026-08-29,폴바셋,갤러리아 타임월드점,12182,1.2182
2026-08-29,폴바셋,삼성전자 평택점,0,0
2026-08-29,폴바셋,롯데백화점 광주점,29546,2.9546
2026-08-29,폴바셋,롯데아울렛 남악점,41546,4.1546
2026-08-29,폴바셋,제주 용담 DT점,0,0
2026-08-29,폴바셋,현대모터스튜디오 서울점,25637,2.5637
2026-08-29,폴바셋,투고 바 롯데월드 어드벤처점,6091,0.6091
2026-08-29,폴바셋,현대백화점 충청점,20273,2.0273
2026-08-29,폴바셋,종로 G1점,10183,1.0183
2026-08-29,폴바셋,스타필드 안성점,30273,3.0273
2026-08-29,폴바셋,신세계백화점 의정부점,30546,3.0546
2026-08-29,폴바셋,현대백화점 천호점,8091,0.8091
2026-08-29,폴바셋,AK플라자 수원점,52819,5.2819
2026-08-29,폴바셋,롯데백화점 관악점,36546,3.6546
2026-08-29,폴바셋,현대아울렛 대전점,33546,3.3546
2026-08-29,폴바셋,현대백화점 울산점,24364,2.4364
2026-08-29,폴바셋,더현대 대구점,42237,4.2237
2026-08-29,폴바셋,롯데백화점 평촌점,16273,1.6273
2026-08-29,폴바셋,신세계백화점 센텀시티점,28364,2.8364
2026-08-29,폴바셋,포항 영일대 DT점,35546,3.5546
2026-08-29,폴바셋,롯데백화점 김포공항점,21364,2.1364
2026-08-29,폴바셋,롯데백화점 대전점,45728,4.5728
2026-08-29,폴바셋,삼성전자 온양캠퍼스점,0,0
2026-08-29,폴바셋,롯데백화점 창원점,46819,4.6819
2026-08-29,폴바셋,롯데아울렛 기흥점,62912,6.2912
2026-08-29,폴바셋,한국경제신문사점,46728,4.6728
2026-08-29,폴바셋,송도 SK바이오사이언스점,0,0
2026-08-29,폴바셋,롯데아울렛 광주수완점,19364,1.9364
2026-08-29,폴바셋,신세계 사우스시티점,23455,2.3455
2026-08-29,폴바셋,삼성 DSR점,16364,1.6364
2026-08-29,폴바셋,스타필드시티 위례점,43637,4.3637
2026-08-29,폴바셋,스타필드 고양 1호점,44637,4.4637
2026-08-29,폴바셋,여의도점,14364,1.4364
2026-08-29,폴바셋,뉴코아 강남점,55092,5.5092
2026-08-29,폴바셋,마산 회원 DT점,32546,3.2546
2026-08-29,폴바셋,AK플라자 광명점,39273,3.9273
2026-08-29,폴바셋,롯데백화점 울산점,36366,3.6366
2026-08-29,폴바셋,구미 봉곡 DT점,67047,6.7047
2026-08-29,폴바셋,롯데백화점 잠실점,54910,5.491
2026-08-29,폴바셋,마산 해안대로 DT점,59819,5.9819
2026-08-29,폴바셋,롯데백화점 강남점,81547,8.1547
2026-08-29,폴바셋,스타필드 하남 1호점,86274,8.6274
2026-08-29,폴바셋,롯데백화점 광복점,55638,5.5638
2026-08-29,폴바셋,롯데몰 은평점,36546,3.6546
2026-08-29,폴바셋,광화문 흥국생명점,0,0
2026-08-29,폴바셋,롯데몰 수지점,31546,3.1546
2026-08-29,폴바셋,NC타워 삼성점,0,0
2026-08-29,폴바셋,경산 옥곡 DT점,33637,3.3637
2026-08-29,폴바셋,롯데백화점 본점,43909,4.3909
2026-08-29,폴바셋,서소문점,23364,2.3364
2026-08-29,폴바셋,신세계백화점 대구 2호점,59092,5.9092
2026-08-29,폴바셋,대구 방촌 DT점,57910,5.791
2026-08-29,폴바셋,부산 괴정 DT점,59092,5.9092
2026-08-29,폴바셋,부산 전포 DT점,93274,9.3274
2026-08-29,폴바셋,교보문고 합정점,126866,12.6866
2026-08-29,폴바셋,AK플라자 홍대점,52092,5.2092
2026-08-29,폴바셋,구로 G타워점,52728,5.2728
2026-08-29,폴바셋,오산대 DT점,79000,7.9
2026-08-29,폴바셋,경산 임당역 DT점,22364,2.2364
2026-08-29,폴바셋,롯데월드 아이스링크점,243464,24.3464
2026-08-29,폴바셋,김포 구래 DT점,86547,8.6547
2026-08-29,폴바셋,양산 웅상 DT점,79183,7.9183
2026-08-29,폴바셋,천안 구성 DT점,92910,9.291
2026-08-29,폴바셋,대구 감삼 DT점,71183,7.1183
2026-08-29,폴바셋,MBC몰 파크점,103910,10.391
2026-08-29,폴바셋,북수원IC DT점,98456,9.8456
2026-08-29,폴바셋,부산 대연 DT점,131911,13.1911
2026-08-29,폴바셋,신세계아울렛 시흥점,129825,12.9825
2026-08-29,폴바셋,파미에스테이션점,180843,18.0843
2026-08-29,폴바셋,대구 만촌 DT점,93729,9.3729
2026-08-29,폴바셋,롯데월드몰점,61367,6.1367
2026-08-29,폴바셋,GFC점,35092,3.5092
2026-08-29,폴바셋,부산 연산역점,84734,8.4734
2026-08-29,폴바셋,인스파이어점,139275,13.9275
2026-08-29,폴바셋,현대아울렛 남양주점,139463,13.9463
2026-08-29,폴바셋,롯데아울렛 김해점,105552,10.5552
2026-08-29,폴바셋,전주 금암 DT점,109365,10.9365
2026-08-29,폴바셋,롯데아울렛 이시아폴리스점,62822,6.2822
2026-08-29,폴바셋,광명 철산 DT점,189458,18.9458
2026-08-29,폴바셋,경주 교동 DT점,255944,25.5944
2026-08-29,폴바셋,강서 마곡 DT점,124820,12.482
2026-08-29,폴바셋,용인시청 DT점,272374,27.2374
2026-08-29,폴바셋,부산 금곡 강변점,128281,12.8281
2026-08-29,폴바셋,롯데아울렛 이천점,120189,12.0189
2026-08-29,폴바셋,수원 월드컵경기장점,107729,10.7729
2026-08-29,폴바셋,롯데백화점 중동점,112187,11.2187
2026-08-29,폴바셋,제주 아라 DT점,465447,46.5447
2026-08-29,폴바셋,증미역점,115549,11.5549
2026-08-29,폴바셋,여의도 현대카드점,0,0
2026-08-29,폴바셋,광화문 예금보험공사점,18092,1.8092
2026-08-29,폴바셋,고창 선운사점,174011,17.4011
2026-08-29,폴바셋,롯데백화점 상인점,142372,14.2372
2026-08-29,폴바셋,평택 소사 DT점,179821,17.9821
2026-08-29,폴바셋,상일동점,155191,15.5191
2026-08-29,폴바셋,코엑스몰점,89846,8.9846
2026-08-29,폴바셋,혜화역점,319281,31.9281
2026-08-29,폴바셋,선릉역 동훈타워점,33184,3.3184
2026-08-29,폴바셋,연세와병원점,142280,14.228
2026-08-29,폴바셋,송도 트리플스트리트점,171007,17.1007
2026-08-29,폴바셋,청주 방서 DT점,250194,25.0194
2026-08-29,폴바셋,용산 아이파크몰점,185465,18.5465
2026-08-29,폴바셋,여의도 국회대로점,150548,15.0548
2026-08-29,폴바셋,압구정2호점,133099,13.3099
2026-08-29,폴바셋,한남 커피스테이션,112860,11.286
2026-08-29,폴바셋,롯데몰 동부산점,260836,26.0836
2026-08-29,폴바셋,종각역점,66821,6.6821
2026-08-29,폴바셋,청담역점,153557,15.3557
2026-08-29,폴바셋,송도 센트럴파크점,195463,19.5463
2026-08-29,폴바셋,페럼타워점,38455,3.8455
2026-08-29,폴바셋,수서역점,230465,23.0465
2026-08-29,폴바셋,강서 부민병원점,192914,19.2914
2026-08-29,폴바셋,반포 쌍동빌딩점,254292,25.4292
2026-08-29,폴바셋,현대백화점 미아점,278470,27.847
2026-08-29,폴바셋,스타필드빌리지 운정점,249832,24.9832
2026-08-29,폴바셋,교대역점,132008,13.2008
2026-08-29,폴바셋,신세계 센텀시티몰점,296014,29.6014
2026-08-29,폴바셋,강남역 삼성화재점,182464,18.2464
2026-08-29,폴바셋,강남삼성타운점,220738,22.0738
2026-08-29,폴바셋,광교엘포트몰점,211702,21.1702
2026-08-29,폴바셋,영등포 타임스퀘어점,213464,21.3464
2026-08-29,폴바셋,파르나스몰점,170554,17.0554
2026-08-29,폴바셋,청량리역점,335989,33.5989
2026-08-29,폴바셋,대구 수성못점,386667,38.6667
2026-08-29,폴바셋,인천 송도 DT점,356378,35.6378
2026-08-29,폴바셋,광교 경기도청점,205916,20.5916
2026-08-29,폴바셋,코리아나호텔점,163191,16.3191
2026-08-29,폴바셋,수원컨트리클럽점,418605,41.8605
2026-08-29,폴바셋,광화문 G타워점,261736,26.1736
2026-08-29,폴바셋,해운대 팔라티움점,226831,22.6831
2026-08-29,폴바셋,현대아울렛 김포점,501485,50.1485
2026-08-29,폴바셋,여의도 부국증권점,208914,20.8914
2026-08-29,폴바셋,갤러리아 광교점,1557339,155.7339
2026-08-29,폴바셋,일산 마두점,229602,22.9602
2026-08-29,폴바셋,대치역점,388479,38.8479
2026-08-29,폴바셋,을지로 파인에비뉴점,365652,36.5652
2026-08-29,폴바셋,교보문고 강남점,521207,52.1207
2026-08-29,폴바셋,여의도 IFC몰점,521031,52.1031
2026-08-29,폴바셋,산본역점,674137,67.4137
2026-08-29,폴바셋,인천공항 T1 입국점,689684,68.9684
2026-08-29,폴바셋,연세암병원점,196253,19.6253
2026-08-29,폴바셋,제주공항 국내선점,574371,57.4371
2026-08-29,폴바셋,영종도 파라다이스시티점,879711,87.9711
2026-08-29,폴바셋,강남구청역점,656657,65.6657
2026-08-29,폴바셋,고대구로병원점,335833,33.5833
2026-08-29,폴바셋,강남점,1032059,103.2059
2026-08-29,폴바셋,사당 파스텔시티점,980652,98.0652
2026-08-29,폴바셋,인천공항 T2 입국점,1074561,107.4561
2026-08-29,폴바셋,일원역점,1652773,165.2773
2026-08-29,폴바셋,광화문점,1724191,172.4191
2026-08-30,폴바셋,롯데백화점 대구점,8182,0.8182
2026-08-30,폴바셋,롯데백화점 동탄점,4091,0.4091
2026-08-30,폴바셋,롯데마트 양평점,2091,0.2091
2026-08-30,폴바셋,신세계백화점 광주점,2000,0.2
2026-08-30,폴바셋,롯데마트 서초점,14273,1.4273
2026-08-30,폴바셋,롯데백화점 부산본점,4091,0.4091
2026-08-30,폴바셋,광화문 디타워점,0,0
2026-08-30,폴바셋,스타필드 수원점,10182,1.0182
2026-08-30,폴바셋,신세계백화점 대구 1호점,6182,0.6182
2026-08-30,폴바셋,대전엑스포 스카이점,4091,0.4091
2026-08-30,폴바셋,롯데백화점 노원점,0,0
2026-08-30,폴바셋,스타필드 하남 2호점,8182,0.8182
2026-08-30,폴바셋,갤러리아 타임월드점,0,0
2026-08-30,폴바셋,삼성전자 평택점,0,0
2026-08-30,폴바셋,롯데백화점 광주점,8091,0.8091
2026-08-30,폴바셋,롯데아울렛 남악점,4091,0.4091
2026-08-30,폴바셋,제주 용담 DT점,16364,1.6364
2026-08-30,폴바셋,현대모터스튜디오 서울점,0,0
2026-08-30,폴바셋,투고 바 롯데월드 어드벤처점,0,0
2026-08-30,폴바셋,현대백화점 충청점,19673,1.9673
2026-08-30,폴바셋,종로 G1점,18728,1.8728
2026-08-30,폴바셋,스타필드 안성점,36000,3.6
2026-08-30,폴바셋,신세계백화점 의정부점,32637,3.2637
2026-08-30,폴바셋,현대백화점 천호점,0,0
2026-08-30,폴바셋,AK플라자 수원점,14273,1.4273
2026-08-30,폴바셋,롯데백화점 관악점,10273,1.0273
2026-08-30,폴바셋,현대아울렛 대전점,29546,2.9546
2026-08-30,폴바셋,현대백화점 울산점,29410,2.941
2026-08-30,폴바셋,더현대 대구점,22364,2.2364
2026-08-30,폴바셋,롯데백화점 평촌점,32455,3.2455
2026-08-30,폴바셋,신세계백화점 센텀시티점,15364,1.5364
2026-08-30,폴바셋,포항 영일대 DT점,12182,1.2182
2026-08-30,폴바셋,롯데백화점 김포공항점,2091,0.2091
2026-08-30,폴바셋,롯데백화점 대전점,23364,2.3364
2026-08-30,폴바셋,삼성전자 온양캠퍼스점,0,0
2026-08-30,폴바셋,롯데백화점 창원점,12182,1.2182
2026-08-30,폴바셋,롯데아울렛 기흥점,59368,5.9368
2026-08-30,폴바셋,한국경제신문사점,8091,0.8091
2026-08-30,폴바셋,송도 SK바이오사이언스점,0,0
2026-08-30,폴바셋,롯데아울렛 광주수완점,46728,4.6728
2026-08-30,폴바셋,신세계 사우스시티점,39637,3.9637
2026-08-30,폴바셋,삼성 DSR점,0,0
2026-08-30,폴바셋,스타필드시티 위례점,10091,1.0091
2026-08-30,폴바셋,스타필드 고양 1호점,8182,0.8182
2026-08-30,폴바셋,여의도점,2000,0.2
2026-08-30,폴바셋,뉴코아 강남점,26455,2.6455
2026-08-30,폴바셋,마산 회원 DT점,20273,2.0273
2026-08-30,폴바셋,AK플라자 광명점,62091,6.2091
2026-08-30,폴바셋,롯데백화점 울산점,31274,3.1274
2026-08-30,폴바셋,구미 봉곡 DT점,8091,0.8091
2026-08-30,폴바셋,롯데백화점 잠실점,39637,3.9637
2026-08-30,폴바셋,마산 해안대로 DT점,22364,2.2364
2026-08-30,폴바셋,롯데백화점 강남점,29455,2.9455
2026-08-30,폴바셋,스타필드 하남 1호점,36728,3.6728
2026-08-30,폴바셋,롯데백화점 광복점,50184,5.0184
2026-08-30,폴바셋,롯데몰 은평점,50592,5.0592
2026-08-30,폴바셋,광화문 흥국생명점,0,0
2026-08-30,폴바셋,롯데몰 수지점,20364,2.0364
2026-08-30,폴바셋,NC타워 삼성점,0,0
2026-08-30,폴바셋,경산 옥곡 DT점,67001,6.7001
2026-08-30,폴바셋,롯데백화점 본점,17182,1.7182
2026-08-30,폴바셋,서소문점,40455,4.0455
2026-08-30,폴바셋,신세계백화점 대구 2호점,109975,10.9975
2026-08-30,폴바셋,대구 방촌 DT점,27455,2.7455
2026-08-30,폴바셋,부산 괴정 DT점,36546,3.6546
2026-08-30,폴바셋,부산 전포 DT점,51910,5.191
2026-08-30,폴바셋,교보문고 합정점,144190,14.419
2026-08-30,폴바셋,AK플라자 홍대점,25364,2.5364
2026-08-30,폴바셋,구로 G타워점,56819,5.6819
2026-08-30,폴바셋,오산대 DT점,40728,4.0728
2026-08-30,폴바셋,경산 임당역 DT점,88274,8.8274
2026-08-30,폴바셋,롯데월드 아이스링크점,206922,20.6922
2026-08-30,폴바셋,김포 구래 DT점,66819,6.6819
2026-08-30,폴바셋,양산 웅상 DT점,87183,8.7183
2026-08-30,폴바셋,천안 구성 DT점,59910,5.991
2026-08-30,폴바셋,대구 감삼 DT점,91456,9.1456
2026-08-30,폴바셋,MBC몰 파크점,19364,1.9364
2026-08-30,폴바셋,북수원IC DT점,87274,8.7274
2026-08-30,폴바셋,부산 대연 DT점,24364,2.4364
2026-08-30,폴바셋,신세계아울렛 시흥점,139736,13.9736
2026-08-30,폴바셋,파미에스테이션점,85985,8.5985
2026-08-30,폴바셋,대구 만촌 DT점,32783,3.2783
2026-08-30,폴바셋,롯데월드몰점,43457,4.3457
2026-08-30,폴바셋,GFC점,50175,5.0175
2026-08-30,폴바셋,부산 연산역점,40648,4.0648
2026-08-30,폴바셋,인스파이어점,89092,8.9092
2026-08-30,폴바셋,현대아울렛 남양주점,93642,9.3642
2026-08-30,폴바셋,롯데아울렛 김해점,89549,8.9549
2026-08-30,폴바셋,전주 금암 DT점,60455,6.0455
2026-08-30,폴바셋,롯데아울렛 이시아폴리스점,116731,11.6731
2026-08-30,폴바셋,광명 철산 DT점,50910,5.091
2026-08-30,폴바셋,경주 교동 DT점,336921,33.6921
2026-08-30,폴바셋,강서 마곡 DT점,52637,5.2637
2026-08-30,폴바셋,용인시청 DT점,211373,21.1373
2026-08-30,폴바셋,부산 금곡 강변점,119917,11.9917
2026-08-30,폴바셋,롯데아울렛 이천점,191554,19.1554
2026-08-30,폴바셋,수원 월드컵경기장점,107456,10.7456
2026-08-30,폴바셋,롯데백화점 중동점,155008,15.5008
2026-08-30,폴바셋,제주 아라 DT점,231101,23.1101
2026-08-30,폴바셋,증미역점,158005,15.8005
2026-08-30,폴바셋,여의도 현대카드점,0,0
2026-08-30,폴바셋,광화문 예금보험공사점,33364,3.3364
2026-08-30,폴바셋,고창 선운사점,124007,12.4007
2026-08-30,폴바셋,롯데백화점 상인점,162736,16.2736
2026-08-30,폴바셋,평택 소사 DT점,58001,5.8001
2026-08-30,폴바셋,상일동점,133280,13.328
2026-08-30,폴바셋,코엑스몰점,43728,4.3728
2026-08-30,폴바셋,혜화역점,369558,36.9558
2026-08-30,폴바셋,선릉역 동훈타워점,20273,2.0273
2026-08-30,폴바셋,연세와병원점,163640,16.364
2026-08-30,폴바셋,송도 트리플스트리트점,147188,14.7188
2026-08-30,폴바셋,청주 방서 DT점,136553,13.6553
2026-08-30,폴바셋,용산 아이파크몰점,198512,19.8512
2026-08-30,폴바셋,여의도 국회대로점,173914,17.3914
2026-08-30,폴바셋,압구정2호점,141915,14.1915
2026-08-30,폴바셋,한남 커피스테이션,219531,21.9531
2026-08-30,폴바셋,롯데몰 동부산점,168466,16.8466
2026-08-30,폴바셋,종각역점,41911,4.1911
2026-08-30,폴바셋,청담역점,146734,14.6734
2026-08-30,폴바셋,송도 센트럴파크점,175191,17.5191
2026-08-30,폴바셋,페럼타워점,5909,0.5909
2026-08-30,폴바셋,수서역점,201552,20.1552
2026-08-30,폴바셋,강서 부민병원점,96321,9.6321
2026-08-30,폴바셋,반포 쌍동빌딩점,132006,13.2006
2026-08-30,폴바셋,현대백화점 미아점,280926,28.0926
2026-08-30,폴바셋,스타필드빌리지 운정점,206012,20.6012
2026-08-30,폴바셋,교대역점,183099,18.3099
2026-08-30,폴바셋,신세계 센텀시티몰점,254292,25.4292
2026-08-30,폴바셋,강남역 삼성화재점,122916,12.2916
2026-08-30,폴바셋,강남삼성타운점,141007,14.1007
2026-08-30,폴바셋,광교엘포트몰점,165463,16.5463
2026-08-30,폴바셋,영등포 타임스퀘어점,301832,30.1832
2026-08-30,폴바셋,파르나스몰점,108461,10.8461
2026-08-30,폴바셋,청량리역점,314022,31.4022
2026-08-30,폴바셋,대구 수성못점,352294,35.2294
2026-08-30,폴바셋,인천 송도 DT점,260292,26.0292
2026-08-30,폴바셋,광교 경기도청점,306429,30.6429
2026-08-30,폴바셋,코리아나호텔점,113188,11.3188
2026-08-30,폴바셋,수원컨트리클럽점,198007,19.8007
2026-08-30,폴바셋,광화문 G타워점,235831,23.5831
2026-08-30,폴바셋,해운대 팔라티움점,304752,30.4752
2026-08-30,폴바셋,현대아울렛 김포점,423022,42.3022
2026-08-30,폴바셋,여의도 부국증권점,110734,11.0734
2026-08-30,폴바셋,갤러리아 광교점,316190,31.619
2026-08-30,폴바셋,일산 마두점,279379,27.9379
2026-08-30,폴바셋,대치역점,295849,29.5849
2026-08-30,폴바셋,을지로 파인에비뉴점,416393,41.6393
2026-08-30,폴바셋,교보문고 강남점,480940,48.094
2026-08-30,폴바셋,여의도 IFC몰점,462483,46.2483
2026-08-30,폴바셋,산본역점,669044,66.9044
2026-08-30,폴바셋,인천공항 T1 입국점,534129,53.4129
2026-08-30,폴바셋,연세암병원점,92230,9.223
2026-08-30,폴바셋,제주공항 국내선점,669279,66.9279
2026-08-30,폴바셋,영종도 파라다이스시티점,836672,83.6672
2026-08-30,폴바셋,강남구청역점,456799,45.6799
2026-08-30,폴바셋,고대구로병원점,264465,26.4465
2026-08-30,폴바셋,강남점,849872,84.9872
2026-08-30,폴바셋,사당 파스텔시티점,883216,88.3216
2026-08-30,폴바셋,인천공항 T2 입국점,1257123,125.7123
2026-08-30,폴바셋,일원역점,1550745,155.0745
2026-08-30,폴바셋,광화문점,1731837,173.1837
2026-08-31,폴바셋,롯데백화점 대구점,0,0
2026-08-31,폴바셋,롯데백화점 동탄점,2000,0.2
2026-08-31,폴바셋,롯데마트 양평점,2000,0.2
2026-08-31,폴바셋,신세계백화점 광주점,4091,0.4091
2026-08-31,폴바셋,롯데마트 서초점,0,0
2026-08-31,폴바셋,롯데백화점 부산본점,2091,0.2091
2026-08-31,폴바셋,광화문 디타워점,4091,0.4091
2026-08-31,폴바셋,스타필드 수원점,0,0
2026-08-31,폴바셋,신세계백화점 대구 1호점,0,0
2026-08-31,폴바셋,대전엑스포 스카이점,12182,1.2182
2026-08-31,폴바셋,롯데백화점 노원점,0,0
2026-08-31,폴바셋,스타필드 하남 2호점,12364,1.2364
2026-08-31,폴바셋,갤러리아 타임월드점,10182,1.0182
2026-08-31,폴바셋,삼성전자 평택점,12273,1.2273
2026-08-31,폴바셋,롯데백화점 광주점,10182,1.0182
2026-08-31,폴바셋,롯데아울렛 남악점,4091,0.4091
2026-08-31,폴바셋,제주 용담 DT점,0,0
2026-08-31,폴바셋,현대모터스튜디오 서울점,7182,0.7182
2026-08-31,폴바셋,투고 바 롯데월드 어드벤처점,8182,0.8182
2026-08-31,폴바셋,현대백화점 충청점,0,0
2026-08-31,폴바셋,종로 G1점,13046,1.3046
2026-08-31,폴바셋,스타필드 안성점,5909,0.5909
2026-08-31,폴바셋,신세계백화점 의정부점,8091,0.8091
2026-08-31,폴바셋,현대백화점 천호점,10182,1.0182
2026-08-31,폴바셋,AK플라자 수원점,0,0
2026-08-31,폴바셋,롯데백화점 관악점,12364,1.2364
2026-08-31,폴바셋,현대아울렛 대전점,10273,1.0273
2026-08-31,폴바셋,현대백화점 울산점,20273,2.0273
2026-08-31,폴바셋,더현대 대구점,26364,2.6364
2026-08-31,폴바셋,롯데백화점 평촌점,7182,0.7182
2026-08-31,폴바셋,신세계백화점 센텀시티점,16182,1.6182
2026-08-31,폴바셋,포항 영일대 DT점,8091,0.8091
2026-08-31,폴바셋,롯데백화점 김포공항점,35637,3.5637
2026-08-31,폴바셋,롯데백화점 대전점,19364,1.9364
2026-08-31,폴바셋,삼성전자 온양캠퍼스점,25728,2.5728
2026-08-31,폴바셋,롯데백화점 창원점,26637,2.6637
2026-08-31,폴바셋,롯데아울렛 기흥점,23138,2.3138
2026-08-31,폴바셋,한국경제신문사점,24273,2.4273
2026-08-31,폴바셋,송도 SK바이오사이언스점,66274,6.6274
2026-08-31,폴바셋,롯데아울렛 광주수완점,32364,3.2364
2026-08-31,폴바셋,신세계 사우스시티점,32364,3.2364
2026-08-31,폴바셋,삼성 DSR점,54001,5.4001
2026-08-31,폴바셋,스타필드시티 위례점,37637,3.7637
2026-08-31,폴바셋,스타필드 고양 1호점,30546,3.0546
2026-08-31,폴바셋,여의도점,49728,4.9728
2026-08-31,폴바셋,뉴코아 강남점,42728,4.2728
2026-08-31,폴바셋,마산 회원 DT점,27455,2.7455
2026-08-31,폴바셋,AK플라자 광명점,25818,2.5818
2026-08-31,폴바셋,롯데백화점 울산점,49640,4.964
2026-08-31,폴바셋,구미 봉곡 DT점,46683,4.6683
2026-08-31,폴바셋,롯데백화점 잠실점,31455,3.1455
2026-08-31,폴바셋,마산 해안대로 DT점,23364,2.3364
2026-08-31,폴바셋,롯데백화점 강남점,15273,1.5273
2026-08-31,폴바셋,스타필드 하남 1호점,31455,3.1455
2026-08-31,폴바셋,롯데백화점 광복점,50819,5.0819
2026-08-31,폴바셋,롯데몰 은평점,45728,4.5728
2026-08-31,폴바셋,광화문 흥국생명점,77365,7.7365
2026-08-31,폴바셋,롯데몰 수지점,39728,3.9728
2026-08-31,폴바셋,NC타워 삼성점,63819,6.3819
2026-08-31,폴바셋,경산 옥곡 DT점,2091,0.2091
2026-08-31,폴바셋,롯데백화점 본점,51455,5.1455
2026-08-31,폴바셋,서소문점,55728,5.5728
2026-08-31,폴바셋,신세계백화점 대구 2호점,13364,1.3364
2026-08-31,폴바셋,대구 방촌 DT점,23364,2.3364
2026-08-31,폴바셋,부산 괴정 DT점,16182,1.6182
2026-08-31,폴바셋,부산 전포 DT점,63274,6.3274
2026-08-31,폴바셋,교보문고 합정점,103730,10.373
2026-08-31,폴바셋,AK플라자 홍대점,99547,9.9547
2026-08-31,폴바셋,구로 G타워점,75028,7.5028
2026-08-31,폴바셋,오산대 DT점,34728,3.4728
2026-08-31,폴바셋,경산 임당역 DT점,81074,8.1074
2026-08-31,폴바셋,롯데월드 아이스링크점,135889,13.5889
2026-08-31,폴바셋,김포 구래 DT점,66001,6.6001
2026-08-31,폴바셋,양산 웅상 DT점,33455,3.3455
2026-08-31,폴바셋,천안 구성 DT점,94274,9.4274
2026-08-31,폴바셋,대구 감삼 DT점,60865,6.0865
2026-08-31,폴바셋,MBC몰 파크점,92274,9.2274
2026-08-31,폴바셋,북수원IC DT점,75274,7.5274
2026-08-31,폴바셋,부산 대연 DT점,65001,6.5001
2026-08-31,폴바셋,신세계아울렛 시흥점,35274,3.5274
2026-08-31,폴바셋,파미에스테이션점,60185,6.0185
2026-08-31,폴바셋,대구 만촌 DT점,70092,7.0092
2026-08-31,폴바셋,롯데월드몰점,28001,2.8001
2026-08-31,폴바셋,GFC점,191642,19.1642
2026-08-31,폴바셋,부산 연산역점,85093,8.5093
2026-08-31,폴바셋,인스파이어점,15364,1.5364
2026-08-31,폴바셋,현대아울렛 남양주점,46276,4.6276
2026-08-31,폴바셋,롯데아울렛 김해점,40275,4.0275
2026-08-31,폴바셋,전주 금암 DT점,92819,9.2819
2026-08-31,폴바셋,롯데아울렛 이시아폴리스점,91006,9.1006
2026-08-31,폴바셋,광명 철산 DT점,83502,8.3502
2026-08-31,폴바셋,경주 교동 DT점,163962,16.3962
2026-08-31,폴바셋,강서 마곡 DT점,89456,8.9456
2026-08-31,폴바셋,용인시청 DT점,164823,16.4823
2026-08-31,폴바셋,부산 금곡 강변점,54548,5.4548
2026-08-31,폴바셋,롯데아울렛 이천점,64094,6.4094
2026-08-31,폴바셋,수원 월드컵경기장점,60728,6.0728
2026-08-31,폴바셋,롯데백화점 중동점,97869,9.7869
2026-08-31,폴바셋,제주 아라 DT점,168880,16.888
2026-08-31,폴바셋,증미역점,73547,7.3547
2026-08-31,폴바셋,여의도 현대카드점,172395,17.2395
2026-08-31,폴바셋,광화문 예금보험공사점,108901,10.8901
2026-08-31,폴바셋,고창 선운사점,0,0
2026-08-31,폴바셋,롯데백화점 상인점,84097,8.4097
2026-08-31,폴바셋,평택 소사 DT점,73274,7.3274
2026-08-31,폴바셋,상일동점,75460,7.546
2026-08-31,폴바셋,코엑스몰점,132729,13.2729
2026-08-31,폴바셋,혜화역점,174095,17.4095
2026-08-31,폴바셋,선릉역 동훈타워점,159186,15.9186
2026-08-31,폴바셋,연세와병원점,103913,10.3913
2026-08-31,폴바셋,송도 트리플스트리트점,111459,11.1459
2026-08-31,폴바셋,청주 방서 DT점,89823,8.9823
2026-08-31,폴바셋,용산 아이파크몰점,125188,12.5188
2026-08-31,폴바셋,여의도 국회대로점,144825,14.4825
2026-08-31,폴바셋,압구정2호점,142869,14.2869
2026-08-31,폴바셋,한남 커피스테이션,185237,18.5237
2026-08-31,폴바셋,롯데몰 동부산점,154191,15.4191
2026-08-31,폴바셋,종각역점,230237,23.0237
2026-08-31,폴바셋,청담역점,107370,10.737
2026-08-31,폴바셋,송도 센트럴파크점,213193,21.3193
2026-08-31,폴바셋,페럼타워점,318758,31.8758
2026-08-31,폴바셋,수서역점,216740,21.674
2026-08-31,폴바셋,강서 부민병원점,235190,23.519
2026-08-31,폴바셋,반포 쌍동빌딩점,214099,21.4099
2026-08-31,폴바셋,현대백화점 미아점,165826,16.5826
2026-08-31,폴바셋,스타필드빌리지 운정점,162645,16.2645
2026-08-31,폴바셋,교대역점,213321,21.3321
2026-08-31,폴바셋,신세계 센텀시티몰점,150554,15.0554
2026-08-31,폴바셋,강남역 삼성화재점,230556,23.0556
2026-08-31,폴바셋,강남삼성타운점,313008,31.3008
2026-08-31,폴바셋,광교엘포트몰점,165098,16.5098
2026-08-31,폴바셋,영등포 타임스퀘어점,233283,23.3283
2026-08-31,폴바셋,파르나스몰점,315022,31.5022
2026-08-31,폴바셋,청량리역점,222561,22.2561
2026-08-31,폴바셋,대구 수성못점,203393,20.3393
2026-08-31,폴바셋,인천 송도 DT점,211200,21.12
2026-08-31,폴바셋,광교 경기도청점,254188,25.4188
2026-08-31,폴바셋,코리아나호텔점,302285,30.2285
2026-08-31,폴바셋,수원컨트리클럽점,264196,26.4196
2026-08-31,폴바셋,광화문 G타워점,253004,25.3004
2026-08-31,폴바셋,해운대 팔라티움점,191006,19.1006
2026-08-31,폴바셋,현대아울렛 김포점,161739,16.1739
2026-08-31,폴바셋,여의도 부국증권점,239196,23.9196
2026-08-31,폴바셋,갤러리아 광교점,163644,16.3644
2026-08-31,폴바셋,일산 마두점,320472,32.0472
2026-08-31,폴바셋,대치역점,436205,43.6205
2026-08-31,폴바셋,을지로 파인에비뉴점,563482,56.3482
2026-08-31,폴바셋,교보문고 강남점,510210,51.021
2026-08-31,폴바셋,여의도 IFC몰점,410659,41.0659
2026-08-31,폴바셋,산본역점,439026,43.9026
2026-08-31,폴바셋,인천공항 T1 입국점,563492,56.3492
2026-08-31,폴바셋,연세암병원점,872567,87.2567
2026-08-31,폴바셋,제주공항 국내선점,458191,45.8191
2026-08-31,폴바셋,영종도 파라다이스시티점,538021,53.8021
2026-08-31,폴바셋,강남구청역점,976265,97.6265
2026-08-31,폴바셋,고대구로병원점,981221,98.1221
2026-08-31,폴바셋,강남점,890156,89.0156
2026-08-31,폴바셋,사당 파스텔시티점,935514,93.5514
2026-08-31,폴바셋,인천공항 T2 입국점,1203203,120.3203
2026-08-31,폴바셋,일원역점,1686550,168.655
2026-08-31,폴바셋,광화문점,3164477,316.4477
