기준일,브랜드,매장명,매출액_원,원본매출_만원
2026-07-01,폴바셋,신세계백화점 광주점,0,0
2026-07-02,폴바셋,신세계백화점 광주점,0,0
2026-07-03,폴바셋,신세계백화점 광주점,0,0
2026-07-04,폴바셋,신세계백화점 광주점,0,0
2026-07-05,폴바셋,신세계백화점 광주점,0,0
2026-07-06,폴바셋,신세계백화점 광주점,0,0
2026-07-07,폴바셋,신세계백화점 광주점,0,0
2026-07-08,폴바셋,신세계백화점 광주점,0,0
2026-07-09,폴바셋,신세계백화점 광주점,0,0
2026-07-10,폴바셋,신세계백화점 광주점,0,0
2026-07-11,폴바셋,신세계백화점 광주점,0,0
2026-07-12,폴바셋,신세계백화점 광주점,0,0
2026-07-13,폴바셋,신세계백화점 광주점,0,0
2026-07-14,폴바셋,신세계백화점 광주점,0,0
2026-07-15,폴바셋,신세계백화점 광주점,0,0
2026-07-16,폴바셋,신세계백화점 광주점,0,0
2026-07-17,폴바셋,신세계백화점 광주점,0,0
2026-07-18,폴바셋,신세계백화점 광주점,0,0
2026-07-19,폴바셋,신세계백화점 광주점,0,0
2026-07-20,폴바셋,신세계백화점 광주점,0,0
2026-07-21,폴바셋,신세계백화점 광주점,0,0
2026-07-22,폴바셋,신세계백화점 광주점,0,0
2026-07-23,폴바셋,신세계백화점 광주점,0,0
2026-07-24,폴바셋,신세계백화점 광주점,0,0
2026-07-25,폴바셋,신세계백화점 광주점,0,0
2026-07-26,폴바셋,신세계백화점 광주점,0,0
2026-07-27,폴바셋,신세계백화점 광주점,0,0
2026-07-28,폴바셋,신세계백화점 광주점,0,0
2026-07-29,폴바셋,신세계백화점 광주점,0,0
2026-07-30,폴바셋,신세계백화점 광주점,2091,0.2091
2026-07-31,폴바셋,신세계백화점 광주점,0,0
2026-07-01,폴바셋,롯데백화점 동탄점,0,0
2026-07-02,폴바셋,롯데백화점 동탄점,0,0
2026-07-03,폴바셋,롯데백화점 동탄점,0,0
2026-07-04,폴바셋,롯데백화점 동탄점,0,0
2026-07-05,폴바셋,롯데백화점 동탄점,0,0
2026-07-06,폴바셋,롯데백화점 동탄점,0,0
2026-07-07,폴바셋,롯데백화점 동탄점,0,0
2026-07-08,폴바셋,롯데백화점 동탄점,0,0
2026-07-09,폴바셋,롯데백화점 동탄점,0,0
2026-07-10,폴바셋,롯데백화점 동탄점,0,0
2026-07-11,폴바셋,롯데백화점 동탄점,0,0
2026-07-12,폴바셋,롯데백화점 동탄점,0,0
2026-07-13,폴바셋,롯데백화점 동탄점,0,0
2026-07-14,폴바셋,롯데백화점 동탄점,0,0
2026-07-15,폴바셋,롯데백화점 동탄점,0,0
2026-07-16,폴바셋,롯데백화점 동탄점,0,0
2026-07-17,폴바셋,롯데백화점 동탄점,0,0
2026-07-18,폴바셋,롯데백화점 동탄점,0,0
2026-07-19,폴바셋,롯데백화점 동탄점,0,0
2026-07-20,폴바셋,롯데백화점 동탄점,0,0
2026-07-21,폴바셋,롯데백화점 동탄점,0,0
2026-07-22,폴바셋,롯데백화점 동탄점,0,0
2026-07-23,폴바셋,롯데백화점 동탄점,0,0
2026-07-24,폴바셋,롯데백화점 동탄점,0,0
2026-07-25,폴바셋,롯데백화점 동탄점,0,0
2026-07-26,폴바셋,롯데백화점 동탄점,0,0
2026-07-27,폴바셋,롯데백화점 동탄점,0,0
2026-07-28,폴바셋,롯데백화점 동탄점,0,0
2026-07-29,폴바셋,롯데백화점 동탄점,0,0
2026-07-30,폴바셋,롯데백화점 동탄점,2091,0.2091
2026-07-31,폴바셋,롯데백화점 동탄점,4000,0.4
2026-07-01,폴바셋,스타필드 하남 2호점,0,0
2026-07-02,폴바셋,스타필드 하남 2호점,0,0
2026-07-03,폴바셋,스타필드 하남 2호점,0,0
2026-07-04,폴바셋,스타필드 하남 2호점,0,0
2026-07-05,폴바셋,스타필드 하남 2호점,0,0
2026-07-06,폴바셋,스타필드 하남 2호점,0,0
2026-07-07,폴바셋,스타필드 하남 2호점,0,0
2026-07-08,폴바셋,스타필드 하남 2호점,0,0
2026-07-09,폴바셋,스타필드 하남 2호점,0,0
2026-07-10,폴바셋,스타필드 하남 2호점,0,0
2026-07-11,폴바셋,스타필드 하남 2호점,0,0
2026-07-12,폴바셋,스타필드 하남 2호점,0,0
2026-07-13,폴바셋,스타필드 하남 2호점,0,0
2026-07-14,폴바셋,스타필드 하남 2호점,0,0
2026-07-15,폴바셋,스타필드 하남 2호점,0,0
2026-07-16,폴바셋,스타필드 하남 2호점,0,0
2026-07-17,폴바셋,스타필드 하남 2호점,0,0
2026-07-18,폴바셋,스타필드 하남 2호점,0,0
2026-07-19,폴바셋,스타필드 하남 2호점,0,0
2026-07-20,폴바셋,스타필드 하남 2호점,0,0
2026-07-21,폴바셋,스타필드 하남 2호점,0,0
2026-07-22,폴바셋,스타필드 하남 2호점,0,0
2026-07-23,폴바셋,스타필드 하남 2호점,0,0
2026-07-24,폴바셋,스타필드 하남 2호점,0,0
2026-07-25,폴바셋,스타필드 하남 2호점,0,0
2026-07-26,폴바셋,스타필드 하남 2호점,0,0
2026-07-27,폴바셋,스타필드 하남 2호점,0,0
2026-07-28,폴바셋,스타필드 하남 2호점,0,0
2026-07-29,폴바셋,스타필드 하남 2호점,0,0
2026-07-30,폴바셋,스타필드 하남 2호점,2000,0.2
2026-07-31,폴바셋,스타필드 하남 2호점,4091,0.4091
2026-07-01,폴바셋,신세계백화점 대구 1호점,0,0
2026-07-02,폴바셋,신세계백화점 대구 1호점,0,0
2026-07-03,폴바셋,신세계백화점 대구 1호점,0,0
2026-07-04,폴바셋,신세계백화점 대구 1호점,0,0
2026-07-05,폴바셋,신세계백화점 대구 1호점,0,0
2026-07-06,폴바셋,신세계백화점 대구 1호점,0,0
2026-07-07,폴바셋,신세계백화점 대구 1호점,0,0
2026-07-08,폴바셋,신세계백화점 대구 1호점,0,0
2026-07-09,폴바셋,신세계백화점 대구 1호점,0,0
2026-07-10,폴바셋,신세계백화점 대구 1호점,0,0
2026-07-11,폴바셋,신세계백화점 대구 1호점,0,0
2026-07-12,폴바셋,신세계백화점 대구 1호점,0,0
2026-07-13,폴바셋,신세계백화점 대구 1호점,0,0
2026-07-14,폴바셋,신세계백화점 대구 1호점,0,0
2026-07-15,폴바셋,신세계백화점 대구 1호점,0,0
2026-07-16,폴바셋,신세계백화점 대구 1호점,0,0
2026-07-17,폴바셋,신세계백화점 대구 1호점,0,0
2026-07-18,폴바셋,신세계백화점 대구 1호점,0,0
2026-07-19,폴바셋,신세계백화점 대구 1호점,0,0
2026-07-20,폴바셋,신세계백화점 대구 1호점,0,0
2026-07-21,폴바셋,신세계백화점 대구 1호점,0,0
2026-07-22,폴바셋,신세계백화점 대구 1호점,0,0
2026-07-23,폴바셋,신세계백화점 대구 1호점,0,0
2026-07-24,폴바셋,신세계백화점 대구 1호점,0,0
2026-07-25,폴바셋,신세계백화점 대구 1호점,0,0
2026-07-26,폴바셋,신세계백화점 대구 1호점,0,0
2026-07-27,폴바셋,신세계백화점 대구 1호점,0,0
2026-07-28,폴바셋,신세계백화점 대구 1호점,0,0
2026-07-29,폴바셋,신세계백화점 대구 1호점,0,0
2026-07-30,폴바셋,신세계백화점 대구 1호점,4091,0.4091
2026-07-31,폴바셋,신세계백화점 대구 1호점,2000,0.2
2026-07-01,폴바셋,롯데백화점 노원점,0,0
2026-07-02,폴바셋,롯데백화점 노원점,0,0
2026-07-03,폴바셋,롯데백화점 노원점,0,0
2026-07-04,폴바셋,롯데백화점 노원점,0,0
2026-07-05,폴바셋,롯데백화점 노원점,0,0
2026-07-06,폴바셋,롯데백화점 노원점,0,0
2026-07-07,폴바셋,롯데백화점 노원점,0,0
2026-07-08,폴바셋,롯데백화점 노원점,0,0
2026-07-09,폴바셋,롯데백화점 노원점,0,0
2026-07-10,폴바셋,롯데백화점 노원점,0,0
2026-07-11,폴바셋,롯데백화점 노원점,0,0
2026-07-12,폴바셋,롯데백화점 노원점,0,0
2026-07-13,폴바셋,롯데백화점 노원점,0,0
2026-07-14,폴바셋,롯데백화점 노원점,0,0
2026-07-15,폴바셋,롯데백화점 노원점,0,0
2026-07-16,폴바셋,롯데백화점 노원점,0,0
2026-07-17,폴바셋,롯데백화점 노원점,0,0
2026-07-18,폴바셋,롯데백화점 노원점,0,0
2026-07-19,폴바셋,롯데백화점 노원점,0,0
2026-07-20,폴바셋,롯데백화점 노원점,0,0
2026-07-21,폴바셋,롯데백화점 노원점,0,0
2026-07-22,폴바셋,롯데백화점 노원점,0,0
2026-07-23,폴바셋,롯데백화점 노원점,0,0
2026-07-24,폴바셋,롯데백화점 노원점,0,0
2026-07-25,폴바셋,롯데백화점 노원점,0,0
2026-07-26,폴바셋,롯데백화점 노원점,0,0
2026-07-27,폴바셋,롯데백화점 노원점,0,0
2026-07-28,폴바셋,롯데백화점 노원점,0,0
2026-07-29,폴바셋,롯데백화점 노원점,0,0
2026-07-30,폴바셋,롯데백화점 노원점,0,0
2026-07-31,폴바셋,롯데백화점 노원점,6182,0.6182
2026-07-01,폴바셋,스타필드 수원점,0,0
2026-07-02,폴바셋,스타필드 수원점,0,0
2026-07-03,폴바셋,스타필드 수원점,0,0
2026-07-04,폴바셋,스타필드 수원점,0,0
2026-07-05,폴바셋,스타필드 수원점,0,0
2026-07-06,폴바셋,스타필드 수원점,0,0
2026-07-07,폴바셋,스타필드 수원점,0,0
2026-07-08,폴바셋,스타필드 수원점,0,0
2026-07-09,폴바셋,스타필드 수원점,0,0
2026-07-10,폴바셋,스타필드 수원점,0,0
2026-07-11,폴바셋,스타필드 수원점,0,0
2026-07-12,폴바셋,스타필드 수원점,0,0
2026-07-13,폴바셋,스타필드 수원점,0,0
2026-07-14,폴바셋,스타필드 수원점,0,0
2026-07-15,폴바셋,스타필드 수원점,0,0
2026-07-16,폴바셋,스타필드 수원점,0,0
2026-07-17,폴바셋,스타필드 수원점,0,0
2026-07-18,폴바셋,스타필드 수원점,0,0
2026-07-19,폴바셋,스타필드 수원점,0,0
2026-07-20,폴바셋,스타필드 수원점,0,0
2026-07-21,폴바셋,스타필드 수원점,0,0
2026-07-22,폴바셋,스타필드 수원점,0,0
2026-07-23,폴바셋,스타필드 수원점,0,0
2026-07-24,폴바셋,스타필드 수원점,0,0
2026-07-25,폴바셋,스타필드 수원점,0,0
2026-07-26,폴바셋,스타필드 수원점,0,0
2026-07-27,폴바셋,스타필드 수원점,0,0
2026-07-28,폴바셋,스타필드 수원점,0,0
2026-07-29,폴바셋,스타필드 수원점,0,0
2026-07-30,폴바셋,스타필드 수원점,2091,0.2091
2026-07-31,폴바셋,스타필드 수원점,6091,0.6091
2026-07-01,폴바셋,롯데백화점 대구점,0,0
2026-07-02,폴바셋,롯데백화점 대구점,0,0
2026-07-03,폴바셋,롯데백화점 대구점,0,0
2026-07-04,폴바셋,롯데백화점 대구점,0,0
2026-07-05,폴바셋,롯데백화점 대구점,0,0
2026-07-06,폴바셋,롯데백화점 대구점,0,0
2026-07-07,폴바셋,롯데백화점 대구점,0,0
2026-07-08,폴바셋,롯데백화점 대구점,0,0
2026-07-09,폴바셋,롯데백화점 대구점,0,0
2026-07-10,폴바셋,롯데백화점 대구점,0,0
2026-07-11,폴바셋,롯데백화점 대구점,0,0
2026-07-12,폴바셋,롯데백화점 대구점,0,0
2026-07-13,폴바셋,롯데백화점 대구점,0,0
2026-07-14,폴바셋,롯데백화점 대구점,0,0
2026-07-15,폴바셋,롯데백화점 대구점,0,0
2026-07-16,폴바셋,롯데백화점 대구점,0,0
2026-07-17,폴바셋,롯데백화점 대구점,0,0
2026-07-18,폴바셋,롯데백화점 대구점,0,0
2026-07-19,폴바셋,롯데백화점 대구점,0,0
2026-07-20,폴바셋,롯데백화점 대구점,0,0
2026-07-21,폴바셋,롯데백화점 대구점,0,0
2026-07-22,폴바셋,롯데백화점 대구점,0,0
2026-07-23,폴바셋,롯데백화점 대구점,0,0
2026-07-24,폴바셋,롯데백화점 대구점,0,0
2026-07-25,폴바셋,롯데백화점 대구점,0,0
2026-07-26,폴바셋,롯데백화점 대구점,0,0
2026-07-27,폴바셋,롯데백화점 대구점,0,0
2026-07-28,폴바셋,롯데백화점 대구점,0,0
2026-07-29,폴바셋,롯데백화점 대구점,0,0
2026-07-30,폴바셋,롯데백화점 대구점,6182,0.6182
2026-07-31,폴바셋,롯데백화점 대구점,2091,0.2091
2026-07-01,폴바셋,롯데백화점 부산본점,0,0
2026-07-02,폴바셋,롯데백화점 부산본점,0,0
2026-07-03,폴바셋,롯데백화점 부산본점,0,0
2026-07-04,폴바셋,롯데백화점 부산본점,0,0
2026-07-05,폴바셋,롯데백화점 부산본점,0,0
2026-07-06,폴바셋,롯데백화점 부산본점,0,0
2026-07-07,폴바셋,롯데백화점 부산본점,0,0
2026-07-08,폴바셋,롯데백화점 부산본점,0,0
2026-07-09,폴바셋,롯데백화점 부산본점,0,0
2026-07-10,폴바셋,롯데백화점 부산본점,0,0
2026-07-11,폴바셋,롯데백화점 부산본점,0,0
2026-07-12,폴바셋,롯데백화점 부산본점,0,0
2026-07-13,폴바셋,롯데백화점 부산본점,0,0
2026-07-14,폴바셋,롯데백화점 부산본점,0,0
2026-07-15,폴바셋,롯데백화점 부산본점,0,0
2026-07-16,폴바셋,롯데백화점 부산본점,0,0
2026-07-17,폴바셋,롯데백화점 부산본점,0,0
2026-07-18,폴바셋,롯데백화점 부산본점,0,0
2026-07-19,폴바셋,롯데백화점 부산본점,0,0
2026-07-20,폴바셋,롯데백화점 부산본점,0,0
2026-07-21,폴바셋,롯데백화점 부산본점,0,0
2026-07-22,폴바셋,롯데백화점 부산본점,0,0
2026-07-23,폴바셋,롯데백화점 부산본점,0,0
2026-07-24,폴바셋,롯데백화점 부산본점,0,0
2026-07-25,폴바셋,롯데백화점 부산본점,0,0
2026-07-26,폴바셋,롯데백화점 부산본점,0,0
2026-07-27,폴바셋,롯데백화점 부산본점,0,0
2026-07-28,폴바셋,롯데백화점 부산본점,0,0
2026-07-29,폴바셋,롯데백화점 부산본점,0,0
2026-07-30,폴바셋,롯데백화점 부산본점,10182,1.0182
2026-07-31,폴바셋,롯데백화점 부산본점,12182,1.2182
2026-07-01,폴바셋,대전엑스포 스카이점,0,0
2026-07-02,폴바셋,대전엑스포 스카이점,0,0
2026-07-03,폴바셋,대전엑스포 스카이점,0,0
2026-07-04,폴바셋,대전엑스포 스카이점,0,0
2026-07-05,폴바셋,대전엑스포 스카이점,0,0
2026-07-06,폴바셋,대전엑스포 스카이점,0,0
2026-07-07,폴바셋,대전엑스포 스카이점,0,0
2026-07-08,폴바셋,대전엑스포 스카이점,0,0
2026-07-09,폴바셋,대전엑스포 스카이점,0,0
2026-07-10,폴바셋,대전엑스포 스카이점,0,0
2026-07-11,폴바셋,대전엑스포 스카이점,0,0
2026-07-12,폴바셋,대전엑스포 스카이점,0,0
2026-07-13,폴바셋,대전엑스포 스카이점,0,0
2026-07-14,폴바셋,대전엑스포 스카이점,0,0
2026-07-15,폴바셋,대전엑스포 스카이점,0,0
2026-07-16,폴바셋,대전엑스포 스카이점,0,0
2026-07-17,폴바셋,대전엑스포 스카이점,0,0
2026-07-18,폴바셋,대전엑스포 스카이점,0,0
2026-07-19,폴바셋,대전엑스포 스카이점,0,0
2026-07-20,폴바셋,대전엑스포 스카이점,0,0
2026-07-21,폴바셋,대전엑스포 스카이점,0,0
2026-07-22,폴바셋,대전엑스포 스카이점,0,0
2026-07-23,폴바셋,대전엑스포 스카이점,0,0
2026-07-24,폴바셋,대전엑스포 스카이점,0,0
2026-07-25,폴바셋,대전엑스포 스카이점,0,0
2026-07-26,폴바셋,대전엑스포 스카이점,0,0
2026-07-27,폴바셋,대전엑스포 스카이점,0,0
2026-07-28,폴바셋,대전엑스포 스카이점,0,0
2026-07-29,폴바셋,대전엑스포 스카이점,0,0
2026-07-30,폴바셋,대전엑스포 스카이점,12273,1.2273
2026-07-31,폴바셋,대전엑스포 스카이점,10273,1.0273
2026-07-01,폴바셋,현대모터스튜디오 서울점,0,0
2026-07-02,폴바셋,현대모터스튜디오 서울점,0,0
2026-07-03,폴바셋,현대모터스튜디오 서울점,0,0
2026-07-04,폴바셋,현대모터스튜디오 서울점,0,0
2026-07-05,폴바셋,현대모터스튜디오 서울점,0,0
2026-07-06,폴바셋,현대모터스튜디오 서울점,0,0
2026-07-07,폴바셋,현대모터스튜디오 서울점,0,0
2026-07-08,폴바셋,현대모터스튜디오 서울점,0,0
2026-07-09,폴바셋,현대모터스튜디오 서울점,0,0
2026-07-10,폴바셋,현대모터스튜디오 서울점,0,0
2026-07-11,폴바셋,현대모터스튜디오 서울점,0,0
2026-07-12,폴바셋,현대모터스튜디오 서울점,0,0
2026-07-13,폴바셋,현대모터스튜디오 서울점,0,0
2026-07-14,폴바셋,현대모터스튜디오 서울점,0,0
2026-07-15,폴바셋,현대모터스튜디오 서울점,0,0
2026-07-16,폴바셋,현대모터스튜디오 서울점,0,0
2026-07-17,폴바셋,현대모터스튜디오 서울점,0,0
2026-07-18,폴바셋,현대모터스튜디오 서울점,0,0
2026-07-19,폴바셋,현대모터스튜디오 서울점,0,0
2026-07-20,폴바셋,현대모터스튜디오 서울점,0,0
2026-07-21,폴바셋,현대모터스튜디오 서울점,0,0
2026-07-22,폴바셋,현대모터스튜디오 서울점,0,0
2026-07-23,폴바셋,현대모터스튜디오 서울점,0,0
2026-07-24,폴바셋,현대모터스튜디오 서울점,0,0
2026-07-25,폴바셋,현대모터스튜디오 서울점,0,0
2026-07-26,폴바셋,현대모터스튜디오 서울점,0,0
2026-07-27,폴바셋,현대모터스튜디오 서울점,0,0
2026-07-28,폴바셋,현대모터스튜디오 서울점,0,0
2026-07-29,폴바셋,현대모터스튜디오 서울점,0,0
2026-07-30,폴바셋,현대모터스튜디오 서울점,6955,0.6955
2026-07-31,폴바셋,현대모터스튜디오 서울점,15673,1.5673
2026-07-01,폴바셋,광화문 디타워점,0,0
2026-07-02,폴바셋,광화문 디타워점,0,0
2026-07-03,폴바셋,광화문 디타워점,0,0
2026-07-04,폴바셋,광화문 디타워점,0,0
2026-07-05,폴바셋,광화문 디타워점,0,0
2026-07-06,폴바셋,광화문 디타워점,0,0
2026-07-07,폴바셋,광화문 디타워점,0,0
2026-07-08,폴바셋,광화문 디타워점,0,0
2026-07-09,폴바셋,광화문 디타워점,0,0
2026-07-10,폴바셋,광화문 디타워점,0,0
2026-07-11,폴바셋,광화문 디타워점,0,0
2026-07-12,폴바셋,광화문 디타워점,0,0
2026-07-13,폴바셋,광화문 디타워점,0,0
2026-07-14,폴바셋,광화문 디타워점,0,0
2026-07-15,폴바셋,광화문 디타워점,0,0
2026-07-16,폴바셋,광화문 디타워점,0,0
2026-07-17,폴바셋,광화문 디타워점,0,0
2026-07-18,폴바셋,광화문 디타워점,0,0
2026-07-19,폴바셋,광화문 디타워점,0,0
2026-07-20,폴바셋,광화문 디타워점,0,0
2026-07-21,폴바셋,광화문 디타워점,0,0
2026-07-22,폴바셋,광화문 디타워점,0,0
2026-07-23,폴바셋,광화문 디타워점,0,0
2026-07-24,폴바셋,광화문 디타워점,0,0
2026-07-25,폴바셋,광화문 디타워점,0,0
2026-07-26,폴바셋,광화문 디타워점,0,0
2026-07-27,폴바셋,광화문 디타워점,0,0
2026-07-28,폴바셋,광화문 디타워점,0,0
2026-07-29,폴바셋,광화문 디타워점,0,0
2026-07-30,폴바셋,광화문 디타워점,10091,1.0091
2026-07-31,폴바셋,광화문 디타워점,20001,2.0001
2026-07-01,폴바셋,제주 용담 DT점,0,0
2026-07-02,폴바셋,제주 용담 DT점,0,0
2026-07-03,폴바셋,제주 용담 DT점,0,0
2026-07-04,폴바셋,제주 용담 DT점,0,0
2026-07-05,폴바셋,제주 용담 DT점,0,0
2026-07-06,폴바셋,제주 용담 DT점,0,0
2026-07-07,폴바셋,제주 용담 DT점,0,0
2026-07-08,폴바셋,제주 용담 DT점,0,0
2026-07-09,폴바셋,제주 용담 DT점,0,0
2026-07-10,폴바셋,제주 용담 DT점,0,0
2026-07-11,폴바셋,제주 용담 DT점,0,0
2026-07-12,폴바셋,제주 용담 DT점,0,0
2026-07-13,폴바셋,제주 용담 DT점,0,0
2026-07-14,폴바셋,제주 용담 DT점,0,0
2026-07-15,폴바셋,제주 용담 DT점,0,0
2026-07-16,폴바셋,제주 용담 DT점,0,0
2026-07-17,폴바셋,제주 용담 DT점,0,0
2026-07-18,폴바셋,제주 용담 DT점,0,0
2026-07-19,폴바셋,제주 용담 DT점,0,0
2026-07-20,폴바셋,제주 용담 DT점,0,0
2026-07-21,폴바셋,제주 용담 DT점,0,0
2026-07-22,폴바셋,제주 용담 DT점,0,0
2026-07-23,폴바셋,제주 용담 DT점,0,0
2026-07-24,폴바셋,제주 용담 DT점,0,0
2026-07-25,폴바셋,제주 용담 DT점,0,0
2026-07-26,폴바셋,제주 용담 DT점,0,0
2026-07-27,폴바셋,제주 용담 DT점,0,0
2026-07-28,폴바셋,제주 용담 DT점,0,0
2026-07-29,폴바셋,제주 용담 DT점,0,0
2026-07-30,폴바셋,제주 용담 DT점,16364,1.6364
2026-07-31,폴바셋,제주 용담 DT점,16273,1.6273
2026-07-01,폴바셋,롯데마트 서초점,8091,0.8091
2026-07-02,폴바셋,롯데마트 서초점,0,0
2026-07-03,폴바셋,롯데마트 서초점,7182,0.7182
2026-07-04,폴바셋,롯데마트 서초점,0,0
2026-07-05,폴바셋,롯데마트 서초점,0,0
2026-07-06,폴바셋,롯데마트 서초점,15273,1.5273
2026-07-07,폴바셋,롯데마트 서초점,8091,0.8091
2026-07-08,폴바셋,롯데마트 서초점,0,0
2026-07-09,폴바셋,롯데마트 서초점,0,0
2026-07-10,폴바셋,롯데마트 서초점,0,0
2026-07-11,폴바셋,롯데마트 서초점,0,0
2026-07-12,폴바셋,롯데마트 서초점,0,0
2026-07-13,폴바셋,롯데마트 서초점,0,0
2026-07-14,폴바셋,롯데마트 서초점,0,0
2026-07-15,폴바셋,롯데마트 서초점,0,0
2026-07-16,폴바셋,롯데마트 서초점,0,0
2026-07-17,폴바셋,롯데마트 서초점,0,0
2026-07-18,폴바셋,롯데마트 서초점,0,0
2026-07-19,폴바셋,롯데마트 서초점,0,0
2026-07-20,폴바셋,롯데마트 서초점,0,0
2026-07-21,폴바셋,롯데마트 서초점,0,0
2026-07-22,폴바셋,롯데마트 서초점,0,0
2026-07-23,폴바셋,롯데마트 서초점,0,0
2026-07-24,폴바셋,롯데마트 서초점,0,0
2026-07-25,폴바셋,롯데마트 서초점,0,0
2026-07-26,폴바셋,롯데마트 서초점,0,0
2026-07-27,폴바셋,롯데마트 서초점,0,0
2026-07-28,폴바셋,롯데마트 서초점,0,0
2026-07-29,폴바셋,롯데마트 서초점,0,0
2026-07-30,폴바셋,롯데마트 서초점,0,0
2026-07-31,폴바셋,롯데마트 서초점,2091,0.2091
2026-07-01,폴바셋,삼성전자 평택점,0,0
2026-07-02,폴바셋,삼성전자 평택점,0,0
2026-07-03,폴바셋,삼성전자 평택점,0,0
2026-07-04,폴바셋,삼성전자 평택점,0,0
2026-07-05,폴바셋,삼성전자 평택점,0,0
2026-07-06,폴바셋,삼성전자 평택점,0,0
2026-07-07,폴바셋,삼성전자 평택점,0,0
2026-07-08,폴바셋,삼성전자 평택점,0,0
2026-07-09,폴바셋,삼성전자 평택점,0,0
2026-07-10,폴바셋,삼성전자 평택점,0,0
2026-07-11,폴바셋,삼성전자 평택점,0,0
2026-07-12,폴바셋,삼성전자 평택점,0,0
2026-07-13,폴바셋,삼성전자 평택점,0,0
2026-07-14,폴바셋,삼성전자 평택점,0,0
2026-07-15,폴바셋,삼성전자 평택점,0,0
2026-07-16,폴바셋,삼성전자 평택점,0,0
2026-07-17,폴바셋,삼성전자 평택점,0,0
2026-07-18,폴바셋,삼성전자 평택점,0,0
2026-07-19,폴바셋,삼성전자 평택점,0,0
2026-07-20,폴바셋,삼성전자 평택점,0,0
2026-07-21,폴바셋,삼성전자 평택점,0,0
2026-07-22,폴바셋,삼성전자 평택점,0,0
2026-07-23,폴바셋,삼성전자 평택점,0,0
2026-07-24,폴바셋,삼성전자 평택점,0,0
2026-07-25,폴바셋,삼성전자 평택점,0,0
2026-07-26,폴바셋,삼성전자 평택점,0,0
2026-07-27,폴바셋,삼성전자 평택점,0,0
2026-07-28,폴바셋,삼성전자 평택점,0,0
2026-07-29,폴바셋,삼성전자 평택점,0,0
2026-07-30,폴바셋,삼성전자 평택점,45273,4.5273
2026-07-31,폴바셋,삼성전자 평택점,52728,5.2728
2026-07-01,폴바셋,갤러리아 타임월드점,0,0
2026-07-02,폴바셋,갤러리아 타임월드점,8091,0.8091
2026-07-03,폴바셋,갤러리아 타임월드점,0,0
2026-07-04,폴바셋,갤러리아 타임월드점,8091,0.8091
2026-07-05,폴바셋,갤러리아 타임월드점,0,0
2026-07-06,폴바셋,갤러리아 타임월드점,0,0
2026-07-07,폴바셋,갤러리아 타임월드점,15273,1.5273
2026-07-08,폴바셋,갤러리아 타임월드점,0,0
2026-07-09,폴바셋,갤러리아 타임월드점,0,0
2026-07-10,폴바셋,갤러리아 타임월드점,16182,1.6182
2026-07-11,폴바셋,갤러리아 타임월드점,7182,0.7182
2026-07-12,폴바셋,갤러리아 타임월드점,0,0
2026-07-13,폴바셋,갤러리아 타임월드점,0,0
2026-07-14,폴바셋,갤러리아 타임월드점,0,0
2026-07-15,폴바셋,갤러리아 타임월드점,0,0
2026-07-16,폴바셋,갤러리아 타임월드점,0,0
2026-07-17,폴바셋,갤러리아 타임월드점,0,0
2026-07-18,폴바셋,갤러리아 타임월드점,15273,1.5273
2026-07-19,폴바셋,갤러리아 타임월드점,0,0
2026-07-20,폴바셋,갤러리아 타임월드점,0,0
2026-07-21,폴바셋,갤러리아 타임월드점,0,0
2026-07-22,폴바셋,갤러리아 타임월드점,0,0
2026-07-23,폴바셋,갤러리아 타임월드점,8091,0.8091
2026-07-24,폴바셋,갤러리아 타임월드점,0,0
2026-07-25,폴바셋,갤러리아 타임월드점,8091,0.8091
2026-07-26,폴바셋,갤러리아 타임월드점,16182,1.6182
2026-07-27,폴바셋,갤러리아 타임월드점,8091,0.8091
2026-07-28,폴바셋,갤러리아 타임월드점,22455,2.2455
2026-07-29,폴바셋,갤러리아 타임월드점,8091,0.8091
2026-07-30,폴바셋,갤러리아 타임월드점,2864,0.2864
2026-07-31,폴바셋,갤러리아 타임월드점,9182,0.9182
2026-07-01,폴바셋,롯데백화점 관악점,0,0
2026-07-02,폴바셋,롯데백화점 관악점,8091,0.8091
2026-07-03,폴바셋,롯데백화점 관악점,0,0
2026-07-04,폴바셋,롯데백화점 관악점,0,0
2026-07-05,폴바셋,롯데백화점 관악점,8091,0.8091
2026-07-06,폴바셋,롯데백화점 관악점,8091,0.8091
2026-07-07,폴바셋,롯데백화점 관악점,16182,1.6182
2026-07-08,폴바셋,롯데백화점 관악점,0,0
2026-07-09,폴바셋,롯데백화점 관악점,0,0
2026-07-10,폴바셋,롯데백화점 관악점,0,0
2026-07-11,폴바셋,롯데백화점 관악점,16182,1.6182
2026-07-12,폴바셋,롯데백화점 관악점,8091,0.8091
2026-07-13,폴바셋,롯데백화점 관악점,0,0
2026-07-14,폴바셋,롯데백화점 관악점,8091,0.8091
2026-07-15,폴바셋,롯데백화점 관악점,8091,0.8091
2026-07-16,폴바셋,롯데백화점 관악점,0,0
2026-07-17,폴바셋,롯데백화점 관악점,0,0
2026-07-18,폴바셋,롯데백화점 관악점,8091,0.8091
2026-07-19,폴바셋,롯데백화점 관악점,8091,0.8091
2026-07-20,폴바셋,롯데백화점 관악점,0,0
2026-07-21,폴바셋,롯데백화점 관악점,0,0
2026-07-22,폴바셋,롯데백화점 관악점,0,0
2026-07-23,폴바셋,롯데백화점 관악점,8091,0.8091
2026-07-24,폴바셋,롯데백화점 관악점,8091,0.8091
2026-07-25,폴바셋,롯데백화점 관악점,0,0
2026-07-26,폴바셋,롯데백화점 관악점,0,0
2026-07-27,폴바셋,롯데백화점 관악점,0,0
2026-07-28,폴바셋,롯데백화점 관악점,0,0
2026-07-29,폴바셋,롯데백화점 관악점,0,0
2026-07-30,폴바셋,롯데백화점 관악점,36546,3.6546
2026-07-31,폴바셋,롯데백화점 관악점,20455,2.0455
2026-07-01,폴바셋,롯데월드몰점,0,0
2026-07-02,폴바셋,롯데월드몰점,0,0
2026-07-03,폴바셋,롯데월드몰점,0,0
2026-07-04,폴바셋,롯데월드몰점,0,0
2026-07-05,폴바셋,롯데월드몰점,0,0
2026-07-06,폴바셋,롯데월드몰점,0,0
2026-07-07,폴바셋,롯데월드몰점,0,0
2026-07-08,폴바셋,롯데월드몰점,0,0
2026-07-09,폴바셋,롯데월드몰점,0,0
2026-07-10,폴바셋,롯데월드몰점,0,0
2026-07-11,폴바셋,롯데월드몰점,0,0
2026-07-12,폴바셋,롯데월드몰점,0,0
2026-07-13,폴바셋,롯데월드몰점,0,0
2026-07-14,폴바셋,롯데월드몰점,0,0
2026-07-15,폴바셋,롯데월드몰점,0,0
2026-07-16,폴바셋,롯데월드몰점,0,0
2026-07-17,폴바셋,롯데월드몰점,0,0
2026-07-18,폴바셋,롯데월드몰점,0,0
2026-07-19,폴바셋,롯데월드몰점,0,0
2026-07-20,폴바셋,롯데월드몰점,0,0
2026-07-21,폴바셋,롯데월드몰점,0,0
2026-07-22,폴바셋,롯데월드몰점,0,0
2026-07-23,폴바셋,롯데월드몰점,0,0
2026-07-24,폴바셋,롯데월드몰점,0,0
2026-07-25,폴바셋,롯데월드몰점,0,0
2026-07-26,폴바셋,롯데월드몰점,0,0
2026-07-27,폴바셋,롯데월드몰점,0,0
2026-07-28,폴바셋,롯데월드몰점,0,0
2026-07-29,폴바셋,롯데월드몰점,0,0
2026-07-30,폴바셋,롯데월드몰점,0,0
2026-07-31,폴바셋,롯데월드몰점,173138,17.3138
2026-07-01,폴바셋,스타필드 안성점,0,0
2026-07-02,폴바셋,스타필드 안성점,5909,0.5909
2026-07-03,폴바셋,스타필드 안성점,0,0
2026-07-04,폴바셋,스타필드 안성점,0,0
2026-07-05,폴바셋,스타필드 안성점,17727,1.7727
2026-07-06,폴바셋,스타필드 안성점,0,0
2026-07-07,폴바셋,스타필드 안성점,5909,0.5909
2026-07-08,폴바셋,스타필드 안성점,17727,1.7727
2026-07-09,폴바셋,스타필드 안성점,0,0
2026-07-10,폴바셋,스타필드 안성점,0,0
2026-07-11,폴바셋,스타필드 안성점,0,0
2026-07-12,폴바셋,스타필드 안성점,11818,1.1818
2026-07-13,폴바셋,스타필드 안성점,11818,1.1818
2026-07-14,폴바셋,스타필드 안성점,5909,0.5909
2026-07-15,폴바셋,스타필드 안성점,0,0
2026-07-16,폴바셋,스타필드 안성점,5909,0.5909
2026-07-17,폴바셋,스타필드 안성점,5909,0.5909
2026-07-18,폴바셋,스타필드 안성점,11818,1.1818
2026-07-19,폴바셋,스타필드 안성점,0,0
2026-07-20,폴바셋,스타필드 안성점,17727,1.7727
2026-07-21,폴바셋,스타필드 안성점,11818,1.1818
2026-07-22,폴바셋,스타필드 안성점,0,0
2026-07-23,폴바셋,스타필드 안성점,17727,1.7727
2026-07-24,폴바셋,스타필드 안성점,5909,0.5909
2026-07-25,폴바셋,스타필드 안성점,0,0
2026-07-26,폴바셋,스타필드 안성점,0,0
2026-07-27,폴바셋,스타필드 안성점,5909,0.5909
2026-07-28,폴바셋,스타필드 안성점,5909,0.5909
2026-07-29,폴바셋,스타필드 안성점,5909,0.5909
2026-07-30,폴바셋,스타필드 안성점,18591,1.8591
2026-07-31,폴바셋,스타필드 안성점,26091,2.6091
2026-07-01,폴바셋,롯데아울렛 남악점,0,0
2026-07-02,폴바셋,롯데아울렛 남악점,0,0
2026-07-03,폴바셋,롯데아울렛 남악점,15273,1.5273
2026-07-04,폴바셋,롯데아울렛 남악점,24273,2.4273
2026-07-05,폴바셋,롯데아울렛 남악점,24273,2.4273
2026-07-06,폴바셋,롯데아울렛 남악점,15273,1.5273
2026-07-07,폴바셋,롯데아울렛 남악점,0,0
2026-07-08,폴바셋,롯데아울렛 남악점,15273,1.5273
2026-07-09,폴바셋,롯데아울렛 남악점,8091,0.8091
2026-07-10,폴바셋,롯데아울렛 남악점,0,0
2026-07-11,폴바셋,롯데아울렛 남악점,8091,0.8091
2026-07-12,폴바셋,롯데아울렛 남악점,0,0
2026-07-13,폴바셋,롯데아울렛 남악점,0,0
2026-07-14,폴바셋,롯데아울렛 남악점,0,0
2026-07-15,폴바셋,롯데아울렛 남악점,8091,0.8091
2026-07-16,폴바셋,롯데아울렛 남악점,0,0
2026-07-17,폴바셋,롯데아울렛 남악점,8091,0.8091
2026-07-18,폴바셋,롯데아울렛 남악점,8091,0.8091
2026-07-19,폴바셋,롯데아울렛 남악점,0,0
2026-07-20,폴바셋,롯데아울렛 남악점,15273,1.5273
2026-07-21,폴바셋,롯데아울렛 남악점,8091,0.8091
2026-07-22,폴바셋,롯데아울렛 남악점,0,0
2026-07-23,폴바셋,롯데아울렛 남악점,15273,1.5273
2026-07-24,폴바셋,롯데아울렛 남악점,0,0
2026-07-25,폴바셋,롯데아울렛 남악점,8091,0.8091
2026-07-26,폴바셋,롯데아울렛 남악점,8091,0.8091
2026-07-27,폴바셋,롯데아울렛 남악점,0,0
2026-07-28,폴바셋,롯데아울렛 남악점,0,0
2026-07-29,폴바셋,롯데아울렛 남악점,8091,0.8091
2026-07-30,폴바셋,롯데아울렛 남악점,21137,2.1137
2026-07-31,폴바셋,롯데아울렛 남악점,2091,0.2091
2026-07-01,폴바셋,롯데백화점 평촌점,16182,1.6182
2026-07-02,폴바셋,롯데백화점 평촌점,16182,1.6182
2026-07-03,폴바셋,롯데백화점 평촌점,7182,0.7182
2026-07-04,폴바셋,롯데백화점 평촌점,31455,3.1455
2026-07-05,폴바셋,롯데백화점 평촌점,8091,0.8091
2026-07-06,폴바셋,롯데백화점 평촌점,30546,3.0546
2026-07-07,폴바셋,롯데백화점 평촌점,16182,1.6182
2026-07-08,폴바셋,롯데백화점 평촌점,30546,3.0546
2026-07-09,폴바셋,롯데백화점 평촌점,7182,0.7182
2026-07-10,폴바셋,롯데백화점 평촌점,30546,3.0546
2026-07-11,폴바셋,롯데백화점 평촌점,31455,3.1455
2026-07-12,폴바셋,롯데백화점 평촌점,0,0
2026-07-13,폴바셋,롯데백화점 평촌점,0,0
2026-07-14,폴바셋,롯데백화점 평촌점,0,0
2026-07-15,폴바셋,롯데백화점 평촌점,0,0
2026-07-16,폴바셋,롯데백화점 평촌점,0,0
2026-07-17,폴바셋,롯데백화점 평촌점,0,0
2026-07-18,폴바셋,롯데백화점 평촌점,0,0
2026-07-19,폴바셋,롯데백화점 평촌점,0,0
2026-07-20,폴바셋,롯데백화점 평촌점,0,0
2026-07-21,폴바셋,롯데백화점 평촌점,0,0
2026-07-22,폴바셋,롯데백화점 평촌점,0,0
2026-07-23,폴바셋,롯데백화점 평촌점,0,0
2026-07-24,폴바셋,롯데백화점 평촌점,0,0
2026-07-25,폴바셋,롯데백화점 평촌점,0,0
2026-07-26,폴바셋,롯데백화점 평촌점,0,0
2026-07-27,폴바셋,롯데백화점 평촌점,0,0
2026-07-28,폴바셋,롯데백화점 평촌점,0,0
2026-07-29,폴바셋,롯데백화점 평촌점,0,0
2026-07-30,폴바셋,롯데백화점 평촌점,10364,1.0364
2026-07-31,폴바셋,롯데백화점 평촌점,8273,0.8273
2026-07-01,폴바셋,롯데백화점 광주점,16182,1.6182
2026-07-02,폴바셋,롯데백화점 광주점,16182,1.6182
2026-07-03,폴바셋,롯데백화점 광주점,31455,3.1455
2026-07-04,폴바셋,롯데백화점 광주점,0,0
2026-07-05,폴바셋,롯데백화점 광주점,7182,0.7182
2026-07-06,폴바셋,롯데백화점 광주점,8091,0.8091
2026-07-07,폴바셋,롯데백화점 광주점,0,0
2026-07-08,폴바셋,롯데백화점 광주점,40455,4.0455
2026-07-09,폴바셋,롯데백화점 광주점,0,0
2026-07-10,폴바셋,롯데백화점 광주점,0,0
2026-07-11,폴바셋,롯데백화점 광주점,0,0
2026-07-12,폴바셋,롯데백화점 광주점,24273,2.4273
2026-07-13,폴바셋,롯데백화점 광주점,0,0
2026-07-14,폴바셋,롯데백화점 광주점,8091,0.8091
2026-07-15,폴바셋,롯데백화점 광주점,8091,0.8091
2026-07-16,폴바셋,롯데백화점 광주점,22455,2.2455
2026-07-17,폴바셋,롯데백화점 광주점,8091,0.8091
2026-07-18,폴바셋,롯데백화점 광주점,24273,2.4273
2026-07-19,폴바셋,롯데백화점 광주점,0,0
2026-07-20,폴바셋,롯데백화점 광주점,0,0
2026-07-21,폴바셋,롯데백화점 광주점,7182,0.7182
2026-07-22,폴바셋,롯데백화점 광주점,15273,1.5273
2026-07-23,폴바셋,롯데백화점 광주점,7182,0.7182
2026-07-24,폴바셋,롯데백화점 광주점,15273,1.5273
2026-07-25,폴바셋,롯데백화점 광주점,0,0
2026-07-26,폴바셋,롯데백화점 광주점,8091,0.8091
2026-07-27,폴바셋,롯데백화점 광주점,0,0
2026-07-28,폴바셋,롯데백화점 광주점,0,0
2026-07-29,폴바셋,롯데백화점 광주점,8091,0.8091
2026-07-30,폴바셋,롯데백화점 광주점,28455,2.8455
2026-07-31,폴바셋,롯데백화점 광주점,15273,1.5273
2026-07-01,폴바셋,현대백화점 충청점,16182,1.6182
2026-07-02,폴바셋,현대백화점 충청점,8091,0.8091
2026-07-03,폴바셋,현대백화점 충청점,8091,0.8091
2026-07-04,폴바셋,현대백화점 충청점,23364,2.3364
2026-07-05,폴바셋,현대백화점 충청점,0,0
2026-07-06,폴바셋,현대백화점 충청점,16182,1.6182
2026-07-07,폴바셋,현대백화점 충청점,8091,0.8091
2026-07-08,폴바셋,현대백화점 충청점,15273,1.5273
2026-07-09,폴바셋,현대백화점 충청점,0,0
2026-07-10,폴바셋,현대백화점 충청점,0,0
2026-07-11,폴바셋,현대백화점 충청점,15273,1.5273
2026-07-12,폴바셋,현대백화점 충청점,16182,1.6182
2026-07-13,폴바셋,현대백화점 충청점,16182,1.6182
2026-07-14,폴바셋,현대백화점 충청점,8091,0.8091
2026-07-15,폴바셋,현대백화점 충청점,13755,1.3755
2026-07-16,폴바셋,현대백화점 충청점,23364,2.3364
2026-07-17,폴바셋,현대백화점 충청점,0,0
2026-07-18,폴바셋,현대백화점 충청점,8091,0.8091
2026-07-19,폴바셋,현대백화점 충청점,16182,1.6182
2026-07-20,폴바셋,현대백화점 충청점,0,0
2026-07-21,폴바셋,현대백화점 충청점,23364,2.3364
2026-07-22,폴바셋,현대백화점 충청점,8091,0.8091
2026-07-23,폴바셋,현대백화점 충청점,0,0
2026-07-24,폴바셋,현대백화점 충청점,31455,3.1455
2026-07-25,폴바셋,현대백화점 충청점,15273,1.5273
2026-07-26,폴바셋,현대백화점 충청점,16182,1.6182
2026-07-27,폴바셋,현대백화점 충청점,23364,2.3364
2026-07-28,폴바셋,현대백화점 충청점,24273,2.4273
2026-07-29,폴바셋,현대백화점 충청점,15273,1.5273
2026-07-30,폴바셋,현대백화점 충청점,8091,0.8091
2026-07-31,폴바셋,현대백화점 충청점,19909,1.9909
2026-07-01,폴바셋,현대백화점 천호점,24273,2.4273
2026-07-02,폴바셋,현대백화점 천호점,30546,3.0546
2026-07-03,폴바셋,현대백화점 천호점,23364,2.3364
2026-07-04,폴바셋,현대백화점 천호점,15273,1.5273
2026-07-05,폴바셋,현대백화점 천호점,16182,1.6182
2026-07-06,폴바셋,현대백화점 천호점,8091,0.8091
2026-07-07,폴바셋,현대백화점 천호점,8091,0.8091
2026-07-08,폴바셋,현대백화점 천호점,0,0
2026-07-09,폴바셋,현대백화점 천호점,15273,1.5273
2026-07-10,폴바셋,현대백화점 천호점,22455,2.2455
2026-07-11,폴바셋,현대백화점 천호점,0,0
2026-07-12,폴바셋,현대백화점 천호점,16182,1.6182
2026-07-13,폴바셋,현대백화점 천호점,0,0
2026-07-14,폴바셋,현대백화점 천호점,7182,0.7182
2026-07-15,폴바셋,현대백화점 천호점,23364,2.3364
2026-07-16,폴바셋,현대백화점 천호점,0,0
2026-07-17,폴바셋,현대백화점 천호점,15273,1.5273
2026-07-18,폴바셋,현대백화점 천호점,22455,2.2455
2026-07-19,폴바셋,현대백화점 천호점,16182,1.6182
2026-07-20,폴바셋,현대백화점 천호점,0,0
2026-07-21,폴바셋,현대백화점 천호점,0,0
2026-07-22,폴바셋,현대백화점 천호점,7182,0.7182
2026-07-23,폴바셋,현대백화점 천호점,15273,1.5273
2026-07-24,폴바셋,현대백화점 천호점,7182,0.7182
2026-07-25,폴바셋,현대백화점 천호점,7182,0.7182
2026-07-26,폴바셋,현대백화점 천호점,22455,2.2455
2026-07-27,폴바셋,현대백화점 천호점,15273,1.5273
2026-07-28,폴바셋,현대백화점 천호점,15273,1.5273
2026-07-29,폴바셋,현대백화점 천호점,19728,1.9728
2026-07-30,폴바셋,현대백화점 천호점,16273,1.6273
2026-07-31,폴바셋,현대백화점 천호점,24273,2.4273
2026-07-01,폴바셋,신세계백화점 의정부점,23364,2.3364
2026-07-02,폴바셋,신세계백화점 의정부점,23364,2.3364
2026-07-03,폴바셋,신세계백화점 의정부점,8091,0.8091
2026-07-04,폴바셋,신세계백화점 의정부점,7182,0.7182
2026-07-05,폴바셋,신세계백화점 의정부점,31455,3.1455
2026-07-06,폴바셋,신세계백화점 의정부점,16182,1.6182
2026-07-07,폴바셋,신세계백화점 의정부점,23364,2.3364
2026-07-08,폴바셋,신세계백화점 의정부점,7182,0.7182
2026-07-09,폴바셋,신세계백화점 의정부점,16182,1.6182
2026-07-10,폴바셋,신세계백화점 의정부점,22455,2.2455
2026-07-11,폴바셋,신세계백화점 의정부점,31455,3.1455
2026-07-12,폴바셋,신세계백화점 의정부점,0,0
2026-07-13,폴바셋,신세계백화점 의정부점,23364,2.3364
2026-07-14,폴바셋,신세계백화점 의정부점,0,0
2026-07-15,폴바셋,신세계백화점 의정부점,16182,1.6182
2026-07-16,폴바셋,신세계백화점 의정부점,23364,2.3364
2026-07-17,폴바셋,신세계백화점 의정부점,7182,0.7182
2026-07-18,폴바셋,신세계백화점 의정부점,7182,0.7182
2026-07-19,폴바셋,신세계백화점 의정부점,8091,0.8091
2026-07-20,폴바셋,신세계백화점 의정부점,0,0
2026-07-21,폴바셋,신세계백화점 의정부점,7182,0.7182
2026-07-22,폴바셋,신세계백화점 의정부점,8091,0.8091
2026-07-23,폴바셋,신세계백화점 의정부점,7182,0.7182
2026-07-24,폴바셋,신세계백화점 의정부점,8091,0.8091
2026-07-25,폴바셋,신세계백화점 의정부점,38637,3.8637
2026-07-26,폴바셋,신세계백화점 의정부점,8091,0.8091
2026-07-27,폴바셋,신세계백화점 의정부점,0,0
2026-07-28,폴바셋,신세계백화점 의정부점,22455,2.2455
2026-07-29,폴바셋,신세계백화점 의정부점,16182,1.6182
2026-07-30,폴바셋,신세계백화점 의정부점,4091,0.4091
2026-07-31,폴바셋,신세계백화점 의정부점,61001,6.1001
2026-07-01,폴바셋,신세계백화점 센텀시티점,8091,0.8091
2026-07-02,폴바셋,신세계백화점 센텀시티점,15273,1.5273
2026-07-03,폴바셋,신세계백화점 센텀시티점,0,0
2026-07-04,폴바셋,신세계백화점 센텀시티점,24273,2.4273
2026-07-05,폴바셋,신세계백화점 센텀시티점,0,0
2026-07-06,폴바셋,신세계백화점 센텀시티점,0,0
2026-07-07,폴바셋,신세계백화점 센텀시티점,8091,0.8091
2026-07-08,폴바셋,신세계백화점 센텀시티점,0,0
2026-07-09,폴바셋,신세계백화점 센텀시티점,0,0
2026-07-10,폴바셋,신세계백화점 센텀시티점,15273,1.5273
2026-07-11,폴바셋,신세계백화점 센텀시티점,16182,1.6182
2026-07-12,폴바셋,신세계백화점 센텀시티점,8091,0.8091
2026-07-13,폴바셋,신세계백화점 센텀시티점,0,0
2026-07-14,폴바셋,신세계백화점 센텀시티점,16182,1.6182
2026-07-15,폴바셋,신세계백화점 센텀시티점,15273,1.5273
2026-07-16,폴바셋,신세계백화점 센텀시티점,23364,2.3364
2026-07-17,폴바셋,신세계백화점 센텀시티점,23364,2.3364
2026-07-18,폴바셋,신세계백화점 센텀시티점,31455,3.1455
2026-07-19,폴바셋,신세계백화점 센텀시티점,7182,0.7182
2026-07-20,폴바셋,신세계백화점 센텀시티점,0,0
2026-07-21,폴바셋,신세계백화점 센텀시티점,7182,0.7182
2026-07-22,폴바셋,신세계백화점 센텀시티점,77273,7.7273
2026-07-23,폴바셋,신세계백화점 센텀시티점,15273,1.5273
2026-07-24,폴바셋,신세계백화점 센텀시티점,24273,2.4273
2026-07-25,폴바셋,신세계백화점 센텀시티점,23364,2.3364
2026-07-26,폴바셋,신세계백화점 센텀시티점,8091,0.8091
2026-07-27,폴바셋,신세계백화점 센텀시티점,7182,0.7182
2026-07-28,폴바셋,신세계백화점 센텀시티점,24273,2.4273
2026-07-29,폴바셋,신세계백화점 센텀시티점,15273,1.5273
2026-07-30,폴바셋,신세계백화점 센텀시티점,45819,4.5819
2026-07-31,폴바셋,신세계백화점 센텀시티점,31455,3.1455
2026-07-01,폴바셋,삼성전자 온양캠퍼스점,7728,0.7728
2026-07-02,폴바셋,삼성전자 온양캠퍼스점,18728,1.8728
2026-07-03,폴바셋,삼성전자 온양캠퍼스점,27818,2.7818
2026-07-04,폴바셋,삼성전자 온양캠퍼스점,0,0
2026-07-05,폴바셋,삼성전자 온양캠퍼스점,0,0
2026-07-06,폴바셋,삼성전자 온양캠퍼스점,0,0
2026-07-07,폴바셋,삼성전자 온양캠퍼스점,23273,2.3273
2026-07-08,폴바셋,삼성전자 온양캠퍼스점,7182,0.7182
2026-07-09,폴바셋,삼성전자 온양캠퍼스점,24273,2.4273
2026-07-10,폴바셋,삼성전자 온양캠퍼스점,5818,0.5818
2026-07-11,폴바셋,삼성전자 온양캠퍼스점,0,0
2026-07-12,폴바셋,삼성전자 온양캠퍼스점,0,0
2026-07-13,폴바셋,삼성전자 온양캠퍼스점,0,0
2026-07-14,폴바셋,삼성전자 온양캠퍼스점,0,0
2026-07-15,폴바셋,삼성전자 온양캠퍼스점,24182,2.4182
2026-07-16,폴바셋,삼성전자 온양캠퍼스점,16182,1.6182
2026-07-17,폴바셋,삼성전자 온양캠퍼스점,0,0
2026-07-18,폴바셋,삼성전자 온양캠퍼스점,0,0
2026-07-19,폴바셋,삼성전자 온양캠퍼스점,0,0
2026-07-20,폴바셋,삼성전자 온양캠퍼스점,10182,1.0182
2026-07-21,폴바셋,삼성전자 온양캠퍼스점,23547,2.3547
2026-07-22,폴바셋,삼성전자 온양캠퍼스점,31909,3.1909
2026-07-23,폴바셋,삼성전자 온양캠퍼스점,7728,0.7728
2026-07-24,폴바셋,삼성전자 온양캠퍼스점,41819,4.1819
2026-07-25,폴바셋,삼성전자 온양캠퍼스점,0,0
2026-07-26,폴바셋,삼성전자 온양캠퍼스점,0,0
2026-07-27,폴바셋,삼성전자 온양캠퍼스점,24182,2.4182
2026-07-28,폴바셋,삼성전자 온양캠퍼스점,20728,2.0728
2026-07-29,폴바셋,삼성전자 온양캠퍼스점,55001,5.5001
2026-07-30,폴바셋,삼성전자 온양캠퍼스점,51728,5.1728
2026-07-31,폴바셋,삼성전자 온양캠퍼스점,98181,9.8181
2026-07-01,폴바셋,현대백화점 울산점,8091,0.8091
2026-07-02,폴바셋,현대백화점 울산점,31455,3.1455
2026-07-03,폴바셋,현대백화점 울산점,15273,1.5273
2026-07-04,폴바셋,현대백화점 울산점,15273,1.5273
2026-07-05,폴바셋,현대백화점 울산점,16182,1.6182
2026-07-06,폴바셋,현대백화점 울산점,15273,1.5273
2026-07-07,폴바셋,현대백화점 울산점,8091,0.8091
2026-07-08,폴바셋,현대백화점 울산점,15273,1.5273
2026-07-09,폴바셋,현대백화점 울산점,30546,3.0546
2026-07-10,폴바셋,현대백화점 울산점,39546,3.9546
2026-07-11,폴바셋,현대백화점 울산점,15273,1.5273
2026-07-12,폴바셋,현대백화점 울산점,0,0
2026-07-13,폴바셋,현대백화점 울산점,16182,1.6182
2026-07-14,폴바셋,현대백화점 울산점,15273,1.5273
2026-07-15,폴바셋,현대백화점 울산점,39546,3.9546
2026-07-16,폴바셋,현대백화점 울산점,16182,1.6182
2026-07-17,폴바셋,현대백화점 울산점,7182,0.7182
2026-07-18,폴바셋,현대백화점 울산점,24273,2.4273
2026-07-19,폴바셋,현대백화점 울산점,8091,0.8091
2026-07-20,폴바셋,현대백화점 울산점,15273,1.5273
2026-07-21,폴바셋,현대백화점 울산점,16182,1.6182
2026-07-22,폴바셋,현대백화점 울산점,7182,0.7182
2026-07-23,폴바셋,현대백화점 울산점,32364,3.2364
2026-07-24,폴바셋,현대백화점 울산점,15273,1.5273
2026-07-25,폴바셋,현대백화점 울산점,7182,0.7182
2026-07-26,폴바셋,현대백화점 울산점,15273,1.5273
2026-07-27,폴바셋,현대백화점 울산점,15273,1.5273
2026-07-28,폴바셋,현대백화점 울산점,8091,0.8091
2026-07-29,폴바셋,현대백화점 울산점,24273,2.4273
2026-07-30,폴바셋,현대백화점 울산점,19364,1.9364
2026-07-31,폴바셋,현대백화점 울산점,19364,1.9364
2026-07-01,폴바셋,포항 영일대 DT점,23364,2.3364
2026-07-02,폴바셋,포항 영일대 DT점,31455,3.1455
2026-07-03,폴바셋,포항 영일대 DT점,15273,1.5273
2026-07-04,폴바셋,포항 영일대 DT점,39546,3.9546
2026-07-05,폴바셋,포항 영일대 DT점,0,0
2026-07-06,폴바셋,포항 영일대 DT점,16182,1.6182
2026-07-07,폴바셋,포항 영일대 DT점,16182,1.6182
2026-07-08,폴바셋,포항 영일대 DT점,7182,0.7182
2026-07-09,폴바셋,포항 영일대 DT점,8091,0.8091
2026-07-10,폴바셋,포항 영일대 DT점,23364,2.3364
2026-07-11,폴바셋,포항 영일대 DT점,30546,3.0546
2026-07-12,폴바셋,포항 영일대 DT점,8091,0.8091
2026-07-13,폴바셋,포항 영일대 DT점,24273,2.4273
2026-07-14,폴바셋,포항 영일대 DT점,7182,0.7182
2026-07-15,폴바셋,포항 영일대 DT점,15273,1.5273
2026-07-16,폴바셋,포항 영일대 DT점,0,0
2026-07-17,폴바셋,포항 영일대 DT점,16182,1.6182
2026-07-18,폴바셋,포항 영일대 DT점,16182,1.6182
2026-07-19,폴바셋,포항 영일대 DT점,8091,0.8091
2026-07-20,폴바셋,포항 영일대 DT점,23364,2.3364
2026-07-21,폴바셋,포항 영일대 DT점,16182,1.6182
2026-07-22,폴바셋,포항 영일대 DT점,23364,2.3364
2026-07-23,폴바셋,포항 영일대 DT점,8091,0.8091
2026-07-24,폴바셋,포항 영일대 DT점,24273,2.4273
2026-07-25,폴바셋,포항 영일대 DT점,16182,1.6182
2026-07-26,폴바셋,포항 영일대 DT점,0,0
2026-07-27,폴바셋,포항 영일대 DT점,23364,2.3364
2026-07-28,폴바셋,포항 영일대 DT점,15273,1.5273
2026-07-29,폴바셋,포항 영일대 DT점,31455,3.1455
2026-07-30,폴바셋,포항 영일대 DT점,8091,0.8091
2026-07-31,폴바셋,포항 영일대 DT점,39728,3.9728
2026-07-01,폴바셋,롯데백화점 창원점,8091,0.8091
2026-07-02,폴바셋,롯데백화점 창원점,16182,1.6182
2026-07-03,폴바셋,롯데백화점 창원점,38637,3.8637
2026-07-04,폴바셋,롯데백화점 창원점,7182,0.7182
2026-07-05,폴바셋,롯데백화점 창원점,0,0
2026-07-06,폴바셋,롯데백화점 창원점,7182,0.7182
2026-07-07,폴바셋,롯데백화점 창원점,23364,2.3364
2026-07-08,폴바셋,롯데백화점 창원점,31455,3.1455
2026-07-09,폴바셋,롯데백화점 창원점,0,0
2026-07-10,폴바셋,롯데백화점 창원점,16182,1.6182
2026-07-11,폴바셋,롯데백화점 창원점,39546,3.9546
2026-07-12,폴바셋,롯데백화점 창원점,0,0
2026-07-13,폴바셋,롯데백화점 창원점,0,0
2026-07-14,폴바셋,롯데백화점 창원점,14364,1.4364
2026-07-15,폴바셋,롯데백화점 창원점,31455,3.1455
2026-07-16,폴바셋,롯데백화점 창원점,30546,3.0546
2026-07-17,폴바셋,롯데백화점 창원점,23364,2.3364
2026-07-18,폴바셋,롯데백화점 창원점,30546,3.0546
2026-07-19,폴바셋,롯데백화점 창원점,0,0
2026-07-20,폴바셋,롯데백화점 창원점,14364,1.4364
2026-07-21,폴바셋,롯데백화점 창원점,22455,2.2455
2026-07-22,폴바셋,롯데백화점 창원점,31455,3.1455
2026-07-23,폴바셋,롯데백화점 창원점,7182,0.7182
2026-07-24,폴바셋,롯데백화점 창원점,0,0
2026-07-25,폴바셋,롯데백화점 창원점,15273,1.5273
2026-07-26,폴바셋,롯데백화점 창원점,16182,1.6182
2026-07-27,폴바셋,롯데백화점 창원점,8091,0.8091
2026-07-28,폴바셋,롯데백화점 창원점,29028,2.9028
2026-07-29,폴바셋,롯데백화점 창원점,8091,0.8091
2026-07-30,폴바셋,롯데백화점 창원점,53001,5.3001
2026-07-31,폴바셋,롯데백화점 창원점,22273,2.2273
2026-07-01,폴바셋,AK플라자 수원점,8091,0.8091
2026-07-02,폴바셋,AK플라자 수원점,15273,1.5273
2026-07-03,폴바셋,AK플라자 수원점,30546,3.0546
2026-07-04,폴바셋,AK플라자 수원점,24273,2.4273
2026-07-05,폴바셋,AK플라자 수원점,32364,3.2364
2026-07-06,폴바셋,AK플라자 수원점,15273,1.5273
2026-07-07,폴바셋,AK플라자 수원점,8091,0.8091
2026-07-08,폴바셋,AK플라자 수원점,16182,1.6182
2026-07-09,폴바셋,AK플라자 수원점,8091,0.8091
2026-07-10,폴바셋,AK플라자 수원점,40455,4.0455
2026-07-11,폴바셋,AK플라자 수원점,24273,2.4273
2026-07-12,폴바셋,AK플라자 수원점,8091,0.8091
2026-07-13,폴바셋,AK플라자 수원점,0,0
2026-07-14,폴바셋,AK플라자 수원점,7182,0.7182
2026-07-15,폴바셋,AK플라자 수원점,31455,3.1455
2026-07-16,폴바셋,AK플라자 수원점,24273,2.4273
2026-07-17,폴바셋,AK플라자 수원점,7182,0.7182
2026-07-18,폴바셋,AK플라자 수원점,16182,1.6182
2026-07-19,폴바셋,AK플라자 수원점,7182,0.7182
2026-07-20,폴바셋,AK플라자 수원점,22455,2.2455
2026-07-21,폴바셋,AK플라자 수원점,15273,1.5273
2026-07-22,폴바셋,AK플라자 수원점,8091,0.8091
2026-07-23,폴바셋,AK플라자 수원점,8091,0.8091
2026-07-24,폴바셋,AK플라자 수원점,16182,1.6182
2026-07-25,폴바셋,AK플라자 수원점,39546,3.9546
2026-07-26,폴바셋,AK플라자 수원점,15273,1.5273
2026-07-27,폴바셋,AK플라자 수원점,15273,1.5273
2026-07-28,폴바셋,AK플라자 수원점,7182,0.7182
2026-07-29,폴바셋,AK플라자 수원점,8091,0.8091
2026-07-30,폴바셋,AK플라자 수원점,44819,4.4819
2026-07-31,폴바셋,AK플라자 수원점,39728,3.9728
2026-07-01,폴바셋,더현대 대구점,7182,0.7182
2026-07-02,폴바셋,더현대 대구점,16182,1.6182
2026-07-03,폴바셋,더현대 대구점,5664,0.5664
2026-07-04,폴바셋,더현대 대구점,31455,3.1455
2026-07-05,폴바셋,더현대 대구점,31455,3.1455
2026-07-06,폴바셋,더현대 대구점,0,0
2026-07-07,폴바셋,더현대 대구점,23364,2.3364
2026-07-08,폴바셋,더현대 대구점,24273,2.4273
2026-07-09,폴바셋,더현대 대구점,0,0
2026-07-10,폴바셋,더현대 대구점,31455,3.1455
2026-07-11,폴바셋,더현대 대구점,0,0
2026-07-12,폴바셋,더현대 대구점,23364,2.3364
2026-07-13,폴바셋,더현대 대구점,0,0
2026-07-14,폴바셋,더현대 대구점,24273,2.4273
2026-07-15,폴바셋,더현대 대구점,16182,1.6182
2026-07-16,폴바셋,더현대 대구점,15273,1.5273
2026-07-17,폴바셋,더현대 대구점,39546,3.9546
2026-07-18,폴바셋,더현대 대구점,31455,3.1455
2026-07-19,폴바셋,더현대 대구점,0,0
2026-07-20,폴바셋,더현대 대구점,31455,3.1455
2026-07-21,폴바셋,더현대 대구점,16182,1.6182
2026-07-22,폴바셋,더현대 대구점,16182,1.6182
2026-07-23,폴바셋,더현대 대구점,8091,0.8091
2026-07-24,폴바셋,더현대 대구점,16182,1.6182
2026-07-25,폴바셋,더현대 대구점,23364,2.3364
2026-07-26,폴바셋,더현대 대구점,23364,2.3364
2026-07-27,폴바셋,더현대 대구점,0,0
2026-07-28,폴바셋,더현대 대구점,16182,1.6182
2026-07-29,폴바셋,더현대 대구점,16182,1.6182
2026-07-30,폴바셋,더현대 대구점,35637,3.5637
2026-07-31,폴바셋,더현대 대구점,61001,6.1001
2026-07-01,폴바셋,스타필드시티 위례점,16182,1.6182
2026-07-02,폴바셋,스타필드시티 위례점,15273,1.5273
2026-07-03,폴바셋,스타필드시티 위례점,7182,0.7182
2026-07-04,폴바셋,스타필드시티 위례점,39546,3.9546
2026-07-05,폴바셋,스타필드시티 위례점,8091,0.8091
2026-07-06,폴바셋,스타필드시티 위례점,38637,3.8637
2026-07-07,폴바셋,스타필드시티 위례점,23364,2.3364
2026-07-08,폴바셋,스타필드시티 위례점,15273,1.5273
2026-07-09,폴바셋,스타필드시티 위례점,23364,2.3364
2026-07-10,폴바셋,스타필드시티 위례점,7182,0.7182
2026-07-11,폴바셋,스타필드시티 위례점,22455,2.2455
2026-07-12,폴바셋,스타필드시티 위례점,32364,3.2364
2026-07-13,폴바셋,스타필드시티 위례점,15273,1.5273
2026-07-14,폴바셋,스타필드시티 위례점,23364,2.3364
2026-07-15,폴바셋,스타필드시티 위례점,15273,1.5273
2026-07-16,폴바셋,스타필드시티 위례점,23364,2.3364
2026-07-17,폴바셋,스타필드시티 위례점,8091,0.8091
2026-07-18,폴바셋,스타필드시티 위례점,24273,2.4273
2026-07-19,폴바셋,스타필드시티 위례점,16182,1.6182
2026-07-20,폴바셋,스타필드시티 위례점,0,0
2026-07-21,폴바셋,스타필드시티 위례점,8091,0.8091
2026-07-22,폴바셋,스타필드시티 위례점,8091,0.8091
2026-07-23,폴바셋,스타필드시티 위례점,31455,3.1455
2026-07-24,폴바셋,스타필드시티 위례점,15273,1.5273
2026-07-25,폴바셋,스타필드시티 위례점,16182,1.6182
2026-07-26,폴바셋,스타필드시티 위례점,23364,2.3364
2026-07-27,폴바셋,스타필드시티 위례점,15273,1.5273
2026-07-28,폴바셋,스타필드시티 위례점,16182,1.6182
2026-07-29,폴바셋,스타필드시티 위례점,8091,0.8091
2026-07-30,폴바셋,스타필드시티 위례점,41910,4.191
2026-07-31,폴바셋,스타필드시티 위례점,28455,2.8455
2026-07-01,폴바셋,현대아울렛 대전점,22455,2.2455
2026-07-02,폴바셋,현대아울렛 대전점,23364,2.3364
2026-07-03,폴바셋,현대아울렛 대전점,38637,3.8637
2026-07-04,폴바셋,현대아울렛 대전점,46728,4.6728
2026-07-05,폴바셋,현대아울렛 대전점,8091,0.8091
2026-07-06,폴바셋,현대아울렛 대전점,0,0
2026-07-07,폴바셋,현대아울렛 대전점,7182,0.7182
2026-07-08,폴바셋,현대아울렛 대전점,8091,0.8091
2026-07-09,폴바셋,현대아울렛 대전점,15273,1.5273
2026-07-10,폴바셋,현대아울렛 대전점,23364,2.3364
2026-07-11,폴바셋,현대아울렛 대전점,14364,1.4364
2026-07-12,폴바셋,현대아울렛 대전점,55728,5.5728
2026-07-13,폴바셋,현대아울렛 대전점,7182,0.7182
2026-07-14,폴바셋,현대아울렛 대전점,15273,1.5273
2026-07-15,폴바셋,현대아울렛 대전점,15273,1.5273
2026-07-16,폴바셋,현대아울렛 대전점,8091,0.8091
2026-07-17,폴바셋,현대아울렛 대전점,45819,4.5819
2026-07-18,폴바셋,현대아울렛 대전점,32364,3.2364
2026-07-19,폴바셋,현대아울렛 대전점,16182,1.6182
2026-07-20,폴바셋,현대아울렛 대전점,7182,0.7182
2026-07-21,폴바셋,현대아울렛 대전점,8091,0.8091
2026-07-22,폴바셋,현대아울렛 대전점,15273,1.5273
2026-07-23,폴바셋,현대아울렛 대전점,22455,2.2455
2026-07-24,폴바셋,현대아울렛 대전점,8091,0.8091
2026-07-25,폴바셋,현대아울렛 대전점,16182,1.6182
2026-07-26,폴바셋,현대아울렛 대전점,16182,1.6182
2026-07-27,폴바셋,현대아울렛 대전점,8091,0.8091
2026-07-28,폴바셋,현대아울렛 대전점,8091,0.8091
2026-07-29,폴바셋,현대아울렛 대전점,38637,3.8637
2026-07-30,폴바셋,현대아울렛 대전점,14182,1.4182
2026-07-31,폴바셋,현대아울렛 대전점,29455,2.9455
2026-07-01,폴바셋,스타필드 고양 1호점,30546,3.0546
2026-07-02,폴바셋,스타필드 고양 1호점,0,0
2026-07-03,폴바셋,스타필드 고양 1호점,31455,3.1455
2026-07-04,폴바셋,스타필드 고양 1호점,22455,2.2455
2026-07-05,폴바셋,스타필드 고양 1호점,31455,3.1455
2026-07-06,폴바셋,스타필드 고양 1호점,15273,1.5273
2026-07-07,폴바셋,스타필드 고양 1호점,23364,2.3364
2026-07-08,폴바셋,스타필드 고양 1호점,8091,0.8091
2026-07-09,폴바셋,스타필드 고양 1호점,7182,0.7182
2026-07-10,폴바셋,스타필드 고양 1호점,23364,2.3364
2026-07-11,폴바셋,스타필드 고양 1호점,0,0
2026-07-12,폴바셋,스타필드 고양 1호점,32364,3.2364
2026-07-13,폴바셋,스타필드 고양 1호점,15273,1.5273
2026-07-14,폴바셋,스타필드 고양 1호점,0,0
2026-07-15,폴바셋,스타필드 고양 1호점,22455,2.2455
2026-07-16,폴바셋,스타필드 고양 1호점,21846,2.1846
2026-07-17,폴바셋,스타필드 고양 1호점,54819,5.4819
2026-07-18,폴바셋,스타필드 고양 1호점,24273,2.4273
2026-07-19,폴바셋,스타필드 고양 1호점,31455,3.1455
2026-07-20,폴바셋,스타필드 고양 1호점,8091,0.8091
2026-07-21,폴바셋,스타필드 고양 1호점,16182,1.6182
2026-07-22,폴바셋,스타필드 고양 1호점,16182,1.6182
2026-07-23,폴바셋,스타필드 고양 1호점,15273,1.5273
2026-07-24,폴바셋,스타필드 고양 1호점,24273,2.4273
2026-07-25,폴바셋,스타필드 고양 1호점,7182,0.7182
2026-07-26,폴바셋,스타필드 고양 1호점,24273,2.4273
2026-07-27,폴바셋,스타필드 고양 1호점,7182,0.7182
2026-07-28,폴바셋,스타필드 고양 1호점,39546,3.9546
2026-07-29,폴바셋,스타필드 고양 1호점,46728,4.6728
2026-07-30,폴바셋,스타필드 고양 1호점,27546,2.7546
2026-07-31,폴바셋,스타필드 고양 1호점,8182,0.8182
2026-07-01,폴바셋,롯데아울렛 기흥점,27365,2.7365
2026-07-02,폴바셋,롯데아울렛 기흥점,12728,1.2728
2026-07-03,폴바셋,롯데아울렛 기흥점,8455,0.8455
2026-07-04,폴바셋,롯데아울렛 기흥점,22729,2.2729
2026-07-05,폴바셋,롯데아울렛 기흥점,38548,3.8548
2026-07-06,폴바셋,롯데아울렛 기흥점,10819,1.0819
2026-07-07,폴바셋,롯데아울렛 기흥점,20638,2.0638
2026-07-08,폴바셋,롯데아울렛 기흥점,11819,1.1819
2026-07-09,폴바셋,롯데아울렛 기흥점,22728,2.2728
2026-07-10,폴바셋,롯데아울렛 기흥점,15091,1.5091
2026-07-11,폴바셋,롯데아울렛 기흥점,32546,3.2546
2026-07-12,폴바셋,롯데아울렛 기흥점,30548,3.0548
2026-07-13,폴바셋,롯데아울렛 기흥점,7728,0.7728
2026-07-14,폴바셋,롯데아울렛 기흥점,6546,0.6546
2026-07-15,폴바셋,롯데아울렛 기흥점,30002,3.0002
2026-07-16,폴바셋,롯데아울렛 기흥점,12183,1.2183
2026-07-17,폴바셋,롯데아울렛 기흥점,22364,2.2364
2026-07-18,폴바셋,롯데아울렛 기흥점,29367,2.9367
2026-07-19,폴바셋,롯데아울렛 기흥점,34457,3.4457
2026-07-20,폴바셋,롯데아울렛 기흥점,9001,0.9001
2026-07-21,폴바셋,롯데아울렛 기흥점,22729,2.2729
2026-07-22,폴바셋,롯데아울렛 기흥점,11182,1.1182
2026-07-23,폴바셋,롯데아울렛 기흥점,8455,0.8455
2026-07-24,폴바셋,롯데아울렛 기흥점,17728,1.7728
2026-07-25,폴바셋,롯데아울렛 기흥점,36366,3.6366
2026-07-26,폴바셋,롯데아울렛 기흥점,16911,1.6911
2026-07-27,폴바셋,롯데아울렛 기흥점,31820,3.182
2026-07-28,폴바셋,롯데아울렛 기흥점,27184,2.7184
2026-07-29,폴바셋,롯데아울렛 기흥점,15818,1.5818
2026-07-30,폴바셋,롯데아울렛 기흥점,42728,4.2728
2026-07-31,폴바셋,롯데아울렛 기흥점,24684,2.4684
2026-07-01,폴바셋,롯데백화점 김포공항점,15273,1.5273
2026-07-02,폴바셋,롯데백화점 김포공항점,8091,0.8091
2026-07-03,폴바셋,롯데백화점 김포공항점,8091,0.8091
2026-07-04,폴바셋,롯데백화점 김포공항점,24273,2.4273
2026-07-05,폴바셋,롯데백화점 김포공항점,15273,1.5273
2026-07-06,폴바셋,롯데백화점 김포공항점,23364,2.3364
2026-07-07,폴바셋,롯데백화점 김포공항점,15273,1.5273
2026-07-08,폴바셋,롯데백화점 김포공항점,31455,3.1455
2026-07-09,폴바셋,롯데백화점 김포공항점,31455,3.1455
2026-07-10,폴바셋,롯데백화점 김포공항점,30546,3.0546
2026-07-11,폴바셋,롯데백화점 김포공항점,29028,2.9028
2026-07-12,폴바셋,롯데백화점 김포공항점,8091,0.8091
2026-07-13,폴바셋,롯데백화점 김포공항점,0,0
2026-07-14,폴바셋,롯데백화점 김포공항점,14364,1.4364
2026-07-15,폴바셋,롯데백화점 김포공항점,15273,1.5273
2026-07-16,폴바셋,롯데백화점 김포공항점,16182,1.6182
2026-07-17,폴바셋,롯데백화점 김포공항점,37728,3.7728
2026-07-18,폴바셋,롯데백화점 김포공항점,62910,6.291
2026-07-19,폴바셋,롯데백화점 김포공항점,0,0
2026-07-20,폴바셋,롯데백화점 김포공항점,14364,1.4364
2026-07-21,폴바셋,롯데백화점 김포공항점,14364,1.4364
2026-07-22,폴바셋,롯데백화점 김포공항점,16182,1.6182
2026-07-23,폴바셋,롯데백화점 김포공항점,8091,0.8091
2026-07-24,폴바셋,롯데백화점 김포공항점,30546,3.0546
2026-07-25,폴바셋,롯데백화점 김포공항점,8091,0.8091
2026-07-26,폴바셋,롯데백화점 김포공항점,18510,1.851
2026-07-27,폴바셋,롯데백화점 김포공항점,39546,3.9546
2026-07-28,폴바셋,롯데백화점 김포공항점,7182,0.7182
2026-07-29,폴바셋,롯데백화점 김포공항점,30546,3.0546
2026-07-30,폴바셋,롯데백화점 김포공항점,33728,3.3728
2026-07-31,폴바셋,롯데백화점 김포공항점,65092,6.5092
2026-07-01,폴바셋,롯데백화점 대전점,30546,3.0546
2026-07-02,폴바셋,롯데백화점 대전점,0,0
2026-07-03,폴바셋,롯데백화점 대전점,16182,1.6182
2026-07-04,폴바셋,롯데백화점 대전점,32364,3.2364
2026-07-05,폴바셋,롯데백화점 대전점,8091,0.8091
2026-07-06,폴바셋,롯데백화점 대전점,24273,2.4273
2026-07-07,폴바셋,롯데백화점 대전점,15273,1.5273
2026-07-08,폴바셋,롯데백화점 대전점,62001,6.2001
2026-07-09,폴바셋,롯데백화점 대전점,24273,2.4273
2026-07-10,폴바셋,롯데백화점 대전점,0,0
2026-07-11,폴바셋,롯데백화점 대전점,31455,3.1455
2026-07-12,폴바셋,롯데백화점 대전점,16182,1.6182
2026-07-13,폴바셋,롯데백화점 대전점,0,0
2026-07-14,폴바셋,롯데백화점 대전점,32364,3.2364
2026-07-15,폴바셋,롯데백화점 대전점,31455,3.1455
2026-07-16,폴바셋,롯데백화점 대전점,30546,3.0546
2026-07-17,폴바셋,롯데백화점 대전점,31455,3.1455
2026-07-18,폴바셋,롯데백화점 대전점,47637,4.7637
2026-07-19,폴바셋,롯데백화점 대전점,0,0
2026-07-20,폴바셋,롯데백화점 대전점,0,0
2026-07-21,폴바셋,롯데백화점 대전점,71001,7.1001
2026-07-22,폴바셋,롯데백화점 대전점,8091,0.8091
2026-07-23,폴바셋,롯데백화점 대전점,23364,2.3364
2026-07-24,폴바셋,롯데백화점 대전점,8091,0.8091
2026-07-25,폴바셋,롯데백화점 대전점,47637,4.7637
2026-07-26,폴바셋,롯데백화점 대전점,15273,1.5273
2026-07-27,폴바셋,롯데백화점 대전점,24273,2.4273
2026-07-28,폴바셋,롯데백화점 대전점,8091,0.8091
2026-07-29,폴바셋,롯데백화점 대전점,31455,3.1455
2026-07-30,폴바셋,롯데백화점 대전점,38546,3.8546
2026-07-31,폴바셋,롯데백화점 대전점,6182,0.6182
2026-07-01,폴바셋,마산 회원 DT점,15273,1.5273
2026-07-02,폴바셋,마산 회원 DT점,24273,2.4273
2026-07-03,폴바셋,마산 회원 DT점,15273,1.5273
2026-07-04,폴바셋,마산 회원 DT점,23364,2.3364
2026-07-05,폴바셋,마산 회원 DT점,16182,1.6182
2026-07-06,폴바셋,마산 회원 DT점,24273,2.4273
2026-07-07,폴바셋,마산 회원 DT점,47637,4.7637
2026-07-08,폴바셋,마산 회원 DT점,16182,1.6182
2026-07-09,폴바셋,마산 회원 DT점,7182,0.7182
2026-07-10,폴바셋,마산 회원 DT점,0,0
2026-07-11,폴바셋,마산 회원 DT점,48546,4.8546
2026-07-12,폴바셋,마산 회원 DT점,31455,3.1455
2026-07-13,폴바셋,마산 회원 DT점,24273,2.4273
2026-07-14,폴바셋,마산 회원 DT점,22455,2.2455
2026-07-15,폴바셋,마산 회원 DT점,31455,3.1455
2026-07-16,폴바셋,마산 회원 DT점,23364,2.3364
2026-07-17,폴바셋,마산 회원 DT점,15273,1.5273
2026-07-18,폴바셋,마산 회원 DT점,31455,3.1455
2026-07-19,폴바셋,마산 회원 DT점,8091,0.8091
2026-07-20,폴바셋,마산 회원 DT점,31455,3.1455
2026-07-21,폴바셋,마산 회원 DT점,16182,1.6182
2026-07-22,폴바셋,마산 회원 DT점,16182,1.6182
2026-07-23,폴바셋,마산 회원 DT점,38637,3.8637
2026-07-24,폴바셋,마산 회원 DT점,30546,3.0546
2026-07-25,폴바셋,마산 회원 DT점,47637,4.7637
2026-07-26,폴바셋,마산 회원 DT점,8091,0.8091
2026-07-27,폴바셋,마산 회원 DT점,8091,0.8091
2026-07-28,폴바셋,마산 회원 DT점,16182,1.6182
2026-07-29,폴바셋,마산 회원 DT점,24273,2.4273
2026-07-30,폴바셋,마산 회원 DT점,19364,1.9364
2026-07-31,폴바셋,마산 회원 DT점,35546,3.5546
2026-07-01,폴바셋,롯데아울렛 광주수완점,16182,1.6182
2026-07-02,폴바셋,롯데아울렛 광주수완점,22455,2.2455
2026-07-03,폴바셋,롯데아울렛 광주수완점,8091,0.8091
2026-07-04,폴바셋,롯데아울렛 광주수완점,70092,7.0092
2026-07-05,폴바셋,롯데아울렛 광주수완점,0,0
2026-07-06,폴바셋,롯데아울렛 광주수완점,15273,1.5273
2026-07-07,폴바셋,롯데아울렛 광주수완점,31455,3.1455
2026-07-08,폴바셋,롯데아울렛 광주수완점,15273,1.5273
2026-07-09,폴바셋,롯데아울렛 광주수완점,47637,4.7637
2026-07-10,폴바셋,롯데아울렛 광주수완점,23364,2.3364
2026-07-11,폴바셋,롯데아울렛 광주수완점,23364,2.3364
2026-07-12,폴바셋,롯데아울렛 광주수완점,24273,2.4273
2026-07-13,폴바셋,롯데아울렛 광주수완점,0,0
2026-07-14,폴바셋,롯데아울렛 광주수완점,30546,3.0546
2026-07-15,폴바셋,롯데아울렛 광주수완점,22455,2.2455
2026-07-16,폴바셋,롯데아울렛 광주수완점,23364,2.3364
2026-07-17,폴바셋,롯데아울렛 광주수완점,16182,1.6182
2026-07-18,폴바셋,롯데아울렛 광주수완점,31455,3.1455
2026-07-19,폴바셋,롯데아울렛 광주수완점,22455,2.2455
2026-07-20,폴바셋,롯데아울렛 광주수완점,23364,2.3364
2026-07-21,폴바셋,롯데아울렛 광주수완점,31455,3.1455
2026-07-22,폴바셋,롯데아울렛 광주수완점,15273,1.5273
2026-07-23,폴바셋,롯데아울렛 광주수완점,23364,2.3364
2026-07-24,폴바셋,롯데아울렛 광주수완점,23364,2.3364
2026-07-25,폴바셋,롯데아울렛 광주수완점,32364,3.2364
2026-07-26,폴바셋,롯데아울렛 광주수완점,40455,4.0455
2026-07-27,폴바셋,롯데아울렛 광주수완점,8091,0.8091
2026-07-28,폴바셋,롯데아울렛 광주수완점,23364,2.3364
2026-07-29,폴바셋,롯데아울렛 광주수완점,7182,0.7182
2026-07-30,폴바셋,롯데아울렛 광주수완점,19364,1.9364
2026-07-31,폴바셋,롯데아울렛 광주수완점,32364,3.2364
2026-07-01,폴바셋,한국경제신문사점,39546,3.9546
2026-07-02,폴바셋,한국경제신문사점,38637,3.8637
2026-07-03,폴바셋,한국경제신문사점,45819,4.5819
2026-07-04,폴바셋,한국경제신문사점,8091,0.8091
2026-07-05,폴바셋,한국경제신문사점,0,0
2026-07-06,폴바셋,한국경제신문사점,0,0
2026-07-07,폴바셋,한국경제신문사점,47637,4.7637
2026-07-08,폴바셋,한국경제신문사점,14364,1.4364
2026-07-09,폴바셋,한국경제신문사점,38637,3.8637
2026-07-10,폴바셋,한국경제신문사점,45819,4.5819
2026-07-11,폴바셋,한국경제신문사점,23364,2.3364
2026-07-12,폴바셋,한국경제신문사점,8091,0.8091
2026-07-13,폴바셋,한국경제신문사점,8091,0.8091
2026-07-14,폴바셋,한국경제신문사점,22455,2.2455
2026-07-15,폴바셋,한국경제신문사점,24273,2.4273
2026-07-16,폴바셋,한국경제신문사점,30546,3.0546
2026-07-17,폴바셋,한국경제신문사점,0,0
2026-07-18,폴바셋,한국경제신문사점,15273,1.5273
2026-07-19,폴바셋,한국경제신문사점,0,0
2026-07-20,폴바셋,한국경제신문사점,30546,3.0546
2026-07-21,폴바셋,한국경제신문사점,46728,4.6728
2026-07-22,폴바셋,한국경제신문사점,15273,1.5273
2026-07-23,폴바셋,한국경제신문사점,45819,4.5819
2026-07-24,폴바셋,한국경제신문사점,0,0
2026-07-25,폴바셋,한국경제신문사점,0,0
2026-07-26,폴바셋,한국경제신문사점,0,0
2026-07-27,폴바셋,한국경제신문사점,30546,3.0546
2026-07-28,폴바셋,한국경제신문사점,30546,3.0546
2026-07-29,폴바셋,한국경제신문사점,30546,3.0546
2026-07-30,폴바셋,한국경제신문사점,46728,4.6728
2026-07-31,폴바셋,한국경제신문사점,51910,5.191
2026-07-01,폴바셋,신세계 사우스시티점,47637,4.7637
2026-07-02,폴바셋,신세계 사우스시티점,54819,5.4819
2026-07-03,폴바셋,신세계 사우스시티점,39546,3.9546
2026-07-04,폴바셋,신세계 사우스시티점,29637,2.9637
2026-07-05,폴바셋,신세계 사우스시티점,24273,2.4273
2026-07-06,폴바셋,신세계 사우스시티점,0,0
2026-07-07,폴바셋,신세계 사우스시티점,8091,0.8091
2026-07-08,폴바셋,신세계 사우스시티점,37728,3.7728
2026-07-09,폴바셋,신세계 사우스시티점,15273,1.5273
2026-07-10,폴바셋,신세계 사우스시티점,22455,2.2455
2026-07-11,폴바셋,신세계 사우스시티점,40455,4.0455
2026-07-12,폴바셋,신세계 사우스시티점,24273,2.4273
2026-07-13,폴바셋,신세계 사우스시티점,23364,2.3364
2026-07-14,폴바셋,신세계 사우스시티점,22455,2.2455
2026-07-15,폴바셋,신세계 사우스시티점,24273,2.4273
2026-07-16,폴바셋,신세계 사우스시티점,70092,7.0092
2026-07-17,폴바셋,신세계 사우스시티점,23364,2.3364
2026-07-18,폴바셋,신세계 사우스시티점,22455,2.2455
2026-07-19,폴바셋,신세계 사우스시티점,24273,2.4273
2026-07-20,폴바셋,신세계 사우스시티점,0,0
2026-07-21,폴바셋,신세계 사우스시티점,7182,0.7182
2026-07-22,폴바셋,신세계 사우스시티점,30546,3.0546
2026-07-23,폴바셋,신세계 사우스시티점,15273,1.5273
2026-07-24,폴바셋,신세계 사우스시티점,38637,3.8637
2026-07-25,폴바셋,신세계 사우스시티점,8091,0.8091
2026-07-26,폴바셋,신세계 사우스시티점,8091,0.8091
2026-07-27,폴바셋,신세계 사우스시티점,7182,0.7182
2026-07-28,폴바셋,신세계 사우스시티점,23364,2.3364
2026-07-29,폴바셋,신세계 사우스시티점,0,0
2026-07-30,폴바셋,신세계 사우스시티점,41728,4.1728
2026-07-31,폴바셋,신세계 사우스시티점,20273,2.0273
2026-07-01,폴바셋,삼성 DSR점,46728,4.6728
2026-07-02,폴바셋,삼성 DSR점,0,0
2026-07-03,폴바셋,삼성 DSR점,7182,0.7182
2026-07-04,폴바셋,삼성 DSR점,8091,0.8091
2026-07-05,폴바셋,삼성 DSR점,0,0
2026-07-06,폴바셋,삼성 DSR점,38637,3.8637
2026-07-07,폴바셋,삼성 DSR점,30546,3.0546
2026-07-08,폴바셋,삼성 DSR점,15273,1.5273
2026-07-09,폴바셋,삼성 DSR점,31455,3.1455
2026-07-10,폴바셋,삼성 DSR점,15273,1.5273
2026-07-11,폴바셋,삼성 DSR점,16182,1.6182
2026-07-12,폴바셋,삼성 DSR점,0,0
2026-07-13,폴바셋,삼성 DSR점,29637,2.9637
2026-07-14,폴바셋,삼성 DSR점,62910,6.291
2026-07-15,폴바셋,삼성 DSR점,22455,2.2455
2026-07-16,폴바셋,삼성 DSR점,30546,3.0546
2026-07-17,폴바셋,삼성 DSR점,0,0
2026-07-18,폴바셋,삼성 DSR점,0,0
2026-07-19,폴바셋,삼성 DSR점,0,0
2026-07-20,폴바셋,삼성 DSR점,39546,3.9546
2026-07-21,폴바셋,삼성 DSR점,47637,4.7637
2026-07-22,폴바셋,삼성 DSR점,31455,3.1455
2026-07-23,폴바셋,삼성 DSR점,29637,2.9637
2026-07-24,폴바셋,삼성 DSR점,22455,2.2455
2026-07-25,폴바셋,삼성 DSR점,0,0
2026-07-26,폴바셋,삼성 DSR점,0,0
2026-07-27,폴바셋,삼성 DSR점,31455,3.1455
2026-07-28,폴바셋,삼성 DSR점,29637,2.9637
2026-07-29,폴바셋,삼성 DSR점,66455,6.6455
2026-07-30,폴바셋,삼성 DSR점,85910,8.591
2026-07-31,폴바셋,삼성 DSR점,25137,2.5137
2026-07-01,폴바셋,신세계백화점 대구 2호점,0,0
2026-07-02,폴바셋,신세계백화점 대구 2호점,23364,2.3364
2026-07-03,폴바셋,신세계백화점 대구 2호점,23364,2.3364
2026-07-04,폴바셋,신세계백화점 대구 2호점,69483,6.9483
2026-07-05,폴바셋,신세계백화점 대구 2호점,16182,1.6182
2026-07-06,폴바셋,신세계백화점 대구 2호점,31455,3.1455
2026-07-07,폴바셋,신세계백화점 대구 2호점,8091,0.8091
2026-07-08,폴바셋,신세계백화점 대구 2호점,24273,2.4273
2026-07-09,폴바셋,신세계백화점 대구 2호점,0,0
2026-07-10,폴바셋,신세계백화점 대구 2호점,32364,3.2364
2026-07-11,폴바셋,신세계백화점 대구 2호점,62910,6.291
2026-07-12,폴바셋,신세계백화점 대구 2호점,35600,3.56
2026-07-13,폴바셋,신세계백화점 대구 2호점,23364,2.3364
2026-07-14,폴바셋,신세계백화점 대구 2호점,16182,1.6182
2026-07-15,폴바셋,신세계백화점 대구 2호점,24273,2.4273
2026-07-16,폴바셋,신세계백화점 대구 2호점,8091,0.8091
2026-07-17,폴바셋,신세계백화점 대구 2호점,47637,4.7637
2026-07-18,폴바셋,신세계백화점 대구 2호점,24273,2.4273
2026-07-19,폴바셋,신세계백화점 대구 2호점,24273,2.4273
2026-07-20,폴바셋,신세계백화점 대구 2호점,0,0
2026-07-21,폴바셋,신세계백화점 대구 2호점,16182,1.6182
2026-07-22,폴바셋,신세계백화점 대구 2호점,40455,4.0455
2026-07-23,폴바셋,신세계백화점 대구 2호점,32364,3.2364
2026-07-24,폴바셋,신세계백화점 대구 2호점,0,0
2026-07-25,폴바셋,신세계백화점 대구 2호점,24273,2.4273
2026-07-26,폴바셋,신세계백화점 대구 2호점,32364,3.2364
2026-07-27,폴바셋,신세계백화점 대구 2호점,24273,2.4273
2026-07-28,폴바셋,신세계백화점 대구 2호점,31455,3.1455
2026-07-29,폴바셋,신세계백화점 대구 2호점,8091,0.8091
2026-07-30,폴바셋,신세계백화점 대구 2호점,46683,4.6683
2026-07-31,폴바셋,신세계백화점 대구 2호점,29637,2.9637
2026-07-01,폴바셋,뉴코아 강남점,15273,1.5273
2026-07-02,폴바셋,뉴코아 강남점,0,0
2026-07-03,폴바셋,뉴코아 강남점,30546,3.0546
2026-07-04,폴바셋,뉴코아 강남점,31455,3.1455
2026-07-05,폴바셋,뉴코아 강남점,23364,2.3364
2026-07-06,폴바셋,뉴코아 강남점,38637,3.8637
2026-07-07,폴바셋,뉴코아 강남점,0,0
2026-07-08,폴바셋,뉴코아 강남점,23364,2.3364
2026-07-09,폴바셋,뉴코아 강남점,7182,0.7182
2026-07-10,폴바셋,뉴코아 강남점,47637,4.7637
2026-07-11,폴바셋,뉴코아 강남점,69183,6.9183
2026-07-12,폴바셋,뉴코아 강남점,32364,3.2364
2026-07-13,폴바셋,뉴코아 강남점,47637,4.7637
2026-07-14,폴바셋,뉴코아 강남점,22455,2.2455
2026-07-15,폴바셋,뉴코아 강남점,14364,1.4364
2026-07-16,폴바셋,뉴코아 강남점,15273,1.5273
2026-07-17,폴바셋,뉴코아 강남점,24273,2.4273
2026-07-18,폴바셋,뉴코아 강남점,40455,4.0455
2026-07-19,폴바셋,뉴코아 강남점,15273,1.5273
2026-07-20,폴바셋,뉴코아 강남점,46728,4.6728
2026-07-21,폴바셋,뉴코아 강남점,23364,2.3364
2026-07-22,폴바셋,뉴코아 강남점,14364,1.4364
2026-07-23,폴바셋,뉴코아 강남점,30546,3.0546
2026-07-24,폴바셋,뉴코아 강남점,16182,1.6182
2026-07-25,폴바셋,뉴코아 강남점,53001,5.3001
2026-07-26,폴바셋,뉴코아 강남점,24273,2.4273
2026-07-27,폴바셋,뉴코아 강남점,0,0
2026-07-28,폴바셋,뉴코아 강남점,15273,1.5273
2026-07-29,폴바셋,뉴코아 강남점,54819,5.4819
2026-07-30,폴바셋,뉴코아 강남점,34546,3.4546
2026-07-31,폴바셋,뉴코아 강남점,10182,1.0182
2026-07-01,폴바셋,롯데백화점 울산점,43457,4.3457
2026-07-02,폴바셋,롯데백화점 울산점,21638,2.1638
2026-07-03,폴바셋,롯데백화점 울산점,21638,2.1638
2026-07-04,폴바셋,롯데백화점 울산점,40004,4.0004
2026-07-05,폴바셋,롯데백화점 울산점,22548,2.2548
2026-07-06,폴바셋,롯데백화점 울산점,0,0
2026-07-07,폴바셋,롯데백화점 울산점,7819,0.7819
2026-07-08,폴바셋,롯데백화점 울산점,20366,2.0366
2026-07-09,폴바셋,롯데백화점 울산점,30276,3.0276
2026-07-10,폴바셋,롯데백화점 울산점,25275,2.5275
2026-07-11,폴바셋,롯데백화점 울산점,34548,3.4548
2026-07-12,폴바셋,롯데백화점 울산점,56550,5.655
2026-07-13,폴바셋,롯데백화점 울산점,0,0
2026-07-14,폴바셋,롯데백화점 울산점,9819,0.9819
2026-07-15,폴바셋,롯데백화점 울산점,24456,2.4456
2026-07-16,폴바셋,롯데백화점 울산점,9273,0.9273
2026-07-17,폴바셋,롯데백화점 울산점,12638,1.2638
2026-07-18,폴바셋,롯데백화점 울산점,30730,3.073
2026-07-19,폴바셋,롯데백화점 울산점,15183,1.5183
2026-07-20,폴바셋,롯데백화점 울산점,26821,2.6821
2026-07-21,폴바셋,롯데백화점 울산점,16547,1.6547
2026-07-22,폴바셋,롯데백화점 울산점,20001,2.0001
2026-07-23,폴바셋,롯데백화점 울산점,57058,5.7058
2026-07-24,폴바셋,롯데백화점 울산점,31730,3.173
2026-07-25,폴바셋,롯데백화점 울산점,62150,6.215
2026-07-26,폴바셋,롯데백화점 울산점,36094,3.6094
2026-07-27,폴바셋,롯데백화점 울산점,39622,3.9622
2026-07-28,폴바셋,롯데백화점 울산점,26002,2.6002
2026-07-29,폴바셋,롯데백화점 울산점,23638,2.3638
2026-07-30,폴바셋,롯데백화점 울산점,19728,1.9728
2026-07-31,폴바셋,롯데백화점 울산점,47457,4.7457
2026-07-01,폴바셋,AK플라자 광명점,21546,2.1546
2026-07-02,폴바셋,AK플라자 광명점,44546,4.4546
2026-07-03,폴바셋,AK플라자 광명점,7182,0.7182
2026-07-04,폴바셋,AK플라자 광명점,23364,2.3364
2026-07-05,폴바셋,AK플라자 광명점,13091,1.3091
2026-07-06,폴바셋,AK플라자 광명점,21182,2.1182
2026-07-07,폴바셋,AK플라자 광명점,20273,2.0273
2026-07-08,폴바셋,AK플라자 광명점,24273,2.4273
2026-07-09,폴바셋,AK플라자 광명점,16182,1.6182
2026-07-10,폴바셋,AK플라자 광명점,36455,3.6455
2026-07-11,폴바셋,AK플라자 광명점,59819,5.9819
2026-07-12,폴바셋,AK플라자 광명점,24909,2.4909
2026-07-13,폴바셋,AK플라자 광명점,16182,1.6182
2026-07-14,폴바셋,AK플라자 광명점,31455,3.1455
2026-07-15,폴바셋,AK플라자 광명점,21182,2.1182
2026-07-16,폴바셋,AK플라자 광명점,22455,2.2455
2026-07-17,폴바셋,AK플라자 광명점,22000,2.2
2026-07-18,폴바셋,AK플라자 광명점,30455,3.0455
2026-07-19,폴바셋,AK플라자 광명점,28000,2.8
2026-07-20,폴바셋,AK플라자 광명점,24409,2.4409
2026-07-21,폴바셋,AK플라자 광명점,14364,1.4364
2026-07-22,폴바셋,AK플라자 광명점,26182,2.6182
2026-07-23,폴바셋,AK플라자 광명점,71719,7.1719
2026-07-24,폴바셋,AK플라자 광명점,28364,2.8364
2026-07-25,폴바셋,AK플라자 광명점,51500,5.15
2026-07-26,폴바셋,AK플라자 광명점,24273,2.4273
2026-07-27,폴바셋,AK플라자 광명점,29273,2.9273
2026-07-28,폴바셋,AK플라자 광명점,0,0
2026-07-29,폴바셋,AK플라자 광명점,14364,1.4364
2026-07-30,폴바셋,AK플라자 광명점,37319,3.7319
2026-07-31,폴바셋,AK플라자 광명점,40546,4.0546
2026-07-01,폴바셋,롯데백화점 강남점,8091,0.8091
2026-07-02,폴바셋,롯데백화점 강남점,23364,2.3364
2026-07-03,폴바셋,롯데백화점 강남점,31455,3.1455
2026-07-04,폴바셋,롯데백화점 강남점,68274,6.8274
2026-07-05,폴바셋,롯데백화점 강남점,0,0
2026-07-06,폴바셋,롯데백화점 강남점,15273,1.5273
2026-07-07,폴바셋,롯데백화점 강남점,38637,3.8637
2026-07-08,폴바셋,롯데백화점 강남점,30546,3.0546
2026-07-09,폴바셋,롯데백화점 강남점,30546,3.0546
2026-07-10,폴바셋,롯데백화점 강남점,30546,3.0546
2026-07-11,폴바셋,롯데백화점 강남점,61092,6.1092
2026-07-12,폴바셋,롯데백화점 강남점,0,0
2026-07-13,폴바셋,롯데백화점 강남점,0,0
2026-07-14,폴바셋,롯데백화점 강남점,30546,3.0546
2026-07-15,폴바셋,롯데백화점 강남점,30546,3.0546
2026-07-16,폴바셋,롯데백화점 강남점,23364,2.3364
2026-07-17,폴바셋,롯데백화점 강남점,23364,2.3364
2026-07-18,폴바셋,롯데백화점 강남점,61092,6.1092
2026-07-19,폴바셋,롯데백화점 강남점,16182,1.6182
2026-07-20,폴바셋,롯데백화점 강남점,23364,2.3364
2026-07-21,폴바셋,롯데백화점 강남점,30546,3.0546
2026-07-22,폴바셋,롯데백화점 강남점,30546,3.0546
2026-07-23,폴바셋,롯데백화점 강남점,36819,3.6819
2026-07-24,폴바셋,롯데백화점 강남점,24273,2.4273
2026-07-25,폴바셋,롯데백화점 강남점,60183,6.0183
2026-07-26,폴바셋,롯데백화점 강남점,7182,0.7182
2026-07-27,폴바셋,롯데백화점 강남점,29637,2.9637
2026-07-28,폴바셋,롯데백화점 강남점,14364,1.4364
2026-07-29,폴바셋,롯데백화점 강남점,14364,1.4364
2026-07-30,폴바셋,롯데백화점 강남점,42728,4.2728
2026-07-31,폴바셋,롯데백화점 강남점,30546,3.0546
2026-07-01,폴바셋,마산 해안대로 DT점,23364,2.3364
2026-07-02,폴바셋,마산 해안대로 DT점,31455,3.1455
2026-07-03,폴바셋,마산 해안대로 DT점,39546,3.9546
2026-07-04,폴바셋,마산 해안대로 DT점,32364,3.2364
2026-07-05,폴바셋,마산 해안대로 DT점,46728,4.6728
2026-07-06,폴바셋,마산 해안대로 DT점,23364,2.3364
2026-07-07,폴바셋,마산 해안대로 DT점,15273,1.5273
2026-07-08,폴바셋,마산 해안대로 DT점,0,0
2026-07-09,폴바셋,마산 해안대로 DT점,31455,3.1455
2026-07-10,폴바셋,마산 해안대로 DT점,31455,3.1455
2026-07-11,폴바셋,마산 해안대로 DT점,16182,1.6182
2026-07-12,폴바셋,마산 해안대로 DT점,23364,2.3364
2026-07-13,폴바셋,마산 해안대로 DT점,8091,0.8091
2026-07-14,폴바셋,마산 해안대로 DT점,22455,2.2455
2026-07-15,폴바셋,마산 해안대로 DT점,40455,4.0455
2026-07-16,폴바셋,마산 해안대로 DT점,30546,3.0546
2026-07-17,폴바셋,마산 해안대로 DT점,31455,3.1455
2026-07-18,폴바셋,마산 해안대로 DT점,47637,4.7637
2026-07-19,폴바셋,마산 해안대로 DT점,40455,4.0455
2026-07-20,폴바셋,마산 해안대로 DT점,29636,2.9636
2026-07-21,폴바셋,마산 해안대로 DT점,30546,3.0546
2026-07-22,폴바셋,마산 해안대로 DT점,31455,3.1455
2026-07-23,폴바셋,마산 해안대로 DT점,23364,2.3364
2026-07-24,폴바셋,마산 해안대로 DT점,47637,4.7637
2026-07-25,폴바셋,마산 해안대로 DT점,39546,3.9546
2026-07-26,폴바셋,마산 해안대로 DT점,8091,0.8091
2026-07-27,폴바셋,마산 해안대로 DT점,31455,3.1455
2026-07-28,폴바셋,마산 해안대로 DT점,30273,3.0273
2026-07-29,폴바셋,마산 해안대로 DT점,31455,3.1455
2026-07-30,폴바셋,마산 해안대로 DT점,18137,1.8137
2026-07-31,폴바셋,마산 해안대로 DT점,28273,2.8273
2026-07-01,폴바셋,여의도점,32364,3.2364
2026-07-02,폴바셋,여의도점,63819,6.3819
2026-07-03,폴바셋,여의도점,31455,3.1455
2026-07-04,폴바셋,여의도점,0,0
2026-07-05,폴바셋,여의도점,16182,1.6182
2026-07-06,폴바셋,여의도점,31455,3.1455
2026-07-07,폴바셋,여의도점,63819,6.3819
2026-07-08,폴바셋,여의도점,46728,4.6728
2026-07-09,폴바셋,여의도점,24273,2.4273
2026-07-10,폴바셋,여의도점,15273,1.5273
2026-07-11,폴바셋,여의도점,16182,1.6182
2026-07-12,폴바셋,여의도점,8091,0.8091
2026-07-13,폴바셋,여의도점,16182,1.6182
2026-07-14,폴바셋,여의도점,32364,3.2364
2026-07-15,폴바셋,여의도점,32364,3.2364
2026-07-16,폴바셋,여의도점,30546,3.0546
2026-07-17,폴바셋,여의도점,0,0
2026-07-18,폴바셋,여의도점,15273,1.5273
2026-07-19,폴바셋,여의도점,8091,0.8091
2026-07-20,폴바셋,여의도점,23364,2.3364
2026-07-21,폴바셋,여의도점,7182,0.7182
2026-07-22,폴바셋,여의도점,16182,1.6182
2026-07-23,폴바셋,여의도점,38637,3.8637
2026-07-24,폴바셋,여의도점,22455,2.2455
2026-07-25,폴바셋,여의도점,0,0
2026-07-26,폴바셋,여의도점,0,0
2026-07-27,폴바셋,여의도점,24273,2.4273
2026-07-28,폴바셋,여의도점,61092,6.1092
2026-07-29,폴바셋,여의도점,53910,5.391
2026-07-30,폴바셋,여의도점,102365,10.2365
2026-07-31,폴바셋,여의도점,75910,7.591
2026-07-01,폴바셋,구미 봉곡 DT점,39546,3.9546
2026-07-02,폴바셋,구미 봉곡 DT점,30546,3.0546
2026-07-03,폴바셋,구미 봉곡 DT점,24273,2.4273
2026-07-04,폴바셋,구미 봉곡 DT점,29637,2.9637
2026-07-05,폴바셋,구미 봉곡 DT점,32364,3.2364
2026-07-06,폴바셋,구미 봉곡 DT점,38637,3.8637
2026-07-07,폴바셋,구미 봉곡 DT점,24273,2.4273
2026-07-08,폴바셋,구미 봉곡 DT점,30546,3.0546
2026-07-09,폴바셋,구미 봉곡 DT점,16182,1.6182
2026-07-10,폴바셋,구미 봉곡 DT점,31455,3.1455
2026-07-11,폴바셋,구미 봉곡 DT점,53910,5.391
2026-07-12,폴바셋,구미 봉곡 DT점,24273,2.4273
2026-07-13,폴바셋,구미 봉곡 DT점,16182,1.6182
2026-07-14,폴바셋,구미 봉곡 DT점,30546,3.0546
2026-07-15,폴바셋,구미 봉곡 DT점,31455,3.1455
2026-07-16,폴바셋,구미 봉곡 DT점,31455,3.1455
2026-07-17,폴바셋,구미 봉곡 DT점,47637,4.7637
2026-07-18,폴바셋,구미 봉곡 DT점,39546,3.9546
2026-07-19,폴바셋,구미 봉곡 DT점,31455,3.1455
2026-07-20,폴바셋,구미 봉곡 DT점,15273,1.5273
2026-07-21,폴바셋,구미 봉곡 DT점,23364,2.3364
2026-07-22,폴바셋,구미 봉곡 DT점,15273,1.5273
2026-07-23,폴바셋,구미 봉곡 DT점,30546,3.0546
2026-07-24,폴바셋,구미 봉곡 DT점,39546,3.9546
2026-07-25,폴바셋,구미 봉곡 DT점,20937,2.0937
2026-07-26,폴바셋,구미 봉곡 DT점,24273,2.4273
2026-07-27,폴바셋,구미 봉곡 DT점,23364,2.3364
2026-07-28,폴바셋,구미 봉곡 DT점,23364,2.3364
2026-07-29,폴바셋,구미 봉곡 DT점,15273,1.5273
2026-07-30,폴바셋,구미 봉곡 DT점,58865,5.8865
2026-07-31,폴바셋,구미 봉곡 DT점,38410,3.841
2026-07-01,폴바셋,스타필드 하남 1호점,31455,3.1455
2026-07-02,폴바셋,스타필드 하남 1호점,16182,1.6182
2026-07-03,폴바셋,스타필드 하남 1호점,31455,3.1455
2026-07-04,폴바셋,스타필드 하남 1호점,47637,4.7637
2026-07-05,폴바셋,스타필드 하남 1호점,47637,4.7637
2026-07-06,폴바셋,스타필드 하남 1호점,39546,3.9546
2026-07-07,폴바셋,스타필드 하남 1호점,20937,2.0937
2026-07-08,폴바셋,스타필드 하남 1호점,23364,2.3364
2026-07-09,폴바셋,스타필드 하남 1호점,23364,2.3364
2026-07-10,폴바셋,스타필드 하남 1호점,48546,4.8546
2026-07-11,폴바셋,스타필드 하남 1호점,23364,2.3364
2026-07-12,폴바셋,스타필드 하남 1호점,32364,3.2364
2026-07-13,폴바셋,스타필드 하남 1호점,23364,2.3364
2026-07-14,폴바셋,스타필드 하남 1호점,16182,1.6182
2026-07-15,폴바셋,스타필드 하남 1호점,47637,4.7637
2026-07-16,폴바셋,스타필드 하남 1호점,23364,2.3364
2026-07-17,폴바셋,스타필드 하남 1호점,23364,2.3364
2026-07-18,폴바셋,스타필드 하남 1호점,39546,3.9546
2026-07-19,폴바셋,스타필드 하남 1호점,24273,2.4273
2026-07-20,폴바셋,스타필드 하남 1호점,23364,2.3364
2026-07-21,폴바셋,스타필드 하남 1호점,40455,4.0455
2026-07-22,폴바셋,스타필드 하남 1호점,23364,2.3364
2026-07-23,폴바셋,스타필드 하남 1호점,16182,1.6182
2026-07-24,폴바셋,스타필드 하남 1호점,32364,3.2364
2026-07-25,폴바셋,스타필드 하남 1호점,31455,3.1455
2026-07-26,폴바셋,스타필드 하남 1호점,38637,3.8637
2026-07-27,폴바셋,스타필드 하남 1호점,39546,3.9546
2026-07-28,폴바셋,스타필드 하남 1호점,31455,3.1455
2026-07-29,폴바셋,스타필드 하남 1호점,24273,2.4273
2026-07-30,폴바셋,스타필드 하남 1호점,38637,3.8637
2026-07-31,폴바셋,스타필드 하남 1호점,33637,3.3637
2026-07-01,폴바셋,롯데백화점 잠실점,30546,3.0546
2026-07-02,폴바셋,롯데백화점 잠실점,22455,2.2455
2026-07-03,폴바셋,롯데백화점 잠실점,29028,2.9028
2026-07-04,폴바셋,롯데백화점 잠실점,30546,3.0546
2026-07-05,폴바셋,롯데백화점 잠실점,16182,1.6182
2026-07-06,폴바셋,롯데백화점 잠실점,30546,3.0546
2026-07-07,폴바셋,롯데백화점 잠실점,46728,4.6728
2026-07-08,폴바셋,롯데백화점 잠실점,16182,1.6182
2026-07-09,폴바셋,롯데백화점 잠실점,30546,3.0546
2026-07-10,폴바셋,롯데백화점 잠실점,38637,3.8637
2026-07-11,폴바셋,롯데백화점 잠실점,46728,4.6728
2026-07-12,폴바셋,롯데백화점 잠실점,39546,3.9546
2026-07-13,폴바셋,롯데백화점 잠실점,0,0
2026-07-14,폴바셋,롯데백화점 잠실점,29937,2.9937
2026-07-15,폴바셋,롯데백화점 잠실점,29300,2.93
2026-07-16,폴바셋,롯데백화점 잠실점,23364,2.3364
2026-07-17,폴바셋,롯데백화점 잠실점,16182,1.6182
2026-07-18,폴바셋,롯데백화점 잠실점,45819,4.5819
2026-07-19,폴바셋,롯데백화점 잠실점,24273,2.4273
2026-07-20,폴바셋,롯데백화점 잠실점,38637,3.8637
2026-07-21,폴바셋,롯데백화점 잠실점,56637,5.6637
2026-07-22,폴바셋,롯데백화점 잠실점,53910,5.391
2026-07-23,폴바셋,롯데백화점 잠실점,23364,2.3364
2026-07-24,폴바셋,롯데백화점 잠실점,22728,2.2728
2026-07-25,폴바셋,롯데백화점 잠실점,14364,1.4364
2026-07-26,폴바셋,롯데백화점 잠실점,8091,0.8091
2026-07-27,폴바셋,롯데백화점 잠실점,46728,4.6728
2026-07-28,폴바셋,롯데백화점 잠실점,30546,3.0546
2026-07-29,폴바셋,롯데백화점 잠실점,23364,2.3364
2026-07-30,폴바셋,롯데백화점 잠실점,29637,2.9637
2026-07-31,폴바셋,롯데백화점 잠실점,80456,8.0456
2026-07-01,폴바셋,종로 G1점,37276,3.7276
2026-07-02,폴바셋,종로 G1점,23183,2.3183
2026-07-03,폴바셋,종로 G1점,15637,1.5637
2026-07-04,폴바셋,종로 G1점,4273,0.4273
2026-07-05,폴바셋,종로 G1점,26274,2.6274
2026-07-06,폴바셋,종로 G1점,12364,1.2364
2026-07-07,폴바셋,종로 G1점,46822,4.6822
2026-07-08,폴바셋,종로 G1점,51549,5.1549
2026-07-09,폴바셋,종로 G1점,46093,4.6093
2026-07-10,폴바셋,종로 G1점,36185,3.6185
2026-07-11,폴바셋,종로 G1점,30729,3.0729
2026-07-12,폴바셋,종로 G1점,19546,1.9546
2026-07-13,폴바셋,종로 G1점,42458,4.2458
2026-07-14,폴바셋,종로 G1점,40457,4.0457
2026-07-15,폴바셋,종로 G1점,26002,2.6002
2026-07-16,폴바셋,종로 G1점,34638,3.4638
2026-07-17,폴바셋,종로 G1점,30910,3.091
2026-07-18,폴바셋,종로 G1점,0,0
2026-07-19,폴바셋,종로 G1점,23820,2.382
2026-07-20,폴바셋,종로 G1점,25728,2.5728
2026-07-21,폴바셋,종로 G1점,22819,2.2819
2026-07-22,폴바셋,종로 G1점,34366,3.4366
2026-07-23,폴바셋,종로 G1점,48640,4.864
2026-07-24,폴바셋,종로 G1점,48004,4.8004
2026-07-25,폴바셋,종로 G1점,18548,1.8548
2026-07-26,폴바셋,종로 G1점,20546,2.0546
2026-07-27,폴바셋,종로 G1점,98915,9.8915
2026-07-28,폴바셋,종로 G1점,29822,2.9822
2026-07-29,폴바셋,종로 G1점,20729,2.0729
2026-07-30,폴바셋,종로 G1점,29819,2.9819
2026-07-31,폴바셋,종로 G1점,36910,3.691
2026-07-01,폴바셋,롯데월드 아이스링크점,8091,0.8091
2026-07-02,폴바셋,롯데월드 아이스링크점,24273,2.4273
2026-07-03,폴바셋,롯데월드 아이스링크점,47637,4.7637
2026-07-04,폴바셋,롯데월드 아이스링크점,44301,4.4301
2026-07-05,폴바셋,롯데월드 아이스링크점,8091,0.8091
2026-07-06,폴바셋,롯데월드 아이스링크점,38637,3.8637
2026-07-07,폴바셋,롯데월드 아이스링크점,31455,3.1455
2026-07-08,폴바셋,롯데월드 아이스링크점,24273,2.4273
2026-07-09,폴바셋,롯데월드 아이스링크점,23364,2.3364
2026-07-10,폴바셋,롯데월드 아이스링크점,16182,1.6182
2026-07-11,폴바셋,롯데월드 아이스링크점,47637,4.7637
2026-07-12,폴바셋,롯데월드 아이스링크점,32364,3.2364
2026-07-13,폴바셋,롯데월드 아이스링크점,31455,3.1455
2026-07-14,폴바셋,롯데월드 아이스링크점,31455,3.1455
2026-07-15,폴바셋,롯데월드 아이스링크점,23364,2.3364
2026-07-16,폴바셋,롯데월드 아이스링크점,31455,3.1455
2026-07-17,폴바셋,롯데월드 아이스링크점,31455,3.1455
2026-07-18,폴바셋,롯데월드 아이스링크점,79092,7.9092
2026-07-19,폴바셋,롯데월드 아이스링크점,16182,1.6182
2026-07-20,폴바셋,롯데월드 아이스링크점,16182,1.6182
2026-07-21,폴바셋,롯데월드 아이스링크점,24273,2.4273
2026-07-22,폴바셋,롯데월드 아이스링크점,31455,3.1455
2026-07-23,폴바셋,롯데월드 아이스링크점,31455,3.1455
2026-07-24,폴바셋,롯데월드 아이스링크점,39546,3.9546
2026-07-25,폴바셋,롯데월드 아이스링크점,54819,5.4819
2026-07-26,폴바셋,롯데월드 아이스링크점,24273,2.4273
2026-07-27,폴바셋,롯데월드 아이스링크점,32364,3.2364
2026-07-28,폴바셋,롯데월드 아이스링크점,23364,2.3364
2026-07-29,폴바셋,롯데월드 아이스링크점,38637,3.8637
2026-07-30,폴바셋,롯데월드 아이스링크점,39637,3.9637
2026-07-31,폴바셋,롯데월드 아이스링크점,57820,5.782
2026-07-01,폴바셋,롯데몰 은평점,45819,4.5819
2026-07-02,폴바셋,롯데몰 은평점,24273,2.4273
2026-07-03,폴바셋,롯데몰 은평점,32364,3.2364
2026-07-04,폴바셋,롯데몰 은평점,24273,2.4273
2026-07-05,폴바셋,롯데몰 은평점,24273,2.4273
2026-07-06,폴바셋,롯데몰 은평점,24273,2.4273
2026-07-07,폴바셋,롯데몰 은평점,15273,1.5273
2026-07-08,폴바셋,롯데몰 은평점,16182,1.6182
2026-07-09,폴바셋,롯데몰 은평점,38637,3.8637
2026-07-10,폴바셋,롯데몰 은평점,22455,2.2455
2026-07-11,폴바셋,롯데몰 은평점,32364,3.2364
2026-07-12,폴바셋,롯데몰 은평점,16182,1.6182
2026-07-13,폴바셋,롯데몰 은평점,32364,3.2364
2026-07-14,폴바셋,롯데몰 은평점,32364,3.2364
2026-07-15,폴바셋,롯데몰 은평점,47637,4.7637
2026-07-16,폴바셋,롯데몰 은평점,32364,3.2364
2026-07-17,폴바셋,롯데몰 은평점,20937,2.0937
2026-07-18,폴바셋,롯데몰 은평점,48546,4.8546
2026-07-19,폴바셋,롯데몰 은평점,8091,0.8091
2026-07-20,폴바셋,롯데몰 은평점,31455,3.1455
2026-07-21,폴바셋,롯데몰 은평점,54819,5.4819
2026-07-22,폴바셋,롯데몰 은평점,16182,1.6182
2026-07-23,폴바셋,롯데몰 은평점,30546,3.0546
2026-07-24,폴바셋,롯데몰 은평점,79092,7.9092
2026-07-25,폴바셋,롯데몰 은평점,24273,2.4273
2026-07-26,폴바셋,롯데몰 은평점,16182,1.6182
2026-07-27,폴바셋,롯데몰 은평점,32364,3.2364
2026-07-28,폴바셋,롯데몰 은평점,38637,3.8637
2026-07-29,폴바셋,롯데몰 은평점,32364,3.2364
2026-07-30,폴바셋,롯데몰 은평점,51910,5.191
2026-07-31,폴바셋,롯데몰 은평점,72620,7.262
2026-07-01,폴바셋,롯데몰 수지점,23364,2.3364
2026-07-02,폴바셋,롯데몰 수지점,38637,3.8637
2026-07-03,폴바셋,롯데몰 수지점,30546,3.0546
2026-07-04,폴바셋,롯데몰 수지점,16182,1.6182
2026-07-05,폴바셋,롯데몰 수지점,15273,1.5273
2026-07-06,폴바셋,롯데몰 수지점,46728,4.6728
2026-07-07,폴바셋,롯데몰 수지점,46728,4.6728
2026-07-08,폴바셋,롯데몰 수지점,38637,3.8637
2026-07-09,폴바셋,롯데몰 수지점,8091,0.8091
2026-07-10,폴바셋,롯데몰 수지점,55728,5.5728
2026-07-11,폴바셋,롯데몰 수지점,31455,3.1455
2026-07-12,폴바셋,롯데몰 수지점,16182,1.6182
2026-07-13,폴바셋,롯데몰 수지점,24273,2.4273
2026-07-14,폴바셋,롯데몰 수지점,38637,3.8637
2026-07-15,폴바셋,롯데몰 수지점,23364,2.3364
2026-07-16,폴바셋,롯데몰 수지점,62910,6.291
2026-07-17,폴바셋,롯데몰 수지점,24273,2.4273
2026-07-18,폴바셋,롯데몰 수지점,53910,5.391
2026-07-19,폴바셋,롯데몰 수지점,8091,0.8091
2026-07-20,폴바셋,롯데몰 수지점,38637,3.8637
2026-07-21,폴바셋,롯데몰 수지점,54819,5.4819
2026-07-22,폴바셋,롯데몰 수지점,39546,3.9546
2026-07-23,폴바셋,롯데몰 수지점,37728,3.7728
2026-07-24,폴바셋,롯데몰 수지점,54819,5.4819
2026-07-25,폴바셋,롯데몰 수지점,16182,1.6182
2026-07-26,폴바셋,롯데몰 수지점,23364,2.3364
2026-07-27,폴바셋,롯데몰 수지점,53910,5.391
2026-07-28,폴바셋,롯데몰 수지점,0,0
2026-07-29,폴바셋,롯데몰 수지점,22455,2.2455
2026-07-30,폴바셋,롯데몰 수지점,18273,1.8273
2026-07-31,폴바셋,롯데몰 수지점,61819,6.1819
2026-07-01,폴바셋,구로 G타워점,0,0
2026-07-02,폴바셋,구로 G타워점,16182,1.6182
2026-07-03,폴바셋,구로 G타워점,46728,4.6728
2026-07-04,폴바셋,구로 G타워점,23364,2.3364
2026-07-05,폴바셋,구로 G타워점,15273,1.5273
2026-07-06,폴바셋,구로 G타워점,29637,2.9637
2026-07-07,폴바셋,구로 G타워점,30546,3.0546
2026-07-08,폴바셋,구로 G타워점,54819,5.4819
2026-07-09,폴바셋,구로 G타워점,55728,5.5728
2026-07-10,폴바셋,구로 G타워점,31455,3.1455
2026-07-11,폴바셋,구로 G타워점,39546,3.9546
2026-07-12,폴바셋,구로 G타워점,31455,3.1455
2026-07-13,폴바셋,구로 G타워점,47637,4.7637
2026-07-14,폴바셋,구로 G타워점,24273,2.4273
2026-07-15,폴바셋,구로 G타워점,16182,1.6182
2026-07-16,폴바셋,구로 G타워점,69183,6.9183
2026-07-17,폴바셋,구로 G타워점,15273,1.5273
2026-07-18,폴바셋,구로 G타워점,21546,2.1546
2026-07-19,폴바셋,구로 G타워점,8091,0.8091
2026-07-20,폴바셋,구로 G타워점,31455,3.1455
2026-07-21,폴바셋,구로 G타워점,15273,1.5273
2026-07-22,폴바셋,구로 G타워점,39546,3.9546
2026-07-23,폴바셋,구로 G타워점,39546,3.9546
2026-07-24,폴바셋,구로 G타워점,30546,3.0546
2026-07-25,폴바셋,구로 G타워점,16182,1.6182
2026-07-26,폴바셋,구로 G타워점,38637,3.8637
2026-07-27,폴바셋,구로 G타워점,47637,4.7637
2026-07-28,폴바셋,구로 G타워점,45546,4.5546
2026-07-29,폴바셋,구로 G타워점,62001,6.2001
2026-07-30,폴바셋,구로 G타워점,56819,5.6819
2026-07-31,폴바셋,구로 G타워점,35455,3.5455
2026-07-01,폴바셋,경산 옥곡 DT점,24273,2.4273
2026-07-02,폴바셋,경산 옥곡 DT점,32364,3.2364
2026-07-03,폴바셋,경산 옥곡 DT점,47637,4.7637
2026-07-04,폴바셋,경산 옥곡 DT점,38637,3.8637
2026-07-05,폴바셋,경산 옥곡 DT점,15273,1.5273
2026-07-06,폴바셋,경산 옥곡 DT점,15273,1.5273
2026-07-07,폴바셋,경산 옥곡 DT점,47637,4.7637
2026-07-08,폴바셋,경산 옥곡 DT점,16182,1.6182
2026-07-09,폴바셋,경산 옥곡 DT점,47637,4.7637
2026-07-10,폴바셋,경산 옥곡 DT점,47637,4.7637
2026-07-11,폴바셋,경산 옥곡 DT점,23364,2.3364
2026-07-12,폴바셋,경산 옥곡 DT점,8091,0.8091
2026-07-13,폴바셋,경산 옥곡 DT점,16182,1.6182
2026-07-14,폴바셋,경산 옥곡 DT점,62001,6.2001
2026-07-15,폴바셋,경산 옥곡 DT점,30546,3.0546
2026-07-16,폴바셋,경산 옥곡 DT점,54819,5.4819
2026-07-17,폴바셋,경산 옥곡 DT점,30546,3.0546
2026-07-18,폴바셋,경산 옥곡 DT점,39546,3.9546
2026-07-19,폴바셋,경산 옥곡 DT점,16182,1.6182
2026-07-20,폴바셋,경산 옥곡 DT점,15273,1.5273
2026-07-21,폴바셋,경산 옥곡 DT점,47637,4.7637
2026-07-22,폴바셋,경산 옥곡 DT점,32364,3.2364
2026-07-23,폴바셋,경산 옥곡 DT점,39546,3.9546
2026-07-24,폴바셋,경산 옥곡 DT점,60183,6.0183
2026-07-25,폴바셋,경산 옥곡 DT점,55728,5.5728
2026-07-26,폴바셋,경산 옥곡 DT점,23364,2.3364
2026-07-27,폴바셋,경산 옥곡 DT점,53910,5.391
2026-07-28,폴바셋,경산 옥곡 DT점,39546,3.9546
2026-07-29,폴바셋,경산 옥곡 DT점,24273,2.4273
2026-07-30,폴바셋,경산 옥곡 DT점,37728,3.7728
2026-07-31,폴바셋,경산 옥곡 DT점,69183,6.9183
2026-07-01,폴바셋,롯데백화점 광복점,54912,5.4912
2026-07-02,폴바셋,롯데백화점 광복점,24093,2.4093
2026-07-03,폴바셋,롯데백화점 광복점,24002,2.4002
2026-07-04,폴바셋,롯데백화점 광복점,21001,2.1001
2026-07-05,폴바셋,롯데백화점 광복점,32548,3.2548
2026-07-06,폴바셋,롯데백화점 광복점,42138,4.2138
2026-07-07,폴바셋,롯데백화점 광복점,32639,3.2639
2026-07-08,폴바셋,롯데백화점 광복점,31547,3.1547
2026-07-09,폴바셋,롯데백화점 광복점,22820,2.282
2026-07-10,폴바셋,롯데백화점 광복점,36093,3.6093
2026-07-11,폴바셋,롯데백화점 광복점,56820,5.682
2026-07-12,폴바셋,롯데백화점 광복점,39002,3.9002
2026-07-13,폴바셋,롯데백화점 광복점,0,0
2026-07-14,폴바셋,롯데백화점 광복점,22820,2.282
2026-07-15,폴바셋,롯데백화점 광복점,32457,3.2457
2026-07-16,폴바셋,롯데백화점 광복점,56366,5.6366
2026-07-17,폴바셋,롯데백화점 광복점,23911,2.3911
2026-07-18,폴바셋,롯데백화점 광복점,55548,5.5548
2026-07-19,폴바셋,롯데백화점 광복점,41637,4.1637
2026-07-20,폴바셋,롯데백화점 광복점,32548,3.2548
2026-07-21,폴바셋,롯데백화점 광복점,33547,3.3547
2026-07-22,폴바셋,롯데백화점 광복점,51639,5.1639
2026-07-23,폴바셋,롯데백화점 광복점,52638,5.2638
2026-07-24,폴바셋,롯데백화점 광복점,35820,3.582
2026-07-25,폴바셋,롯데백화점 광복점,26546,2.6546
2026-07-26,폴바셋,롯데백화점 광복점,62686,6.2686
2026-07-27,폴바셋,롯데백화점 광복점,60548,6.0548
2026-07-28,폴바셋,롯데백화점 광복점,21456,2.1456
2026-07-29,폴바셋,롯데백화점 광복점,26274,2.6274
2026-07-30,폴바셋,롯데백화점 광복점,20364,2.0364
2026-07-31,폴바셋,롯데백화점 광복점,69276,6.9276
2026-07-01,폴바셋,서소문점,53910,5.391
2026-07-02,폴바셋,서소문점,22455,2.2455
2026-07-03,폴바셋,서소문점,31455,3.1455
2026-07-04,폴바셋,서소문점,39546,3.9546
2026-07-05,폴바셋,서소문점,16182,1.6182
2026-07-06,폴바셋,서소문점,31455,3.1455
2026-07-07,폴바셋,서소문점,30546,3.0546
2026-07-08,폴바셋,서소문점,24273,2.4273
2026-07-09,폴바셋,서소문점,86274,8.6274
2026-07-10,폴바셋,서소문점,22455,2.2455
2026-07-11,폴바셋,서소문점,54819,5.4819
2026-07-12,폴바셋,서소문점,39546,3.9546
2026-07-13,폴바셋,서소문점,54819,5.4819
2026-07-14,폴바셋,서소문점,54819,5.4819
2026-07-15,폴바셋,서소문점,47637,4.7637
2026-07-16,폴바셋,서소문점,62910,6.291
2026-07-17,폴바셋,서소문점,16182,1.6182
2026-07-18,폴바셋,서소문점,8091,0.8091
2026-07-19,폴바셋,서소문점,31455,3.1455
2026-07-20,폴바셋,서소문점,46728,4.6728
2026-07-21,폴바셋,서소문점,16182,1.6182
2026-07-22,폴바셋,서소문점,62001,6.2001
2026-07-23,폴바셋,서소문점,39546,3.9546
2026-07-24,폴바셋,서소문점,39546,3.9546
2026-07-25,폴바셋,서소문점,15273,1.5273
2026-07-26,폴바셋,서소문점,32364,3.2364
2026-07-27,폴바셋,서소문점,16182,1.6182
2026-07-28,폴바셋,서소문점,0,0
2026-07-29,폴바셋,서소문점,85365,8.5365
2026-07-30,폴바셋,서소문점,27637,2.7637
2026-07-31,폴바셋,서소문점,52728,5.2728
2026-07-01,폴바셋,인스파이어점,14364,1.4364
2026-07-02,폴바셋,인스파이어점,16182,1.6182
2026-07-03,폴바셋,인스파이어점,16182,1.6182
2026-07-04,폴바셋,인스파이어점,118638,11.8638
2026-07-05,폴바셋,인스파이어점,32364,3.2364
2026-07-06,폴바셋,인스파이어점,24273,2.4273
2026-07-07,폴바셋,인스파이어점,37728,3.7728
2026-07-08,폴바셋,인스파이어점,7182,0.7182
2026-07-09,폴바셋,인스파이어점,15273,1.5273
2026-07-10,폴바셋,인스파이어점,23364,2.3364
2026-07-11,폴바셋,인스파이어점,71001,7.1001
2026-07-12,폴바셋,인스파이어점,79092,7.9092
2026-07-13,폴바셋,인스파이어점,23364,2.3364
2026-07-14,폴바셋,인스파이어점,46728,4.6728
2026-07-15,폴바셋,인스파이어점,37728,3.7728
2026-07-16,폴바셋,인스파이어점,40455,4.0455
2026-07-17,폴바셋,인스파이어점,62001,6.2001
2026-07-18,폴바셋,인스파이어점,139275,13.9275
2026-07-19,폴바셋,인스파이어점,32364,3.2364
2026-07-20,폴바셋,인스파이어점,0,0
2026-07-21,폴바셋,인스파이어점,-9000,-0.9
2026-07-22,폴바셋,인스파이어점,38637,3.8637
2026-07-23,폴바셋,인스파이어점,30546,3.0546
2026-07-24,폴바셋,인스파이어점,30546,3.0546
2026-07-25,폴바셋,인스파이어점,15273,1.5273
2026-07-26,폴바셋,인스파이어점,16182,1.6182
2026-07-27,폴바셋,인스파이어점,46728,4.6728
2026-07-28,폴바셋,인스파이어점,46728,4.6728
2026-07-29,폴바셋,인스파이어점,46728,4.6728
2026-07-30,폴바셋,인스파이어점,27546,2.7546
2026-07-31,폴바셋,인스파이어점,49728,4.9728
2026-07-01,폴바셋,롯데백화점 본점,50455,5.0455
2026-07-02,폴바셋,롯데백화점 본점,38637,3.8637
2026-07-03,폴바셋,롯데백화점 본점,24273,2.4273
2026-07-04,폴바셋,롯데백화점 본점,58546,5.8546
2026-07-05,폴바셋,롯데백화점 본점,39818,3.9818
2026-07-06,폴바셋,롯데백화점 본점,41091,4.1091
2026-07-07,폴바셋,롯데백화점 본점,43637,4.3637
2026-07-08,폴바셋,롯데백화점 본점,50455,5.0455
2026-07-09,폴바셋,롯데백화점 본점,57546,5.7546
2026-07-10,폴바셋,롯데백화점 본점,52909,5.2909
2026-07-11,폴바셋,롯데백화점 본점,63182,6.3182
2026-07-12,폴바셋,롯데백화점 본점,25818,2.5818
2026-07-13,폴바셋,롯데백화점 본점,0,0
2026-07-14,폴바셋,롯데백화점 본점,36455,3.6455
2026-07-15,폴바셋,롯데백화점 본점,38909,3.8909
2026-07-16,폴바셋,롯데백화점 본점,48273,4.8273
2026-07-17,폴바셋,롯데백화점 본점,36637,3.6637
2026-07-18,폴바셋,롯데백화점 본점,41091,4.1091
2026-07-19,폴바셋,롯데백화점 본점,25818,2.5818
2026-07-20,폴바셋,롯데백화점 본점,28364,2.8364
2026-07-21,폴바셋,롯데백화점 본점,41091,4.1091
2026-07-22,폴바셋,롯데백화점 본점,21182,2.1182
2026-07-23,폴바셋,롯데백화점 본점,29273,2.9273
2026-07-24,폴바셋,롯데백화점 본점,21182,2.1182
2026-07-25,폴바셋,롯데백화점 본점,29545,2.9545
2026-07-26,폴바셋,롯데백화점 본점,51364,5.1364
2026-07-27,폴바셋,롯데백화점 본점,19909,1.9909
2026-07-28,폴바셋,롯데백화점 본점,42000,4.2
2026-07-29,폴바셋,롯데백화점 본점,35546,3.5546
2026-07-30,폴바셋,롯데백화점 본점,57364,5.7364
2026-07-31,폴바셋,롯데백화점 본점,81819,8.1819
2026-07-01,폴바셋,오산대 DT점,47637,4.7637
2026-07-02,폴바셋,오산대 DT점,39546,3.9546
2026-07-03,폴바셋,오산대 DT점,24273,2.4273
2026-07-04,폴바셋,오산대 DT점,39546,3.9546
2026-07-05,폴바셋,오산대 DT점,55728,5.5728
2026-07-06,폴바셋,오산대 DT점,7182,0.7182
2026-07-07,폴바셋,오산대 DT점,8091,0.8091
2026-07-08,폴바셋,오산대 DT점,45819,4.5819
2026-07-09,폴바셋,오산대 DT점,23364,2.3364
2026-07-10,폴바셋,오산대 DT점,48546,4.8546
2026-07-11,폴바셋,오산대 DT점,39546,3.9546
2026-07-12,폴바셋,오산대 DT점,48546,4.8546
2026-07-13,폴바셋,오산대 DT점,24273,2.4273
2026-07-14,폴바셋,오산대 DT점,53910,5.391
2026-07-15,폴바셋,오산대 DT점,60483,6.0483
2026-07-16,폴바셋,오산대 DT점,24273,2.4273
2026-07-17,폴바셋,오산대 DT점,47637,4.7637
2026-07-18,폴바셋,오산대 DT점,44573,4.4573
2026-07-19,폴바셋,오산대 DT점,64728,6.4728
2026-07-20,폴바셋,오산대 DT점,53910,5.391
2026-07-21,폴바셋,오산대 DT점,14364,1.4364
2026-07-22,폴바셋,오산대 DT점,22455,2.2455
2026-07-23,폴바셋,오산대 DT점,62910,6.291
2026-07-24,폴바셋,오산대 DT점,69183,6.9183
2026-07-25,폴바셋,오산대 DT점,79092,7.9092
2026-07-26,폴바셋,오산대 DT점,48546,4.8546
2026-07-27,폴바셋,오산대 DT점,39546,3.9546
2026-07-28,폴바셋,오산대 DT점,22455,2.2455
2026-07-29,폴바셋,오산대 DT점,48546,4.8546
2026-07-30,폴바셋,오산대 DT점,26546,2.6546
2026-07-31,폴바셋,오산대 DT점,15273,1.5273
2026-07-01,폴바셋,교보문고 합정점,71001,7.1001
2026-07-02,폴바셋,교보문고 합정점,47637,4.7637
2026-07-03,폴바셋,교보문고 합정점,62910,6.291
2026-07-04,폴바셋,교보문고 합정점,31455,3.1455
2026-07-05,폴바셋,교보문고 합정점,32364,3.2364
2026-07-06,폴바셋,교보문고 합정점,30546,3.0546
2026-07-07,폴바셋,교보문고 합정점,62910,6.291
2026-07-08,폴바셋,교보문고 합정점,48546,4.8546
2026-07-09,폴바셋,교보문고 합정점,47637,4.7637
2026-07-10,폴바셋,교보문고 합정점,30546,3.0546
2026-07-11,폴바셋,교보문고 합정점,47637,4.7637
2026-07-12,폴바셋,교보문고 합정점,40455,4.0455
2026-07-13,폴바셋,교보문고 합정점,8091,0.8091
2026-07-14,폴바셋,교보문고 합정점,63819,6.3819
2026-07-15,폴바셋,교보문고 합정점,32364,3.2364
2026-07-16,폴바셋,교보문고 합정점,63819,6.3819
2026-07-17,폴바셋,교보문고 합정점,23364,2.3364
2026-07-18,폴바셋,교보문고 합정점,45482,4.5482
2026-07-19,폴바셋,교보문고 합정점,16182,1.6182
2026-07-20,폴바셋,교보문고 합정점,31455,3.1455
2026-07-21,폴바셋,교보문고 합정점,62910,6.291
2026-07-22,폴바셋,교보문고 합정점,46728,4.6728
2026-07-23,폴바셋,교보문고 합정점,24273,2.4273
2026-07-24,폴바셋,교보문고 합정점,48546,4.8546
2026-07-25,폴바셋,교보문고 합정점,16182,1.6182
2026-07-26,폴바셋,교보문고 합정점,32364,3.2364
2026-07-27,폴바셋,교보문고 합정점,40455,4.0455
2026-07-28,폴바셋,교보문고 합정점,39273,3.9273
2026-07-29,폴바셋,교보문고 합정점,40455,4.0455
2026-07-30,폴바셋,교보문고 합정점,52637,5.2637
2026-07-31,폴바셋,교보문고 합정점,62910,6.291
2026-07-01,폴바셋,NC타워 삼성점,55728,5.5728
2026-07-02,폴바셋,NC타워 삼성점,71001,7.1001
2026-07-03,폴바셋,NC타워 삼성점,38637,3.8637
2026-07-04,폴바셋,NC타워 삼성점,0,0
2026-07-05,폴바셋,NC타워 삼성점,0,0
2026-07-06,폴바셋,NC타워 삼성점,54819,5.4819
2026-07-07,폴바셋,NC타워 삼성점,55728,5.5728
2026-07-08,폴바셋,NC타워 삼성점,54819,5.4819
2026-07-09,폴바셋,NC타워 삼성점,71001,7.1001
2026-07-10,폴바셋,NC타워 삼성점,38637,3.8637
2026-07-11,폴바셋,NC타워 삼성점,0,0
2026-07-12,폴바셋,NC타워 삼성점,0,0
2026-07-13,폴바셋,NC타워 삼성점,40455,4.0455
2026-07-14,폴바셋,NC타워 삼성점,55728,5.5728
2026-07-15,폴바셋,NC타워 삼성점,62910,6.291
2026-07-16,폴바셋,NC타워 삼성점,62910,6.291
2026-07-17,폴바셋,NC타워 삼성점,0,0
2026-07-18,폴바셋,NC타워 삼성점,0,0
2026-07-19,폴바셋,NC타워 삼성점,0,0
2026-07-20,폴바셋,NC타워 삼성점,67937,6.7937
2026-07-21,폴바셋,NC타워 삼성점,62910,6.291
2026-07-22,폴바셋,NC타워 삼성점,70092,7.0092
2026-07-23,폴바셋,NC타워 삼성점,70092,7.0092
2026-07-24,폴바셋,NC타워 삼성점,54819,5.4819
2026-07-25,폴바셋,NC타워 삼성점,0,0
2026-07-26,폴바셋,NC타워 삼성점,0,0
2026-07-27,폴바셋,NC타워 삼성점,70092,7.0092
2026-07-28,폴바셋,NC타워 삼성점,54819,5.4819
2026-07-29,폴바셋,NC타워 삼성점,70092,7.0092
2026-07-30,폴바셋,NC타워 삼성점,67001,6.7001
2026-07-31,폴바셋,NC타워 삼성점,71183,7.1183
2026-07-01,폴바셋,AK플라자 홍대점,31455,3.1455
2026-07-02,폴바셋,AK플라자 홍대점,31455,3.1455
2026-07-03,폴바셋,AK플라자 홍대점,71001,7.1001
2026-07-04,폴바셋,AK플라자 홍대점,62001,6.2001
2026-07-05,폴바셋,AK플라자 홍대점,24273,2.4273
2026-07-06,폴바셋,AK플라자 홍대점,46728,4.6728
2026-07-07,폴바셋,AK플라자 홍대점,32364,3.2364
2026-07-08,폴바셋,AK플라자 홍대점,61092,6.1092
2026-07-09,폴바셋,AK플라자 홍대점,69183,6.9183
2026-07-10,폴바셋,AK플라자 홍대점,46728,4.6728
2026-07-11,폴바셋,AK플라자 홍대점,79092,7.9092
2026-07-12,폴바셋,AK플라자 홍대점,15273,1.5273
2026-07-13,폴바셋,AK플라자 홍대점,23364,2.3364
2026-07-14,폴바셋,AK플라자 홍대점,78183,7.8183
2026-07-15,폴바셋,AK플라자 홍대점,30546,3.0546
2026-07-16,폴바셋,AK플라자 홍대점,24273,2.4273
2026-07-17,폴바셋,AK플라자 홍대점,31455,3.1455
2026-07-18,폴바셋,AK플라자 홍대점,31455,3.1455
2026-07-19,폴바셋,AK플라자 홍대점,0,0
2026-07-20,폴바셋,AK플라자 홍대점,53910,5.391
2026-07-21,폴바셋,AK플라자 홍대점,46728,4.6728
2026-07-22,폴바셋,AK플라자 홍대점,37728,3.7728
2026-07-23,폴바셋,AK플라자 홍대점,46728,4.6728
2026-07-24,폴바셋,AK플라자 홍대점,36819,3.6819
2026-07-25,폴바셋,AK플라자 홍대점,8091,0.8091
2026-07-26,폴바셋,AK플라자 홍대점,55728,5.5728
2026-07-27,폴바셋,AK플라자 홍대점,62001,6.2001
2026-07-28,폴바셋,AK플라자 홍대점,62910,6.291
2026-07-29,폴바셋,AK플라자 홍대점,37728,3.7728
2026-07-30,폴바셋,AK플라자 홍대점,47001,4.7001
2026-07-31,폴바셋,AK플라자 홍대점,69183,6.9183
2026-07-01,폴바셋,부산 전포 DT점,38637,3.8637
2026-07-02,폴바셋,부산 전포 DT점,46728,4.6728
2026-07-03,폴바셋,부산 전포 DT점,39546,3.9546
2026-07-04,폴바셋,부산 전포 DT점,97911,9.7911
2026-07-05,폴바셋,부산 전포 DT점,47637,4.7637
2026-07-06,폴바셋,부산 전포 DT점,15273,1.5273
2026-07-07,폴바셋,부산 전포 DT점,22455,2.2455
2026-07-08,폴바셋,부산 전포 DT점,71001,7.1001
2026-07-09,폴바셋,부산 전포 DT점,45819,4.5819
2026-07-10,폴바셋,부산 전포 DT점,39546,3.9546
2026-07-11,폴바셋,부산 전포 DT점,68274,6.8274
2026-07-12,폴바셋,부산 전포 DT점,59846,5.9846
2026-07-13,폴바셋,부산 전포 DT점,15273,1.5273
2026-07-14,폴바셋,부산 전포 DT점,47637,4.7637
2026-07-15,폴바셋,부산 전포 DT점,45819,4.5819
2026-07-16,폴바셋,부산 전포 DT점,32364,3.2364
2026-07-17,폴바셋,부산 전포 DT점,35910,3.591
2026-07-18,폴바셋,부산 전포 DT점,23364,2.3364
2026-07-19,폴바셋,부산 전포 DT점,31455,3.1455
2026-07-20,폴바셋,부산 전포 DT점,45819,4.5819
2026-07-21,폴바셋,부산 전포 DT점,30546,3.0546
2026-07-22,폴바셋,부산 전포 DT점,52664,5.2664
2026-07-23,폴바셋,부산 전포 DT점,23364,2.3364
2026-07-24,폴바셋,부산 전포 DT점,44001,4.4001
2026-07-25,폴바셋,부산 전포 DT점,40455,4.0455
2026-07-26,폴바셋,부산 전포 DT점,54819,5.4819
2026-07-27,폴바셋,부산 전포 DT점,53910,5.391
2026-07-28,폴바셋,부산 전포 DT점,38637,3.8637
2026-07-29,폴바셋,부산 전포 DT점,38637,3.8637
2026-07-30,폴바셋,부산 전포 DT점,64092,6.4092
2026-07-31,폴바셋,부산 전포 DT점,48637,4.8637
2026-07-01,폴바셋,송도 트리플스트리트점,47637,4.7637
2026-07-02,폴바셋,송도 트리플스트리트점,31455,3.1455
2026-07-03,폴바셋,송도 트리플스트리트점,24273,2.4273
2026-07-04,폴바셋,송도 트리플스트리트점,16182,1.6182
2026-07-05,폴바셋,송도 트리플스트리트점,8091,0.8091
2026-07-06,폴바셋,송도 트리플스트리트점,38637,3.8637
2026-07-07,폴바셋,송도 트리플스트리트점,7182,0.7182
2026-07-08,폴바셋,송도 트리플스트리트점,23364,2.3364
2026-07-09,폴바셋,송도 트리플스트리트점,15273,1.5273
2026-07-10,폴바셋,송도 트리플스트리트점,47637,4.7637
2026-07-11,폴바셋,송도 트리플스트리트점,39546,3.9546
2026-07-12,폴바셋,송도 트리플스트리트점,32364,3.2364
2026-07-13,폴바셋,송도 트리플스트리트점,46728,4.6728
2026-07-14,폴바셋,송도 트리플스트리트점,31455,3.1455
2026-07-15,폴바셋,송도 트리플스트리트점,54819,5.4819
2026-07-16,폴바셋,송도 트리플스트리트점,5664,0.5664
2026-07-17,폴바셋,송도 트리플스트리트점,70092,7.0092
2026-07-18,폴바셋,송도 트리플스트리트점,38637,3.8637
2026-07-19,폴바셋,송도 트리플스트리트점,0,0
2026-07-20,폴바셋,송도 트리플스트리트점,14364,1.4364
2026-07-21,폴바셋,송도 트리플스트리트점,23364,2.3364
2026-07-22,폴바셋,송도 트리플스트리트점,39546,3.9546
2026-07-23,폴바셋,송도 트리플스트리트점,24273,2.4273
2026-07-24,폴바셋,송도 트리플스트리트점,38637,3.8637
2026-07-25,폴바셋,송도 트리플스트리트점,31455,3.1455
2026-07-26,폴바셋,송도 트리플스트리트점,55728,5.5728
2026-07-27,폴바셋,송도 트리플스트리트점,23364,2.3364
2026-07-28,폴바셋,송도 트리플스트리트점,24273,2.4273
2026-07-29,폴바셋,송도 트리플스트리트점,151670,15.167
2026-07-30,폴바셋,송도 트리플스트리트점,172915,17.2915
2026-07-31,폴바셋,송도 트리플스트리트점,186461,18.6461
2026-07-01,폴바셋,부산 괴정 DT점,53910,5.391
2026-07-02,폴바셋,부산 괴정 DT점,15273,1.5273
2026-07-03,폴바셋,부산 괴정 DT점,70092,7.0092
2026-07-04,폴바셋,부산 괴정 DT점,46728,4.6728
2026-07-05,폴바셋,부산 괴정 DT점,55728,5.5728
2026-07-06,폴바셋,부산 괴정 DT점,39546,3.9546
2026-07-07,폴바셋,부산 괴정 DT점,47637,4.7637
2026-07-08,폴바셋,부산 괴정 DT점,46728,4.6728
2026-07-09,폴바셋,부산 괴정 DT점,20300,2.03
2026-07-10,폴바셋,부산 괴정 DT점,30546,3.0546
2026-07-11,폴바셋,부산 괴정 DT점,62910,6.291
2026-07-12,폴바셋,부산 괴정 DT점,32364,3.2364
2026-07-13,폴바셋,부산 괴정 DT점,31455,3.1455
2026-07-14,폴바셋,부산 괴정 DT점,7182,0.7182
2026-07-15,폴바셋,부산 괴정 DT점,62910,6.291
2026-07-16,폴바셋,부산 괴정 DT점,63819,6.3819
2026-07-17,폴바셋,부산 괴정 DT점,54819,5.4819
2026-07-18,폴바셋,부산 괴정 DT점,22455,2.2455
2026-07-19,폴바셋,부산 괴정 DT점,24273,2.4273
2026-07-20,폴바셋,부산 괴정 DT점,24273,2.4273
2026-07-21,폴바셋,부산 괴정 DT점,53910,5.391
2026-07-22,폴바셋,부산 괴정 DT점,54110,5.411
2026-07-23,폴바셋,부산 괴정 DT점,55728,5.5728
2026-07-24,폴바셋,부산 괴정 DT점,38637,3.8637
2026-07-25,폴바셋,부산 괴정 DT점,67665,6.7665
2026-07-26,폴바셋,부산 괴정 DT점,16182,1.6182
2026-07-27,폴바셋,부산 괴정 DT점,32364,3.2364
2026-07-28,폴바셋,부산 괴정 DT점,61092,6.1092
2026-07-29,폴바셋,부산 괴정 DT점,39546,3.9546
2026-07-30,폴바셋,부산 괴정 DT점,80274,8.0274
2026-07-31,폴바셋,부산 괴정 DT점,61819,6.1819
2026-07-01,폴바셋,양산 웅상 DT점,55728,5.5728
2026-07-02,폴바셋,양산 웅상 DT점,55728,5.5728
2026-07-03,폴바셋,양산 웅상 DT점,31455,3.1455
2026-07-04,폴바셋,양산 웅상 DT점,31455,3.1455
2026-07-05,폴바셋,양산 웅상 DT점,15273,1.5273
2026-07-06,폴바셋,양산 웅상 DT점,39546,3.9546
2026-07-07,폴바셋,양산 웅상 DT점,55728,5.5728
2026-07-08,폴바셋,양산 웅상 DT점,48546,4.8546
2026-07-09,폴바셋,양산 웅상 DT점,47637,4.7637
2026-07-10,폴바셋,양산 웅상 DT점,48546,4.8546
2026-07-11,폴바셋,양산 웅상 DT점,38637,3.8637
2026-07-12,폴바셋,양산 웅상 DT점,48546,4.8546
2026-07-13,폴바셋,양산 웅상 DT점,8091,0.8091
2026-07-14,폴바셋,양산 웅상 DT점,38637,3.8637
2026-07-15,폴바셋,양산 웅상 DT점,95274,9.5274
2026-07-16,폴바셋,양산 웅상 DT점,62910,6.291
2026-07-17,폴바셋,양산 웅상 DT점,45210,4.521
2026-07-18,폴바셋,양산 웅상 DT점,47637,4.7637
2026-07-19,폴바셋,양산 웅상 DT점,16182,1.6182
2026-07-20,폴바셋,양산 웅상 DT점,80001,8.0001
2026-07-21,폴바셋,양산 웅상 DT점,23364,2.3364
2026-07-22,폴바셋,양산 웅상 DT점,24273,2.4273
2026-07-23,폴바셋,양산 웅상 DT점,47637,4.7637
2026-07-24,폴바셋,양산 웅상 DT점,40455,4.0455
2026-07-25,폴바셋,양산 웅상 DT점,62910,6.291
2026-07-26,폴바셋,양산 웅상 DT점,23364,2.3364
2026-07-27,폴바셋,양산 웅상 DT점,46728,4.6728
2026-07-28,폴바셋,양산 웅상 DT점,48546,4.8546
2026-07-29,폴바셋,양산 웅상 DT점,38637,3.8637
2026-07-30,폴바셋,양산 웅상 DT점,63092,6.3092
2026-07-31,폴바셋,양산 웅상 DT점,47728,4.7728
2026-07-01,폴바셋,파미에스테이션점,38637,3.8637
2026-07-02,폴바셋,파미에스테이션점,21546,2.1546
2026-07-03,폴바셋,파미에스테이션점,95274,9.5274
2026-07-04,폴바셋,파미에스테이션점,86274,8.6274
2026-07-05,폴바셋,파미에스테이션점,38637,3.8637
2026-07-06,폴바셋,파미에스테이션점,48546,4.8546
2026-07-07,폴바셋,파미에스테이션점,22455,2.2455
2026-07-08,폴바셋,파미에스테이션점,55728,5.5728
2026-07-09,폴바셋,파미에스테이션점,24273,2.4273
2026-07-10,폴바셋,파미에스테이션점,69183,6.9183
2026-07-11,폴바셋,파미에스테이션점,68274,6.8274
2026-07-12,폴바셋,파미에스테이션점,16182,1.6182
2026-07-13,폴바셋,파미에스테이션점,54819,5.4819
2026-07-14,폴바셋,파미에스테이션점,46728,4.6728
2026-07-15,폴바셋,파미에스테이션점,55728,5.5728
2026-07-16,폴바셋,파미에스테이션점,30546,3.0546
2026-07-17,폴바셋,파미에스테이션점,38637,3.8637
2026-07-18,폴바셋,파미에스테이션점,45819,4.5819
2026-07-19,폴바셋,파미에스테이션점,16182,1.6182
2026-07-20,폴바셋,파미에스테이션점,32364,3.2364
2026-07-21,폴바셋,파미에스테이션점,55728,5.5728
2026-07-22,폴바셋,파미에스테이션점,55728,5.5728
2026-07-23,폴바셋,파미에스테이션점,31455,3.1455
2026-07-24,폴바셋,파미에스테이션점,54819,5.4819
2026-07-25,폴바셋,파미에스테이션점,45819,4.5819
2026-07-26,폴바셋,파미에스테이션점,48546,4.8546
2026-07-27,폴바셋,파미에스테이션점,39546,3.9546
2026-07-28,폴바셋,파미에스테이션점,39546,3.9546
2026-07-29,폴바셋,파미에스테이션점,39546,3.9546
2026-07-30,폴바셋,파미에스테이션점,67092,6.7092
2026-07-31,폴바셋,파미에스테이션점,35501,3.5501
2026-07-01,폴바셋,롯데아울렛 이시아폴리스점,0,0
2026-07-02,폴바셋,롯데아울렛 이시아폴리스점,0,0
2026-07-03,폴바셋,롯데아울렛 이시아폴리스점,0,0
2026-07-04,폴바셋,롯데아울렛 이시아폴리스점,0,0
2026-07-05,폴바셋,롯데아울렛 이시아폴리스점,0,0
2026-07-06,폴바셋,롯데아울렛 이시아폴리스점,0,0
2026-07-07,폴바셋,롯데아울렛 이시아폴리스점,0,0
2026-07-08,폴바셋,롯데아울렛 이시아폴리스점,0,0
2026-07-09,폴바셋,롯데아울렛 이시아폴리스점,0,0
2026-07-10,폴바셋,롯데아울렛 이시아폴리스점,123279,12.3279
2026-07-11,폴바셋,롯데아울렛 이시아폴리스점,95549,9.5549
2026-07-12,폴바셋,롯데아울렛 이시아폴리스점,73093,7.3093
2026-07-13,폴바셋,롯데아울렛 이시아폴리스점,64967,6.4967
2026-07-14,폴바셋,롯데아울렛 이시아폴리스점,8546,0.8546
2026-07-15,폴바셋,롯데아울렛 이시아폴리스점,75174,7.5174
2026-07-16,폴바셋,롯데아울렛 이시아폴리스점,55503,5.5503
2026-07-17,폴바셋,롯데아울렛 이시아폴리스점,35729,3.5729
2026-07-18,폴바셋,롯데아울렛 이시아폴리스점,57548,5.7548
2026-07-19,폴바셋,롯데아울렛 이시아폴리스점,93807,9.3807
2026-07-20,폴바셋,롯데아울렛 이시아폴리스점,61094,6.1094
2026-07-21,폴바셋,롯데아울렛 이시아폴리스점,69095,6.9095
2026-07-22,폴바셋,롯데아울렛 이시아폴리스점,20547,2.0547
2026-07-23,폴바셋,롯데아울렛 이시아폴리스점,115186,11.5186
2026-07-24,폴바셋,롯데아울렛 이시아폴리스점,70822,7.0822
2026-07-25,폴바셋,롯데아울렛 이시아폴리스점,60548,6.0548
2026-07-26,폴바셋,롯데아울렛 이시아폴리스점,64821,6.4821
2026-07-27,폴바셋,롯데아울렛 이시아폴리스점,36457,3.6457
2026-07-28,폴바셋,롯데아울렛 이시아폴리스점,47093,4.7093
2026-07-29,폴바셋,롯데아울렛 이시아폴리스점,49184,4.9184
2026-07-30,폴바셋,롯데아울렛 이시아폴리스점,83911,8.3911
2026-07-31,폴바셋,롯데아울렛 이시아폴리스점,70184,7.0184
2026-07-01,폴바셋,경주 교동 DT점,46728,4.6728
2026-07-02,폴바셋,경주 교동 DT점,62001,6.2001
2026-07-03,폴바셋,경주 교동 DT점,53910,5.391
2026-07-04,폴바셋,경주 교동 DT점,47637,4.7637
2026-07-05,폴바셋,경주 교동 DT점,64728,6.4728
2026-07-06,폴바셋,경주 교동 DT점,46728,4.6728
2026-07-07,폴바셋,경주 교동 DT점,62910,6.291
2026-07-08,폴바셋,경주 교동 DT점,23364,2.3364
2026-07-09,폴바셋,경주 교동 DT점,23364,2.3364
2026-07-10,폴바셋,경주 교동 DT점,47637,4.7637
2026-07-11,폴바셋,경주 교동 DT점,15273,1.5273
2026-07-12,폴바셋,경주 교동 DT점,64728,6.4728
2026-07-13,폴바셋,경주 교동 DT점,47637,4.7637
2026-07-14,폴바셋,경주 교동 DT점,54819,5.4819
2026-07-15,폴바셋,경주 교동 DT점,8091,0.8091
2026-07-16,폴바셋,경주 교동 DT점,39546,3.9546
2026-07-17,폴바셋,경주 교동 DT점,39546,3.9546
2026-07-18,폴바셋,경주 교동 DT점,88092,8.8092
2026-07-19,폴바셋,경주 교동 DT점,55728,5.5728
2026-07-20,폴바셋,경주 교동 DT점,30546,3.0546
2026-07-21,폴바셋,경주 교동 DT점,38637,3.8637
2026-07-22,폴바셋,경주 교동 DT점,56637,5.6637
2026-07-23,폴바셋,경주 교동 DT점,71001,7.1001
2026-07-24,폴바셋,경주 교동 DT점,15273,1.5273
2026-07-25,폴바셋,경주 교동 DT점,46728,4.6728
2026-07-26,폴바셋,경주 교동 DT점,78183,7.8183
2026-07-27,폴바셋,경주 교동 DT점,31455,3.1455
2026-07-28,폴바셋,경주 교동 DT점,38637,3.8637
2026-07-29,폴바셋,경주 교동 DT점,71001,7.1001
2026-07-30,폴바셋,경주 교동 DT점,61910,6.191
2026-07-31,폴바셋,경주 교동 DT점,36728,3.6728
2026-07-01,폴바셋,김포 구래 DT점,68274,6.8274
2026-07-02,폴바셋,김포 구래 DT점,40455,4.0455
2026-07-03,폴바셋,김포 구래 DT점,55728,5.5728
2026-07-04,폴바셋,김포 구래 DT점,62910,6.291
2026-07-05,폴바셋,김포 구래 DT점,39546,3.9546
2026-07-06,폴바셋,김포 구래 DT점,39546,3.9546
2026-07-07,폴바셋,김포 구래 DT점,69183,6.9183
2026-07-08,폴바셋,김포 구래 DT점,47637,4.7637
2026-07-09,폴바셋,김포 구래 DT점,40455,4.0455
2026-07-10,폴바셋,김포 구래 DT점,47637,4.7637
2026-07-11,폴바셋,김포 구래 DT점,44001,4.4001
2026-07-12,폴바셋,김포 구래 DT점,36482,3.6482
2026-07-13,폴바셋,김포 구래 DT점,39546,3.9546
2026-07-14,폴바셋,김포 구래 DT점,39546,3.9546
2026-07-15,폴바셋,김포 구래 DT점,8091,0.8091
2026-07-16,폴바셋,김포 구래 DT점,47637,4.7637
2026-07-17,폴바셋,김포 구래 DT점,41846,4.1846
2026-07-18,폴바셋,김포 구래 DT점,0,0
2026-07-19,폴바셋,김포 구래 DT점,71001,7.1001
2026-07-20,폴바셋,김포 구래 DT점,38637,3.8637
2026-07-21,폴바셋,김포 구래 DT점,24273,2.4273
2026-07-22,폴바셋,김포 구래 DT점,53001,5.3001
2026-07-23,폴바셋,김포 구래 DT점,40455,4.0455
2026-07-24,폴바셋,김포 구래 DT점,51755,5.1755
2026-07-25,폴바셋,김포 구래 DT점,86274,8.6274
2026-07-26,폴바셋,김포 구래 DT점,55728,5.5728
2026-07-27,폴바셋,김포 구래 DT점,38637,3.8637
2026-07-28,폴바셋,김포 구래 DT점,38637,3.8637
2026-07-29,폴바셋,김포 구래 DT점,62001,6.2001
2026-07-30,폴바셋,김포 구래 DT점,79365,7.9365
2026-07-31,폴바셋,김포 구래 DT점,69092,6.9092
2026-07-01,폴바셋,대구 방촌 DT점,39546,3.9546
2026-07-02,폴바셋,대구 방촌 DT점,30546,3.0546
2026-07-03,폴바셋,대구 방촌 DT점,73938,7.3938
2026-07-04,폴바셋,대구 방촌 DT점,39546,3.9546
2026-07-05,폴바셋,대구 방촌 DT점,39546,3.9546
2026-07-06,폴바셋,대구 방촌 DT점,47637,4.7637
2026-07-07,폴바셋,대구 방촌 DT점,31455,3.1455
2026-07-08,폴바셋,대구 방촌 DT점,54819,5.4819
2026-07-09,폴바셋,대구 방촌 DT점,39546,3.9546
2026-07-10,폴바셋,대구 방촌 DT점,37728,3.7728
2026-07-11,폴바셋,대구 방촌 DT점,30546,3.0546
2026-07-12,폴바셋,대구 방촌 DT점,71910,7.191
2026-07-13,폴바셋,대구 방촌 DT점,61092,6.1092
2026-07-14,폴바셋,대구 방촌 DT점,53910,5.391
2026-07-15,폴바셋,대구 방촌 DT점,78183,7.8183
2026-07-16,폴바셋,대구 방촌 DT점,53910,5.391
2026-07-17,폴바셋,대구 방촌 DT점,53910,5.391
2026-07-18,폴바셋,대구 방촌 DT점,53910,5.391
2026-07-19,폴바셋,대구 방촌 DT점,16182,1.6182
2026-07-20,폴바셋,대구 방촌 DT점,62910,6.291
2026-07-21,폴바셋,대구 방촌 DT점,53910,5.391
2026-07-22,폴바셋,대구 방촌 DT점,46728,4.6728
2026-07-23,폴바셋,대구 방촌 DT점,16182,1.6182
2026-07-24,폴바셋,대구 방촌 DT점,47637,4.7637
2026-07-25,폴바셋,대구 방촌 DT점,63819,6.3819
2026-07-26,폴바셋,대구 방촌 DT점,71910,7.191
2026-07-27,폴바셋,대구 방촌 DT점,22455,2.2455
2026-07-28,폴바셋,대구 방촌 DT점,31455,3.1455
2026-07-29,폴바셋,대구 방촌 DT점,62001,6.2001
2026-07-30,폴바셋,대구 방촌 DT점,75183,7.5183
2026-07-31,폴바셋,대구 방촌 DT점,35546,3.5546
2026-07-01,폴바셋,광화문 흥국생명점,70092,7.0092
2026-07-02,폴바셋,광화문 흥국생명점,69183,6.9183
2026-07-03,폴바셋,광화문 흥국생명점,54819,5.4819
2026-07-04,폴바셋,광화문 흥국생명점,0,0
2026-07-05,폴바셋,광화문 흥국생명점,0,0
2026-07-06,폴바셋,광화문 흥국생명점,55728,5.5728
2026-07-07,폴바셋,광화문 흥국생명점,70092,7.0092
2026-07-08,폴바셋,광화문 흥국생명점,70092,7.0092
2026-07-09,폴바셋,광화문 흥국생명점,70092,7.0092
2026-07-10,폴바셋,광화문 흥국생명점,79092,7.9092
2026-07-11,폴바셋,광화문 흥국생명점,0,0
2026-07-12,폴바셋,광화문 흥국생명점,0,0
2026-07-13,폴바셋,광화문 흥국생명점,69183,6.9183
2026-07-14,폴바셋,광화문 흥국생명점,31455,3.1455
2026-07-15,폴바셋,광화문 흥국생명점,68274,6.8274
2026-07-16,폴바셋,광화문 흥국생명점,62001,6.2001
2026-07-17,폴바셋,광화문 흥국생명점,0,0
2026-07-18,폴바셋,광화문 흥국생명점,0,0
2026-07-19,폴바셋,광화문 흥국생명점,0,0
2026-07-20,폴바셋,광화문 흥국생명점,78183,7.8183
2026-07-21,폴바셋,광화문 흥국생명점,78183,7.8183
2026-07-22,폴바셋,광화문 흥국생명점,85365,8.5365
2026-07-23,폴바셋,광화문 흥국생명점,63819,6.3819
2026-07-24,폴바셋,광화문 흥국생명점,47637,4.7637
2026-07-25,폴바셋,광화문 흥국생명점,0,0
2026-07-26,폴바셋,광화문 흥국생명점,0,0
2026-07-27,폴바셋,광화문 흥국생명점,71001,7.1001
2026-07-28,폴바셋,광화문 흥국생명점,38637,3.8637
2026-07-29,폴바셋,광화문 흥국생명점,101547,10.1547
2026-07-30,폴바셋,광화문 흥국생명점,104366,10.4366
2026-07-31,폴바셋,광화문 흥국생명점,69556,6.9556
2026-07-01,폴바셋,북수원IC DT점,38637,3.8637
2026-07-02,폴바셋,북수원IC DT점,53910,5.391
2026-07-03,폴바셋,북수원IC DT점,70092,7.0092
2026-07-04,폴바셋,북수원IC DT점,24273,2.4273
2026-07-05,폴바셋,북수원IC DT점,47637,4.7637
2026-07-06,폴바셋,북수원IC DT점,62001,6.2001
2026-07-07,폴바셋,북수원IC DT점,62001,6.2001
2026-07-08,폴바셋,북수원IC DT점,31455,3.1455
2026-07-09,폴바셋,북수원IC DT점,70092,7.0092
2026-07-10,폴바셋,북수원IC DT점,47637,4.7637
2026-07-11,폴바셋,북수원IC DT점,69183,6.9183
2026-07-12,폴바셋,북수원IC DT점,40455,4.0455
2026-07-13,폴바셋,북수원IC DT점,46728,4.6728
2026-07-14,폴바셋,북수원IC DT점,38637,3.8637
2026-07-15,폴바셋,북수원IC DT점,45819,4.5819
2026-07-16,폴바셋,북수원IC DT점,54819,5.4819
2026-07-17,폴바셋,북수원IC DT점,39546,3.9546
2026-07-18,폴바셋,북수원IC DT점,79092,7.9092
2026-07-19,폴바셋,북수원IC DT점,54819,5.4819
2026-07-20,폴바셋,북수원IC DT점,55728,5.5728
2026-07-21,폴바셋,북수원IC DT점,70092,7.0092
2026-07-22,폴바셋,북수원IC DT점,8091,0.8091
2026-07-23,폴바셋,북수원IC DT점,45819,4.5819
2026-07-24,폴바셋,북수원IC DT점,45819,4.5819
2026-07-25,폴바셋,북수원IC DT점,38637,3.8637
2026-07-26,폴바셋,북수원IC DT점,22455,2.2455
2026-07-27,폴바셋,북수원IC DT점,46728,4.6728
2026-07-28,폴바셋,북수원IC DT점,47637,4.7637
2026-07-29,폴바셋,북수원IC DT점,70092,7.0092
2026-07-30,폴바셋,북수원IC DT점,60956,6.0956
2026-07-31,폴바셋,북수원IC DT점,76092,7.6092
2026-07-01,폴바셋,제주 아라 DT점,46728,4.6728
2026-07-02,폴바셋,제주 아라 DT점,80910,8.091
2026-07-03,폴바셋,제주 아라 DT점,79092,7.9092
2026-07-04,폴바셋,제주 아라 DT점,72819,7.2819
2026-07-05,폴바셋,제주 아라 DT점,32364,3.2364
2026-07-06,폴바셋,제주 아라 DT점,32364,3.2364
2026-07-07,폴바셋,제주 아라 DT점,72819,7.2819
2026-07-08,폴바셋,제주 아라 DT점,77274,7.7274
2026-07-09,폴바셋,제주 아라 DT점,56637,5.6637
2026-07-10,폴바셋,제주 아라 DT점,24273,2.4273
2026-07-11,폴바셋,제주 아라 DT점,24273,2.4273
2026-07-12,폴바셋,제주 아라 DT점,32364,3.2364
2026-07-13,폴바셋,제주 아라 DT점,40455,4.0455
2026-07-14,폴바셋,제주 아라 DT점,72819,7.2819
2026-07-15,폴바셋,제주 아라 DT점,40455,4.0455
2026-07-16,폴바셋,제주 아라 DT점,24273,2.4273
2026-07-17,폴바셋,제주 아라 DT점,32364,3.2364
2026-07-18,폴바셋,제주 아라 DT점,61092,6.1092
2026-07-19,폴바셋,제주 아라 DT점,32364,3.2364
2026-07-20,폴바셋,제주 아라 DT점,31455,3.1455
2026-07-21,폴바셋,제주 아라 DT점,63819,6.3819
2026-07-22,폴바셋,제주 아라 DT점,24273,2.4273
2026-07-23,폴바셋,제주 아라 DT점,94365,9.4365
2026-07-24,폴바셋,제주 아라 DT점,40455,4.0455
2026-07-25,폴바셋,제주 아라 DT점,71001,7.1001
2026-07-26,폴바셋,제주 아라 DT점,32364,3.2364
2026-07-27,폴바셋,제주 아라 DT점,46728,4.6728
2026-07-28,폴바셋,제주 아라 DT점,88092,8.8092
2026-07-29,폴바셋,제주 아라 DT점,79092,7.9092
2026-07-30,폴바셋,제주 아라 DT점,29455,2.9455
2026-07-31,폴바셋,제주 아라 DT점,55092,5.5092
2026-07-01,폴바셋,경산 임당역 DT점,71001,7.1001
2026-07-02,폴바셋,경산 임당역 DT점,54819,5.4819
2026-07-03,폴바셋,경산 임당역 DT점,35910,3.591
2026-07-04,폴바셋,경산 임당역 DT점,87183,8.7183
2026-07-05,폴바셋,경산 임당역 DT점,16182,1.6182
2026-07-06,폴바셋,경산 임당역 DT점,23364,2.3364
2026-07-07,폴바셋,경산 임당역 DT점,55728,5.5728
2026-07-08,폴바셋,경산 임당역 DT점,70092,7.0092
2026-07-09,폴바셋,경산 임당역 DT점,62001,6.2001
2026-07-10,폴바셋,경산 임당역 DT점,24273,2.4273
2026-07-11,폴바셋,경산 임당역 DT점,78183,7.8183
2026-07-12,폴바셋,경산 임당역 DT점,32364,3.2364
2026-07-13,폴바셋,경산 임당역 DT점,40455,4.0455
2026-07-14,폴바셋,경산 임당역 DT점,71910,7.191
2026-07-15,폴바셋,경산 임당역 DT점,53910,5.391
2026-07-16,폴바셋,경산 임당역 DT점,104274,10.4274
2026-07-17,폴바셋,경산 임당역 DT점,70092,7.0092
2026-07-18,폴바셋,경산 임당역 DT점,59574,5.9574
2026-07-19,폴바셋,경산 임당역 DT점,31455,3.1455
2026-07-20,폴바셋,경산 임당역 DT점,49964,4.9964
2026-07-21,폴바셋,경산 임당역 DT점,47637,4.7637
2026-07-22,폴바셋,경산 임당역 DT점,70092,7.0092
2026-07-23,폴바셋,경산 임당역 DT점,23364,2.3364
2026-07-24,폴바셋,경산 임당역 DT점,39546,3.9546
2026-07-25,폴바셋,경산 임당역 DT점,61092,6.1092
2026-07-26,폴바셋,경산 임당역 DT점,39546,3.9546
2026-07-27,폴바셋,경산 임당역 DT점,40455,4.0455
2026-07-28,폴바셋,경산 임당역 DT점,54546,5.4546
2026-07-29,폴바셋,경산 임당역 DT점,71001,7.1001
2026-07-30,폴바셋,경산 임당역 DT점,71001,7.1001
2026-07-31,폴바셋,경산 임당역 DT점,44637,4.4637
2026-07-01,폴바셋,대구 감삼 DT점,30546,3.0546
2026-07-02,폴바셋,대구 감삼 DT점,60183,6.0183
2026-07-03,폴바셋,대구 감삼 DT점,37728,3.7728
2026-07-04,폴바셋,대구 감삼 DT점,79092,7.9092
2026-07-05,폴바셋,대구 감삼 DT점,32364,3.2364
2026-07-06,폴바셋,대구 감삼 DT점,32364,3.2364
2026-07-07,폴바셋,대구 감삼 DT점,77274,7.7274
2026-07-08,폴바셋,대구 감삼 DT점,322728,32.2728
2026-07-09,폴바셋,대구 감삼 DT점,30546,3.0546
2026-07-10,폴바셋,대구 감삼 DT점,53910,5.391
2026-07-11,폴바셋,대구 감삼 DT점,63819,6.3819
2026-07-12,폴바셋,대구 감삼 DT점,32364,3.2364
2026-07-13,폴바셋,대구 감삼 DT점,46728,4.6728
2026-07-14,폴바셋,대구 감삼 DT점,70092,7.0092
2026-07-15,폴바셋,대구 감삼 DT점,22455,2.2455
2026-07-16,폴바셋,대구 감삼 DT점,7182,0.7182
2026-07-17,폴바셋,대구 감삼 DT점,67365,6.7365
2026-07-18,폴바셋,대구 감삼 DT점,53001,5.3001
2026-07-19,폴바셋,대구 감삼 DT점,56637,5.6637
2026-07-20,폴바셋,대구 감삼 DT점,8091,0.8091
2026-07-21,폴바셋,대구 감삼 DT점,39546,3.9546
2026-07-22,폴바셋,대구 감삼 DT점,63819,6.3819
2026-07-23,폴바셋,대구 감삼 DT점,37728,3.7728
2026-07-24,폴바셋,대구 감삼 DT점,46728,4.6728
2026-07-25,폴바셋,대구 감삼 DT점,84456,8.4456
2026-07-26,폴바셋,대구 감삼 DT점,40455,4.0455
2026-07-27,폴바셋,대구 감삼 DT점,39546,3.9546
2026-07-28,폴바셋,대구 감삼 DT점,42483,4.2483
2026-07-29,폴바셋,대구 감삼 DT점,29028,2.9028
2026-07-30,폴바셋,대구 감삼 DT점,61274,6.1274
2026-07-31,폴바셋,대구 감삼 DT점,90547,9.0547
2026-07-01,폴바셋,GFC점,72819,7.2819
2026-07-02,폴바셋,GFC점,78183,7.8183
2026-07-03,폴바셋,GFC점,70091,7.0091
2026-07-04,폴바셋,GFC점,8091,0.8091
2026-07-05,폴바셋,GFC점,16182,1.6182
2026-07-06,폴바셋,GFC점,91938,9.1938
2026-07-07,폴바셋,GFC점,70092,7.0092
2026-07-08,폴바셋,GFC점,54819,5.4819
2026-07-09,폴바셋,GFC점,126729,12.6729
2026-07-10,폴바셋,GFC점,23364,2.3364
2026-07-11,폴바셋,GFC점,24273,2.4273
2026-07-12,폴바셋,GFC점,8091,0.8091
2026-07-13,폴바셋,GFC점,38637,3.8637
2026-07-14,폴바셋,GFC점,100638,10.0638
2026-07-15,폴바셋,GFC점,75119,7.5119
2026-07-16,폴바셋,GFC점,54819,5.4819
2026-07-17,폴바셋,GFC점,37728,3.7728
2026-07-18,폴바셋,GFC점,16182,1.6182
2026-07-19,폴바셋,GFC점,24273,2.4273
2026-07-20,폴바셋,GFC점,61092,6.1092
2026-07-21,폴바셋,GFC점,102456,10.2456
2026-07-22,폴바셋,GFC점,94365,9.4365
2026-07-23,폴바셋,GFC점,62910,6.291
2026-07-24,폴바셋,GFC점,77274,7.7274
2026-07-25,폴바셋,GFC점,15273,1.5273
2026-07-26,폴바셋,GFC점,16182,1.6182
2026-07-27,폴바셋,GFC점,76028,7.6028
2026-07-28,폴바셋,GFC점,76092,7.6092
2026-07-29,폴바셋,GFC점,62001,6.2001
2026-07-30,폴바셋,GFC점,70092,7.0092
2026-07-31,폴바셋,GFC점,61183,6.1183
2026-07-01,폴바셋,MBC몰 파크점,98092,9.8092
2026-07-02,폴바셋,MBC몰 파크점,69183,6.9183
2026-07-03,폴바셋,MBC몰 파크점,54819,5.4819
2026-07-04,폴바셋,MBC몰 파크점,36091,3.6091
2026-07-05,폴바셋,MBC몰 파크점,64455,6.4455
2026-07-06,폴바셋,MBC몰 파크점,36455,3.6455
2026-07-07,폴바셋,MBC몰 파크점,66273,6.6273
2026-07-08,폴바셋,MBC몰 파크점,67546,6.7546
2026-07-09,폴바셋,MBC몰 파크점,86910,8.691
2026-07-10,폴바셋,MBC몰 파크점,67001,6.7001
2026-07-11,폴바셋,MBC몰 파크점,47000,4.7
2026-07-12,폴바셋,MBC몰 파크점,67546,6.7546
2026-07-13,폴바셋,MBC몰 파크점,54819,5.4819
2026-07-14,폴바셋,MBC몰 파크점,31455,3.1455
2026-07-15,폴바셋,MBC몰 파크점,73819,7.3819
2026-07-16,폴바셋,MBC몰 파크점,47000,4.7
2026-07-17,폴바셋,MBC몰 파크점,28000,2.8
2026-07-18,폴바셋,MBC몰 파크점,65728,6.5728
2026-07-19,폴바셋,MBC몰 파크점,38273,3.8273
2026-07-20,폴바셋,MBC몰 파크점,43273,4.3273
2026-07-21,폴바셋,MBC몰 파크점,46728,4.6728
2026-07-22,폴바셋,MBC몰 파크점,67000,6.7
2026-07-23,폴바셋,MBC몰 파크점,116456,11.6456
2026-07-24,폴바셋,MBC몰 파크점,38637,3.8637
2026-07-25,폴바셋,MBC몰 파크점,43637,4.3637
2026-07-26,폴바셋,MBC몰 파크점,36091,3.6091
2026-07-27,폴바셋,MBC몰 파크점,51728,5.1728
2026-07-28,폴바셋,MBC몰 파크점,93091,9.3091
2026-07-29,폴바셋,MBC몰 파크점,38909,3.8909
2026-07-30,폴바셋,MBC몰 파크점,65001,6.5001
2026-07-31,폴바셋,MBC몰 파크점,115274,11.5274
2026-07-01,폴바셋,현대아울렛 남양주점,62912,6.2912
2026-07-02,폴바셋,현대아울렛 남양주점,31093,3.1093
2026-07-03,폴바셋,현대아울렛 남양주점,36094,3.6094
2026-07-04,폴바셋,현대아울렛 남양주점,64642,6.4642
2026-07-05,폴바셋,현대아울렛 남양주점,83550,8.355
2026-07-06,폴바셋,현대아울렛 남양주점,37730,3.773
2026-07-07,폴바셋,현대아울렛 남양주점,56458,5.6458
2026-07-08,폴바셋,현대아울렛 남양주점,61369,6.1369
2026-07-09,폴바셋,현대아울렛 남양주점,65824,6.5824
2026-07-10,폴바셋,현대아울렛 남양주점,58640,5.864
2026-07-11,폴바셋,현대아울렛 남양주점,101825,10.1825
2026-07-12,폴바셋,현대아울렛 남양주점,82005,8.2005
2026-07-13,폴바셋,현대아울렛 남양주점,62004,6.2004
2026-07-14,폴바셋,현대아울렛 남양주점,33183,3.3183
2026-07-15,폴바셋,현대아울렛 남양주점,53547,5.3547
2026-07-16,폴바셋,현대아울렛 남양주점,37183,3.7183
2026-07-17,폴바셋,현대아울렛 남양주점,51186,5.1186
2026-07-18,폴바셋,현대아울렛 남양주점,73731,7.3731
2026-07-19,폴바셋,현대아울렛 남양주점,88734,8.8734
2026-07-20,폴바셋,현대아울렛 남양주점,36456,3.6456
2026-07-21,폴바셋,현대아울렛 남양주점,49731,4.9731
2026-07-22,폴바셋,현대아울렛 남양주점,48276,4.8276
2026-07-23,폴바셋,현대아울렛 남양주점,51274,5.1274
2026-07-24,폴바셋,현대아울렛 남양주점,53459,5.3459
2026-07-25,폴바셋,현대아울렛 남양주점,112192,11.2192
2026-07-26,폴바셋,현대아울렛 남양주점,79734,7.9734
2026-07-27,폴바셋,현대아울렛 남양주점,44548,4.4548
2026-07-28,폴바셋,현대아울렛 남양주점,70279,7.0279
2026-07-29,폴바셋,현대아울렛 남양주점,52823,5.2823
2026-07-30,폴바셋,현대아울렛 남양주점,54639,5.4639
2026-07-31,폴바셋,현대아울렛 남양주점,74914,7.4914
2026-07-01,폴바셋,부산 대연 DT점,24273,2.4273
2026-07-02,폴바셋,부산 대연 DT점,118638,11.8638
2026-07-03,폴바셋,부산 대연 DT점,70092,7.0092
2026-07-04,폴바셋,부산 대연 DT점,69183,6.9183
2026-07-05,폴바셋,부산 대연 DT점,24273,2.4273
2026-07-06,폴바셋,부산 대연 DT점,54819,5.4819
2026-07-07,폴바셋,부산 대연 DT점,46728,4.6728
2026-07-08,폴바셋,부산 대연 DT점,79092,7.9092
2026-07-09,폴바셋,부산 대연 DT점,53910,5.391
2026-07-10,폴바셋,부산 대연 DT점,102456,10.2456
2026-07-11,폴바셋,부산 대연 DT점,70092,7.0092
2026-07-12,폴바셋,부산 대연 DT점,24273,2.4273
2026-07-13,폴바셋,부산 대연 DT점,70092,7.0092
2026-07-14,폴바셋,부산 대연 DT점,78183,7.8183
2026-07-15,폴바셋,부산 대연 DT점,55728,5.5728
2026-07-16,폴바셋,부산 대연 DT점,78183,7.8183
2026-07-17,폴바셋,부산 대연 DT점,46728,4.6728
2026-07-18,폴바셋,부산 대연 DT점,69183,6.9183
2026-07-19,폴바셋,부산 대연 DT점,63819,6.3819
2026-07-20,폴바셋,부산 대연 DT점,71001,7.1001
2026-07-21,폴바셋,부산 대연 DT점,46728,4.6728
2026-07-22,폴바셋,부산 대연 DT점,54819,5.4819
2026-07-23,폴바셋,부산 대연 DT점,37728,3.7728
2026-07-24,폴바셋,부산 대연 DT점,63819,6.3819
2026-07-25,폴바셋,부산 대연 DT점,71001,7.1001
2026-07-26,폴바셋,부산 대연 DT점,46728,4.6728
2026-07-27,폴바셋,부산 대연 DT점,63819,6.3819
2026-07-28,폴바셋,부산 대연 DT점,36546,3.6546
2026-07-29,폴바셋,부산 대연 DT점,46728,4.6728
2026-07-30,폴바셋,부산 대연 DT점,87820,8.782
2026-07-31,폴바셋,부산 대연 DT점,93456,9.3456
2026-07-01,폴바셋,대구 만촌 DT점,53910,5.391
2026-07-02,폴바셋,대구 만촌 DT점,29637,2.9637
2026-07-03,폴바셋,대구 만촌 DT점,47637,4.7637
2026-07-04,폴바셋,대구 만촌 DT점,56637,5.6637
2026-07-05,폴바셋,대구 만촌 DT점,39546,3.9546
2026-07-06,폴바셋,대구 만촌 DT점,54819,5.4819
2026-07-07,폴바셋,대구 만촌 DT점,100638,10.0638
2026-07-08,폴바셋,대구 만촌 DT점,44910,4.491
2026-07-09,폴바셋,대구 만촌 DT점,45819,4.5819
2026-07-10,폴바셋,대구 만촌 DT점,54819,5.4819
2026-07-11,폴바셋,대구 만촌 DT점,46728,4.6728
2026-07-12,폴바셋,대구 만촌 DT점,102456,10.2456
2026-07-13,폴바셋,대구 만촌 DT점,62001,6.2001
2026-07-14,폴바셋,대구 만촌 DT점,39273,3.9273
2026-07-15,폴바셋,대구 만촌 DT점,90729,9.0729
2026-07-16,폴바셋,대구 만촌 DT점,93456,9.3456
2026-07-17,폴바셋,대구 만촌 DT점,84456,8.4456
2026-07-18,폴바셋,대구 만촌 DT점,62001,6.2001
2026-07-19,폴바셋,대구 만촌 DT점,24273,2.4273
2026-07-20,폴바셋,대구 만촌 DT점,70092,7.0092
2026-07-21,폴바셋,대구 만촌 DT점,53910,5.391
2026-07-22,폴바셋,대구 만촌 DT점,62001,6.2001
2026-07-23,폴바셋,대구 만촌 DT점,86274,8.6274
2026-07-24,폴바셋,대구 만촌 DT점,46728,4.6728
2026-07-25,폴바셋,대구 만촌 DT점,77274,7.7274
2026-07-26,폴바셋,대구 만촌 DT점,16182,1.6182
2026-07-27,폴바셋,대구 만촌 DT점,70092,7.0092
2026-07-28,폴바셋,대구 만촌 DT점,74910,7.491
2026-07-29,폴바셋,대구 만촌 DT점,62910,6.291
2026-07-30,폴바셋,대구 만촌 DT점,92274,9.2274
2026-07-31,폴바셋,대구 만촌 DT점,86547,8.6547
2026-07-01,폴바셋,천안 구성 DT점,31455,3.1455
2026-07-02,폴바셋,천안 구성 DT점,66637,6.6637
2026-07-03,폴바셋,천안 구성 DT점,91274,9.1274
2026-07-04,폴바셋,천안 구성 DT점,122637,12.2637
2026-07-05,폴바셋,천안 구성 DT점,82819,8.2819
2026-07-06,폴바셋,천안 구성 DT점,54819,5.4819
2026-07-07,폴바셋,천안 구성 DT점,50091,5.0091
2026-07-08,폴바셋,천안 구성 DT점,36455,3.6455
2026-07-09,폴바셋,천안 구성 DT점,30182,3.0182
2026-07-10,폴바셋,천안 구성 DT점,53910,5.391
2026-07-11,폴바셋,천안 구성 DT점,99365,9.9365
2026-07-12,폴바셋,천안 구성 DT점,60728,6.0728
2026-07-13,폴바셋,천안 구성 DT점,31455,3.1455
2026-07-14,폴바셋,천안 구성 DT점,39546,3.9546
2026-07-15,폴바셋,천안 구성 DT점,36455,3.6455
2026-07-16,폴바셋,천안 구성 DT점,39546,3.9546
2026-07-17,폴바셋,천안 구성 DT점,101274,10.1274
2026-07-18,폴바셋,천안 구성 DT점,84092,8.4092
2026-07-19,폴바셋,천안 구성 DT점,22091,2.2091
2026-07-20,폴바셋,천안 구성 DT점,11818,1.1818
2026-07-21,폴바셋,천안 구성 DT점,38637,3.8637
2026-07-22,폴바셋,천안 구성 DT점,98456,9.8456
2026-07-23,폴바셋,천안 구성 DT점,37364,3.7364
2026-07-24,폴바셋,천안 구성 DT점,84092,8.4092
2026-07-25,폴바셋,천안 구성 DT점,121728,12.1728
2026-07-26,폴바셋,천안 구성 DT점,95546,9.5546
2026-07-27,폴바셋,천안 구성 DT점,64455,6.4455
2026-07-28,폴바셋,천안 구성 DT점,54819,5.4819
2026-07-29,폴바셋,천안 구성 DT점,36091,3.6091
2026-07-30,폴바셋,천안 구성 DT점,71092,7.1092
2026-07-31,폴바셋,천안 구성 DT점,89547,8.9547
2026-07-01,폴바셋,상일동점,31455,3.1455
2026-07-02,폴바셋,상일동점,39546,3.9546
2026-07-03,폴바셋,상일동점,14364,1.4364
2026-07-04,폴바셋,상일동점,46728,4.6728
2026-07-05,폴바셋,상일동점,8091,0.8091
2026-07-06,폴바셋,상일동점,15273,1.5273
2026-07-07,폴바셋,상일동점,29637,2.9637
2026-07-08,폴바셋,상일동점,23364,2.3364
2026-07-09,폴바셋,상일동점,15273,1.5273
2026-07-10,폴바셋,상일동점,15273,1.5273
2026-07-11,폴바셋,상일동점,38637,3.8637
2026-07-12,폴바셋,상일동점,0,0
2026-07-13,폴바셋,상일동점,22455,2.2455
2026-07-14,폴바셋,상일동점,15273,1.5273
2026-07-15,폴바셋,상일동점,8091,0.8091
2026-07-16,폴바셋,상일동점,8091,0.8091
2026-07-17,폴바셋,상일동점,16182,1.6182
2026-07-18,폴바셋,상일동점,7182,0.7182
2026-07-19,폴바셋,상일동점,15273,1.5273
2026-07-20,폴바셋,상일동점,24273,2.4273
2026-07-21,폴바셋,상일동점,174100,17.41
2026-07-22,폴바셋,상일동점,101824,10.1824
2026-07-23,폴바셋,상일동점,165644,16.5644
2026-07-24,폴바셋,상일동점,176007,17.6007
2026-07-25,폴바셋,상일동점,112460,11.246
2026-07-26,폴바셋,상일동점,95006,9.5006
2026-07-27,폴바셋,상일동점,117733,11.7733
2026-07-28,폴바셋,상일동점,133188,13.3188
2026-07-29,폴바셋,상일동점,159555,15.9555
2026-07-30,폴바셋,상일동점,96825,9.6825
2026-07-31,폴바셋,상일동점,216739,21.6739
2026-07-01,폴바셋,광명 철산 DT점,62001,6.2001
2026-07-02,폴바셋,광명 철산 DT점,93456,9.3456
2026-07-03,폴바셋,광명 철산 DT점,53001,5.3001
2026-07-04,폴바셋,광명 철산 DT점,93456,9.3456
2026-07-05,폴바셋,광명 철산 DT점,24273,2.4273
2026-07-06,폴바셋,광명 철산 DT점,78183,7.8183
2026-07-07,폴바셋,광명 철산 DT점,45819,4.5819
2026-07-08,폴바셋,광명 철산 DT점,70092,7.0092
2026-07-09,폴바셋,광명 철산 DT점,45819,4.5819
2026-07-10,폴바셋,광명 철산 DT점,90729,9.0729
2026-07-11,폴바셋,광명 철산 DT점,93456,9.3456
2026-07-12,폴바셋,광명 철산 DT점,56637,5.6637
2026-07-13,폴바셋,광명 철산 DT점,85365,8.5365
2026-07-14,폴바셋,광명 철산 DT점,44910,4.491
2026-07-15,폴바셋,광명 철산 DT점,78183,7.8183
2026-07-16,폴바셋,광명 철산 DT점,100638,10.0638
2026-07-17,폴바셋,광명 철산 DT점,100638,10.0638
2026-07-18,폴바셋,광명 철산 DT점,69183,6.9183
2026-07-19,폴바셋,광명 철산 DT점,16182,1.6182
2026-07-20,폴바셋,광명 철산 DT점,62001,6.2001
2026-07-21,폴바셋,광명 철산 DT점,32364,3.2364
2026-07-22,폴바셋,광명 철산 DT점,8091,0.8091
2026-07-23,폴바셋,광명 철산 DT점,62910,6.291
2026-07-24,폴바셋,광명 철산 DT점,52092,5.2092
2026-07-25,폴바셋,광명 철산 DT점,108729,10.8729
2026-07-26,폴바셋,광명 철산 DT점,32364,3.2364
2026-07-27,폴바셋,광명 철산 DT점,78183,7.8183
2026-07-28,폴바셋,광명 철산 DT점,53001,5.3001
2026-07-29,폴바셋,광명 철산 DT점,53910,5.391
2026-07-30,폴바셋,광명 철산 DT점,99729,9.9729
2026-07-31,폴바셋,광명 철산 DT점,54683,5.4683
2026-07-01,폴바셋,용인시청 DT점,68574,6.8574
2026-07-02,폴바셋,용인시청 DT점,29637,2.9637
2026-07-03,폴바셋,용인시청 DT점,53910,5.391
2026-07-04,폴바셋,용인시청 DT점,138366,13.8366
2026-07-05,폴바셋,용인시청 DT점,64728,6.4728
2026-07-06,폴바셋,용인시청 DT점,71001,7.1001
2026-07-07,폴바셋,용인시청 DT점,100638,10.0638
2026-07-08,폴바셋,용인시청 DT점,53910,5.391
2026-07-09,폴바셋,용인시청 DT점,53001,5.3001
2026-07-10,폴바셋,용인시청 DT점,29637,2.9637
2026-07-11,폴바셋,용인시청 DT점,69183,6.9183
2026-07-12,폴바셋,용인시청 DT점,48546,4.8546
2026-07-13,폴바셋,용인시청 DT점,37728,3.7728
2026-07-14,폴바셋,용인시청 DT점,53910,5.391
2026-07-15,폴바셋,용인시청 DT점,69183,6.9183
2026-07-16,폴바셋,용인시청 DT점,93456,9.3456
2026-07-17,폴바셋,용인시청 DT점,99729,9.9729
2026-07-18,폴바셋,용인시청 DT점,109638,10.9638
2026-07-19,폴바셋,용인시청 DT점,54819,5.4819
2026-07-20,폴바셋,용인시청 DT점,54819,5.4819
2026-07-21,폴바셋,용인시청 DT점,46728,4.6728
2026-07-22,폴바셋,용인시청 DT점,61092,6.1092
2026-07-23,폴바셋,용인시청 DT점,68274,6.8274
2026-07-24,폴바셋,용인시청 DT점,87183,8.7183
2026-07-25,폴바셋,용인시청 DT점,85365,8.5365
2026-07-26,폴바셋,용인시청 DT점,78183,7.8183
2026-07-27,폴바셋,용인시청 DT점,45819,4.5819
2026-07-28,폴바셋,용인시청 DT점,37728,3.7728
2026-07-29,폴바셋,용인시청 DT점,76365,7.6365
2026-07-30,폴바셋,용인시청 DT점,53592,5.3592
2026-07-31,폴바셋,용인시청 DT점,107046,10.7046
2026-07-01,폴바셋,전주 금암 DT점,62001,6.2001
2026-07-02,폴바셋,전주 금암 DT점,23364,2.3364
2026-07-03,폴바셋,전주 금암 DT점,53546,5.3546
2026-07-04,폴바셋,전주 금암 DT점,76910,7.691
2026-07-05,폴바셋,전주 금암 DT점,13091,1.3091
2026-07-06,폴바셋,전주 금암 DT점,76001,7.6001
2026-07-07,폴바셋,전주 금암 DT점,87455,8.7455
2026-07-08,폴바셋,전주 금암 DT점,59455,5.9455
2026-07-09,폴바셋,전주 금암 DT점,104365,10.4365
2026-07-10,폴바셋,전주 금암 DT점,54819,5.4819
2026-07-11,폴바셋,전주 금암 DT점,101274,10.1274
2026-07-12,폴바셋,전주 금암 DT점,46364,4.6364
2026-07-13,폴바셋,전주 금암 DT점,71392,7.1392
2026-07-14,폴바셋,전주 금암 DT점,63546,6.3546
2026-07-15,폴바셋,전주 금암 DT점,54819,5.4819
2026-07-16,폴바셋,전주 금암 DT점,120183,12.0183
2026-07-17,폴바셋,전주 금암 DT점,36455,3.6455
2026-07-18,폴바셋,전주 금암 DT점,42773,4.2773
2026-07-19,폴바셋,전주 금암 DT점,89637,8.9637
2026-07-20,폴바셋,전주 금암 DT점,90001,9.0001
2026-07-21,폴바셋,전주 금암 DT점,36091,3.6091
2026-07-22,폴바셋,전주 금암 DT점,40455,4.0455
2026-07-23,폴바셋,전주 금암 DT점,108729,10.8729
2026-07-24,폴바셋,전주 금암 DT점,70092,7.0092
2026-07-25,폴바셋,전주 금암 DT점,95910,9.591
2026-07-26,폴바셋,전주 금암 DT점,58182,5.8182
2026-07-27,폴바셋,전주 금암 DT점,99000,9.9
2026-07-28,폴바셋,전주 금암 DT점,68819,6.8819
2026-07-29,폴바셋,전주 금암 DT점,81910,8.191
2026-07-30,폴바셋,전주 금암 DT점,54637,5.4637
2026-07-31,폴바셋,전주 금암 DT점,60546,6.0546
2026-07-01,폴바셋,부산 연산역점,46728,4.6728
2026-07-02,폴바셋,부산 연산역점,30546,3.0546
2026-07-03,폴바셋,부산 연산역점,79092,7.9092
2026-07-04,폴바셋,부산 연산역점,0,0
2026-07-05,폴바셋,부산 연산역점,16182,1.6182
2026-07-06,폴바셋,부산 연산역점,45482,4.5482
2026-07-07,폴바셋,부산 연산역점,63819,6.3819
2026-07-08,폴바셋,부산 연산역점,88148,8.8148
2026-07-09,폴바셋,부산 연산역점,110550,11.055
2026-07-10,폴바셋,부산 연산역점,66093,6.6093
2026-07-11,폴바셋,부산 연산역점,54305,5.4305
2026-07-12,폴바셋,부산 연산역점,36001,3.6001
2026-07-13,폴바셋,부산 연산역점,59002,5.9002
2026-07-14,폴바셋,부산 연산역점,88113,8.8113
2026-07-15,폴바셋,부산 연산역점,69093,6.9093
2026-07-16,폴바셋,부산 연산역점,77275,7.7275
2026-07-17,폴바셋,부산 연산역점,93476,9.3476
2026-07-18,폴바셋,부산 연산역점,54730,5.473
2026-07-19,폴바셋,부산 연산역점,38002,3.8002
2026-07-20,폴바셋,부산 연산역점,86823,8.6823
2026-07-21,폴바셋,부산 연산역점,118549,11.8549
2026-07-22,폴바셋,부산 연산역점,47093,4.7093
2026-07-23,폴바셋,부산 연산역점,103368,10.3368
2026-07-24,폴바셋,부산 연산역점,74458,7.4458
2026-07-25,폴바셋,부산 연산역점,77822,7.7822
2026-07-26,폴바셋,부산 연산역점,20819,2.0819
2026-07-27,폴바셋,부산 연산역점,72640,7.264
2026-07-28,폴바셋,부산 연산역점,81731,8.1731
2026-07-29,폴바셋,부산 연산역점,94822,9.4822
2026-07-30,폴바셋,부산 연산역점,128641,12.8641
2026-07-31,폴바셋,부산 연산역점,104640,10.464
2026-07-01,폴바셋,신세계아울렛 시흥점,103369,10.3369
2026-07-02,폴바셋,신세계아울렛 시흥점,37237,3.7237
2026-07-03,폴바셋,신세계아울렛 시흥점,83186,8.3186
2026-07-04,폴바셋,신세계아울렛 시흥점,140919,14.0919
2026-07-05,폴바셋,신세계아울렛 시흥점,159098,15.9098
2026-07-06,폴바셋,신세계아울렛 시흥점,68912,6.8912
2026-07-07,폴바셋,신세계아울렛 시흥점,41821,4.1821
2026-07-08,폴바셋,신세계아울렛 시흥점,54550,5.455
2026-07-09,폴바셋,신세계아울렛 시흥점,52729,5.2729
2026-07-10,폴바셋,신세계아울렛 시흥점,62822,6.2822
2026-07-11,폴바셋,신세계아울렛 시흥점,122189,12.2189
2026-07-12,폴바셋,신세계아울렛 시흥점,64277,6.4277
2026-07-13,폴바셋,신세계아울렛 시흥점,29729,2.9729
2026-07-14,폴바셋,신세계아울렛 시흥점,20638,2.0638
2026-07-15,폴바셋,신세계아울렛 시흥점,34821,3.4821
2026-07-16,폴바셋,신세계아울렛 시흥점,40820,4.082
2026-07-17,폴바셋,신세계아울렛 시흥점,86815,8.6815
2026-07-18,폴바셋,신세계아울렛 시흥점,113187,11.3187
2026-07-19,폴바셋,신세계아울렛 시흥점,100279,10.0279
2026-07-20,폴바셋,신세계아울렛 시흥점,57912,5.7912
2026-07-21,폴바셋,신세계아울렛 시흥점,70913,7.0913
2026-07-22,폴바셋,신세계아울렛 시흥점,43549,4.3549
2026-07-23,폴바셋,신세계아울렛 시흥점,63732,6.3732
2026-07-24,폴바셋,신세계아울렛 시흥점,52095,5.2095
2026-07-25,폴바셋,신세계아울렛 시흥점,71732,7.1732
2026-07-26,폴바셋,신세계아울렛 시흥점,88280,8.828
2026-07-27,폴바셋,신세계아울렛 시흥점,62731,6.2731
2026-07-28,폴바셋,신세계아울렛 시흥점,72823,7.2823
2026-07-29,폴바셋,신세계아울렛 시흥점,42911,4.2911
2026-07-30,폴바셋,신세계아울렛 시흥점,78458,7.8458
2026-07-31,폴바셋,신세계아울렛 시흥점,59230,5.923
2026-07-01,폴바셋,롯데몰 동부산점,8091,0.8091
2026-07-02,폴바셋,롯데몰 동부산점,31455,3.1455
2026-07-03,폴바셋,롯데몰 동부산점,54819,5.4819
2026-07-04,폴바셋,롯데몰 동부산점,101547,10.1547
2026-07-05,폴바셋,롯데몰 동부산점,16182,1.6182
2026-07-06,폴바셋,롯데몰 동부산점,38637,3.8637
2026-07-07,폴바셋,롯데몰 동부산점,23364,2.3364
2026-07-08,폴바셋,롯데몰 동부산점,31455,3.1455
2026-07-09,폴바셋,롯데몰 동부산점,22455,2.2455
2026-07-10,폴바셋,롯데몰 동부산점,37728,3.7728
2026-07-11,폴바셋,롯데몰 동부산점,23364,2.3364
2026-07-12,폴바셋,롯데몰 동부산점,46728,4.6728
2026-07-13,폴바셋,롯데몰 동부산점,16182,1.6182
2026-07-14,폴바셋,롯데몰 동부산점,39546,3.9546
2026-07-15,폴바셋,롯데몰 동부산점,45819,4.5819
2026-07-16,폴바셋,롯데몰 동부산점,39546,3.9546
2026-07-17,폴바셋,롯데몰 동부산점,46728,4.6728
2026-07-18,폴바셋,롯데몰 동부산점,56637,5.6637
2026-07-19,폴바셋,롯데몰 동부산점,15273,1.5273
2026-07-20,폴바셋,롯데몰 동부산점,16182,1.6182
2026-07-21,폴바셋,롯데몰 동부산점,38637,3.8637
2026-07-22,폴바셋,롯데몰 동부산점,22455,2.2455
2026-07-23,폴바셋,롯데몰 동부산점,16182,1.6182
2026-07-24,폴바셋,롯데몰 동부산점,197921,19.7921
2026-07-25,폴바셋,롯데몰 동부산점,196104,19.6104
2026-07-26,폴바셋,롯데몰 동부산점,194467,19.4467
2026-07-27,폴바셋,롯데몰 동부산점,113551,11.3551
2026-07-28,폴바셋,롯데몰 동부산점,154737,15.4737
2026-07-29,폴바셋,롯데몰 동부산점,186650,18.665
2026-07-30,폴바셋,롯데몰 동부산점,195740,19.574
2026-07-31,폴바셋,롯데몰 동부산점,177736,17.7736
2026-07-01,폴바셋,수원 월드컵경기장점,71001,7.1001
2026-07-02,폴바셋,수원 월드컵경기장점,38637,3.8637
2026-07-03,폴바셋,수원 월드컵경기장점,70092,7.0092
2026-07-04,폴바셋,수원 월드컵경기장점,109638,10.9638
2026-07-05,폴바셋,수원 월드컵경기장점,48546,4.8546
2026-07-06,폴바셋,수원 월드컵경기장점,47637,4.7637
2026-07-07,폴바셋,수원 월드컵경기장점,85365,8.5365
2026-07-08,폴바셋,수원 월드컵경기장점,0,0
2026-07-09,폴바셋,수원 월드컵경기장점,70092,7.0092
2026-07-10,폴바셋,수원 월드컵경기장점,31455,3.1455
2026-07-11,폴바셋,수원 월드컵경기장점,151002,15.1002
2026-07-12,폴바셋,수원 월드컵경기장점,40455,4.0455
2026-07-13,폴바셋,수원 월드컵경기장점,55728,5.5728
2026-07-14,폴바셋,수원 월드컵경기장점,92547,9.2547
2026-07-15,폴바셋,수원 월드컵경기장점,40455,4.0455
2026-07-16,폴바셋,수원 월드컵경기장점,23364,2.3364
2026-07-17,폴바셋,수원 월드컵경기장점,141093,14.1093
2026-07-18,폴바셋,수원 월드컵경기장점,86274,8.6274
2026-07-19,폴바셋,수원 월드컵경기장점,96183,9.6183
2026-07-20,폴바셋,수원 월드컵경기장점,79092,7.9092
2026-07-21,폴바셋,수원 월드컵경기장점,46728,4.6728
2026-07-22,폴바셋,수원 월드컵경기장점,85665,8.5665
2026-07-23,폴바셋,수원 월드컵경기장점,62910,6.291
2026-07-24,폴바셋,수원 월드컵경기장점,40455,4.0455
2026-07-25,폴바셋,수원 월드컵경기장점,139275,13.9275
2026-07-26,폴바셋,수원 월드컵경기장점,88092,8.8092
2026-07-27,폴바셋,수원 월드컵경기장점,71001,7.1001
2026-07-28,폴바셋,수원 월드컵경기장점,93456,9.3456
2026-07-29,폴바셋,수원 월드컵경기장점,94365,9.4365
2026-07-30,폴바셋,수원 월드컵경기장점,47728,4.7728
2026-07-31,폴바셋,수원 월드컵경기장점,75092,7.5092
2026-07-01,폴바셋,롯데아울렛 김해점,49730,4.973
2026-07-02,폴바셋,롯데아울렛 김해점,31183,3.1183
2026-07-03,폴바셋,롯데아울렛 김해점,96732,9.6732
2026-07-04,폴바셋,롯데아울렛 김해점,89550,8.955
2026-07-05,폴바셋,롯데아울렛 김해점,105643,10.5643
2026-07-06,폴바셋,롯데아울렛 김해점,54913,5.4913
2026-07-07,폴바셋,롯데아울렛 김해점,86912,8.6912
2026-07-08,폴바셋,롯데아울렛 김해점,60731,6.0731
2026-07-09,폴바셋,롯데아울렛 김해점,70277,7.0277
2026-07-10,폴바셋,롯데아울렛 김해점,58639,5.8639
2026-07-11,폴바셋,롯데아울렛 김해점,90278,9.0278
2026-07-12,폴바셋,롯데아울렛 김해점,147371,14.7371
2026-07-13,폴바셋,롯데아울렛 김해점,68640,6.864
2026-07-14,폴바셋,롯데아울렛 김해점,33547,3.3547
2026-07-15,폴바셋,롯데아울렛 김해점,62731,6.2731
2026-07-16,폴바셋,롯데아울렛 김해점,70367,7.0367
2026-07-17,폴바셋,롯데아울렛 김해점,79730,7.973
2026-07-18,폴바셋,롯데아울렛 김해점,93641,9.3641
2026-07-19,폴바셋,롯데아울렛 김해점,109096,10.9096
2026-07-20,폴바셋,롯데아울렛 김해점,82459,8.2459
2026-07-21,폴바셋,롯데아울렛 김해점,53094,5.3094
2026-07-22,폴바셋,롯데아울렛 김해점,33456,3.3456
2026-07-23,폴바셋,롯데아울렛 김해점,66731,6.6731
2026-07-24,폴바셋,롯데아울렛 김해점,51821,5.1821
2026-07-25,폴바셋,롯데아울렛 김해점,100369,10.0369
2026-07-26,폴바셋,롯데아울렛 김해점,80459,8.0459
2026-07-27,폴바셋,롯데아울렛 김해점,72551,7.2551
2026-07-28,폴바셋,롯데아울렛 김해점,56457,5.6457
2026-07-29,폴바셋,롯데아울렛 김해점,98914,9.8914
2026-07-30,폴바셋,롯데아울렛 김해점,64641,6.4641
2026-07-31,폴바셋,롯데아울렛 김해점,77639,7.7639
2026-07-01,폴바셋,고창 선운사점,56277,5.6277
2026-07-02,폴바셋,고창 선운사점,53275,5.3275
2026-07-03,폴바셋,고창 선운사점,91277,9.1277
2026-07-04,폴바셋,고창 선운사점,160919,16.0919
2026-07-05,폴바셋,고창 선운사점,189744,18.9744
2026-07-06,폴바셋,고창 선운사점,25457,2.5457
2026-07-07,폴바셋,고창 선운사점,30638,3.0638
2026-07-08,폴바셋,고창 선운사점,11819,1.1819
2026-07-09,폴바셋,고창 선운사점,17727,1.7727
2026-07-10,폴바셋,고창 선운사점,38275,3.8275
2026-07-11,폴바셋,고창 선운사점,116097,11.6097
2026-07-12,폴바셋,고창 선운사점,75278,7.5278
2026-07-13,폴바셋,고창 선운사점,43277,4.3277
2026-07-14,폴바셋,고창 선운사점,47820,4.782
2026-07-15,폴바셋,고창 선운사점,19002,1.9002
2026-07-16,폴바셋,고창 선운사점,45731,4.5731
2026-07-17,폴바셋,고창 선운사점,97460,9.746
2026-07-18,폴바셋,고창 선운사점,296491,29.6491
2026-07-19,폴바셋,고창 선운사점,147735,14.7735
2026-07-20,폴바셋,고창 선운사점,27821,2.7821
2026-07-21,폴바셋,고창 선운사점,11274,1.1274
2026-07-22,폴바셋,고창 선운사점,41457,4.1457
2026-07-23,폴바셋,고창 선운사점,38732,3.8732
2026-07-24,폴바셋,고창 선운사점,61940,6.194
2026-07-25,폴바셋,고창 선운사점,54331,5.4331
2026-07-26,폴바셋,고창 선운사점,199575,19.9575
2026-07-27,폴바셋,고창 선운사점,58461,5.8461
2026-07-28,폴바셋,고창 선운사점,57552,5.7552
2026-07-29,폴바셋,고창 선운사점,75186,7.5186
2026-07-30,폴바셋,고창 선운사점,30093,3.0093
2026-07-31,폴바셋,고창 선운사점,99694,9.9694
2026-07-01,폴바셋,송도 SK바이오사이언스점,0,0
2026-07-02,폴바셋,송도 SK바이오사이언스점,54000,5.4
2026-07-03,폴바셋,송도 SK바이오사이언스점,33000,3.3
2026-07-04,폴바셋,송도 SK바이오사이언스점,0,0
2026-07-05,폴바셋,송도 SK바이오사이언스점,0,0
2026-07-06,폴바셋,송도 SK바이오사이언스점,50456,5.0456
2026-07-07,폴바셋,송도 SK바이오사이언스점,41365,4.1365
2026-07-08,폴바셋,송도 SK바이오사이언스점,38819,3.8819
2026-07-09,폴바셋,송도 SK바이오사이언스점,11000,1.1
2026-07-10,폴바셋,송도 SK바이오사이언스점,338365,33.8365
2026-07-11,폴바셋,송도 SK바이오사이언스점,0,0
2026-07-12,폴바셋,송도 SK바이오사이언스점,0,0
2026-07-13,폴바셋,송도 SK바이오사이언스점,668274,66.8274
2026-07-14,폴바셋,송도 SK바이오사이언스점,3273,0.3273
2026-07-15,폴바셋,송도 SK바이오사이언스점,18274,1.8274
2026-07-16,폴바셋,송도 SK바이오사이언스점,71547,7.1547
2026-07-17,폴바셋,송도 SK바이오사이언스점,0,0
2026-07-18,폴바셋,송도 SK바이오사이언스점,0,0
2026-07-19,폴바셋,송도 SK바이오사이언스점,0,0
2026-07-20,폴바셋,송도 SK바이오사이언스점,61639,6.1639
2026-07-21,폴바셋,송도 SK바이오사이언스점,15092,1.5092
2026-07-22,폴바셋,송도 SK바이오사이언스점,23000,2.3
2026-07-23,폴바셋,송도 SK바이오사이언스점,45638,4.5638
2026-07-24,폴바셋,송도 SK바이오사이언스점,488364,48.8364
2026-07-25,폴바셋,송도 SK바이오사이언스점,0,0
2026-07-26,폴바셋,송도 SK바이오사이언스점,0,0
2026-07-27,폴바셋,송도 SK바이오사이언스점,176819,17.6819
2026-07-28,폴바셋,송도 SK바이오사이언스점,43728,4.3728
2026-07-29,폴바셋,송도 SK바이오사이언스점,53002,5.3002
2026-07-30,폴바셋,송도 SK바이오사이언스점,39819,3.9819
2026-07-31,폴바셋,송도 SK바이오사이언스점,59728,5.9728
2026-07-01,폴바셋,강서 마곡 DT점,38637,3.8637
2026-07-02,폴바셋,강서 마곡 DT점,165365,16.5365
2026-07-03,폴바셋,강서 마곡 DT점,38637,3.8637
2026-07-04,폴바셋,강서 마곡 DT점,139275,13.9275
2026-07-05,폴바셋,강서 마곡 DT점,32364,3.2364
2026-07-06,폴바셋,강서 마곡 DT점,54819,5.4819
2026-07-07,폴바셋,강서 마곡 DT점,99728,9.9728
2026-07-08,폴바셋,강서 마곡 DT점,68274,6.8274
2026-07-09,폴바셋,강서 마곡 DT점,128420,12.842
2026-07-10,폴바셋,강서 마곡 DT점,79092,7.9092
2026-07-11,폴바셋,강서 마곡 DT점,62001,6.2001
2026-07-12,폴바셋,강서 마곡 DT점,48546,4.8546
2026-07-13,폴바셋,강서 마곡 DT점,85365,8.5365
2026-07-14,폴바셋,강서 마곡 DT점,93456,9.3456
2026-07-15,폴바셋,강서 마곡 DT점,79092,7.9092
2026-07-16,폴바셋,강서 마곡 DT점,76365,7.6365
2026-07-17,폴바셋,강서 마곡 DT점,109638,10.9638
2026-07-18,폴바셋,강서 마곡 DT점,86274,8.6274
2026-07-19,폴바셋,강서 마곡 DT점,24273,2.4273
2026-07-20,폴바셋,강서 마곡 DT점,109638,10.9638
2026-07-21,폴바셋,강서 마곡 DT점,85365,8.5365
2026-07-22,폴바셋,강서 마곡 DT점,70092,7.0092
2026-07-23,폴바셋,강서 마곡 DT점,93456,9.3456
2026-07-24,폴바셋,강서 마곡 DT점,86274,8.6274
2026-07-25,폴바셋,강서 마곡 DT점,79092,7.9092
2026-07-26,폴바셋,강서 마곡 DT점,91938,9.1938
2026-07-27,폴바셋,강서 마곡 DT점,62001,6.2001
2026-07-28,폴바셋,강서 마곡 DT점,61728,6.1728
2026-07-29,폴바셋,강서 마곡 DT점,55728,5.5728
2026-07-30,폴바셋,강서 마곡 DT점,47819,4.7819
2026-07-31,폴바셋,강서 마곡 DT점,122002,12.2002
2026-07-01,폴바셋,부산 금곡 강변점,55728,5.5728
2026-07-02,폴바셋,부산 금곡 강변점,54819,5.4819
2026-07-03,폴바셋,부산 금곡 강변점,48546,4.8546
2026-07-04,폴바셋,부산 금곡 강변점,38637,3.8637
2026-07-05,폴바셋,부산 금곡 강변점,16182,1.6182
2026-07-06,폴바셋,부산 금곡 강변점,46728,4.6728
2026-07-07,폴바셋,부산 금곡 강변점,46728,4.6728
2026-07-08,폴바셋,부산 금곡 강변점,85022,8.5022
2026-07-09,폴바셋,부산 금곡 강변점,116961,11.6961
2026-07-10,폴바셋,부산 금곡 강변점,96604,9.6604
2026-07-11,폴바셋,부산 금곡 강변점,113712,11.3712
2026-07-12,폴바셋,부산 금곡 강변점,136479,13.6479
2026-07-13,폴바셋,부산 금곡 강변점,81459,8.1459
2026-07-14,폴바셋,부산 금곡 강변점,99369,9.9369
2026-07-15,폴바셋,부산 금곡 강변점,105097,10.5097
2026-07-16,폴바셋,부산 금곡 강변점,43731,4.3731
2026-07-17,폴바셋,부산 금곡 강변점,182189,18.2189
2026-07-18,폴바셋,부산 금곡 강변점,83369,8.3369
2026-07-19,폴바셋,부산 금곡 강변점,122462,12.2462
2026-07-20,폴바셋,부산 금곡 강변점,109096,10.9096
2026-07-21,폴바셋,부산 금곡 강변점,60547,6.0547
2026-07-22,폴바셋,부산 금곡 강변점,69730,6.973
2026-07-23,폴바셋,부산 금곡 강변점,47365,4.7365
2026-07-24,폴바셋,부산 금곡 강변점,120267,12.0267
2026-07-25,폴바셋,부산 금곡 강변점,69549,6.9549
2026-07-26,폴바셋,부산 금곡 강변점,92732,9.2732
2026-07-27,폴바셋,부산 금곡 강변점,82005,8.2005
2026-07-28,폴바셋,부산 금곡 강변점,83368,8.3368
2026-07-29,폴바셋,부산 금곡 강변점,38911,3.8911
2026-07-30,폴바셋,부산 금곡 강변점,27274,2.7274
2026-07-31,폴바셋,부산 금곡 강변점,112914,11.2914
2026-07-01,폴바셋,청주 방서 DT점,22091,2.2091
2026-07-02,폴바셋,청주 방서 DT점,46728,4.6728
2026-07-03,폴바셋,청주 방서 DT점,31455,3.1455
2026-07-04,폴바셋,청주 방서 DT점,59819,5.9819
2026-07-05,폴바셋,청주 방서 DT점,42000,4.2
2026-07-06,폴바셋,청주 방서 DT점,59819,5.9819
2026-07-07,폴바셋,청주 방서 DT점,58546,5.8546
2026-07-08,폴바셋,청주 방서 DT점,48546,4.8546
2026-07-09,폴바셋,청주 방서 DT점,30182,3.0182
2026-07-10,폴바셋,청주 방서 DT점,44546,4.4546
2026-07-11,폴바셋,청주 방서 DT점,33909,3.3909
2026-07-12,폴바셋,청주 방서 DT점,69455,6.9455
2026-07-13,폴바셋,청주 방서 DT점,48546,4.8546
2026-07-14,폴바셋,청주 방서 DT점,42000,4.2
2026-07-15,폴바셋,청주 방서 DT점,35546,3.5546
2026-07-16,폴바셋,청주 방서 DT점,52637,5.2637
2026-07-17,폴바셋,청주 방서 DT점,75364,7.5364
2026-07-18,폴바셋,청주 방서 DT점,72546,7.2546
2026-07-19,폴바셋,청주 방서 DT점,45727,4.5727
2026-07-20,폴바셋,청주 방서 DT점,28364,2.8364
2026-07-21,폴바셋,청주 방서 DT점,64482,6.4482
2026-07-22,폴바셋,청주 방서 DT점,78455,7.8455
2026-07-23,폴바셋,청주 방서 DT점,41091,4.1091
2026-07-24,폴바셋,청주 방서 DT점,190921,19.0921
2026-07-25,폴바셋,청주 방서 DT점,188374,18.8374
2026-07-26,폴바셋,청주 방서 DT점,259857,25.9857
2026-07-27,폴바셋,청주 방서 DT점,118333,11.8333
2026-07-28,폴바셋,청주 방서 DT점,131269,13.1269
2026-07-29,폴바셋,청주 방서 DT점,140552,14.0552
2026-07-30,폴바셋,청주 방서 DT점,115713,11.5713
2026-07-31,폴바셋,청주 방서 DT점,226117,22.6117
2026-07-01,폴바셋,롯데아울렛 이천점,58185,5.8185
2026-07-02,폴바셋,롯데아울렛 이천점,73823,7.3823
2026-07-03,폴바셋,롯데아울렛 이천점,71821,7.1821
2026-07-04,폴바셋,롯데아울렛 이천점,140644,14.0644
2026-07-05,폴바셋,롯데아울렛 이천점,149920,14.992
2026-07-06,폴바셋,롯데아울렛 이천점,58185,5.8185
2026-07-07,폴바셋,롯데아울렛 이천점,47366,4.7366
2026-07-08,폴바셋,롯데아울렛 이천점,64822,6.4822
2026-07-09,폴바셋,롯데아울렛 이천점,52368,5.2368
2026-07-10,폴바셋,롯데아울렛 이천점,96004,9.6004
2026-07-11,폴바셋,롯데아울렛 이천점,152096,15.2096
2026-07-12,폴바셋,롯데아울렛 이천점,91461,9.1461
2026-07-13,폴바셋,롯데아울렛 이천점,41093,4.1093
2026-07-14,폴바셋,롯데아울렛 이천점,24820,2.482
2026-07-15,폴바셋,롯데아울렛 이천점,98004,9.8004
2026-07-16,폴바셋,롯데아울렛 이천점,52820,5.282
2026-07-17,폴바셋,롯데아울렛 이천점,132095,13.2095
2026-07-18,폴바셋,롯데아울렛 이천점,138279,13.8279
2026-07-19,폴바셋,롯데아울렛 이천점,90823,9.0823
2026-07-20,폴바셋,롯데아울렛 이천점,38637,3.8637
2026-07-21,폴바셋,롯데아울렛 이천점,28275,2.8275
2026-07-22,폴바셋,롯데아울렛 이천점,58911,5.8911
2026-07-23,폴바셋,롯데아울렛 이천점,88823,8.8823
2026-07-24,폴바셋,롯데아울렛 이천점,111731,11.1731
2026-07-25,폴바셋,롯데아울렛 이천점,117006,11.7006
2026-07-26,폴바셋,롯데아울렛 이천점,102821,10.2821
2026-07-27,폴바셋,롯데아울렛 이천점,35092,3.5092
2026-07-28,폴바셋,롯데아울렛 이천점,54186,5.4186
2026-07-29,폴바셋,롯데아울렛 이천점,79367,7.9367
2026-07-30,폴바셋,롯데아울렛 이천점,101366,10.1366
2026-07-31,폴바셋,롯데아울렛 이천점,84550,8.455
2026-07-01,폴바셋,증미역점,62001,6.2001
2026-07-02,폴바셋,증미역점,77274,7.7274
2026-07-03,폴바셋,증미역점,107820,10.782
2026-07-04,폴바셋,증미역점,77274,7.7274
2026-07-05,폴바셋,증미역점,83238,8.3238
2026-07-06,폴바셋,증미역점,54819,5.4819
2026-07-07,폴바셋,증미역점,29637,2.9637
2026-07-08,폴바셋,증미역점,32364,3.2364
2026-07-09,폴바셋,증미역점,102456,10.2456
2026-07-10,폴바셋,증미역점,76365,7.6365
2026-07-11,폴바셋,증미역점,106911,10.6911
2026-07-12,폴바셋,증미역점,67665,6.7665
2026-07-13,폴바셋,증미역점,78183,7.8183
2026-07-14,폴바셋,증미역점,24273,2.4273
2026-07-15,폴바셋,증미역점,107820,10.782
2026-07-16,폴바셋,증미역점,54819,5.4819
2026-07-17,폴바셋,증미역점,115911,11.5911
2026-07-18,폴바셋,증미역점,40455,4.0455
2026-07-19,폴바셋,증미역점,71910,7.191
2026-07-20,폴바셋,증미역점,108186,10.8186
2026-07-21,폴바셋,증미역점,115366,11.5366
2026-07-22,폴바셋,증미역점,143914,14.3914
2026-07-23,폴바셋,증미역점,84694,8.4694
2026-07-24,폴바셋,증미역점,93639,9.3639
2026-07-25,폴바셋,증미역점,153732,15.3732
2026-07-26,폴바셋,증미역점,115114,11.5114
2026-07-27,폴바셋,증미역점,65548,6.5548
2026-07-28,폴바셋,증미역점,98548,9.8548
2026-07-29,폴바셋,증미역점,76365,7.6365
2026-07-30,폴바셋,증미역점,111548,11.1548
2026-07-31,폴바셋,증미역점,145548,14.5548
2026-07-01,폴바셋,롯데백화점 중동점,81005,8.1005
2026-07-02,폴바셋,롯데백화점 중동점,51731,5.1731
2026-07-03,폴바셋,롯데백화점 중동점,72277,7.2277
2026-07-04,폴바셋,롯데백화점 중동점,119732,11.9732
2026-07-05,폴바셋,롯데백화점 중동점,69731,6.9731
2026-07-06,폴바셋,롯데백화점 중동점,38094,3.8094
2026-07-07,폴바셋,롯데백화점 중동점,118643,11.8643
2026-07-08,폴바셋,롯데백화점 중동점,54147,5.4147
2026-07-09,폴바셋,롯데백화점 중동점,63730,6.373
2026-07-10,폴바셋,롯데백화점 중동점,119914,11.9914
2026-07-11,폴바셋,롯데백화점 중동점,115641,11.5641
2026-07-12,폴바셋,롯데백화점 중동점,135641,13.5641
2026-07-13,폴바셋,롯데백화점 중동점,0,0
2026-07-14,폴바셋,롯데백화점 중동점,83820,8.382
2026-07-15,폴바셋,롯데백화점 중동점,68821,6.8821
2026-07-16,폴바셋,롯데백화점 중동점,199012,19.9012
2026-07-17,폴바셋,롯데백화점 중동점,70276,7.0276
2026-07-18,폴바셋,롯데백화점 중동점,83551,8.3551
2026-07-19,폴바셋,롯데백화점 중동점,92188,9.2188
2026-07-20,폴바셋,롯데백화점 중동점,58004,5.8004
2026-07-21,폴바셋,롯데백화점 중동점,120189,12.0189
2026-07-22,폴바셋,롯데백화점 중동점,43547,4.3547
2026-07-23,폴바셋,롯데백화점 중동점,70820,7.082
2026-07-24,폴바셋,롯데백화점 중동점,101366,10.1366
2026-07-25,폴바셋,롯데백화점 중동점,138095,13.8095
2026-07-26,폴바셋,롯데백화점 중동점,115735,11.5735
2026-07-27,폴바셋,롯데백화점 중동점,91458,9.1458
2026-07-28,폴바셋,롯데백화점 중동점,58912,5.8912
2026-07-29,폴바셋,롯데백화점 중동점,122553,12.2553
2026-07-30,폴바셋,롯데백화점 중동점,159735,15.9735
2026-07-31,폴바셋,롯데백화점 중동점,99005,9.9005
2026-07-01,폴바셋,평택 소사 DT점,91638,9.1638
2026-07-02,폴바셋,평택 소사 DT점,114093,11.4093
2026-07-03,폴바셋,평택 소사 DT점,78183,7.8183
2026-07-04,폴바셋,평택 소사 DT점,77274,7.7274
2026-07-05,폴바셋,평택 소사 DT점,100638,10.0638
2026-07-06,폴바셋,평택 소사 DT점,71001,7.1001
2026-07-07,폴바셋,평택 소사 DT점,129366,12.9366
2026-07-08,폴바셋,평택 소사 DT점,87183,8.7183
2026-07-09,폴바셋,평택 소사 DT점,98820,9.882
2026-07-10,폴바셋,평택 소사 DT점,101547,10.1547
2026-07-11,폴바셋,평택 소사 DT점,107820,10.782
2026-07-12,폴바셋,평택 소사 DT점,54819,5.4819
2026-07-13,폴바셋,평택 소사 DT점,87183,8.7183
2026-07-14,폴바셋,평택 소사 DT점,68274,6.8274
2026-07-15,폴바셋,평택 소사 DT점,53001,5.3001
2026-07-16,폴바셋,평택 소사 DT점,108729,10.8729
2026-07-17,폴바셋,평택 소사 DT점,118638,11.8638
2026-07-18,폴바셋,평택 소사 DT점,78183,7.8183
2026-07-19,폴바셋,평택 소사 DT점,143056,14.3056
2026-07-20,폴바셋,평택 소사 DT점,63819,6.3819
2026-07-21,폴바셋,평택 소사 DT점,92547,9.2547
2026-07-22,폴바셋,평택 소사 DT점,91638,9.1638
2026-07-23,폴바셋,평택 소사 DT점,124911,12.4911
2026-07-24,폴바셋,평택 소사 DT점,48546,4.8546
2026-07-25,폴바셋,평택 소사 DT점,168912,16.8912
2026-07-26,폴바셋,평택 소사 DT점,56637,5.6637
2026-07-27,폴바셋,평택 소사 DT점,30546,3.0546
2026-07-28,폴바셋,평택 소사 DT점,83547,8.3547
2026-07-29,폴바셋,평택 소사 DT점,101547,10.1547
2026-07-30,폴바셋,평택 소사 DT점,79366,7.9366
2026-07-31,폴바셋,평택 소사 DT점,120002,12.0002
2026-07-01,폴바셋,여의도 국회대로점,70092,7.0092
2026-07-02,폴바셋,여의도 국회대로점,45819,4.5819
2026-07-03,폴바셋,여의도 국회대로점,71001,7.1001
2026-07-04,폴바셋,여의도 국회대로점,61092,6.1092
2026-07-05,폴바셋,여의도 국회대로점,24273,2.4273
2026-07-06,폴바셋,여의도 국회대로점,78183,7.8183
2026-07-07,폴바셋,여의도 국회대로점,62910,6.291
2026-07-08,폴바셋,여의도 국회대로점,95274,9.5274
2026-07-09,폴바셋,여의도 국회대로점,47637,4.7637
2026-07-10,폴바셋,여의도 국회대로점,79092,7.9092
2026-07-11,폴바셋,여의도 국회대로점,54819,5.4819
2026-07-12,폴바셋,여의도 국회대로점,32364,3.2364
2026-07-13,폴바셋,여의도 국회대로점,31455,3.1455
2026-07-14,폴바셋,여의도 국회대로점,46728,4.6728
2026-07-15,폴바셋,여의도 국회대로점,55728,5.5728
2026-07-16,폴바셋,여의도 국회대로점,71001,7.1001
2026-07-17,폴바셋,여의도 국회대로점,15273,1.5273
2026-07-18,폴바셋,여의도 국회대로점,24273,2.4273
2026-07-19,폴바셋,여의도 국회대로점,63819,6.3819
2026-07-20,폴바셋,여의도 국회대로점,39546,3.9546
2026-07-21,폴바셋,여의도 국회대로점,144835,14.4835
2026-07-22,폴바셋,여의도 국회대로점,101006,10.1006
2026-07-23,폴바셋,여의도 국회대로점,144915,14.4915
2026-07-24,폴바셋,여의도 국회대로점,255831,25.5831
2026-07-25,폴바셋,여의도 국회대로점,201193,20.1193
2026-07-26,폴바셋,여의도 국회대로점,146279,14.6279
2026-07-27,폴바셋,여의도 국회대로점,164824,16.4824
2026-07-28,폴바셋,여의도 국회대로점,159371,15.9371
2026-07-29,폴바셋,여의도 국회대로점,197824,19.7824
2026-07-30,폴바셋,여의도 국회대로점,217962,21.7962
2026-07-31,폴바셋,여의도 국회대로점,205008,20.5008
2026-07-01,폴바셋,반포 쌍동빌딩점,38637,3.8637
2026-07-02,폴바셋,반포 쌍동빌딩점,44546,4.4546
2026-07-03,폴바셋,반포 쌍동빌딩점,51364,5.1364
2026-07-04,폴바셋,반포 쌍동빌딩점,108909,10.8909
2026-07-05,폴바셋,반포 쌍동빌딩점,35182,3.5182
2026-07-06,폴바셋,반포 쌍동빌딩점,37364,3.7364
2026-07-07,폴바셋,반포 쌍동빌딩점,76001,7.6001
2026-07-08,폴바셋,반포 쌍동빌딩점,56364,5.6364
2026-07-09,폴바셋,반포 쌍동빌딩점,50455,5.0455
2026-07-10,폴바셋,반포 쌍동빌딩점,29273,2.9273
2026-07-11,폴바셋,반포 쌍동빌딩점,86910,8.691
2026-07-12,폴바셋,반포 쌍동빌딩점,33909,3.3909
2026-07-13,폴바셋,반포 쌍동빌딩점,66637,6.6637
2026-07-14,폴바셋,반포 쌍동빌딩점,58546,5.8546
2026-07-15,폴바셋,반포 쌍동빌딩점,75909,7.5909
2026-07-16,폴바셋,반포 쌍동빌딩점,39546,3.9546
2026-07-17,폴바셋,반포 쌍동빌딩점,54819,5.4819
2026-07-18,폴바셋,반포 쌍동빌딩점,61092,6.1092
2026-07-19,폴바셋,반포 쌍동빌딩점,24273,2.4273
2026-07-20,폴바셋,반포 쌍동빌딩점,57273,5.7273
2026-07-21,폴바셋,반포 쌍동빌딩점,198374,19.8374
2026-07-22,폴바셋,반포 쌍동빌딩점,155825,15.5825
2026-07-23,폴바셋,반포 쌍동빌딩점,196100,19.61
2026-07-24,폴바셋,반포 쌍동빌딩점,271554,27.1554
2026-07-25,폴바셋,반포 쌍동빌딩점,263195,26.3195
2026-07-26,폴바셋,반포 쌍동빌딩점,86913,8.6913
2026-07-27,폴바셋,반포 쌍동빌딩점,100460,10.046
2026-07-28,폴바셋,반포 쌍동빌딩점,192281,19.2281
2026-07-29,폴바셋,반포 쌍동빌딩점,131187,13.1187
2026-07-30,폴바셋,반포 쌍동빌딩점,180465,18.0465
2026-07-31,폴바셋,반포 쌍동빌딩점,179917,17.9917
2026-07-01,폴바셋,혜화역점,108001,10.8001
2026-07-02,폴바셋,혜화역점,104001,10.4001
2026-07-03,폴바셋,혜화역점,154092,15.4092
2026-07-04,폴바셋,혜화역점,127729,12.7729
2026-07-05,폴바셋,혜화역점,68227,6.8227
2026-07-06,폴바셋,혜화역점,108637,10.8637
2026-07-07,폴바셋,혜화역점,110183,11.0183
2026-07-08,폴바셋,혜화역점,89092,8.9092
2026-07-09,폴바셋,혜화역점,102728,10.2728
2026-07-10,폴바셋,혜화역점,121728,12.1728
2026-07-11,폴바셋,혜화역점,104546,10.4546
2026-07-12,폴바셋,혜화역점,106728,10.6728
2026-07-13,폴바셋,혜화역점,38000,3.8
2026-07-14,폴바셋,혜화역점,78183,7.8183
2026-07-15,폴바셋,혜화역점,42364,4.2364
2026-07-16,폴바셋,혜화역점,101819,10.1819
2026-07-17,폴바셋,혜화역점,129547,12.9547
2026-07-18,폴바셋,혜화역점,155729,15.5729
2026-07-19,폴바셋,혜화역점,78728,7.8728
2026-07-20,폴바셋,혜화역점,14364,1.4364
2026-07-21,폴바셋,혜화역점,96591,9.6591
2026-07-22,폴바셋,혜화역점,154820,15.482
2026-07-23,폴바셋,혜화역점,96274,9.6274
2026-07-24,폴바셋,혜화역점,99637,9.9637
2026-07-25,폴바셋,혜화역점,123638,12.3638
2026-07-26,폴바셋,혜화역점,80273,8.0273
2026-07-27,폴바셋,혜화역점,47637,4.7637
2026-07-28,폴바셋,혜화역점,113484,11.3484
2026-07-29,폴바셋,혜화역점,102728,10.2728
2026-07-30,폴바셋,혜화역점,100274,10.0274
2026-07-31,폴바셋,혜화역점,120638,12.0638
2026-07-01,폴바셋,송도 센트럴파크점,22455,2.2455
2026-07-02,폴바셋,송도 센트럴파크점,77274,7.7274
2026-07-03,폴바셋,송도 센트럴파크점,53001,5.3001
2026-07-04,폴바셋,송도 센트럴파크점,62001,6.2001
2026-07-05,폴바셋,송도 센트럴파크점,53910,5.391
2026-07-06,폴바셋,송도 센트럴파크점,77274,7.7274
2026-07-07,폴바셋,송도 센트럴파크점,80001,8.0001
2026-07-08,폴바셋,송도 센트럴파크점,62910,6.291
2026-07-09,폴바셋,송도 센트럴파크점,62910,6.291
2026-07-10,폴바셋,송도 센트럴파크점,84456,8.4456
2026-07-11,폴바셋,송도 센트럴파크점,165366,16.5366
2026-07-12,폴바셋,송도 센트럴파크점,142002,14.2002
2026-07-13,폴바셋,송도 센트럴파크점,79092,7.9092
2026-07-14,폴바셋,송도 센트럴파크점,40455,4.0455
2026-07-15,폴바셋,송도 센트럴파크점,54819,5.4819
2026-07-16,폴바셋,송도 센트럴파크점,31455,3.1455
2026-07-17,폴바셋,송도 센트럴파크점,44910,4.491
2026-07-18,폴바셋,송도 센트럴파크점,53910,5.391
2026-07-19,폴바셋,송도 센트럴파크점,79092,7.9092
2026-07-20,폴바셋,송도 센트럴파크점,117729,11.7729
2026-07-21,폴바셋,송도 센트럴파크점,77274,7.7274
2026-07-22,폴바셋,송도 센트럴파크점,77274,7.7274
2026-07-23,폴바셋,송도 센트럴파크점,53910,5.391
2026-07-24,폴바셋,송도 센트럴파크점,104006,10.4006
2026-07-25,폴바셋,송도 센트럴파크점,203918,20.3918
2026-07-26,폴바셋,송도 센트럴파크점,299281,29.9281
2026-07-27,폴바셋,송도 센트럴파크점,178823,17.8823
2026-07-28,폴바셋,송도 센트럴파크점,156553,15.6553
2026-07-29,폴바셋,송도 센트럴파크점,134458,13.4458
2026-07-30,폴바셋,송도 센트럴파크점,176098,17.6098
2026-07-31,폴바셋,송도 센트럴파크점,195190,19.519
2026-07-01,폴바셋,영등포 타임스퀘어점,68274,6.8274
2026-07-02,폴바셋,영등포 타임스퀘어점,76365,7.6365
2026-07-03,폴바셋,영등포 타임스퀘어점,92547,9.2547
2026-07-04,폴바셋,영등포 타임스퀘어점,105093,10.5093
2026-07-05,폴바셋,영등포 타임스퀘어점,32364,3.2364
2026-07-06,폴바셋,영등포 타임스퀘어점,31455,3.1455
2026-07-07,폴바셋,영등포 타임스퀘어점,37728,3.7728
2026-07-08,폴바셋,영등포 타임스퀘어점,22455,2.2455
2026-07-09,폴바셋,영등포 타임스퀘어점,44910,4.491
2026-07-10,폴바셋,영등포 타임스퀘어점,86274,8.6274
2026-07-11,폴바셋,영등포 타임스퀘어점,53910,5.391
2026-07-12,폴바셋,영등포 타임스퀘어점,48546,4.8546
2026-07-13,폴바셋,영등포 타임스퀘어점,39546,3.9546
2026-07-14,폴바셋,영등포 타임스퀘어점,92547,9.2547
2026-07-15,폴바셋,영등포 타임스퀘어점,62001,6.2001
2026-07-16,폴바셋,영등포 타임스퀘어점,78183,7.8183
2026-07-17,폴바셋,영등포 타임스퀘어점,85365,8.5365
2026-07-18,폴바셋,영등포 타임스퀘어점,70092,7.0092
2026-07-19,폴바셋,영등포 타임스퀘어점,64728,6.4728
2026-07-20,폴바셋,영등포 타임스퀘어점,29637,2.9637
2026-07-21,폴바셋,영등포 타임스퀘어점,46728,4.6728
2026-07-22,폴바셋,영등포 타임스퀘어점,88092,8.8092
2026-07-23,폴바셋,영등포 타임스퀘어점,53910,5.391
2026-07-24,폴바셋,영등포 타임스퀘어점,181009,18.1009
2026-07-25,폴바셋,영등포 타임스퀘어점,290835,29.0835
2026-07-26,폴바셋,영등포 타임스퀘어점,239834,23.9834
2026-07-27,폴바셋,영등포 타임스퀘어점,247739,24.7739
2026-07-28,폴바셋,영등포 타임스퀘어점,179645,17.9645
2026-07-29,폴바셋,영등포 타임스퀘어점,232736,23.2736
2026-07-30,폴바셋,영등포 타임스퀘어점,217465,21.7465
2026-07-31,폴바셋,영등포 타임스퀘어점,252556,25.2556
2026-07-01,폴바셋,수서역점,54819,5.4819
2026-07-02,폴바셋,수서역점,37728,3.7728
2026-07-03,폴바셋,수서역점,78183,7.8183
2026-07-04,폴바셋,수서역점,78183,7.8183
2026-07-05,폴바셋,수서역점,40455,4.0455
2026-07-06,폴바셋,수서역점,62910,6.291
2026-07-07,폴바셋,수서역점,62910,6.291
2026-07-08,폴바셋,수서역점,38637,3.8637
2026-07-09,폴바셋,수서역점,78183,7.8183
2026-07-10,폴바셋,수서역점,70092,7.0092
2026-07-11,폴바셋,수서역점,16182,1.6182
2026-07-12,폴바셋,수서역점,30546,3.0546
2026-07-13,폴바셋,수서역점,62910,6.291
2026-07-14,폴바셋,수서역점,62001,6.2001
2026-07-15,폴바셋,수서역점,47637,4.7637
2026-07-16,폴바셋,수서역점,84456,8.4456
2026-07-17,폴바셋,수서역점,46728,4.6728
2026-07-18,폴바셋,수서역점,23364,2.3364
2026-07-19,폴바셋,수서역점,23364,2.3364
2026-07-20,폴바셋,수서역점,54819,5.4819
2026-07-21,폴바셋,수서역점,211148,21.1148
2026-07-22,폴바셋,수서역점,196125,19.6125
2026-07-23,폴바셋,수서역점,242283,24.2283
2026-07-24,폴바셋,수서역점,202700,20.27
2026-07-25,폴바셋,수서역점,201274,20.1274
2026-07-26,폴바셋,수서역점,265464,26.5464
2026-07-27,폴바셋,수서역점,213649,21.3649
2026-07-28,폴바셋,수서역점,191734,19.1734
2026-07-29,폴바셋,수서역점,175464,17.5464
2026-07-30,폴바셋,수서역점,219012,21.9012
2026-07-31,폴바셋,수서역점,197601,19.7601
2026-07-01,폴바셋,코엑스몰점,163548,16.3548
2026-07-02,폴바셋,코엑스몰점,186548,18.6548
2026-07-03,폴바셋,코엑스몰점,147911,14.7911
2026-07-04,폴바셋,코엑스몰점,70092,7.0092
2026-07-05,폴바셋,코엑스몰점,21182,2.1182
2026-07-06,폴바셋,코엑스몰점,115547,11.5547
2026-07-07,폴바셋,코엑스몰점,108729,10.8729
2026-07-08,폴바셋,코엑스몰점,91910,9.191
2026-07-09,폴바셋,코엑스몰점,163184,16.3184
2026-07-10,폴바셋,코엑스몰점,157911,15.7911
2026-07-11,폴바셋,코엑스몰점,58910,5.891
2026-07-12,폴바셋,코엑스몰점,44182,4.4182
2026-07-13,폴바셋,코엑스몰점,98456,9.8456
2026-07-14,폴바셋,코엑스몰점,110274,11.0274
2026-07-15,폴바셋,코엑스몰점,159820,15.982
2026-07-16,폴바셋,코엑스몰점,158274,15.8274
2026-07-17,폴바셋,코엑스몰점,99729,9.9729
2026-07-18,폴바셋,코엑스몰점,64455,6.4455
2026-07-19,폴바셋,코엑스몰점,54455,5.4455
2026-07-20,폴바셋,코엑스몰점,58910,5.891
2026-07-21,폴바셋,코엑스몰점,81001,8.1001
2026-07-22,폴바셋,코엑스몰점,145548,14.5548
2026-07-23,폴바셋,코엑스몰점,118910,11.891
2026-07-24,폴바셋,코엑스몰점,115002,11.5002
2026-07-25,폴바셋,코엑스몰점,103456,10.3456
2026-07-26,폴바셋,코엑스몰점,80910,8.091
2026-07-27,폴바셋,코엑스몰점,97547,9.7547
2026-07-28,폴바셋,코엑스몰점,144183,14.4183
2026-07-29,폴바셋,코엑스몰점,85910,8.591
2026-07-30,폴바셋,코엑스몰점,231549,23.1549
2026-07-31,폴바셋,코엑스몰점,190729,19.0729
2026-07-01,폴바셋,광화문 예금보험공사점,114385,11.4385
2026-07-02,폴바셋,광화문 예금보험공사점,158337,15.8337
2026-07-03,폴바셋,광화문 예금보험공사점,182612,18.2612
2026-07-04,폴바셋,광화문 예금보험공사점,59912,5.9912
2026-07-05,폴바셋,광화문 예금보험공사점,66283,6.6283
2026-07-06,폴바셋,광화문 예금보험공사점,135530,13.553
2026-07-07,폴바셋,광화문 예금보험공사점,143013,14.3013
2026-07-08,폴바셋,광화문 예금보험공사점,138851,13.8851
2026-07-09,폴바셋,광화문 예금보험공사점,243386,24.3386
2026-07-10,폴바셋,광화문 예금보험공사점,109769,10.9769
2026-07-11,폴바셋,광화문 예금보험공사점,159475,15.9475
2026-07-12,폴바셋,광화문 예금보험공사점,44546,4.4546
2026-07-13,폴바셋,광화문 예금보험공사점,183234,18.3234
2026-07-14,폴바셋,광화문 예금보험공사점,155312,15.5312
2026-07-15,폴바셋,광화문 예금보험공사점,94103,9.4103
2026-07-16,폴바셋,광화문 예금보험공사점,148459,14.8459
2026-07-17,폴바셋,광화문 예금보험공사점,60730,6.073
2026-07-18,폴바셋,광화문 예금보험공사점,21910,2.191
2026-07-19,폴바셋,광화문 예금보험공사점,18728,1.8728
2026-07-20,폴바셋,광화문 예금보험공사점,108592,10.8592
2026-07-21,폴바셋,광화문 예금보험공사점,128434,12.8434
2026-07-22,폴바셋,광화문 예금보험공사점,102778,10.2778
2026-07-23,폴바셋,광화문 예금보험공사점,143741,14.3741
2026-07-24,폴바셋,광화문 예금보험공사점,150962,15.0962
2026-07-25,폴바셋,광화문 예금보험공사점,24637,2.4637
2026-07-26,폴바셋,광화문 예금보험공사점,0,0
2026-07-27,폴바셋,광화문 예금보험공사점,102183,10.2183
2026-07-28,폴바셋,광화문 예금보험공사점,107795,10.7795
2026-07-29,폴바셋,광화문 예금보험공사점,132529,13.2529
2026-07-30,폴바셋,광화문 예금보험공사점,167240,16.724
2026-07-31,폴바셋,광화문 예금보험공사점,193961,19.3961
2026-07-01,폴바셋,용산 아이파크몰점,125553,12.5553
2026-07-02,폴바셋,용산 아이파크몰점,94512,9.4512
2026-07-03,폴바셋,용산 아이파크몰점,98369,9.8369
2026-07-04,폴바셋,용산 아이파크몰점,143099,14.3099
2026-07-05,폴바셋,용산 아이파크몰점,196012,19.6012
2026-07-06,폴바셋,용산 아이파크몰점,132372,13.2372
2026-07-07,폴바셋,용산 아이파크몰점,63457,6.3457
2026-07-08,폴바셋,용산 아이파크몰점,85733,8.5733
2026-07-09,폴바셋,용산 아이파크몰점,119169,11.9169
2026-07-10,폴바셋,용산 아이파크몰점,82642,8.2642
2026-07-11,폴바셋,용산 아이파크몰점,163373,16.3373
2026-07-12,폴바셋,용산 아이파크몰점,128187,12.8187
2026-07-13,폴바셋,용산 아이파크몰점,105280,10.528
2026-07-14,폴바셋,용산 아이파크몰점,104734,10.4734
2026-07-15,폴바셋,용산 아이파크몰점,109916,10.9916
2026-07-16,폴바셋,용산 아이파크몰점,76915,7.6915
2026-07-17,폴바셋,용산 아이파크몰점,198740,19.874
2026-07-18,폴바셋,용산 아이파크몰점,132091,13.2091
2026-07-19,폴바셋,용산 아이파크몰점,180922,18.0922
2026-07-20,폴바셋,용산 아이파크몰점,140643,14.0643
2026-07-21,폴바셋,용산 아이파크몰점,109187,10.9187
2026-07-22,폴바셋,용산 아이파크몰점,95914,9.5914
2026-07-23,폴바셋,용산 아이파크몰점,117914,11.7914
2026-07-24,폴바셋,용산 아이파크몰점,63729,6.3729
2026-07-25,폴바셋,용산 아이파크몰점,161010,16.101
2026-07-26,폴바셋,용산 아이파크몰점,102460,10.246
2026-07-27,폴바셋,용산 아이파크몰점,126464,12.6464
2026-07-28,폴바셋,용산 아이파크몰점,105187,10.5187
2026-07-29,폴바셋,용산 아이파크몰점,145190,14.519
2026-07-30,폴바셋,용산 아이파크몰점,131644,13.1644
2026-07-31,폴바셋,용산 아이파크몰점,141817,14.1817
2026-07-01,폴바셋,해운대 팔라티움점,0,0
2026-07-02,폴바셋,해운대 팔라티움점,0,0
2026-07-03,폴바셋,해운대 팔라티움점,0,0
2026-07-04,폴바셋,해운대 팔라티움점,0,0
2026-07-05,폴바셋,해운대 팔라티움점,0,0
2026-07-06,폴바셋,해운대 팔라티움점,0,0
2026-07-07,폴바셋,해운대 팔라티움점,0,0
2026-07-08,폴바셋,해운대 팔라티움점,0,0
2026-07-09,폴바셋,해운대 팔라티움점,0,0
2026-07-10,폴바셋,해운대 팔라티움점,0,0
2026-07-11,폴바셋,해운대 팔라티움점,0,0
2026-07-12,폴바셋,해운대 팔라티움점,0,0
2026-07-13,폴바셋,해운대 팔라티움점,0,0
2026-07-14,폴바셋,해운대 팔라티움점,0,0
2026-07-15,폴바셋,해운대 팔라티움점,0,0
2026-07-16,폴바셋,해운대 팔라티움점,398161,39.8161
2026-07-17,폴바셋,해운대 팔라티움점,369198,36.9198
2026-07-18,폴바셋,해운대 팔라티움점,256050,25.605
2026-07-19,폴바셋,해운대 팔라티움점,266915,26.6915
2026-07-20,폴바셋,해운대 팔라티움점,179280,17.928
2026-07-21,폴바셋,해운대 팔라티움점,174165,17.4165
2026-07-22,폴바셋,해운대 팔라티움점,162571,16.2571
2026-07-23,폴바셋,해운대 팔라티움점,218827,21.8827
2026-07-24,폴바셋,해운대 팔라티움점,211866,21.1866
2026-07-25,폴바셋,해운대 팔라티움점,304849,30.4849
2026-07-26,폴바셋,해운대 팔라티움점,320208,32.0208
2026-07-27,폴바셋,해운대 팔라티움점,217009,21.7009
2026-07-28,폴바셋,해운대 팔라티움점,188487,18.8487
2026-07-29,폴바셋,해운대 팔라티움점,229010,22.901
2026-07-30,폴바셋,해운대 팔라티움점,254288,25.4288
2026-07-31,폴바셋,해운대 팔라티움점,253103,25.3103
2026-07-01,폴바셋,롯데백화점 상인점,0,0
2026-07-02,폴바셋,롯데백화점 상인점,0,0
2026-07-03,폴바셋,롯데백화점 상인점,0,0
2026-07-04,폴바셋,롯데백화점 상인점,0,0
2026-07-05,폴바셋,롯데백화점 상인점,0,0
2026-07-06,폴바셋,롯데백화점 상인점,0,0
2026-07-07,폴바셋,롯데백화점 상인점,0,0
2026-07-08,폴바셋,롯데백화점 상인점,0,0
2026-07-09,폴바셋,롯데백화점 상인점,0,0
2026-07-10,폴바셋,롯데백화점 상인점,372795,37.2795
2026-07-11,폴바셋,롯데백화점 상인점,417377,41.7377
2026-07-12,폴바셋,롯데백화점 상인점,533928,53.3928
2026-07-13,폴바셋,롯데백화점 상인점,0,0
2026-07-14,폴바셋,롯데백화점 상인점,238377,23.8377
2026-07-15,폴바셋,롯데백화점 상인점,191092,19.1092
2026-07-16,폴바셋,롯데백화점 상인점,180116,18.0116
2026-07-17,폴바셋,롯데백화점 상인점,219987,21.9987
2026-07-18,폴바셋,롯데백화점 상인점,167420,16.742
2026-07-19,폴바셋,롯데백화점 상인점,157964,15.7964
2026-07-20,폴바셋,롯데백화점 상인점,151191,15.1191
2026-07-21,폴바셋,롯데백화점 상인점,182462,18.2462
2026-07-22,폴바셋,롯데백화점 상인점,107915,10.7915
2026-07-23,폴바셋,롯데백화점 상인점,154373,15.4373
2026-07-24,폴바셋,롯데백화점 상인점,166373,16.6373
2026-07-25,폴바셋,롯데백화점 상인점,156736,15.6736
2026-07-26,폴바셋,롯데백화점 상인점,123829,12.3829
2026-07-27,폴바셋,롯데백화점 상인점,83187,8.3187
2026-07-28,폴바셋,롯데백화점 상인점,86913,8.6913
2026-07-29,폴바셋,롯데백화점 상인점,131596,13.1596
2026-07-30,폴바셋,롯데백화점 상인점,97640,9.764
2026-07-31,폴바셋,롯데백화점 상인점,129916,12.9916
2026-07-01,폴바셋,여의도 현대카드점,167877,16.7877
2026-07-02,폴바셋,여의도 현대카드점,172114,17.2114
2026-07-03,폴바셋,여의도 현대카드점,230765,23.0765
2026-07-04,폴바셋,여의도 현대카드점,0,0
2026-07-05,폴바셋,여의도 현대카드점,0,0
2026-07-06,폴바셋,여의도 현대카드점,211657,21.1657
2026-07-07,폴바셋,여의도 현대카드점,145323,14.5323
2026-07-08,폴바셋,여의도 현대카드점,204012,20.4012
2026-07-09,폴바셋,여의도 현대카드점,215285,21.5285
2026-07-10,폴바셋,여의도 현대카드점,175175,17.5175
2026-07-11,폴바셋,여의도 현대카드점,0,0
2026-07-12,폴바셋,여의도 현대카드점,0,0
2026-07-13,폴바셋,여의도 현대카드점,134088,13.4088
2026-07-14,폴바셋,여의도 현대카드점,177304,17.7304
2026-07-15,폴바셋,여의도 현대카드점,179938,17.9938
2026-07-16,폴바셋,여의도 현대카드점,191013,19.1013
2026-07-17,폴바셋,여의도 현대카드점,0,0
2026-07-18,폴바셋,여의도 현대카드점,0,0
2026-07-19,폴바셋,여의도 현대카드점,0,0
2026-07-20,폴바셋,여의도 현대카드점,179932,17.9932
2026-07-21,폴바셋,여의도 현대카드점,167994,16.7994
2026-07-22,폴바셋,여의도 현대카드점,260800,26.08
2026-07-23,폴바셋,여의도 현대카드점,183137,18.3137
2026-07-24,폴바셋,여의도 현대카드점,138749,13.8749
2026-07-25,폴바셋,여의도 현대카드점,0,0
2026-07-26,폴바셋,여의도 현대카드점,0,0
2026-07-27,폴바셋,여의도 현대카드점,169265,16.9265
2026-07-28,폴바셋,여의도 현대카드점,215084,21.5084
2026-07-29,폴바셋,여의도 현대카드점,158404,15.8404
2026-07-30,폴바셋,여의도 현대카드점,208613,20.8613
2026-07-31,폴바셋,여의도 현대카드점,220088,22.0088
2026-07-01,폴바셋,연세와병원점,169824,16.9824
2026-07-02,폴바셋,연세와병원점,219636,21.9636
2026-07-03,폴바셋,연세와병원점,112003,11.2003
2026-07-04,폴바셋,연세와병원점,260648,26.0648
2026-07-05,폴바셋,연세와병원점,149917,14.9917
2026-07-06,폴바셋,연세와병원점,139462,13.9462
2026-07-07,폴바셋,연세와병원점,143914,14.3914
2026-07-08,폴바셋,연세와병원점,136551,13.6551
2026-07-09,폴바셋,연세와병원점,140186,14.0186
2026-07-10,폴바셋,연세와병원점,113459,11.3459
2026-07-11,폴바셋,연세와병원점,279645,27.9645
2026-07-12,폴바셋,연세와병원점,145462,14.5462
2026-07-13,폴바셋,연세와병원점,104456,10.4456
2026-07-14,폴바셋,연세와병원점,120368,12.0368
2026-07-15,폴바셋,연세와병원점,116821,11.6821
2026-07-16,폴바셋,연세와병원점,219916,21.9916
2026-07-17,폴바셋,연세와병원점,144827,14.4827
2026-07-18,폴바셋,연세와병원점,170099,17.0099
2026-07-19,폴바셋,연세와병원점,84240,8.424
2026-07-20,폴바셋,연세와병원점,180915,18.0915
2026-07-21,폴바셋,연세와병원점,67821,6.7821
2026-07-22,폴바셋,연세와병원점,207733,20.7733
2026-07-23,폴바셋,연세와병원점,48458,4.8458
2026-07-24,폴바셋,연세와병원점,127187,12.7187
2026-07-25,폴바셋,연세와병원점,209188,20.9188
2026-07-26,폴바셋,연세와병원점,152825,15.2825
2026-07-27,폴바셋,연세와병원점,104096,10.4096
2026-07-28,폴바셋,연세와병원점,113367,11.3367
2026-07-29,폴바셋,연세와병원점,163554,16.3554
2026-07-30,폴바셋,연세와병원점,159486,15.9486
2026-07-31,폴바셋,연세와병원점,116459,11.6459
2026-07-01,폴바셋,압구정2호점,204191,20.4191
2026-07-02,폴바셋,압구정2호점,175281,17.5281
2026-07-03,폴바셋,압구정2호점,141463,14.1463
2026-07-04,폴바셋,압구정2호점,195463,19.5463
2026-07-05,폴바셋,압구정2호점,269554,26.9554
2026-07-06,폴바셋,압구정2호점,246283,24.6283
2026-07-07,폴바셋,압구정2호점,127551,12.7551
2026-07-08,폴바셋,압구정2호점,208920,20.892
2026-07-09,폴바셋,압구정2호점,100006,10.0006
2026-07-10,폴바셋,압구정2호점,175280,17.528
2026-07-11,폴바셋,압구정2호점,113187,11.3187
2026-07-12,폴바셋,압구정2호점,235281,23.5281
2026-07-13,폴바셋,압구정2호점,169915,16.9915
2026-07-14,폴바셋,압구정2호점,131644,13.1644
2026-07-15,폴바셋,압구정2호점,157460,15.746
2026-07-16,폴바셋,압구정2호점,214373,21.4373
2026-07-17,폴바셋,압구정2호점,107823,10.7823
2026-07-18,폴바셋,압구정2호점,110279,11.0279
2026-07-19,폴바셋,압구정2호점,136460,13.646
2026-07-20,폴바셋,압구정2호점,147369,14.7369
2026-07-21,폴바셋,압구정2호점,183277,18.3277
2026-07-22,폴바셋,압구정2호점,86733,8.6733
2026-07-23,폴바셋,압구정2호점,151099,15.1099
2026-07-24,폴바셋,압구정2호점,105279,10.5279
2026-07-25,폴바셋,압구정2호점,172552,17.2552
2026-07-26,폴바셋,압구정2호점,101822,10.1822
2026-07-27,폴바셋,압구정2호점,157825,15.7825
2026-07-28,폴바셋,압구정2호점,144642,14.4642
2026-07-29,폴바셋,압구정2호점,156096,15.6096
2026-07-30,폴바셋,압구정2호점,133825,13.3825
2026-07-31,폴바셋,압구정2호점,176009,17.6009
2026-07-01,폴바셋,선릉역 동훈타워점,145189,14.5189
2026-07-02,폴바셋,선릉역 동훈타워점,350379,35.0379
2026-07-03,폴바셋,선릉역 동훈타워점,126097,12.6097
2026-07-04,폴바셋,선릉역 동훈타워점,67820,6.782
2026-07-05,폴바셋,선릉역 동훈타워점,15364,1.5364
2026-07-06,폴바셋,선릉역 동훈타워점,158033,15.8033
2026-07-07,폴바셋,선릉역 동훈타워점,227828,22.7828
2026-07-08,폴바셋,선릉역 동훈타워점,415871,41.5871
2026-07-09,폴바셋,선릉역 동훈타워점,181282,18.1282
2026-07-10,폴바셋,선릉역 동훈타워점,130094,13.0094
2026-07-11,폴바셋,선릉역 동훈타워점,35456,3.5456
2026-07-12,폴바셋,선릉역 동훈타워점,10182,1.0182
2026-07-13,폴바셋,선릉역 동훈타워점,144734,14.4734
2026-07-14,폴바셋,선릉역 동훈타워점,361644,36.1644
2026-07-15,폴바셋,선릉역 동훈타워점,278830,27.883
2026-07-16,폴바셋,선릉역 동훈타워점,219646,21.9646
2026-07-17,폴바셋,선릉역 동훈타워점,49455,4.9455
2026-07-18,폴바셋,선릉역 동훈타워점,48366,4.8366
2026-07-19,폴바셋,선릉역 동훈타워점,21182,2.1182
2026-07-20,폴바셋,선릉역 동훈타워점,130189,13.0189
2026-07-21,폴바셋,선릉역 동훈타워점,208463,20.8463
2026-07-22,폴바셋,선릉역 동훈타워점,170919,17.0919
2026-07-23,폴바셋,선릉역 동훈타워점,253644,25.3644
2026-07-24,폴바셋,선릉역 동훈타워점,210482,21.0482
2026-07-25,폴바셋,선릉역 동훈타워점,35184,3.5184
2026-07-26,폴바셋,선릉역 동훈타워점,19546,1.9546
2026-07-27,폴바셋,선릉역 동훈타워점,91004,9.1004
2026-07-28,폴바셋,선릉역 동훈타워점,167101,16.7101
2026-07-29,폴바셋,선릉역 동훈타워점,215464,21.5464
2026-07-30,폴바셋,선릉역 동훈타워점,176825,17.6825
2026-07-31,폴바셋,선릉역 동훈타워점,296107,29.6107
2026-07-01,폴바셋,한남 커피스테이션,138823,13.8823
2026-07-02,폴바셋,한남 커피스테이션,229918,22.9918
2026-07-03,폴바셋,한남 커피스테이션,280465,28.0465
2026-07-04,폴바셋,한남 커피스테이션,220736,22.0736
2026-07-05,폴바셋,한남 커피스테이션,151098,15.1098
2026-07-06,폴바셋,한남 커피스테이션,253465,25.3465
2026-07-07,폴바셋,한남 커피스테이션,133915,13.3915
2026-07-08,폴바셋,한남 커피스테이션,223386,22.3386
2026-07-09,폴바셋,한남 커피스테이션,154190,15.419
2026-07-10,폴바셋,한남 커피스테이션,200553,20.0553
2026-07-11,폴바셋,한남 커피스테이션,283196,28.3196
2026-07-12,폴바셋,한남 커피스테이션,157374,15.7374
2026-07-13,폴바셋,한남 커피스테이션,197847,19.7847
2026-07-14,폴바셋,한남 커피스테이션,133827,13.3827
2026-07-15,폴바셋,한남 커피스테이션,236118,23.6118
2026-07-16,폴바셋,한남 커피스테이션,198102,19.8102
2026-07-17,폴바셋,한남 커피스테이션,133373,13.3373
2026-07-18,폴바셋,한남 커피스테이션,193610,19.361
2026-07-19,폴바셋,한남 커피스테이션,146281,14.6281
2026-07-20,폴바셋,한남 커피스테이션,162335,16.2335
2026-07-21,폴바셋,한남 커피스테이션,150463,15.0463
2026-07-22,폴바셋,한남 커피스테이션,184391,18.4391
2026-07-23,폴바셋,한남 커피스테이션,219374,21.9374
2026-07-24,폴바셋,한남 커피스테이션,171373,17.1373
2026-07-25,폴바셋,한남 커피스테이션,159155,15.9155
2026-07-26,폴바셋,한남 커피스테이션,178518,17.8518
2026-07-27,폴바셋,한남 커피스테이션,134625,13.4625
2026-07-28,폴바셋,한남 커피스테이션,187829,18.7829
2026-07-29,폴바셋,한남 커피스테이션,156825,15.6825
2026-07-30,폴바셋,한남 커피스테이션,228010,22.801
2026-07-31,폴바셋,한남 커피스테이션,168467,16.8467
2026-07-01,폴바셋,강서 부민병원점,133728,13.3728
2026-07-02,폴바셋,강서 부민병원점,212276,21.2276
2026-07-03,폴바셋,강서 부민병원점,132270,13.227
2026-07-04,폴바셋,강서 부민병원점,187546,18.7546
2026-07-05,폴바셋,강서 부민병원점,16182,1.6182
2026-07-06,폴바셋,강서 부민병원점,95000,9.5
2026-07-07,폴바셋,강서 부민병원점,152456,15.2456
2026-07-08,폴바셋,강서 부민병원점,257644,25.7644
2026-07-09,폴바셋,강서 부민병원점,336827,33.6827
2026-07-10,폴바셋,강서 부민병원점,170729,17.0729
2026-07-11,폴바셋,강서 부민병원점,206554,20.6554
2026-07-12,폴바셋,강서 부민병원점,107188,10.7188
2026-07-13,폴바셋,강서 부민병원점,151731,15.1731
2026-07-14,폴바셋,강서 부민병원점,253829,25.3829
2026-07-15,폴바셋,강서 부민병원점,209645,20.9645
2026-07-16,폴바셋,강서 부민병원점,194096,19.4096
2026-07-17,폴바셋,강서 부민병원점,179367,17.9367
2026-07-18,폴바셋,강서 부민병원점,215462,21.5462
2026-07-19,폴바셋,강서 부민병원점,45459,4.5459
2026-07-20,폴바셋,강서 부민병원점,224461,22.4461
2026-07-21,폴바셋,강서 부민병원점,243738,24.3738
2026-07-22,폴바셋,강서 부민병원점,232370,23.237
2026-07-23,폴바셋,강서 부민병원점,193735,19.3735
2026-07-24,폴바셋,강서 부민병원점,253551,25.3551
2026-07-25,폴바셋,강서 부민병원점,237827,23.7827
2026-07-26,폴바셋,강서 부민병원점,67002,6.7002
2026-07-27,폴바셋,강서 부민병원점,204914,20.4914
2026-07-28,폴바셋,강서 부민병원점,212916,21.2916
2026-07-29,폴바셋,강서 부민병원점,263643,26.3643
2026-07-30,폴바셋,강서 부민병원점,216278,21.6278
2026-07-31,폴바셋,강서 부민병원점,225005,22.5005
2026-07-01,폴바셋,현대백화점 미아점,185646,18.5646
2026-07-02,폴바셋,현대백화점 미아점,204193,20.4193
2026-07-03,폴바셋,현대백화점 미아점,178737,17.8737
2026-07-04,폴바셋,현대백화점 미아점,373291,37.3291
2026-07-05,폴바셋,현대백화점 미아점,222464,22.2464
2026-07-06,폴바셋,현대백화점 미아점,190827,19.0827
2026-07-07,폴바셋,현대백화점 미아점,203100,20.31
2026-07-08,폴바셋,현대백화점 미아점,188099,18.8099
2026-07-09,폴바셋,현대백화점 미아점,109188,10.9188
2026-07-10,폴바셋,현대백화점 미아점,215645,21.5645
2026-07-11,폴바셋,현대백화점 미아점,255287,25.5287
2026-07-12,폴바셋,현대백화점 미아점,191557,19.1557
2026-07-13,폴바셋,현대백화점 미아점,0,0
2026-07-14,폴바셋,현대백화점 미아점,146099,14.6099
2026-07-15,폴바셋,현대백화점 미아점,199281,19.9281
2026-07-16,폴바셋,현대백화점 미아점,168097,16.8097
2026-07-17,폴바셋,현대백화점 미아점,283651,28.3651
2026-07-18,폴바셋,현대백화점 미아점,259375,25.9375
2026-07-19,폴바셋,현대백화점 미아점,174181,17.4181
2026-07-20,폴바셋,현대백화점 미아점,155370,15.537
2026-07-21,폴바셋,현대백화점 미아점,182462,18.2462
2026-07-22,폴바셋,현대백화점 미아점,123188,12.3188
2026-07-23,폴바셋,현대백화점 미아점,161735,16.1735
2026-07-24,폴바셋,현대백화점 미아점,222828,22.2828
2026-07-25,폴바셋,현대백화점 미아점,306925,30.6925
2026-07-26,폴바셋,현대백화점 미아점,218284,21.8284
2026-07-27,폴바셋,현대백화점 미아점,162100,16.21
2026-07-28,폴바셋,현대백화점 미아점,137235,13.7235
2026-07-29,폴바셋,현대백화점 미아점,157370,15.737
2026-07-30,폴바셋,현대백화점 미아점,202828,20.2828
2026-07-31,폴바셋,현대백화점 미아점,167283,16.7283
2026-07-01,폴바셋,코리아나호텔점,138002,13.8002
2026-07-02,폴바셋,코리아나호텔점,212366,21.2366
2026-07-03,폴바셋,코리아나호텔점,138002,13.8002
2026-07-04,폴바셋,코리아나호텔점,90365,9.0365
2026-07-05,폴바셋,코리아나호텔점,97728,9.7728
2026-07-06,폴바셋,코리아나호텔점,149820,14.982
2026-07-07,폴바셋,코리아나호텔점,183729,18.3729
2026-07-08,폴바셋,코리아나호텔점,152911,15.2911
2026-07-09,폴바셋,코리아나호텔점,151093,15.1093
2026-07-10,폴바셋,코리아나호텔점,199366,19.9366
2026-07-11,폴바셋,코리아나호텔점,154184,15.4184
2026-07-12,폴바셋,코리아나호텔점,53546,5.3546
2026-07-13,폴바셋,코리아나호텔점,134911,13.4911
2026-07-14,폴바셋,코리아나호텔점,133665,13.3665
2026-07-15,폴바셋,코리아나호텔점,142002,14.2002
2026-07-16,폴바셋,코리아나호텔점,132638,13.2638
2026-07-17,폴바셋,코리아나호텔점,88728,8.8728
2026-07-18,폴바셋,코리아나호텔점,73819,7.3819
2026-07-19,폴바셋,코리아나호텔점,38637,3.8637
2026-07-20,폴바셋,코리아나호텔점,114183,11.4183
2026-07-21,폴바셋,코리아나호텔점,265995,26.5995
2026-07-22,폴바셋,코리아나호텔점,382105,38.2105
2026-07-23,폴바셋,코리아나호텔점,403316,40.3316
2026-07-24,폴바셋,코리아나호텔점,274648,27.4648
2026-07-25,폴바셋,코리아나호텔점,141916,14.1916
2026-07-26,폴바셋,코리아나호텔점,201374,20.1374
2026-07-27,폴바셋,코리아나호텔점,294974,29.4974
2026-07-28,폴바셋,코리아나호텔점,381835,38.1835
2026-07-29,폴바셋,코리아나호텔점,288013,28.8013
2026-07-30,폴바셋,코리아나호텔점,375650,37.565
2026-07-31,폴바셋,코리아나호텔점,413200,41.32
2026-07-01,폴바셋,강남삼성타운점,199801,19.9801
2026-07-02,폴바셋,강남삼성타운점,194780,19.478
2026-07-03,폴바셋,강남삼성타운점,342554,34.2554
2026-07-04,폴바셋,강남삼성타운점,89278,8.9278
2026-07-05,폴바셋,강남삼성타운점,113914,11.3914
2026-07-06,폴바셋,강남삼성타운점,188555,18.8555
2026-07-07,폴바셋,강남삼성타운점,162461,16.2461
2026-07-08,폴바셋,강남삼성타운점,141915,14.1915
2026-07-09,폴바셋,강남삼성타운점,225463,22.5463
2026-07-10,폴바셋,강남삼성타운점,261187,26.1187
2026-07-11,폴바셋,강남삼성타운점,133960,13.396
2026-07-12,폴바셋,강남삼성타운점,78551,7.8551
2026-07-13,폴바셋,강남삼성타운점,187190,18.719
2026-07-14,폴바셋,강남삼성타운점,191188,19.1188
2026-07-15,폴바셋,강남삼성타운점,199102,19.9102
2026-07-16,폴바셋,강남삼성타운점,194005,19.4005
2026-07-17,폴바셋,강남삼성타운점,118367,11.8367
2026-07-18,폴바셋,강남삼성타운점,165008,16.5008
2026-07-19,폴바셋,강남삼성타운점,135914,13.5914
2026-07-20,폴바셋,강남삼성타운점,338214,33.8214
2026-07-21,폴바셋,강남삼성타운점,280375,28.0375
2026-07-22,폴바셋,강남삼성타운점,185641,18.5641
2026-07-23,폴바셋,강남삼성타운점,216737,21.6737
2026-07-24,폴바셋,강남삼성타운점,206006,20.6006
2026-07-25,폴바셋,강남삼성타운점,156006,15.6006
2026-07-26,폴바셋,강남삼성타운점,99279,9.9279
2026-07-27,폴바셋,강남삼성타운점,234922,23.4922
2026-07-28,폴바셋,강남삼성타운점,247102,24.7102
2026-07-29,폴바셋,강남삼성타운점,249012,24.9012
2026-07-30,폴바셋,강남삼성타운점,391425,39.1425
2026-07-31,폴바셋,강남삼성타운점,183919,18.3919
2026-07-01,폴바셋,종각역점,283468,28.3468
2026-07-02,폴바셋,종각역점,326110,32.611
2026-07-03,폴바셋,종각역점,213555,21.3555
2026-07-04,폴바셋,종각역점,54265,5.4265
2026-07-05,폴바셋,종각역점,34093,3.4093
2026-07-06,폴바셋,종각역점,205553,20.5553
2026-07-07,폴바셋,종각역점,213102,21.3102
2026-07-08,폴바셋,종각역점,248926,24.8926
2026-07-09,폴바셋,종각역점,326648,32.6648
2026-07-10,폴바셋,종각역점,192738,19.2738
2026-07-11,폴바셋,종각역점,51303,5.1303
2026-07-12,폴바셋,종각역점,63547,6.3547
2026-07-13,폴바셋,종각역점,208466,20.8466
2026-07-14,폴바셋,종각역점,321289,32.1289
2026-07-15,폴바셋,종각역점,335560,33.556
2026-07-16,폴바셋,종각역점,255376,25.5376
2026-07-17,폴바셋,종각역점,70639,7.0639
2026-07-18,폴바셋,종각역점,69549,6.9549
2026-07-19,폴바셋,종각역점,34546,3.4546
2026-07-20,폴바셋,종각역점,263287,26.3287
2026-07-21,폴바셋,종각역점,232159,23.2159
2026-07-22,폴바셋,종각역점,307559,30.7559
2026-07-23,폴바셋,종각역점,279924,27.9924
2026-07-24,폴바셋,종각역점,302105,30.2105
2026-07-25,폴바셋,종각역점,88183,8.8183
2026-07-26,폴바셋,종각역점,56456,5.6456
2026-07-27,폴바셋,종각역점,207430,20.743
2026-07-28,폴바셋,종각역점,186284,18.6284
2026-07-29,폴바셋,종각역점,186282,18.6282
2026-07-30,폴바셋,종각역점,240334,24.0334
2026-07-31,폴바셋,종각역점,320653,32.0653
2026-07-01,폴바셋,청담역점,136551,13.6551
2026-07-02,폴바셋,청담역점,257375,25.7375
2026-07-03,폴바셋,청담역점,291197,29.1197
2026-07-04,폴바셋,청담역점,240283,24.0283
2026-07-05,폴바셋,청담역점,170007,17.0007
2026-07-06,폴바셋,청담역점,249373,24.9373
2026-07-07,폴바셋,청담역점,229376,22.9376
2026-07-08,폴바셋,청담역점,189647,18.9647
2026-07-09,폴바셋,청담역점,215832,21.5832
2026-07-10,폴바셋,청담역점,248736,24.8736
2026-07-11,폴바셋,청담역점,193917,19.3917
2026-07-12,폴바셋,청담역점,147095,14.7095
2026-07-13,폴바셋,청담역점,205556,20.5556
2026-07-14,폴바셋,청담역점,227190,22.719
2026-07-15,폴바셋,청담역점,258101,25.8101
2026-07-16,폴바셋,청담역점,266465,26.6465
2026-07-17,폴바셋,청담역점,156733,15.6733
2026-07-18,폴바셋,청담역점,143188,14.3188
2026-07-19,폴바셋,청담역점,140825,14.0825
2026-07-20,폴바셋,청담역점,200556,20.0556
2026-07-21,폴바셋,청담역점,272959,27.2959
2026-07-22,폴바셋,청담역점,194645,19.4645
2026-07-23,폴바셋,청담역점,153283,15.3283
2026-07-24,폴바셋,청담역점,235649,23.5649
2026-07-25,폴바셋,청담역점,178280,17.828
2026-07-26,폴바셋,청담역점,129735,12.9735
2026-07-27,폴바셋,청담역점,151283,15.1283
2026-07-28,폴바셋,청담역점,271650,27.165
2026-07-29,폴바셋,청담역점,161917,16.1917
2026-07-30,폴바셋,청담역점,258007,25.8007
2026-07-31,폴바셋,청담역점,220658,22.0658
2026-07-01,폴바셋,대구 수성못점,215045,21.5045
2026-07-02,폴바셋,대구 수성못점,139791,13.9791
2026-07-03,폴바셋,대구 수성못점,234011,23.4011
2026-07-04,폴바셋,대구 수성못점,276958,27.6958
2026-07-05,폴바셋,대구 수성못점,285833,28.5833
2026-07-06,폴바셋,대구 수성못점,230284,23.0284
2026-07-07,폴바셋,대구 수성못점,180919,18.0919
2026-07-08,폴바셋,대구 수성못점,230285,23.0285
2026-07-09,폴바셋,대구 수성못점,144098,14.4098
2026-07-10,폴바셋,대구 수성못점,200492,20.0492
2026-07-11,폴바셋,대구 수성못점,307108,30.7108
2026-07-12,폴바셋,대구 수성못점,288742,28.8742
2026-07-13,폴바셋,대구 수성못점,142372,14.2372
2026-07-14,폴바셋,대구 수성못점,155602,15.5602
2026-07-15,폴바셋,대구 수성못점,208217,20.8217
2026-07-16,폴바셋,대구 수성못점,186556,18.6556
2026-07-17,폴바셋,대구 수성못점,242416,24.2416
2026-07-18,폴바셋,대구 수성못점,282507,28.2507
2026-07-19,폴바셋,대구 수성못점,265378,26.5378
2026-07-20,폴바셋,대구 수성못점,166009,16.6009
2026-07-21,폴바셋,대구 수성못점,195645,19.5645
2026-07-22,폴바셋,대구 수성못점,179647,17.9647
2026-07-23,폴바셋,대구 수성못점,109826,10.9826
2026-07-24,폴바셋,대구 수성못점,246648,24.6648
2026-07-25,폴바셋,대구 수성못점,322985,32.2985
2026-07-26,폴바셋,대구 수성못점,263196,26.3196
2026-07-27,폴바셋,대구 수성못점,174571,17.4571
2026-07-28,폴바셋,대구 수성못점,165282,16.5282
2026-07-29,폴바셋,대구 수성못점,203919,20.3919
2026-07-30,폴바셋,대구 수성못점,205109,20.5109
2026-07-31,폴바셋,대구 수성못점,206394,20.6394
2026-07-01,폴바셋,강남역 삼성화재점,290768,29.0768
2026-07-02,폴바셋,강남역 삼성화재점,204916,20.4916
2026-07-03,폴바셋,강남역 삼성화재점,326703,32.6703
2026-07-04,폴바셋,강남역 삼성화재점,231010,23.101
2026-07-05,폴바셋,강남역 삼성화재점,137007,13.7007
2026-07-06,폴바셋,강남역 삼성화재점,267742,26.7742
2026-07-07,폴바셋,강남역 삼성화재점,127735,12.7735
2026-07-08,폴바셋,강남역 삼성화재점,206373,20.6373
2026-07-09,폴바셋,강남역 삼성화재점,216558,21.6558
2026-07-10,폴바셋,강남역 삼성화재점,220738,22.0738
2026-07-11,폴바셋,강남역 삼성화재점,185646,18.5646
2026-07-12,폴바셋,강남역 삼성화재점,140644,14.0644
2026-07-13,폴바셋,강남역 삼성화재점,232355,23.2355
2026-07-14,폴바셋,강남역 삼성화재점,250466,25.0466
2026-07-15,폴바셋,강남역 삼성화재점,283648,28.3648
2026-07-16,폴바셋,강남역 삼성화재점,181225,18.1225
2026-07-17,폴바셋,강남역 삼성화재점,121788,12.1788
2026-07-18,폴바셋,강남역 삼성화재점,173278,17.3278
2026-07-19,폴바셋,강남역 삼성화재점,140646,14.0646
2026-07-20,폴바셋,강남역 삼성화재점,251740,25.174
2026-07-21,폴바셋,강남역 삼성화재점,183191,18.3191
2026-07-22,폴바셋,강남역 삼성화재점,241830,24.183
2026-07-23,폴바셋,강남역 삼성화재점,228553,22.8553
2026-07-24,폴바셋,강남역 삼성화재점,245010,24.501
2026-07-25,폴바셋,강남역 삼성화재점,220103,22.0103
2026-07-26,폴바셋,강남역 삼성화재점,173372,17.3372
2026-07-27,폴바셋,강남역 삼성화재점,239462,23.9462
2026-07-28,폴바셋,강남역 삼성화재점,179283,17.9283
2026-07-29,폴바셋,강남역 삼성화재점,263648,26.3648
2026-07-30,폴바셋,강남역 삼성화재점,300515,30.0515
2026-07-31,폴바셋,강남역 삼성화재점,204464,20.4464
2026-07-01,폴바셋,신세계 센텀시티몰점,249834,24.9834
2026-07-02,폴바셋,신세계 센텀시티몰점,194372,19.4372
2026-07-03,폴바셋,신세계 센텀시티몰점,186738,18.6738
2026-07-04,폴바셋,신세계 센텀시티몰점,290291,29.0291
2026-07-05,폴바셋,신세계 센텀시티몰점,258746,25.8746
2026-07-06,폴바셋,신세계 센텀시티몰점,173192,17.3192
2026-07-07,폴바셋,신세계 센텀시티몰점,143010,14.301
2026-07-08,폴바셋,신세계 센텀시티몰점,163011,16.3011
2026-07-09,폴바셋,신세계 센텀시티몰점,175829,17.5829
2026-07-10,폴바셋,신세계 센텀시티몰점,224376,22.4376
2026-07-11,폴바셋,신세계 센텀시티몰점,321476,32.1476
2026-07-12,폴바셋,신세계 센텀시티몰점,297745,29.7745
2026-07-13,폴바셋,신세계 센텀시티몰점,0,0
2026-07-14,폴바셋,신세계 센텀시티몰점,198466,19.8466
2026-07-15,폴바셋,신세계 센텀시티몰점,196198,19.6198
2026-07-16,폴바셋,신세계 센텀시티몰점,190919,19.0919
2026-07-17,폴바셋,신세계 센텀시티몰점,237466,23.7466
2026-07-18,폴바셋,신세계 센텀시티몰점,303837,30.3837
2026-07-19,폴바셋,신세계 센텀시티몰점,214558,21.4558
2026-07-20,폴바셋,신세계 센텀시티몰점,314925,31.4925
2026-07-21,폴바셋,신세계 센텀시티몰점,177466,17.7466
2026-07-22,폴바셋,신세계 센텀시티몰점,113371,11.3371
2026-07-23,폴바셋,신세계 센텀시티몰점,186828,18.6828
2026-07-24,폴바셋,신세계 센텀시티몰점,209287,20.9287
2026-07-25,폴바셋,신세계 센텀시티몰점,319320,31.932
2026-07-26,폴바셋,신세계 센텀시티몰점,329562,32.9562
2026-07-27,폴바셋,신세계 센텀시티몰점,170738,17.0738
2026-07-28,폴바셋,신세계 센텀시티몰점,151917,15.1917
2026-07-29,폴바셋,신세계 센텀시티몰점,206193,20.6193
2026-07-30,폴바셋,신세계 센텀시티몰점,209013,20.9013
2026-07-31,폴바셋,신세계 센텀시티몰점,270745,27.0745
2026-07-01,폴바셋,교대역점,216010,21.601
2026-07-02,폴바셋,교대역점,309651,30.9651
2026-07-03,폴바셋,교대역점,203554,20.3554
2026-07-04,폴바셋,교대역점,187829,18.7829
2026-07-05,폴바셋,교대역점,97007,9.7007
2026-07-06,폴바셋,교대역점,246925,24.6925
2026-07-07,폴바셋,교대역점,244010,24.401
2026-07-08,폴바셋,교대역점,321555,32.1555
2026-07-09,폴바셋,교대역점,253922,25.3922
2026-07-10,폴바셋,교대역점,357651,35.7651
2026-07-11,폴바셋,교대역점,120007,12.0007
2026-07-12,폴바셋,교대역점,114462,11.4462
2026-07-13,폴바셋,교대역점,219192,21.9192
2026-07-14,폴바셋,교대역점,139610,13.961
2026-07-15,폴바셋,교대역점,293283,29.3283
2026-07-16,폴바셋,교대역점,291285,29.1285
2026-07-17,폴바셋,교대역점,186737,18.6737
2026-07-18,폴바셋,교대역점,168375,16.8375
2026-07-19,폴바셋,교대역점,84368,8.4368
2026-07-20,폴바셋,교대역점,209559,20.9559
2026-07-21,폴바셋,교대역점,302557,30.2557
2026-07-22,폴바셋,교대역점,280279,28.0279
2026-07-23,폴바셋,교대역점,211311,21.1311
2026-07-24,폴바셋,교대역점,261831,26.1831
2026-07-25,폴바셋,교대역점,187732,18.7732
2026-07-26,폴바셋,교대역점,121962,12.1962
2026-07-27,폴바셋,교대역점,215648,21.5648
2026-07-28,폴바셋,교대역점,173735,17.3735
2026-07-29,폴바셋,교대역점,234737,23.4737
2026-07-30,폴바셋,교대역점,201584,20.1584
2026-07-31,폴바셋,교대역점,243102,24.3102
2026-07-01,폴바셋,페럼타워점,299829,29.9829
2026-07-02,폴바셋,페럼타워점,164414,16.4414
2026-07-03,폴바셋,페럼타워점,373275,37.3275
2026-07-04,폴바셋,페럼타워점,69638,6.9638
2026-07-05,폴바셋,페럼타워점,0,0
2026-07-06,폴바셋,페럼타워점,296191,29.6191
2026-07-07,폴바셋,페럼타워점,275560,27.556
2026-07-08,폴바셋,페럼타워점,367747,36.7747
2026-07-09,폴바셋,페럼타워점,198373,19.8373
2026-07-10,폴바셋,페럼타워점,290922,29.0922
2026-07-11,폴바셋,페럼타워점,104001,10.4001
2026-07-12,폴바셋,페럼타워점,34273,3.4273
2026-07-13,폴바셋,페럼타워점,242742,24.2742
2026-07-14,폴바셋,페럼타워점,353374,35.3374
2026-07-15,폴바셋,페럼타워점,254923,25.4923
2026-07-16,폴바셋,페럼타워점,238921,23.8921
2026-07-17,폴바셋,페럼타워점,19000,1.9
2026-07-18,폴바셋,페럼타워점,46274,4.6274
2026-07-19,폴바셋,페럼타워점,31183,3.1183
2026-07-20,폴바셋,페럼타워점,243196,24.3196
2026-07-21,폴바셋,페럼타워점,406280,40.628
2026-07-22,폴바셋,페럼타워점,331198,33.1198
2026-07-23,폴바셋,페럼타워점,284562,28.4562
2026-07-24,폴바셋,페럼타워점,288014,28.8014
2026-07-25,폴바셋,페럼타워점,18546,1.8546
2026-07-26,폴바셋,페럼타워점,17455,1.7455
2026-07-27,폴바셋,페럼타워점,259192,25.9192
2026-07-28,폴바셋,페럼타워점,213192,21.3192
2026-07-29,폴바셋,페럼타워점,278191,27.8191
2026-07-30,폴바셋,페럼타워점,333833,33.3833
2026-07-31,폴바셋,페럼타워점,399023,39.9023
2026-07-01,폴바셋,스타필드빌리지 운정점,259014,25.9014
2026-07-02,폴바셋,스타필드빌리지 운정점,321907,32.1907
2026-07-03,폴바셋,스타필드빌리지 운정점,244767,24.4767
2026-07-04,폴바셋,스타필드빌리지 운정점,289918,28.9918
2026-07-05,폴바셋,스타필드빌리지 운정점,297274,29.7274
2026-07-06,폴바셋,스타필드빌리지 운정점,160101,16.0101
2026-07-07,폴바셋,스타필드빌리지 운정점,233282,23.3282
2026-07-08,폴바셋,스타필드빌리지 운정점,171918,17.1918
2026-07-09,폴바셋,스타필드빌리지 운정점,221919,22.1919
2026-07-10,폴바셋,스타필드빌리지 운정점,260376,26.0376
2026-07-11,폴바셋,스타필드빌리지 운정점,272287,27.2287
2026-07-12,폴바셋,스타필드빌리지 운정점,250286,25.0286
2026-07-13,폴바셋,스타필드빌리지 운정점,170646,17.0646
2026-07-14,폴바셋,스타필드빌리지 운정점,208374,20.8374
2026-07-15,폴바셋,스타필드빌리지 운정점,186557,18.6557
2026-07-16,폴바셋,스타필드빌리지 운정점,173191,17.3191
2026-07-17,폴바셋,스타필드빌리지 운정점,275739,27.5739
2026-07-18,폴바셋,스타필드빌리지 운정점,217374,21.7374
2026-07-19,폴바셋,스타필드빌리지 운정점,213831,21.3831
2026-07-20,폴바셋,스타필드빌리지 운정점,196464,19.6464
2026-07-21,폴바셋,스타필드빌리지 운정점,236342,23.6342
2026-07-22,폴바셋,스타필드빌리지 운정점,152825,15.2825
2026-07-23,폴바셋,스타필드빌리지 운정점,219555,21.9555
2026-07-24,폴바셋,스타필드빌리지 운정점,185012,18.5012
2026-07-25,폴바셋,스타필드빌리지 운정점,281377,28.1377
2026-07-26,폴바셋,스타필드빌리지 운정점,180783,18.0783
2026-07-27,폴바셋,스타필드빌리지 운정점,180375,18.0375
2026-07-28,폴바셋,스타필드빌리지 운정점,160642,16.0642
2026-07-29,폴바셋,스타필드빌리지 운정점,227924,22.7924
2026-07-30,폴바셋,스타필드빌리지 운정점,221510,22.151
2026-07-31,폴바셋,스타필드빌리지 운정점,282557,28.2557
2026-07-01,폴바셋,인천 송도 DT점,224468,22.4468
2026-07-02,폴바셋,인천 송도 DT점,235465,23.5465
2026-07-03,폴바셋,인천 송도 DT점,232829,23.2829
2026-07-04,폴바셋,인천 송도 DT점,327655,32.7655
2026-07-05,폴바셋,인천 송도 DT점,303297,30.3297
2026-07-06,폴바셋,인천 송도 DT점,174102,17.4102
2026-07-07,폴바셋,인천 송도 DT점,155102,15.5102
2026-07-08,폴바셋,인천 송도 DT점,173647,17.3647
2026-07-09,폴바셋,인천 송도 DT점,184824,18.4824
2026-07-10,폴바셋,인천 송도 DT점,202103,20.2103
2026-07-11,폴바셋,인천 송도 DT점,326558,32.6558
2026-07-12,폴바셋,인천 송도 DT점,286345,28.6345
2026-07-13,폴바셋,인천 송도 DT점,196010,19.601
2026-07-14,폴바셋,인천 송도 DT점,249193,24.9193
2026-07-15,폴바셋,인천 송도 DT점,244095,24.4095
2026-07-16,폴바셋,인천 송도 DT점,238923,23.8923
2026-07-17,폴바셋,인천 송도 DT점,250378,25.0378
2026-07-18,폴바셋,인천 송도 DT점,180469,18.0469
2026-07-19,폴바셋,인천 송도 DT점,179104,17.9104
2026-07-20,폴바셋,인천 송도 DT점,218575,21.8575
2026-07-21,폴바셋,인천 송도 DT점,238017,23.8017
2026-07-22,폴바셋,인천 송도 DT점,195194,19.5194
2026-07-23,폴바셋,인천 송도 DT점,222380,22.238
2026-07-24,폴바셋,인천 송도 DT점,206830,20.683
2026-07-25,폴바셋,인천 송도 DT점,326638,32.6638
2026-07-26,폴바셋,인천 송도 DT점,276383,27.6383
2026-07-27,폴바셋,인천 송도 DT점,170007,17.0007
2026-07-28,폴바셋,인천 송도 DT점,205467,20.5467
2026-07-29,폴바셋,인천 송도 DT점,221650,22.165
2026-07-30,폴바셋,인천 송도 DT점,237741,23.7741
2026-07-31,폴바셋,인천 송도 DT점,266925,26.6925
2026-07-01,폴바셋,청량리역점,178190,17.819
2026-07-02,폴바셋,청량리역점,180283,18.0283
2026-07-03,폴바셋,청량리역점,268566,26.8566
2026-07-04,폴바셋,청량리역점,302658,30.2658
2026-07-05,폴바셋,청량리역점,260099,26.0099
2026-07-06,폴바셋,청량리역점,187380,18.738
2026-07-07,폴바셋,청량리역점,178468,17.8468
2026-07-08,폴바셋,청량리역점,211470,21.147
2026-07-09,폴바셋,청량리역점,200017,20.0017
2026-07-10,폴바셋,청량리역점,272320,27.232
2026-07-11,폴바셋,청량리역점,334846,33.4846
2026-07-12,폴바셋,청량리역점,259929,25.9929
2026-07-13,폴바셋,청량리역점,205014,20.5014
2026-07-14,폴바셋,청량리역점,190832,19.0832
2026-07-15,폴바셋,청량리역점,189649,18.9649
2026-07-16,폴바셋,청량리역점,167557,16.7557
2026-07-17,폴바셋,청량리역점,350442,35.0442
2026-07-18,폴바셋,청량리역점,343479,34.3479
2026-07-19,폴바셋,청량리역점,300030,30.003
2026-07-20,폴바셋,청량리역점,176106,17.6106
2026-07-21,폴바셋,청량리역점,233838,23.3838
2026-07-22,폴바셋,청량리역점,180010,18.001
2026-07-23,폴바셋,청량리역점,204740,20.474
2026-07-24,폴바셋,청량리역점,262832,26.2832
2026-07-25,폴바셋,청량리역점,311323,31.1323
2026-07-26,폴바셋,청량리역점,310678,31.0678
2026-07-27,폴바셋,청량리역점,224561,22.4561
2026-07-28,폴바셋,청량리역점,219832,21.9832
2026-07-29,폴바셋,청량리역점,189377,18.9377
2026-07-30,폴바셋,청량리역점,207106,20.7106
2026-07-31,폴바셋,청량리역점,250292,25.0292
2026-07-01,폴바셋,광교엘포트몰점,214096,21.4096
2026-07-02,폴바셋,광교엘포트몰점,157097,15.7097
2026-07-03,폴바셋,광교엘포트몰점,247916,24.7916
2026-07-04,폴바셋,광교엘포트몰점,366738,36.6738
2026-07-05,폴바셋,광교엘포트몰점,241823,24.1823
2026-07-06,폴바셋,광교엘포트몰점,244369,24.4369
2026-07-07,폴바셋,광교엘포트몰점,157825,15.7825
2026-07-08,폴바셋,광교엘포트몰점,224464,22.4464
2026-07-09,폴바셋,광교엘포트몰점,288462,28.8462
2026-07-10,폴바셋,광교엘포트몰점,251317,25.1317
2026-07-11,폴바셋,광교엘포트몰점,297920,29.792
2026-07-12,폴바셋,광교엘포트몰점,236095,23.6095
2026-07-13,폴바셋,광교엘포트몰점,150094,15.0094
2026-07-14,폴바셋,광교엘포트몰점,212557,21.2557
2026-07-15,폴바셋,광교엘포트몰점,262557,26.2557
2026-07-16,폴바셋,광교엘포트몰점,242188,24.2188
2026-07-17,폴바셋,광교엘포트몰점,245914,24.5914
2026-07-18,폴바셋,광교엘포트몰점,296375,29.6375
2026-07-19,폴바셋,광교엘포트몰점,249861,24.9861
2026-07-20,폴바셋,광교엘포트몰점,234915,23.4915
2026-07-21,폴바셋,광교엘포트몰점,278191,27.8191
2026-07-22,폴바셋,광교엘포트몰점,201552,20.1552
2026-07-23,폴바셋,광교엘포트몰점,289831,28.9831
2026-07-24,폴바셋,광교엘포트몰점,195004,19.5004
2026-07-25,폴바셋,광교엘포트몰점,319376,31.9376
2026-07-26,폴바셋,광교엘포트몰점,303846,30.3846
2026-07-27,폴바셋,광교엘포트몰점,214032,21.4032
2026-07-28,폴바셋,광교엘포트몰점,209279,20.9279
2026-07-29,폴바셋,광교엘포트몰점,251649,25.1649
2026-07-30,폴바셋,광교엘포트몰점,173459,17.3459
2026-07-31,폴바셋,광교엘포트몰점,186101,18.6101
2026-07-01,폴바셋,광화문 G타워점,207739,20.7739
2026-07-02,폴바셋,광화문 G타워점,258860,25.886
2026-07-03,폴바셋,광화문 G타워점,223372,22.3372
2026-07-04,폴바셋,광화문 G타워점,265834,26.5834
2026-07-05,폴바셋,광화문 G타워점,201100,20.11
2026-07-06,폴바셋,광화문 G타워점,170815,17.0815
2026-07-07,폴바셋,광화문 G타워점,220827,22.0827
2026-07-08,폴바셋,광화문 G타워점,240920,24.092
2026-07-09,폴바셋,광화문 G타워점,295470,29.547
2026-07-10,폴바셋,광화문 G타워점,312016,31.2016
2026-07-11,폴바셋,광화문 G타워점,260925,26.0925
2026-07-12,폴바셋,광화문 G타워점,225191,22.5191
2026-07-13,폴바셋,광화문 G타워점,220829,22.0829
2026-07-14,폴바셋,광화문 G타워점,314585,31.4585
2026-07-15,폴바셋,광화문 G타워점,291287,29.1287
2026-07-16,폴바셋,광화문 G타워점,274741,27.4741
2026-07-17,폴바셋,광화문 G타워점,219647,21.9647
2026-07-18,폴바셋,광화문 G타워점,306390,30.639
2026-07-19,폴바셋,광화문 G타워점,150789,15.0789
2026-07-20,폴바셋,광화문 G타워점,244921,24.4921
2026-07-21,폴바셋,광화문 G타워점,198282,19.8282
2026-07-22,폴바셋,광화문 G타워점,204098,20.4098
2026-07-23,폴바셋,광화문 G타워점,258283,25.8283
2026-07-24,폴바셋,광화문 G타워점,212738,21.2738
2026-07-25,폴바셋,광화문 G타워점,227283,22.7283
2026-07-26,폴바셋,광화문 G타워점,231095,23.1095
2026-07-27,폴바셋,광화문 G타워점,238650,23.865
2026-07-28,폴바셋,광화문 G타워점,309468,30.9468
2026-07-29,폴바셋,광화문 G타워점,325556,32.5556
2026-07-30,폴바셋,광화문 G타워점,213286,21.3286
2026-07-31,폴바셋,광화문 G타워점,365427,36.5427
2026-07-01,폴바셋,파르나스몰점,468881,46.8881
2026-07-02,폴바셋,파르나스몰점,374529,37.4529
2026-07-03,폴바셋,파르나스몰점,352471,35.2471
2026-07-04,폴바셋,파르나스몰점,144919,14.4919
2026-07-05,폴바셋,파르나스몰점,131375,13.1375
2026-07-06,폴바셋,파르나스몰점,192831,19.2831
2026-07-07,폴바셋,파르나스몰점,312657,31.2657
2026-07-08,폴바셋,파르나스몰점,303110,30.311
2026-07-09,폴바셋,파르나스몰점,366293,36.6293
2026-07-10,폴바셋,파르나스몰점,280742,28.0742
2026-07-11,폴바셋,파르나스몰점,208922,20.8922
2026-07-12,폴바셋,파르나스몰점,132283,13.2283
2026-07-13,폴바셋,파르나스몰점,266469,26.6469
2026-07-14,폴바셋,파르나스몰점,311836,31.1836
2026-07-15,폴바셋,파르나스몰점,267743,26.7743
2026-07-16,폴바셋,파르나스몰점,246565,24.6565
2026-07-17,폴바셋,파르나스몰점,250649,25.0649
2026-07-18,폴바셋,파르나스몰점,164281,16.4281
2026-07-19,폴바셋,파르나스몰점,170827,17.0827
2026-07-20,폴바셋,파르나스몰점,268286,26.8286
2026-07-21,폴바셋,파르나스몰점,254613,25.4613
2026-07-22,폴바셋,파르나스몰점,264014,26.4014
2026-07-23,폴바셋,파르나스몰점,243651,24.3651
2026-07-24,폴바셋,파르나스몰점,299561,29.9561
2026-07-25,폴바셋,파르나스몰점,191102,19.1102
2026-07-26,폴바셋,파르나스몰점,173100,17.31
2026-07-27,폴바셋,파르나스몰점,233922,23.3922
2026-07-28,폴바셋,파르나스몰점,191192,19.1192
2026-07-29,폴바셋,파르나스몰점,264472,26.4472
2026-07-30,폴바셋,파르나스몰점,337837,33.7837
2026-07-31,폴바셋,파르나스몰점,370927,37.0927
2026-07-01,폴바셋,광교 경기도청점,220462,22.0462
2026-07-02,폴바셋,광교 경기도청점,227825,22.7825
2026-07-03,폴바셋,광교 경기도청점,240555,24.0555
2026-07-04,폴바셋,광교 경기도청점,216100,21.61
2026-07-05,폴바셋,광교 경기도청점,188699,18.8699
2026-07-06,폴바셋,광교 경기도청점,156189,15.6189
2026-07-07,폴바셋,광교 경기도청점,303283,30.3283
2026-07-08,폴바셋,광교 경기도청점,253554,25.3554
2026-07-09,폴바셋,광교 경기도청점,293467,29.3467
2026-07-10,폴바셋,광교 경기도청점,305195,30.5195
2026-07-11,폴바셋,광교 경기도청점,318372,31.8372
2026-07-12,폴바셋,광교 경기도청점,192278,19.2278
2026-07-13,폴바셋,광교 경기도청점,195824,19.5824
2026-07-14,폴바셋,광교 경기도청점,301463,30.1463
2026-07-15,폴바셋,광교 경기도청점,261281,26.1281
2026-07-16,폴바셋,광교 경기도청점,266191,26.6191
2026-07-17,폴바셋,광교 경기도청점,281372,28.1372
2026-07-18,폴바셋,광교 경기도청점,181188,18.1188
2026-07-19,폴바셋,광교 경기도청점,238580,23.858
2026-07-20,폴바셋,광교 경기도청점,335913,33.5913
2026-07-21,폴바셋,광교 경기도청점,259375,25.9375
2026-07-22,폴바셋,광교 경기도청점,291645,29.1645
2026-07-23,폴바셋,광교 경기도청점,355556,35.5556
2026-07-24,폴바셋,광교 경기도청점,297375,29.7375
2026-07-25,폴바셋,광교 경기도청점,264374,26.4374
2026-07-26,폴바셋,광교 경기도청점,237375,23.7375
2026-07-27,폴바셋,광교 경기도청점,262914,26.2914
2026-07-28,폴바셋,광교 경기도청점,248460,24.846
2026-07-29,폴바셋,광교 경기도청점,326758,32.6758
2026-07-30,폴바셋,광교 경기도청점,291645,29.1645
2026-07-31,폴바셋,광교 경기도청점,290655,29.0655
2026-07-01,폴바셋,수원컨트리클럽점,198646,19.8646
2026-07-02,폴바셋,수원컨트리클럽점,195098,19.5098
2026-07-03,폴바셋,수원컨트리클럽점,230055,23.0055
2026-07-04,폴바셋,수원컨트리클럽점,360288,36.0288
2026-07-05,폴바셋,수원컨트리클럽점,299647,29.9647
2026-07-06,폴바셋,수원컨트리클럽점,217378,21.7378
2026-07-07,폴바셋,수원컨트리클럽점,264193,26.4193
2026-07-08,폴바셋,수원컨트리클럽점,233644,23.3644
2026-07-09,폴바셋,수원컨트리클럽점,299468,29.9468
2026-07-10,폴바셋,수원컨트리클럽점,257194,25.7194
2026-07-11,폴바셋,수원컨트리클럽점,421826,42.1826
2026-07-12,폴바셋,수원컨트리클럽점,324831,32.4831
2026-07-13,폴바셋,수원컨트리클럽점,193189,19.3189
2026-07-14,폴바셋,수원컨트리클럽점,283467,28.3467
2026-07-15,폴바셋,수원컨트리클럽점,295831,29.5831
2026-07-16,폴바셋,수원컨트리클럽점,260554,26.0554
2026-07-17,폴바셋,수원컨트리클럽점,331631,33.1631
2026-07-18,폴바셋,수원컨트리클럽점,334832,33.4832
2026-07-19,폴바셋,수원컨트리클럽점,247646,24.7646
2026-07-20,폴바셋,수원컨트리클럽점,213173,21.3173
2026-07-21,폴바셋,수원컨트리클럽점,284283,28.4283
2026-07-22,폴바셋,수원컨트리클럽점,252284,25.2284
2026-07-23,폴바셋,수원컨트리클럽점,273105,27.3105
2026-07-24,폴바셋,수원컨트리클럽점,272374,27.2374
2026-07-25,폴바셋,수원컨트리클럽점,361200,36.12
2026-07-26,폴바셋,수원컨트리클럽점,365290,36.529
2026-07-27,폴바셋,수원컨트리클럽점,210244,21.0244
2026-07-28,폴바셋,수원컨트리클럽점,223736,22.3736
2026-07-29,폴바셋,수원컨트리클럽점,237193,23.7193
2026-07-30,폴바셋,수원컨트리클럽점,264920,26.492
2026-07-31,폴바셋,수원컨트리클럽점,286144,28.6144
2026-07-01,폴바셋,갤러리아 광교점,177917,17.7917
2026-07-02,폴바셋,갤러리아 광교점,104460,10.446
2026-07-03,폴바셋,갤러리아 광교점,270284,27.0284
2026-07-04,폴바셋,갤러리아 광교점,383083,38.3083
2026-07-05,폴바셋,갤러리아 광교점,199549,19.9549
2026-07-06,폴바셋,갤러리아 광교점,134004,13.4004
2026-07-07,폴바셋,갤러리아 광교점,158008,15.8008
2026-07-08,폴바셋,갤러리아 광교점,264284,26.4284
2026-07-09,폴바셋,갤러리아 광교점,148372,14.8372
2026-07-10,폴바셋,갤러리아 광교점,192808,19.2808
2026-07-11,폴바셋,갤러리아 광교점,394832,39.4832
2026-07-12,폴바셋,갤러리아 광교점,341026,34.1026
2026-07-13,폴바셋,갤러리아 광교점,255737,25.5737
2026-07-14,폴바셋,갤러리아 광교점,189913,18.9913
2026-07-15,폴바셋,갤러리아 광교점,257557,25.7557
2026-07-16,폴바셋,갤러리아 광교점,217828,21.7828
2026-07-17,폴바셋,갤러리아 광교점,390474,39.0474
2026-07-18,폴바셋,갤러리아 광교점,342012,34.2012
2026-07-19,폴바셋,갤러리아 광교점,340648,34.0648
2026-07-20,폴바셋,갤러리아 광교점,0,0
2026-07-21,폴바셋,갤러리아 광교점,237377,23.7377
2026-07-22,폴바셋,갤러리아 광교점,259522,25.9522
2026-07-23,폴바셋,갤러리아 광교점,125911,12.5911
2026-07-24,폴바셋,갤러리아 광교점,266884,26.6884
2026-07-25,폴바셋,갤러리아 광교점,369794,36.9794
2026-07-26,폴바셋,갤러리아 광교점,1430831,143.0831
2026-07-27,폴바셋,갤러리아 광교점,193371,19.3371
2026-07-28,폴바셋,갤러리아 광교점,229010,22.901
2026-07-29,폴바셋,갤러리아 광교점,197919,19.7919
2026-07-30,폴바셋,갤러리아 광교점,217102,21.7102
2026-07-31,폴바셋,갤러리아 광교점,232738,23.2738
2026-07-01,폴바셋,현대아울렛 김포점,244648,24.4648
2026-07-02,폴바셋,현대아울렛 김포점,224923,22.4923
2026-07-03,폴바셋,현대아울렛 김포점,294829,29.4829
2026-07-04,폴바셋,현대아울렛 김포점,640760,64.076
2026-07-05,폴바셋,현대아울렛 김포점,591118,59.1118
2026-07-06,폴바셋,현대아울렛 김포점,181285,18.1285
2026-07-07,폴바셋,현대아울렛 김포점,171101,17.1101
2026-07-08,폴바셋,현대아울렛 김포점,167554,16.7554
2026-07-09,폴바셋,현대아울렛 김포점,125371,12.5371
2026-07-10,폴바셋,현대아울렛 김포점,163100,16.31
2026-07-11,폴바셋,현대아울렛 김포점,481199,48.1199
2026-07-12,폴바셋,현대아울렛 김포점,416657,41.6657
2026-07-13,폴바셋,현대아울렛 김포점,199229,19.9229
2026-07-14,폴바셋,현대아울렛 김포점,115918,11.5918
2026-07-15,폴바셋,현대아울렛 김포점,153010,15.301
2026-07-16,폴바셋,현대아울렛 김포점,176644,17.6644
2026-07-17,폴바셋,현대아울렛 김포점,533941,53.3941
2026-07-18,폴바셋,현대아울렛 김포점,574661,57.4661
2026-07-19,폴바셋,현대아울렛 김포점,396115,39.6115
2026-07-20,폴바셋,현대아울렛 김포점,179919,17.9919
2026-07-21,폴바셋,현대아울렛 김포점,157915,15.7915
2026-07-22,폴바셋,현대아울렛 김포점,234830,23.483
2026-07-23,폴바셋,현대아울렛 김포점,260553,26.0553
2026-07-24,폴바셋,현대아울렛 김포점,178101,17.8101
2026-07-25,폴바셋,현대아울렛 김포점,438478,43.8478
2026-07-26,폴바셋,현대아울렛 김포점,423021,42.3021
2026-07-27,폴바셋,현대아울렛 김포점,210829,21.0829
2026-07-28,폴바셋,현대아울렛 김포점,129733,12.9733
2026-07-29,폴바셋,현대아울렛 김포점,238465,23.8465
2026-07-30,폴바셋,현대아울렛 김포점,176552,17.6552
2026-07-31,폴바셋,현대아울렛 김포점,301922,30.1922
2026-07-01,폴바셋,대치역점,276380,27.638
2026-07-02,폴바셋,대치역점,272102,27.2102
2026-07-03,폴바셋,대치역점,324289,32.4289
2026-07-04,폴바셋,대치역점,320203,32.0203
2026-07-05,폴바셋,대치역점,227832,22.7832
2026-07-06,폴바셋,대치역점,241378,24.1378
2026-07-07,폴바셋,대치역점,247561,24.7561
2026-07-08,폴바셋,대치역점,272650,27.265
2026-07-09,폴바셋,대치역점,300105,30.0105
2026-07-10,폴바셋,대치역점,373108,37.3108
2026-07-11,폴바셋,대치역점,464656,46.4656
2026-07-12,폴바셋,대치역점,329834,32.9834
2026-07-13,폴바셋,대치역점,245102,24.5102
2026-07-14,폴바셋,대치역점,351105,35.1105
2026-07-15,폴바셋,대치역점,309193,30.9193
2026-07-16,폴바셋,대치역점,282195,28.2195
2026-07-17,폴바셋,대치역점,404113,40.4113
2026-07-18,폴바셋,대치역점,461295,46.1295
2026-07-19,폴바셋,대치역점,203281,20.3281
2026-07-20,폴바셋,대치역점,340196,34.0196
2026-07-21,폴바셋,대치역점,317833,31.7833
2026-07-22,폴바셋,대치역점,394924,39.4924
2026-07-23,폴바셋,대치역점,281649,28.1649
2026-07-24,폴바셋,대치역점,298465,29.8465
2026-07-25,폴바셋,대치역점,560391,56.0391
2026-07-26,폴바셋,대치역점,292194,29.2194
2026-07-27,폴바셋,대치역점,369108,36.9108
2026-07-28,폴바셋,대치역점,307289,30.7289
2026-07-29,폴바셋,대치역점,300375,30.0375
2026-07-30,폴바셋,대치역점,270834,27.0834
2026-07-31,폴바셋,대치역점,384471,38.4471
2026-07-01,폴바셋,일산 마두점,248198,24.8198
2026-07-02,폴바셋,일산 마두점,285108,28.5108
2026-07-03,폴바셋,일산 마두점,329110,32.911
2026-07-04,폴바셋,일산 마두점,517303,51.7303
2026-07-05,폴바셋,일산 마두점,212738,21.2738
2026-07-06,폴바셋,일산 마두점,338383,33.8383
2026-07-07,폴바셋,일산 마두점,309073,30.9073
2026-07-08,폴바셋,일산 마두점,322652,32.2652
2026-07-09,폴바셋,일산 마두점,274196,27.4196
2026-07-10,폴바셋,일산 마두점,335833,33.5833
2026-07-11,폴바셋,일산 마두점,363292,36.3292
2026-07-12,폴바셋,일산 마두점,258016,25.8016
2026-07-13,폴바셋,일산 마두점,351565,35.1565
2026-07-14,폴바셋,일산 마두점,371289,37.1289
2026-07-15,폴바셋,일산 마두점,308698,30.8698
2026-07-16,폴바셋,일산 마두점,381839,38.1839
2026-07-17,폴바셋,일산 마두점,237102,23.7102
2026-07-18,폴바셋,일산 마두점,342201,34.2201
2026-07-19,폴바셋,일산 마두점,249284,24.9284
2026-07-20,폴바셋,일산 마두점,251468,25.1468
2026-07-21,폴바셋,일산 마두점,421738,42.1738
2026-07-22,폴바셋,일산 마두점,340473,34.0473
2026-07-23,폴바셋,일산 마두점,376381,37.6381
2026-07-24,폴바셋,일산 마두점,381930,38.193
2026-07-25,폴바셋,일산 마두점,469202,46.9202
2026-07-26,폴바셋,일산 마두점,252014,25.2014
2026-07-27,폴바셋,일산 마두점,311195,31.1195
2026-07-28,폴바셋,일산 마두점,328071,32.8071
2026-07-29,폴바셋,일산 마두점,357475,35.7475
2026-07-30,폴바셋,일산 마두점,322562,32.2562
2026-07-31,폴바셋,일산 마두점,411112,41.1112
2026-07-01,폴바셋,여의도 부국증권점,338861,33.8861
2026-07-02,폴바셋,여의도 부국증권점,449382,44.9382
2026-07-03,폴바셋,여의도 부국증권점,520286,52.0286
2026-07-04,폴바셋,여의도 부국증권점,150464,15.0464
2026-07-05,폴바셋,여의도 부국증권점,206647,20.6647
2026-07-06,폴바셋,여의도 부국증권점,290848,29.0848
2026-07-07,폴바셋,여의도 부국증권점,327289,32.7289
2026-07-08,폴바셋,여의도 부국증권점,396745,39.6745
2026-07-09,폴바셋,여의도 부국증권점,465107,46.5107
2026-07-10,폴바셋,여의도 부국증권점,392558,39.2558
2026-07-11,폴바셋,여의도 부국증권점,169738,16.9738
2026-07-12,폴바셋,여의도 부국증권점,150648,15.0648
2026-07-13,폴바셋,여의도 부국증권점,416470,41.647
2026-07-14,폴바셋,여의도 부국증권점,263101,26.3101
2026-07-15,폴바셋,여의도 부국증권점,307737,30.7737
2026-07-16,폴바셋,여의도 부국증권점,444562,44.4562
2026-07-17,폴바셋,여의도 부국증권점,203645,20.3645
2026-07-18,폴바셋,여의도 부국증권점,169462,16.9462
2026-07-19,폴바셋,여의도 부국증권점,180918,18.0918
2026-07-20,폴바셋,여의도 부국증권점,453014,45.3014
2026-07-21,폴바셋,여의도 부국증권점,448027,44.8027
2026-07-22,폴바셋,여의도 부국증권점,621748,62.1748
2026-07-23,폴바셋,여의도 부국증권점,405834,40.5834
2026-07-24,폴바셋,여의도 부국증권점,602682,60.2682
2026-07-25,폴바셋,여의도 부국증권점,111009,11.1009
2026-07-26,폴바셋,여의도 부국증권점,111917,11.1917
2026-07-27,폴바셋,여의도 부국증권점,458915,45.8915
2026-07-28,폴바셋,여의도 부국증권점,372141,37.2141
2026-07-29,폴바셋,여의도 부국증권점,390376,39.0376
2026-07-30,폴바셋,여의도 부국증권점,338560,33.856
2026-07-31,폴바셋,여의도 부국증권점,590114,59.0114
2026-07-01,폴바셋,교보문고 강남점,329471,32.9471
2026-07-02,폴바셋,교보문고 강남점,291653,29.1653
2026-07-03,폴바셋,교보문고 강남점,319657,31.9657
2026-07-04,폴바셋,교보문고 강남점,473750,47.375
2026-07-05,폴바셋,교보문고 강남점,475388,47.5388
2026-07-06,폴바셋,교보문고 강남점,383931,38.3931
2026-07-07,폴바셋,교보문고 강남점,326834,32.6834
2026-07-08,폴바셋,교보문고 강남점,407838,40.7838
2026-07-09,폴바셋,교보문고 강남점,373782,37.3782
2026-07-10,폴바셋,교보문고 강남점,342475,34.2475
2026-07-11,폴바셋,교보문고 강남점,411476,41.1476
2026-07-12,폴바셋,교보문고 강남점,437567,43.7567
2026-07-13,폴바셋,교보문고 강남점,383933,38.3933
2026-07-14,폴바셋,교보문고 강남점,376292,37.6292
2026-07-15,폴바셋,교보문고 강남점,336745,33.6745
2026-07-16,폴바셋,교보문고 강남점,385106,38.5106
2026-07-17,폴바셋,교보문고 강남점,448030,44.803
2026-07-18,폴바셋,교보문고 강남점,569485,56.9485
2026-07-19,폴바셋,교보문고 강남점,416481,41.6481
2026-07-20,폴바셋,교보문고 강남점,396110,39.611
2026-07-21,폴바셋,교보문고 강남점,331740,33.174
2026-07-22,폴바셋,교보문고 강남점,421565,42.1565
2026-07-23,폴바셋,교보문고 강남점,359285,35.9285
2026-07-24,폴바셋,교보문고 강남점,453752,45.3752
2026-07-25,폴바셋,교보문고 강남점,528210,52.821
2026-07-26,폴바셋,교보문고 강남점,315927,31.5927
2026-07-27,폴바셋,교보문고 강남점,406753,40.6753
2026-07-28,폴바셋,교보문고 강남점,431294,43.1294
2026-07-29,폴바셋,교보문고 강남점,414385,41.4385
2026-07-30,폴바셋,교보문고 강남점,397929,39.7929
2026-07-31,폴바셋,교보문고 강남점,410384,41.0384
2026-07-01,폴바셋,을지로 파인에비뉴점,488211,48.8211
2026-07-02,폴바셋,을지로 파인에비뉴점,473208,47.3208
2026-07-03,폴바셋,을지로 파인에비뉴점,637751,63.7751
2026-07-04,폴바셋,을지로 파인에비뉴점,256014,25.6014
2026-07-05,폴바셋,을지로 파인에비뉴점,572942,57.2942
2026-07-06,폴바셋,을지로 파인에비뉴점,336839,33.6839
2026-07-07,폴바셋,을지로 파인에비뉴점,430841,43.0841
2026-07-08,폴바셋,을지로 파인에비뉴점,460572,46.0572
2026-07-09,폴바셋,을지로 파인에비뉴점,463928,46.3928
2026-07-10,폴바셋,을지로 파인에비뉴점,549510,54.951
2026-07-11,폴바셋,을지로 파인에비뉴점,257378,25.7378
2026-07-12,폴바셋,을지로 파인에비뉴점,465302,46.5302
2026-07-13,폴바셋,을지로 파인에비뉴점,476504,47.6504
2026-07-14,폴바셋,을지로 파인에비뉴점,442929,44.2929
2026-07-15,폴바셋,을지로 파인에비뉴점,401864,40.1864
2026-07-16,폴바셋,을지로 파인에비뉴점,678756,67.8756
2026-07-17,폴바셋,을지로 파인에비뉴점,285829,28.5829
2026-07-18,폴바셋,을지로 파인에비뉴점,256376,25.6376
2026-07-19,폴바셋,을지로 파인에비뉴점,439299,43.9299
2026-07-20,폴바셋,을지로 파인에비뉴점,417449,41.7449
2026-07-21,폴바셋,을지로 파인에비뉴점,499036,49.9036
2026-07-22,폴바셋,을지로 파인에비뉴점,547756,54.7756
2026-07-23,폴바셋,을지로 파인에비뉴점,530388,53.0388
2026-07-24,폴바셋,을지로 파인에비뉴점,464165,46.4165
2026-07-25,폴바셋,을지로 파인에비뉴점,287560,28.756
2026-07-26,폴바셋,을지로 파인에비뉴점,336203,33.6203
2026-07-27,폴바셋,을지로 파인에비뉴점,434660,43.466
2026-07-28,폴바셋,을지로 파인에비뉴점,515028,51.5028
2026-07-29,폴바셋,을지로 파인에비뉴점,507754,50.7754
2026-07-30,폴바셋,을지로 파인에비뉴점,464472,46.4472
2026-07-31,폴바셋,을지로 파인에비뉴점,721169,72.1169
2026-07-01,폴바셋,여의도 IFC몰점,417023,41.7023
2026-07-02,폴바셋,여의도 IFC몰점,439385,43.9385
2026-07-03,폴바셋,여의도 IFC몰점,511388,51.1388
2026-07-04,폴바셋,여의도 IFC몰점,552940,55.294
2026-07-05,폴바셋,여의도 IFC몰점,410051,41.0051
2026-07-06,폴바셋,여의도 IFC몰점,354205,35.4205
2026-07-07,폴바셋,여의도 IFC몰점,439892,43.9892
2026-07-08,폴바셋,여의도 IFC몰점,439210,43.921
2026-07-09,폴바셋,여의도 IFC몰점,542941,54.2941
2026-07-10,폴바셋,여의도 IFC몰점,564031,56.4031
2026-07-11,폴바셋,여의도 IFC몰점,621122,62.1122
2026-07-12,폴바셋,여의도 IFC몰점,243194,24.3194
2026-07-13,폴바셋,여의도 IFC몰점,569763,56.9763
2026-07-14,폴바셋,여의도 IFC몰점,481569,48.1569
2026-07-15,폴바셋,여의도 IFC몰점,466666,46.6666
2026-07-16,폴바셋,여의도 IFC몰점,528668,52.8668
2026-07-17,폴바셋,여의도 IFC몰점,356836,35.6836
2026-07-18,폴바셋,여의도 IFC몰점,458264,45.8264
2026-07-19,폴바셋,여의도 IFC몰점,500666,50.0666
2026-07-20,폴바셋,여의도 IFC몰점,438751,43.8751
2026-07-21,폴바셋,여의도 IFC몰점,542846,54.2846
2026-07-22,폴바셋,여의도 IFC몰점,495209,49.5209
2026-07-23,폴바셋,여의도 IFC몰점,457301,45.7301
2026-07-24,폴바셋,여의도 IFC몰점,510028,51.0028
2026-07-25,폴바셋,여의도 IFC몰점,464481,46.4481
2026-07-26,폴바셋,여의도 IFC몰점,505570,50.557
2026-07-27,폴바셋,여의도 IFC몰점,460388,46.0388
2026-07-28,폴바셋,여의도 IFC몰점,501299,50.1299
2026-07-29,폴바셋,여의도 IFC몰점,443296,44.3296
2026-07-30,폴바셋,여의도 IFC몰점,665846,66.5846
2026-07-31,폴바셋,여의도 IFC몰점,417285,41.7285
2026-07-01,폴바셋,산본역점,483850,48.385
2026-07-02,폴바셋,산본역점,422052,42.2052
2026-07-03,폴바셋,산본역점,522938,52.2938
2026-07-04,폴바셋,산본역점,604666,60.4666
2026-07-05,폴바셋,산본역점,507031,50.7031
2026-07-06,폴바셋,산본역점,437207,43.7207
2026-07-07,폴바셋,산본역점,502032,50.2032
2026-07-08,폴바셋,산본역점,416932,41.6932
2026-07-09,폴바셋,산본역점,393117,39.3117
2026-07-10,폴바셋,산본역점,455464,45.5464
2026-07-11,폴바셋,산본역점,713299,71.3299
2026-07-12,폴바셋,산본역점,486486,48.6486
2026-07-13,폴바셋,산본역점,583942,58.3942
2026-07-14,폴바셋,산본역점,444223,44.4223
2026-07-15,폴바셋,산본역점,491484,49.1484
2026-07-16,폴바셋,산본역점,446300,44.63
2026-07-17,폴바셋,산본역점,717220,71.722
2026-07-18,폴바셋,산본역점,654763,65.4763
2026-07-19,폴바셋,산본역점,402569,40.2569
2026-07-20,폴바셋,산본역점,391663,39.1663
2026-07-21,폴바셋,산본역점,431937,43.1937
2026-07-22,폴바셋,산본역점,464298,46.4298
2026-07-23,폴바셋,산본역점,422204,42.2204
2026-07-24,폴바셋,산본역점,466301,46.6301
2026-07-25,폴바셋,산본역점,630814,63.0814
2026-07-26,폴바셋,산본역점,570759,57.0759
2026-07-27,폴바셋,산본역점,550182,55.0182
2026-07-28,폴바셋,산본역점,504761,50.4761
2026-07-29,폴바셋,산본역점,410657,41.0657
2026-07-30,폴바셋,산본역점,522805,52.2805
2026-07-31,폴바셋,산본역점,435477,43.5477
2026-07-01,폴바셋,인천공항 T1 입국점,471757,47.1757
2026-07-02,폴바셋,인천공항 T1 입국점,530848,53.0848
2026-07-03,폴바셋,인천공항 T1 입국점,450393,45.0393
2026-07-04,폴바셋,인천공항 T1 입국점,518396,51.8396
2026-07-05,폴바셋,인천공항 T1 입국점,532580,53.258
2026-07-06,폴바셋,인천공항 T1 입국점,516481,51.6481
2026-07-07,폴바셋,인천공항 T1 입국점,444214,44.4214
2026-07-08,폴바셋,인천공항 T1 입국점,477757,47.7757
2026-07-09,폴바셋,인천공항 T1 입국점,474026,47.4026
2026-07-10,폴바셋,인천공항 T1 입국점,618036,61.8036
2026-07-11,폴바셋,인천공항 T1 입국점,514943,51.4943
2026-07-12,폴바셋,인천공항 T1 입국점,531403,53.1403
2026-07-13,폴바셋,인천공항 T1 입국점,439575,43.9575
2026-07-14,폴바셋,인천공항 T1 입국점,472765,47.2765
2026-07-15,폴바셋,인천공항 T1 입국점,457586,45.7586
2026-07-16,폴바셋,인천공항 T1 입국점,530672,53.0672
2026-07-17,폴바셋,인천공항 T1 입국점,791042,79.1042
2026-07-18,폴바셋,인천공항 T1 입국점,707681,70.7681
2026-07-19,폴바셋,인천공항 T1 입국점,502848,50.2848
2026-07-20,폴바셋,인천공항 T1 입국점,489579,48.9579
2026-07-21,폴바셋,인천공항 T1 입국점,535585,53.5585
2026-07-22,폴바셋,인천공항 T1 입국점,569941,56.9941
2026-07-23,폴바셋,인천공항 T1 입국점,484668,48.4668
2026-07-24,폴바셋,인천공항 T1 입국점,657588,65.7588
2026-07-25,폴바셋,인천공항 T1 입국점,638765,63.8765
2026-07-26,폴바셋,인천공항 T1 입국점,590679,59.0679
2026-07-27,폴바셋,인천공항 T1 입국점,500038,50.0038
2026-07-28,폴바셋,인천공항 T1 입국점,528307,52.8307
2026-07-29,폴바셋,인천공항 T1 입국점,516582,51.6582
2026-07-30,폴바셋,인천공항 T1 입국점,479124,47.9124
2026-07-31,폴바셋,인천공항 T1 입국점,552677,55.2677
2026-07-01,폴바셋,영종도 파라다이스시티점,470105,47.0105
2026-07-02,폴바셋,영종도 파라다이스시티점,331695,33.1695
2026-07-03,폴바셋,영종도 파라다이스시티점,427473,42.7473
2026-07-04,폴바셋,영종도 파라다이스시티점,800764,80.0764
2026-07-05,폴바셋,영종도 파라다이스시티점,571326,57.1326
2026-07-06,폴바셋,영종도 파라다이스시티점,328913,32.8913
2026-07-07,폴바셋,영종도 파라다이스시티점,375014,37.5014
2026-07-08,폴바셋,영종도 파라다이스시티점,422018,42.2018
2026-07-09,폴바셋,영종도 파라다이스시티점,407200,40.72
2026-07-10,폴바셋,영종도 파라다이스시티점,334374,33.4374
2026-07-11,폴바셋,영종도 파라다이스시티점,462040,46.204
2026-07-12,폴바셋,영종도 파라다이스시티점,529297,52.9297
2026-07-13,폴바셋,영종도 파라다이스시티점,431292,43.1292
2026-07-14,폴바셋,영종도 파라다이스시티점,532485,53.2485
2026-07-15,폴바셋,영종도 파라다이스시티점,418292,41.8292
2026-07-16,폴바셋,영종도 파라다이스시티점,458564,45.8564
2026-07-17,폴바셋,영종도 파라다이스시티점,901226,90.1226
2026-07-18,폴바셋,영종도 파라다이스시티점,874616,87.4616
2026-07-19,폴바셋,영종도 파라다이스시티점,444420,44.442
2026-07-20,폴바셋,영종도 파라다이스시티점,473546,47.3546
2026-07-21,폴바셋,영종도 파라다이스시티점,397378,39.7378
2026-07-22,폴바셋,영종도 파라다이스시티점,459294,45.9294
2026-07-23,폴바셋,영종도 파라다이스시티점,567298,56.7298
2026-07-24,폴바셋,영종도 파라다이스시티점,517386,51.7386
2026-07-25,폴바셋,영종도 파라다이스시티점,923584,92.3584
2026-07-26,폴바셋,영종도 파라다이스시티점,753675,75.3675
2026-07-27,폴바셋,영종도 파라다이스시티점,637661,63.7661
2026-07-28,폴바셋,영종도 파라다이스시티점,733944,73.3944
2026-07-29,폴바셋,영종도 파라다이스시티점,711492,71.1492
2026-07-30,폴바셋,영종도 파라다이스시티점,828950,82.895
2026-07-31,폴바셋,영종도 파라다이스시티점,992958,99.2958
2026-07-01,폴바셋,제주공항 국내선점,472006,47.2006
2026-07-02,폴바셋,제주공항 국내선점,412279,41.2279
2026-07-03,폴바셋,제주공항 국내선점,695642,69.5642
2026-07-04,폴바셋,제주공항 국내선점,635104,63.5104
2026-07-05,폴바셋,제주공항 국내선점,620642,62.0642
2026-07-06,폴바셋,제주공항 국내선점,407466,40.7466
2026-07-07,폴바셋,제주공항 국내선점,540009,54.0009
2026-07-08,폴바셋,제주공항 국내선점,215189,21.5189
2026-07-09,폴바셋,제주공항 국내선점,363462,36.3462
2026-07-10,폴바셋,제주공항 국내선점,673643,67.3643
2026-07-11,폴바셋,제주공항 국내선점,434191,43.4191
2026-07-12,폴바셋,제주공항 국내선점,440186,44.0186
2026-07-13,폴바셋,제주공항 국내선점,576007,57.6007
2026-07-14,폴바셋,제주공항 국내선점,578731,57.8731
2026-07-15,폴바셋,제주공항 국내선점,680182,68.0182
2026-07-16,폴바셋,제주공항 국내선점,403369,40.3369
2026-07-17,폴바셋,제주공항 국내선점,660734,66.0734
2026-07-18,폴바셋,제주공항 국내선점,561369,56.1369
2026-07-19,폴바셋,제주공항 국내선점,933823,93.3823
2026-07-20,폴바셋,제주공항 국내선점,1346006,134.6006
2026-07-21,폴바셋,제주공항 국내선점,478278,47.8278
2026-07-22,폴바셋,제주공항 국내선점,691368,69.1368
2026-07-23,폴바셋,제주공항 국내선점,533920,53.392
2026-07-24,폴바셋,제주공항 국내선점,114824,11.4824
2026-07-25,폴바셋,제주공항 국내선점,676917,67.6917
2026-07-26,폴바셋,제주공항 국내선점,724457,72.4457
2026-07-27,폴바셋,제주공항 국내선점,550276,55.0276
2026-07-28,폴바셋,제주공항 국내선점,816462,81.6462
2026-07-29,폴바셋,제주공항 국내선점,440596,44.0596
2026-07-30,폴바셋,제주공항 국내선점,705023,70.5023
2026-07-31,폴바셋,제주공항 국내선점,261217,26.1217
2026-07-01,폴바셋,연세암병원점,864842,86.4842
2026-07-02,폴바셋,연세암병원점,897217,89.7217
2026-07-03,폴바셋,연세암병원점,717286,71.7286
2026-07-04,폴바셋,연세암병원점,154890,15.489
2026-07-05,폴바셋,연세암병원점,41203,4.1203
2026-07-06,폴바셋,연세암병원점,800092,80.0092
2026-07-07,폴바셋,연세암병원점,832951,83.2951
2026-07-08,폴바셋,연세암병원점,861329,86.1329
2026-07-09,폴바셋,연세암병원점,871225,87.1225
2026-07-10,폴바셋,연세암병원점,573183,57.3183
2026-07-11,폴바셋,연세암병원점,145679,14.5679
2026-07-12,폴바셋,연세암병원점,85222,8.5222
2026-07-13,폴바셋,연세암병원점,838267,83.8267
2026-07-14,폴바셋,연세암병원점,694300,69.43
2026-07-15,폴바셋,연세암병원점,938790,93.879
2026-07-16,폴바셋,연세암병원점,993553,99.3553
2026-07-17,폴바셋,연세암병원점,267714,26.7714
2026-07-18,폴바셋,연세암병원점,153404,15.3404
2026-07-19,폴바셋,연세암병원점,52282,5.2282
2026-07-20,폴바셋,연세암병원점,888390,88.839
2026-07-21,폴바셋,연세암병원점,1038643,103.8643
2026-07-22,폴바셋,연세암병원점,1018778,101.8778
2026-07-23,폴바셋,연세암병원점,883706,88.3706
2026-07-24,폴바셋,연세암병원점,791100,79.11
2026-07-25,폴바셋,연세암병원점,203586,20.3586
2026-07-26,폴바셋,연세암병원점,131085,13.1085
2026-07-27,폴바셋,연세암병원점,993210,99.321
2026-07-28,폴바셋,연세암병원점,953939,95.3939
2026-07-29,폴바셋,연세암병원점,959502,95.9502
2026-07-30,폴바셋,연세암병원점,1112242,111.2242
2026-07-31,폴바셋,연세암병원점,612802,61.2802
2026-07-01,폴바셋,고대구로병원점,966214,96.6214
2026-07-02,폴바셋,고대구로병원점,994258,99.4258
2026-07-03,폴바셋,고대구로병원점,704480,70.448
2026-07-04,폴바셋,고대구로병원점,417281,41.7281
2026-07-05,폴바셋,고대구로병원점,302923,30.2923
2026-07-06,폴바셋,고대구로병원점,863937,86.3937
2026-07-07,폴바셋,고대구로병원점,873855,87.3855
2026-07-08,폴바셋,고대구로병원점,939853,93.9853
2026-07-09,폴바셋,고대구로병원점,757492,75.7492
2026-07-10,폴바셋,고대구로병원점,792173,79.2173
2026-07-11,폴바셋,고대구로병원점,365559,36.5559
2026-07-12,폴바셋,고대구로병원점,230737,23.0737
2026-07-13,폴바셋,고대구로병원점,914394,91.4394
2026-07-14,폴바셋,고대구로병원점,1071308,107.1308
2026-07-15,폴바셋,고대구로병원점,1068583,106.8583
2026-07-16,폴바셋,고대구로병원점,1080946,108.0946
2026-07-17,폴바셋,고대구로병원점,373924,37.3924
2026-07-18,폴바셋,고대구로병원점,306194,30.6194
2026-07-19,폴바셋,고대구로병원점,246556,24.6556
2026-07-20,폴바셋,고대구로병원점,941218,94.1218
2026-07-21,폴바셋,고대구로병원점,903214,90.3214
2026-07-22,폴바셋,고대구로병원점,1115486,111.5486
2026-07-23,폴바셋,고대구로병원점,1044581,104.4581
2026-07-24,폴바셋,고대구로병원점,757118,75.7118
2026-07-25,폴바셋,고대구로병원점,307919,30.7919
2026-07-26,폴바셋,고대구로병원점,324834,32.4834
2026-07-27,폴바셋,고대구로병원점,822117,82.2117
2026-07-28,폴바셋,고대구로병원점,929403,92.9403
2026-07-29,폴바셋,고대구로병원점,958883,95.8883
2026-07-30,폴바셋,고대구로병원점,843943,84.3943
2026-07-31,폴바셋,고대구로병원점,706209,70.6209
2026-07-01,폴바셋,강남구청역점,808580,80.858
2026-07-02,폴바셋,강남구청역점,846882,84.6882
2026-07-03,폴바셋,강남구청역점,781297,78.1297
2026-07-04,폴바셋,강남구청역점,650750,65.075
2026-07-05,폴바셋,강남구청역점,376016,37.6016
2026-07-06,폴바셋,강남구청역점,767584,76.7584
2026-07-07,폴바셋,강남구청역점,827512,82.7512
2026-07-08,폴바셋,강남구청역점,851123,85.1123
2026-07-09,폴바셋,강남구청역점,885962,88.5962
2026-07-10,폴바셋,강남구청역점,932173,93.2173
2026-07-11,폴바셋,강남구청역점,624709,62.4709
2026-07-12,폴바셋,강남구청역점,442926,44.2926
2026-07-13,폴바셋,강남구청역점,803894,80.3894
2026-07-14,폴바셋,강남구청역점,725263,72.5263
2026-07-15,폴바셋,강남구청역점,774148,77.4148
2026-07-16,폴바셋,강남구청역점,872639,87.2639
2026-07-17,폴바셋,강남구청역점,555623,55.5623
2026-07-18,폴바셋,강남구청역점,498293,49.8293
2026-07-19,폴바셋,강남구청역점,399220,39.922
2026-07-20,폴바셋,강남구청역점,846211,84.6211
2026-07-21,폴바셋,강남구청역점,953492,95.3492
2026-07-22,폴바셋,강남구청역점,850502,85.0502
2026-07-23,폴바셋,강남구청역점,772807,77.2807
2026-07-24,폴바셋,강남구청역점,850209,85.0209
2026-07-25,폴바셋,강남구청역점,582657,58.2657
2026-07-26,폴바셋,강남구청역점,486567,48.6567
2026-07-27,폴바셋,강남구청역점,796595,79.6595
2026-07-28,폴바셋,강남구청역점,884576,88.4576
2026-07-29,폴바셋,강남구청역점,801936,80.1936
2026-07-30,폴바셋,강남구청역점,933932,93.3932
2026-07-31,폴바셋,강남구청역점,989304,98.9304
2026-07-01,폴바셋,강남점,0,0
2026-07-02,폴바셋,강남점,0,0
2026-07-03,폴바셋,강남점,1966609,196.6609
2026-07-04,폴바셋,강남점,958927,95.8927
2026-07-05,폴바셋,강남점,678623,67.8623
2026-07-06,폴바셋,강남점,971246,97.1246
2026-07-07,폴바셋,강남점,818739,81.8739
2026-07-08,폴바셋,강남점,830040,83.004
2026-07-09,폴바셋,강남점,864989,86.4989
2026-07-10,폴바셋,강남점,974180,97.418
2026-07-11,폴바셋,강남점,920188,92.0188
2026-07-12,폴바셋,강남점,658242,65.8242
2026-07-13,폴바셋,강남점,1102900,110.29
2026-07-14,폴바셋,강남점,711932,71.1932
2026-07-15,폴바셋,강남점,903409,90.3409
2026-07-16,폴바셋,강남점,943131,94.3131
2026-07-17,폴바셋,강남점,684060,68.406
2026-07-18,폴바셋,강남점,868297,86.8297
2026-07-19,폴바셋,강남점,631522,63.1522
2026-07-20,폴바셋,강남점,885824,88.5824
2026-07-21,폴바셋,강남점,817055,81.7055
2026-07-22,폴바셋,강남점,915529,91.5529
2026-07-23,폴바셋,강남점,922393,92.2393
2026-07-24,폴바셋,강남점,918294,91.8294
2026-07-25,폴바셋,강남점,920430,92.043
2026-07-26,폴바셋,강남점,485378,48.5378
2026-07-27,폴바셋,강남점,727181,72.7181
2026-07-28,폴바셋,강남점,781362,78.1362
2026-07-29,폴바셋,강남점,825037,82.5037
2026-07-30,폴바셋,강남점,879027,87.9027
2026-07-31,폴바셋,강남점,823934,82.3934
2026-07-01,폴바셋,인천공항 T2 입국점,860984,86.0984
2026-07-02,폴바셋,인천공항 T2 입국점,921173,92.1173
2026-07-03,폴바셋,인천공항 T2 입국점,877627,87.7627
2026-07-04,폴바셋,인천공항 T2 입국점,933897,93.3897
2026-07-05,폴바셋,인천공항 T2 입국점,1061629,106.1629
2026-07-06,폴바셋,인천공항 T2 입국점,1045269,104.5269
2026-07-07,폴바셋,인천공항 T2 입국점,772422,77.2422
2026-07-08,폴바셋,인천공항 T2 입국점,630236,63.0236
2026-07-09,폴바셋,인천공항 T2 입국점,942073,94.2073
2026-07-10,폴바셋,인천공항 T2 입국점,719796,71.9796
2026-07-11,폴바셋,인천공항 T2 입국점,867168,86.7168
2026-07-12,폴바셋,인천공항 T2 입국점,987912,98.7912
2026-07-13,폴바셋,인천공항 T2 입국점,899716,89.9716
2026-07-14,폴바셋,인천공항 T2 입국점,807981,80.7981
2026-07-15,폴바셋,인천공항 T2 입국점,939269,93.9269
2026-07-16,폴바셋,인천공항 T2 입국점,888092,88.8092
2026-07-17,폴바셋,인천공항 T2 입국점,1099285,109.9285
2026-07-18,폴바셋,인천공항 T2 입국점,911717,91.1717
2026-07-19,폴바셋,인천공항 T2 입국점,977366,97.7366
2026-07-20,폴바셋,인천공항 T2 입국점,940174,94.0174
2026-07-21,폴바셋,인천공항 T2 입국점,966840,96.684
2026-07-22,폴바셋,인천공항 T2 입국점,985827,98.5827
2026-07-23,폴바셋,인천공항 T2 입국점,916542,91.6542
2026-07-24,폴바셋,인천공항 T2 입국점,852623,85.2623
2026-07-25,폴바셋,인천공항 T2 입국점,1302490,130.249
2026-07-26,폴바셋,인천공항 T2 입국점,975808,97.5808
2026-07-27,폴바셋,인천공항 T2 입국점,959445,95.9445
2026-07-28,폴바셋,인천공항 T2 입국점,1032737,103.2737
2026-07-29,폴바셋,인천공항 T2 입국점,984091,98.4091
2026-07-30,폴바셋,인천공항 T2 입국점,1027198,102.7198
2026-07-31,폴바셋,인천공항 T2 입국점,1232478,123.2478
2026-07-01,폴바셋,사당 파스텔시티점,926662,92.6662
2026-07-02,폴바셋,사당 파스텔시티점,1074883,107.4883
2026-07-03,폴바셋,사당 파스텔시티점,1095567,109.5567
2026-07-04,폴바셋,사당 파스텔시티점,1101774,110.1774
2026-07-05,폴바셋,사당 파스텔시티점,976766,97.6766
2026-07-06,폴바셋,사당 파스텔시티점,871027,87.1027
2026-07-07,폴바셋,사당 파스텔시티점,1004853,100.4853
2026-07-08,폴바셋,사당 파스텔시티점,1014040,101.404
2026-07-09,폴바셋,사당 파스텔시티점,1031404,103.1404
2026-07-10,폴바셋,사당 파스텔시티점,1127492,112.7492
2026-07-11,폴바셋,사당 파스텔시티점,1087764,108.7764
2026-07-12,폴바셋,사당 파스텔시티점,977238,97.7238
2026-07-13,폴바셋,사당 파스텔시티점,908850,90.885
2026-07-14,폴바셋,사당 파스텔시티점,1008724,100.8724
2026-07-15,폴바셋,사당 파스텔시티점,1071219,107.1219
2026-07-16,폴바셋,사당 파스텔시티점,1077332,107.7332
2026-07-17,폴바셋,사당 파스텔시티점,916210,91.621
2026-07-18,폴바셋,사당 파스텔시티점,1027065,102.7065
2026-07-19,폴바셋,사당 파스텔시티점,773125,77.3125
2026-07-20,폴바셋,사당 파스텔시티점,1021140,102.114
2026-07-21,폴바셋,사당 파스텔시티점,1090514,109.0514
2026-07-22,폴바셋,사당 파스텔시티점,1066678,106.6678
2026-07-23,폴바셋,사당 파스텔시티점,994325,99.4325
2026-07-24,폴바셋,사당 파스텔시티점,922301,92.2301
2026-07-25,폴바셋,사당 파스텔시티점,937218,93.7218
2026-07-26,폴바셋,사당 파스텔시티점,889303,88.9303
2026-07-27,폴바셋,사당 파스텔시티점,738111,73.8111
2026-07-28,폴바셋,사당 파스텔시티점,872215,87.2215
2026-07-29,폴바셋,사당 파스텔시티점,1069795,106.9795
2026-07-30,폴바셋,사당 파스텔시티점,855485,85.5485
2026-07-31,폴바셋,사당 파스텔시티점,1101797,110.1797
2026-07-01,폴바셋,일원역점,1520152,152.0152
2026-07-02,폴바셋,일원역점,1683090,168.309
2026-07-03,폴바셋,일원역점,1603836,160.3836
2026-07-04,폴바셋,일원역점,1604435,160.4435
2026-07-05,폴바셋,일원역점,1546346,154.6346
2026-07-06,폴바셋,일원역점,1420309,142.0309
2026-07-07,폴바셋,일원역점,1668786,166.8786
2026-07-08,폴바셋,일원역점,1643228,164.3228
2026-07-09,폴바셋,일원역점,1661889,166.1889
2026-07-10,폴바셋,일원역점,1791422,179.1422
2026-07-11,폴바셋,일원역점,1513121,151.3121
2026-07-12,폴바셋,일원역점,1586608,158.6608
2026-07-13,폴바셋,일원역점,1499685,149.9685
2026-07-14,폴바셋,일원역점,1673790,167.379
2026-07-15,폴바셋,일원역점,1535125,153.5125
2026-07-16,폴바셋,일원역점,1567421,156.7421
2026-07-17,폴바셋,일원역점,1463121,146.3121
2026-07-18,폴바셋,일원역점,1452605,145.2605
2026-07-19,폴바셋,일원역점,1364518,136.4518
2026-07-20,폴바셋,일원역점,1240589,124.0589
2026-07-21,폴바셋,일원역점,1497507,149.7507
2026-07-22,폴바셋,일원역점,1631959,163.1959
2026-07-23,폴바셋,일원역점,1480681,148.0681
2026-07-24,폴바셋,일원역점,1923869,192.3869
2026-07-25,폴바셋,일원역점,1532566,153.2566
2026-07-26,폴바셋,일원역점,1321328,132.1328
2026-07-27,폴바셋,일원역점,1418958,141.8958
2026-07-28,폴바셋,일원역점,1439121,143.9121
2026-07-29,폴바셋,일원역점,1558908,155.8908
2026-07-30,폴바셋,일원역점,1604062,160.4062
2026-07-31,폴바셋,일원역점,1699739,169.9739
2026-07-01,폴바셋,광화문점,2430114,243.0114
2026-07-02,폴바셋,광화문점,2935208,293.5208
2026-07-03,폴바셋,광화문점,2879305,287.9305
2026-07-04,폴바셋,광화문점,1671748,167.1748
2026-07-05,폴바셋,광화문점,1566293,156.6293
2026-07-06,폴바셋,광화문점,2464574,246.4574
2026-07-07,폴바셋,광화문점,2653208,265.3208
2026-07-08,폴바셋,광화문점,2268034,226.8034
2026-07-09,폴바셋,광화문점,2957297,295.7297
2026-07-10,폴바셋,광화문점,3483324,348.3324
2026-07-11,폴바셋,광화문점,1638727,163.8727
2026-07-12,폴바셋,광화문점,1449742,144.9742
2026-07-13,폴바셋,광화문점,2267214,226.7214
2026-07-14,폴바셋,광화문점,2272486,227.2486
2026-07-15,폴바셋,광화문점,2240034,224.0034
2026-07-16,폴바셋,광화문점,3527326,352.7326
2026-07-17,폴바셋,광화문점,2022660,202.266
2026-07-18,폴바셋,광화문점,1563563,156.3563
2026-07-19,폴바셋,광화문점,1753110,175.311
2026-07-20,폴바셋,광화문점,2477985,247.7985
2026-07-21,폴바셋,광화문점,2505573,250.5573
2026-07-22,폴바셋,광화문점,2508212,250.8212
2026-07-23,폴바셋,광화문점,2673222,267.3222
2026-07-24,폴바셋,광화문점,3512857,351.2857
2026-07-25,폴바셋,광화문점,1759381,175.9381
2026-07-26,폴바셋,광화문점,1629479,162.9479
2026-07-27,폴바셋,광화문점,2424649,242.4649
2026-07-28,폴바셋,광화문점,2544387,254.4387
2026-07-29,폴바셋,광화문점,2373853,237.3853
2026-07-30,폴바셋,광화문점,2792997,279.2997
2026-07-31,폴바셋,광화문점,3650132,365.0132
